売上日,地域,品番,売上数量合計,売上金額合計,JAN数,明細行数,date,平均気温,最高気温,最低気温,降水量,日照時間,降雪量,平均湿度,地点数,日付
2015-01-08,中国,NB-1,3.0,22320.0,1,2,2015-01-08,4.857142857142857,7.8428571428571425,2.142857142857143,0.8571428571428571,1.9857142857142855,0.0,69.0,7,2015-01-08
2015-01-08,中部,NB-1,4.0,29520.0,1,2,2015-01-08,2.42,6.533333333333333,-0.8133333333333332,1.8666666666666667,5.14,0.5454545454545454,64.06666666666666,15,2015-01-08
2015-01-08,九州沖縄,NB-1,2.0,14796.0,1,2,2015-01-08,6.6875,10.425,3.6125,0.0,5.8,0.0,57.0,8,2015-01-08
2015-01-08,東北,NB-1,1.0,7560.0,1,1,2015-01-08,0.95,3.0625,-1.375,2.0625,1.75,3.0,68.875,8,2015-01-08
2015-01-08,近畿,NB-1,3.0,20796.0,1,2,2015-01-08,4.375,7.2375,2.525,1.1875,2.75,0.0,69.375,8,2015-01-08
2015-01-08,関東,NB-1,1.0,7560.0,1,1,2015-01-08,4.888888888888889,10.322222222222225,0.4777777777777777,0.0,9.233333333333334,0.0,39.44444444444444,9,2015-01-08
2015-01-09,中部,NB-1,2.0,15360.0,1,1,2015-01-09,2.713333333333333,6.906666666666666,-1.24,1.9666666666666663,5.573333333333333,0.0909090909090909,62.53333333333333,15,2015-01-09
2015-01-09,近畿,NB-1,1.0,7560.0,1,1,2015-01-09,4.7625,7.5125,2.9125,2.0625,1.8125,0.0,74.125,8,2015-01-09
2015-01-09,関東,NB-1,3.0,20880.0,1,1,2015-01-09,4.800000000000001,10.233333333333333,0.7666666666666666,0.0,9.333333333333334,0.0,40.55555555555556,9,2015-01-09
2015-01-13,中部,NB-1,2.0,14400.0,1,1,2015-01-13,2.9133333333333336,8.04,-1.4,0.0,6.22,0.0909090909090909,63.4,15,2015-01-13
2015-01-13,東北,NB-1,1.0,7560.0,1,1,2015-01-13,2.9,5.8,0.625,0.0625,4.05,0.0,60.75,8,2015-01-13
2015-01-13,近畿,NB-1,5.0,36000.0,1,1,2015-01-13,5.3,8.6,1.6875,0.0,1.5375,0.0,63.75,8,2015-01-13
2015-01-13,関東,NB-1,7.0,51720.0,1,4,2015-01-13,4.844444444444445,10.7,-0.011111111111111,0.0,9.444444444444445,0.0,46.44444444444444,9,2015-01-13
2015-01-15,近畿,NB-1,1.0,7560.0,1,1,2015-01-15,6.65,8.65,5.025,27.625,0.125,0.0,84.0,8,2015-01-15
2015-01-15,関東,NB-1,1.0,6960.0,1,1,2015-01-15,5.2444444444444445,7.977777777777778,2.788888888888889,30.444444444444443,0.0,0.5555555555555556,76.66666666666667,9,2015-01-15
2015-01-16,九州沖縄,NB-1,1.0,7200.0,1,1,2015-01-16,10.0375,13.95,5.975,0.0625,4.4125,0.0,71.875,8,2015-01-16
2015-01-16,東北,NB-1,2.0,15120.0,1,1,2015-01-16,2.975,5.8625,0.8375,0.0,3.85,0.125,68.375,8,2015-01-16
2015-01-16,関東,NB-1,2.0,15120.0,1,1,2015-01-16,7.211111111111112,11.422222222222222,3.1666666666666665,0.5555555555555556,7.399999999999999,0.0,63.55555555555556,9,2015-01-16
2015-01-19,中部,NB-1,3.0,21960.0,1,1,2015-01-19,3.5133333333333336,7.72,-1.14,4.033333333333333,3.36,1.0,69.33333333333333,15,2015-01-19
2015-01-19,九州沖縄,NB-1,1.0,7560.0,1,1,2015-01-19,9.8375,12.8625,6.175,0.25,6.6125,0.0,54.375,8,2015-01-19
2015-01-19,近畿,NB-1,5.0,34632.0,1,2,2015-01-19,5.7,10.225,1.8,3.5,4.8,0.0,69.125,8,2015-01-19
2015-01-19,関東,NB-1,9.0,69600.0,1,3,2015-01-19,4.711111111111111,11.588888888888889,-1.1555555555555554,0.0,8.766666666666667,0.0,51.66666666666666,9,2015-01-19
2015-01-21,中国,NB-1,3.0,22680.0,1,1,2015-01-21,6.799999999999999,11.185714285714283,2.8857142857142857,4.0,1.6285714285714286,0.0,73.0,7,2015-01-21
2015-01-21,九州沖縄,NB-1,4.0,28800.0,1,1,2015-01-21,10.0875,13.3875,7.0625,11.625,0.2,0.0,80.875,8,2015-01-21
2015-01-21,近畿,NB-1,1.0,7560.0,1,1,2015-01-21,5.2375,9.5625,0.675,0.25,2.0125,0.0,68.5,8,2015-01-21
2015-01-21,関東,NB-1,5.0,41160.0,1,2,2015-01-21,2.4222222222222225,4.877777777777777,-0.1999999999999998,3.5,0.0111111111111111,0.0,67.55555555555556,9,2015-01-21
2015-01-22,中部,NB-1,1.0,7560.0,1,1,2015-01-22,4.6866666666666665,6.413333333333333,2.8800000000000003,20.266666666666666,0.0,2.727272727272727,91.2,15,2015-01-22
2015-01-22,北海道,NB-1,1.0,6360.0,1,1,2015-01-22,-1.375,1.6125,-5.6375,2.4375,0.8125,4.75,81.125,8,2015-01-22
2015-01-23,近畿,NB-1,2.0,16320.0,1,1,2015-01-23,6.1125,8.8375,3.825,3.625,1.625,0.0,70.625,8,2015-01-23
2015-01-23,関東,NB-1,2.0,13920.0,1,1,2015-01-23,6.388888888888889,11.822222222222225,2.1333333333333333,4.555555555555555,5.877777777777777,0.0,60.888888888888886,9,2015-01-23
2015-01-26,中部,NB-1,1.0,7200.0,1,1,2015-01-26,6.753333333333333,11.8,1.8666666666666667,13.066666666666666,2.8866666666666663,0.0,74.53333333333333,15,2015-01-26
2015-01-26,九州沖縄,NB-1,2.0,15120.0,1,1,2015-01-26,12.6375,15.35,10.225,17.5625,1.4,0.0,88.75,8,2015-01-26
2015-01-26,近畿,NB-1,1.0,7236.0,1,1,2015-01-26,7.75,10.8,4.3375,26.125,0.3375,0.0,83.625,8,2015-01-26
2015-01-26,関東,NB-1,3.0,21480.0,1,2,2015-01-26,8.588888888888889,13.077777777777778,4.877777777777777,1.6666666666666667,4.733333333333333,0.0,73.0,9,2015-01-26
2015-01-27,中国,NB-1,1.0,7560.0,1,1,2015-01-27,8.714285714285714,13.528571428571428,4.271428571428571,3.928571428571429,3.4285714285714284,0.0,78.0,7,2015-01-27
2015-01-27,中部,NB-1,3.0,21960.0,1,1,2015-01-27,6.506666666666666,10.513333333333332,2.5933333333333333,10.066666666666666,2.8466666666666667,0.2727272727272727,82.93333333333334,15,2015-01-27
2015-01-27,四国,NB-1,2.0,15120.0,1,1,2015-01-27,11.05,15.9,6.75,0.0,5.625,0.0,69.5,4,2015-01-27
2015-01-27,関東,NB-1,1.0,7560.0,1,1,2015-01-27,9.155555555555557,15.177777777777775,5.366666666666666,10.72222222222222,5.866666666666666,0.0,73.11111111111111,9,2015-01-27
2015-01-28,近畿,NB-1,5.0,31080.0,1,2,2015-01-28,3.0625,5.975,0.7625000000000001,0.375,4.475,0.0,64.875,8,2015-01-28
2015-01-29,北海道,NB-1,1.0,6360.0,1,1,2015-01-29,-5.0125,-1.275,-9.3875,0.25,6.2,0.875,63.0,8,2015-01-29
2015-01-29,関東,NB-1,1.0,6960.0,1,1,2015-01-29,2.8666666666666667,7.577777777777778,-1.9444444444444444,0.0,7.388888888888889,0.0,47.55555555555556,9,2015-01-29
2015-02-02,中国,NB-1,1.0,7200.0,1,1,2015-02-02,3.585714285714286,7.742857142857143,-0.2714285714285714,0.4285714285714285,2.0285714285714285,0.0,68.42857142857143,7,2015-02-02
2015-02-02,中部,NB-1,2.0,14400.0,1,1,2015-02-02,1.353333333333333,6.026666666666667,-2.453333333333333,0.2666666666666666,5.7733333333333325,0.1818181818181818,61.2,15,2015-02-02
2015-02-02,近畿,NB-1,2.0,14472.0,1,2,2015-02-02,3.8125,6.3125,1.1625,0.0,1.0625,0.0,67.0,8,2015-02-02
2015-02-02,関東,NB-1,5.0,37800.0,1,2,2015-02-02,3.322222222222222,8.444444444444445,-0.7444444444444445,0.0,9.644444444444444,0.0,41.77777777777778,9,2015-02-02
2015-02-03,中部,NB-1,1.0,7200.0,1,1,2015-02-03,2.4,7.52,-1.26,0.0,5.453333333333333,0.0,61.13333333333333,15,2015-02-03
2015-02-03,九州沖縄,NB-1,1.0,7200.0,1,1,2015-02-03,7.6625,13.0375,2.7375000000000003,0.125,8.375,0.0,65.625,8,2015-02-03
2015-02-03,関東,NB-1,4.0,29640.0,1,1,2015-02-03,3.655555555555555,9.055555555555555,-0.7222222222222222,0.0,9.855555555555556,0.0,47.55555555555556,9,2015-02-03
2015-02-04,中国,NB-1,1.0,7560.0,1,1,2015-02-04,4.685714285714285,9.042857142857144,0.5142857142857143,0.7857142857142857,4.3,0.0,68.14285714285714,7,2015-02-04
2015-02-04,近畿,NB-1,2.0,12720.0,1,1,2015-02-04,5.425,9.45,2.4,0.0625,6.4625,0.0,64.5,8,2015-02-04
2015-02-04,関東,NB-1,1.0,6960.0,1,1,2015-02-04,3.955555555555556,8.922222222222222,-1.0222222222222224,0.0,8.033333333333333,0.0,55.22222222222222,9,2015-02-04
2015-02-05,中部,NB-1,1.0,7236.0,1,1,2015-02-05,2.853333333333333,7.1866666666666665,-0.4866666666666666,2.7666666666666666,3.806666666666666,0.4545454545454545,74.33333333333333,15,2015-02-05
2015-02-05,北海道,NB-1,2.0,12720.0,1,1,2015-02-05,-5.8875,-2.0125,-9.825,0.0,6.9875,0.375,67.125,8,2015-02-05
2015-02-06,中部,NB-1,3.0,21600.0,1,1,2015-02-06,3.28,8.046666666666667,-0.3733333333333332,2.1333333333333333,6.066666666666666,0.9090909090909092,67.4,15,2015-02-06
2015-02-06,九州沖縄,NB-1,1.0,7560.0,1,1,2015-02-06,6.775,11.7,3.1,0.25,6.387499999999999,0.0,65.25,8,2015-02-06
2015-02-06,四国,NB-1,1.0,7560.0,1,1,2015-02-06,5.75,10.125,2.2,0.0,8.525,0.0,51.5,4,2015-02-06
2015-02-06,関東,NB-1,4.0,31680.0,1,2,2015-02-06,4.377777777777777,10.61111111111111,-0.4888888888888889,0.0555555555555555,8.644444444444444,0.0,64.0,9,2015-02-06
2015-02-09,近畿,NB-1,2.0,15120.0,1,2,2015-02-09,0.925,3.9625,-1.3250000000000002,2.125,4.925,3.7142857142857135,59.0,8,2015-02-09
2015-02-09,関東,NB-1,2.0,14472.0,1,2,2015-02-09,2.033333333333333,5.7,-0.8666666666666667,0.0,5.677777777777778,0.0,47.11111111111112,9,2015-02-09
2015-02-11,九州沖縄,NB-1,1.0,7560.0,1,1,2015-02-11,8.925,13.6875,4.9875,0.0,2.7875,0.0,62.25,8,2015-02-11
2015-02-11,関東,NB-1,4.0,28716.0,1,2,2015-02-11,4.511111111111111,10.7,-1.422222222222222,0.0,9.555555555555555,0.0,57.77777777777778,9,2015-02-11
2015-02-12,中部,NB-1,1.0,7200.0,1,1,2015-02-12,4.713333333333334,10.18,-0.0333333333333333,5.3,5.6,0.0,67.6,15,2015-02-12
2015-02-12,九州沖縄,NB-1,1.0,7560.0,1,1,2015-02-12,8.8,13.525,5.225,0.8125,5.9,0.0,64.625,8,2015-02-12
2015-02-12,東北,NB-1,1.0,7560.0,1,1,2015-02-12,2.5625,6.5125,-0.6125,1.4375,4.35,0.5,81.875,8,2015-02-12
2015-02-12,近畿,NB-1,1.0,6360.0,1,1,2015-02-12,6.2,11.7875,2.0125,0.8125,4.6625,0.0,69.625,8,2015-02-12
2015-02-12,関東,NB-1,3.0,22080.0,1,3,2015-02-12,5.977777777777778,12.411111111111111,0.1999999999999999,0.0,9.22222222222222,0.0,61.11111111111112,9,2015-02-12
2015-02-13,中国,NB-1,1.0,7800.0,1,1,2015-02-13,2.542857142857143,5.928571428571429,-0.4857142857142857,3.357142857142857,4.342857142857143,2.8,62.142857142857146,7,2015-02-13
2015-02-13,関東,NB-1,1.0,7560.0,1,1,2015-02-13,3.888888888888889,9.933333333333334,-0.2333333333333332,0.0,6.866666666666666,0.0,46.44444444444444,9,2015-02-13
2015-02-16,北海道,NB-1,1.0,6360.0,1,1,2015-02-16,0.775,2.2125,-1.125,0.875,1.175,0.875,78.375,8,2015-02-16
2015-02-16,東北,NB-1,4.0,30240.0,1,1,2015-02-16,3.1625,6.475,0.75,0.0,6.5875,0.0,57.75,8,2015-02-16
2015-02-16,近畿,NB-1,2.0,12960.0,1,1,2015-02-16,5.7875,11.025,0.8999999999999999,0.0,8.5375,0.0,58.375,8,2015-02-16
2015-02-16,関東,NB-1,2.0,15120.0,1,1,2015-02-16,5.4,12.011111111111113,-0.3,0.0,9.922222222222222,0.0,38.44444444444444,9,2015-02-16
2015-02-17,中部,NB-1,1.0,7560.0,1,1,2015-02-17,3.8866666666666654,6.033333333333333,1.4066666666666667,2.1333333333333333,0.3333333333333333,0.7272727272727273,78.46666666666667,15,2015-02-17
2015-02-17,関東,NB-1,5.0,36840.0,1,2,2015-02-17,3.844444444444445,6.544444444444444,1.177777777777778,0.9444444444444444,0.3222222222222222,0.0,70.11111111111111,9,2015-02-17
2015-02-18,中国,NB-1,1.0,7560.0,1,1,2015-02-18,5.942857142857143,9.542857142857144,3.414285714285714,4.857142857142857,4.185714285714286,0.0,74.28571428571429,7,2015-02-18
2015-02-18,中部,NB-1,1.0,7200.0,1,1,2015-02-18,4.34,7.98,1.4266666666666667,5.166666666666667,3.3400000000000003,2.4545454545454546,80.73333333333333,15,2015-02-18
2015-02-18,関東,NB-1,2.0,15360.0,1,2,2015-02-18,3.588888888888889,4.944444444444445,2.2444444444444445,11.5,0.0,0.0,90.22222222222224,9,2015-02-18
2015-02-19,近畿,NB-1,1.0,7560.0,1,1,2015-02-19,5.1875,8.8125,3.15,2.1875,5.225,0.0,72.875,8,2015-02-19
2015-02-19,関東,NB-1,1.0,7560.0,1,1,2015-02-19,5.788888888888889,11.855555555555556,1.088888888888889,0.0,8.477777777777778,0.0,69.33333333333333,9,2015-02-19
2015-02-20,北海道,NB-1,1.0,7236.0,1,1,2015-02-20,-0.9625,1.925,-4.1,0.0625,6.4625,0.25,69.875,8,2015-02-20
2015-02-20,近畿,NB-1,1.0,7560.0,1,1,2015-02-20,5.0625,9.1,1.8125,0.3125,4.7375,0.0,62.125,8,2015-02-20
2015-02-20,関東,NB-1,1.0,7560.0,1,1,2015-02-20,5.188888888888889,10.18888888888889,1.4888888888888887,0.0,7.5,0.0,66.77777777777777,9,2015-02-20
2015-02-23,中国,NB-1,2.0,14400.0,1,1,2015-02-23,9.257142857142856,13.014285714285714,4.857142857142857,0.0,3.7,0.0,77.85714285714286,7,2015-02-23
2015-02-23,中部,NB-1,3.0,21960.0,1,1,2015-02-23,10.28,14.746666666666666,5.6466666666666665,5.366666666666666,1.9666666666666663,0.0,76.4,15,2015-02-23
2015-02-23,近畿,NB-1,2.0,13920.0,1,1,2015-02-23,11.2625,14.55,7.275,0.125,2.1,0.0,78.25,8,2015-02-23
2015-02-23,関東,NB-1,4.0,29640.0,1,2,2015-02-23,11.088888888888889,17.98888888888889,6.288888888888888,5.388888888888889,4.388888888888889,0.0,80.77777777777777,9,2015-02-23
2015-02-24,中国,NB-1,2.0,15120.0,1,1,2015-02-24,7.357142857142857,13.4,2.571428571428572,0.0,5.6000000000000005,0.0,72.71428571428571,7,2015-02-24
2015-02-24,関東,NB-1,2.0,15120.0,1,1,2015-02-24,8.8,12.88888888888889,5.722222222222222,0.0,2.022222222222222,0.0,73.0,9,2015-02-24
2015-02-25,中国,NB-1,1.0,7560.0,1,1,2015-02-25,7.871428571428572,12.8,3.871428571428571,0.0,4.628571428571428,0.0,65.71428571428571,7,2015-02-25
2015-02-25,中部,NB-1,1.0,7200.0,1,1,2015-02-25,6.506666666666666,11.646666666666668,2.28,0.2,4.833333333333333,0.0,67.53333333333333,15,2015-02-25
2015-02-25,関東,NB-1,5.0,38400.0,1,2,2015-02-25,8.322222222222223,11.8,6.144444444444444,0.0,2.988888888888889,0.0,62.66666666666666,9,2015-02-25
2015-02-26,関東,NB-1,2.0,13920.0,1,1,2015-02-26,6.344444444444445,7.98888888888889,4.800000000000001,13.22222222222222,0.0,0.0,85.11111111111111,9,2015-02-26
2015-02-27,関東,NB-1,1.0,6960.0,1,1,2015-02-27,7.144444444444444,13.233333333333333,2.977777777777778,0.0,7.655555555555556,0.0,55.888888888888886,9,2015-02-27
2015-03-02,中部,NB-1,3.0,22320.0,1,2,2015-03-02,5.553333333333333,10.166666666666666,1.7333333333333334,0.5333333333333333,7.733333333333333,0.0,60.8,15,2015-03-02
2015-03-02,近畿,NB-1,1.0,7560.0,1,1,2015-03-02,6.5375,10.9375,2.725,0.1875,5.0,0.0,65.625,8,2015-03-02
2015-03-02,関東,NB-1,5.0,36876.0,1,4,2015-03-02,8.155555555555557,12.788888888888888,3.888888888888889,0.0,10.3,0.0,44.66666666666666,9,2015-03-02
2015-03-03,中国,NB-1,1.0,7200.0,1,1,2015-03-03,4.642857142857143,7.885714285714286,1.1857142857142855,17.285714285714285,0.0,0.0,85.42857142857143,7,2015-03-03
2015-03-03,中部,NB-1,1.0,7200.0,1,1,2015-03-03,4.993333333333334,9.573333333333332,-0.2466666666666667,8.033333333333333,1.586666666666667,0.0909090909090909,68.4,15,2015-03-03
2015-03-03,四国,NB-1,3.0,22680.0,1,2,2015-03-03,6.525,10.2,2.775,33.625,0.05,0.0,83.0,4,2015-03-03
2015-03-03,近畿,NB-1,2.0,12720.0,1,1,2015-03-03,6.1625000000000005,10.4625,1.35,12.875,0.3375,0.0,76.875,8,2015-03-03
2015-03-03,関東,NB-1,2.0,14400.0,1,1,2015-03-03,4.688888888888889,7.277777777777778,1.788888888888889,0.7777777777777778,0.3444444444444444,0.0,66.55555555555556,9,2015-03-03
2015-03-04,中部,NB-1,2.0,14400.0,1,1,2015-03-04,7.673333333333334,13.373333333333331,3.633333333333333,9.6,5.046666666666667,0.6363636363636364,67.66666666666667,15,2015-03-04
2015-03-04,近畿,NB-1,1.0,7560.0,1,1,2015-03-04,8.675,13.4875,4.7375,4.9375,5.9,0.0,68.75,8,2015-03-04
2015-03-04,関東,NB-1,6.0,48120.0,1,3,2015-03-04,9.266666666666667,16.866666666666667,3.0444444444444443,11.0,7.044444444444444,0.1111111111111111,72.55555555555556,9,2015-03-04
2015-03-05,関東,NB-1,3.0,22356.0,1,1,2015-03-05,8.0,12.766666666666667,4.4,0.0,9.155555555555557,0.0,41.333333333333336,9,2015-03-05
2015-03-06,中部,NB-1,3.0,21600.0,1,1,2015-03-06,5.213333333333334,9.873333333333331,1.3266666666666669,0.2666666666666666,3.24,0.0,62.06666666666667,15,2015-03-06
2015-03-06,北海道,NB-1,2.0,12720.0,1,1,2015-03-06,-0.8125,2.65,-4.875,0.375,6.875,1.25,78.0,8,2015-03-06
2015-03-06,近畿,NB-1,1.0,6960.0,1,1,2015-03-06,6.6375,10.8375,2.575,0.0,5.987500000000001,0.0,57.125,8,2015-03-06
2015-03-06,関東,NB-1,4.0,29040.0,1,3,2015-03-06,6.911111111111111,11.033333333333331,4.233333333333333,0.5,4.377777777777777,0.0,55.11111111111112,9,2015-03-06
2015-03-09,中部,NB-1,3.0,21996.0,1,3,2015-03-09,8.306666666666667,11.713333333333331,5.413333333333333,19.53333333333333,0.14,0.0,81.73333333333333,15,2015-03-09
2015-03-09,九州沖縄,NB-1,1.0,7560.0,1,1,2015-03-09,11.325,14.3875,8.675,25.3125,2.9625,0.0,73.875,8,2015-03-09
2015-03-09,近畿,NB-1,2.0,15720.0,1,1,2015-03-09,8.175,11.35,5.425,20.6875,0.0,0.0,84.57142857142857,8,2015-03-09
2015-03-09,関東,NB-1,2.0,14472.0,1,1,2015-03-09,8.911111111111111,10.944444444444445,7.622222222222222,21.0,0.0,0.0,89.33333333333333,9,2015-03-09
2015-03-10,中部,NB-1,1.0,7560.0,1,1,2015-03-10,3.333333333333333,7.986666666666666,-1.353333333333333,7.3,3.9733333333333336,3.090909090909091,66.66666666666667,15,2015-03-10
2015-03-10,九州沖縄,NB-1,1.0,7200.0,1,1,2015-03-10,5.325,9.0375,2.7,0.0,6.65,0.0,47.25,8,2015-03-10
2015-03-10,近畿,NB-1,1.0,7560.0,1,1,2015-03-10,3.525,7.375,-0.35,4.375,5.175,5.142857142857143,60.57142857142857,8,2015-03-10
2015-03-10,関東,NB-1,3.0,24000.0,1,2,2015-03-10,7.233333333333332,13.166666666666666,1.2888888888888888,4.333333333333333,4.699999999999999,0.0,54.333333333333336,9,2015-03-10
2015-03-11,北海道,NB-1,1.0,6360.0,1,1,2015-03-11,-0.1,1.9875,-1.75,5.5625,1.25,6.75,78.25,8,2015-03-11
2015-03-11,四国,NB-1,2.0,15120.0,1,1,2015-03-11,5.35,9.825,-0.075,0.0,8.675,0.0,43.25,4,2015-03-11
2015-03-11,関東,NB-1,2.0,15120.0,1,1,2015-03-11,5.211111111111111,10.988888888888887,-0.1999999999999999,0.0,9.833333333333334,0.0,37.55555555555556,9,2015-03-11
2015-03-12,中部,NB-1,2.0,14400.0,1,1,2015-03-12,3.86,8.48,-0.0866666666666666,4.6,5.86,2.0,57.13333333333333,15,2015-03-12
2015-03-13,中部,NB-1,2.0,14400.0,1,1,2015-03-13,4.933333333333334,10.46,-0.7200000000000001,5.666666666666667,6.3,0.2727272727272727,57.8,15,2015-03-13
2015-03-13,九州沖縄,NB-1,1.0,7560.0,1,1,2015-03-13,9.7125,16.4375,2.4625,0.0,8.7375,0.0,59.5,8,2015-03-13
2015-03-13,北海道,NB-1,1.0,6360.0,1,1,2015-03-13,0.625,3.8125,-1.8375,3.6875,4.5625,3.75,78.375,8,2015-03-13
2015-03-13,近畿,NB-1,1.0,7560.0,1,1,2015-03-13,7.0375,13.15,0.2749999999999999,0.0625,9.175,0.0,52.0,8,2015-03-13
2015-03-16,中国,NB-1,4.0,29160.0,1,2,2015-03-16,10.4,17.37142857142857,5.7,0.0,5.871428571428572,0.0,80.14285714285714,7,2015-03-16
2015-03-16,中部,NB-1,3.0,21600.0,1,1,2015-03-16,10.133333333333333,15.613333333333332,5.586666666666667,3.2333333333333334,3.746666666666667,0.0,74.93333333333334,15,2015-03-16
2015-03-16,九州沖縄,NB-1,4.0,29520.0,1,2,2015-03-16,14.05,17.7625,11.5,1.625,2.3,0.0,85.125,8,2015-03-16
2015-03-16,四国,NB-1,1.0,7560.0,1,1,2015-03-16,11.375,15.65,8.825,0.25,0.8500000000000001,0.0,88.75,4,2015-03-16
2015-03-16,東北,NB-1,2.0,15120.0,1,1,2015-03-16,6.875,14.0125,0.1999999999999999,0.0,8.4125,0.0,67.25,8,2015-03-16
2015-03-16,近畿,NB-1,1.0,7236.0,1,1,2015-03-16,11.8375,17.4,8.25,0.0,3.3875,0.0,76.625,8,2015-03-16
2015-03-16,関東,NB-1,7.0,49548.0,1,4,2015-03-16,10.022222222222222,15.377777777777778,4.522222222222222,4.333333333333333,2.4000000000000004,0.0,73.33333333333333,9,2015-03-16
2015-03-17,中国,NB-1,2.0,14760.0,1,2,2015-03-17,12.571428571428571,20.61428571428572,5.785714285714286,0.0,9.2,0.0,73.14285714285714,7,2015-03-17
2015-03-17,中部,NB-1,2.0,14760.0,1,1,2015-03-17,12.506666666666666,21.046666666666667,5.573333333333333,0.0,9.866666666666667,0.0,66.06666666666666,15,2015-03-17
2015-03-17,近畿,NB-1,3.0,23280.0,1,2,2015-03-17,12.975,20.375,7.0625,0.0,8.7375,0.0,78.0,8,2015-03-17
2015-03-17,関東,NB-1,1.0,8400.0,1,1,2015-03-17,13.72222222222222,20.855555555555554,7.677777777777777,0.4444444444444444,10.088888888888889,0.0,71.66666666666667,9,2015-03-17
2015-03-18,中国,NB-1,1.0,7560.0,1,1,2015-03-18,13.44285714285714,16.67142857142857,10.228571428571428,21.857142857142858,0.4857142857142857,0.0,87.85714285714286,7,2015-03-18
2015-03-18,関東,NB-1,1.0,6960.0,1,1,2015-03-18,14.011111111111113,19.866666666666667,9.177777777777775,0.0555555555555555,5.488888888888889,0.0,66.66666666666667,9,2015-03-18
2015-03-19,中国,NB-1,2.0,15120.0,1,1,2015-03-19,13.885714285714286,17.7,10.928571428571429,13.071428571428571,0.7714285714285715,0.0,88.85714285714286,7,2015-03-19
2015-03-19,中部,NB-1,5.0,36960.0,1,2,2015-03-19,12.58,15.18,10.16,26.9,0.1333333333333333,0.0,92.13333333333334,15,2015-03-19
2015-03-19,関東,NB-1,2.0,14520.0,1,1,2015-03-19,11.666666666666666,15.22222222222222,9.455555555555556,9.72222222222222,0.3222222222222222,0.0,90.0,9,2015-03-19
2015-03-20,東北,NB-1,1.0,7800.0,1,1,2015-03-20,7.4125,12.725,2.975,0.0,4.8875,0.0,77.375,8,2015-03-20
2015-03-20,近畿,NB-1,1.0,6960.0,1,1,2015-03-20,12.7,17.425,8.75,0.0,5.9125,0.0,70.625,8,2015-03-20
2015-03-23,中部,NB-1,2.0,15120.0,1,1,2015-03-23,6.166666666666667,10.633333333333333,2.2066666666666666,0.7666666666666667,6.62,0.1818181818181818,49.333333333333336,15,2015-03-23
2015-03-23,九州沖縄,NB-1,2.0,15120.0,1,1,2015-03-23,12.9375,17.3375,8.8375,0.1875,10.0125,0.0,40.125,8,2015-03-23
2015-03-23,四国,NB-1,2.0,15120.0,1,1,2015-03-23,10.775,14.875,6.75,0.0,9.225,0.0,41.0,4,2015-03-23
2015-03-23,東北,NB-1,2.0,15120.0,1,1,2015-03-23,2.7375,7.0,-0.775,2.3125,3.4625000000000004,3.625,63.0,8,2015-03-23
2015-03-23,近畿,NB-1,4.0,30240.0,1,2,2015-03-23,7.7375,11.2625,4.3125,0.6875,5.5,0.0,53.75,8,2015-03-23
2015-03-23,関東,NB-1,2.0,14196.0,1,1,2015-03-23,8.766666666666667,14.755555555555556,3.033333333333333,0.6111111111111112,8.022222222222222,0.0,49.22222222222222,9,2015-03-23
2015-03-24,中部,NB-1,6.0,43560.0,1,2,2015-03-24,4.42,9.346666666666666,0.8066666666666666,1.8666666666666667,6.426666666666667,0.1818181818181818,55.86666666666667,15,2015-03-24
2015-03-24,近畿,NB-1,3.0,23880.0,1,2,2015-03-24,5.5875,10.0875,2.425,0.5625,6.225,0.0,60.125,8,2015-03-24
2015-03-24,関東,NB-1,4.0,28080.0,1,1,2015-03-24,6.877777777777777,13.577777777777778,1.7555555555555555,0.0,10.355555555555556,0.0,39.22222222222222,9,2015-03-24
2015-03-25,中部,NB-1,1.0,7560.0,1,1,2015-03-25,4.993333333333334,10.586666666666668,0.3933333333333333,0.2333333333333333,8.860000000000001,0.0,53.8,15,2015-03-25
2015-03-25,近畿,NB-1,1.0,7560.0,1,1,2015-03-25,5.975,11.3,2.2375,0.5625,7.725,0.0,60.5,8,2015-03-25
2015-03-25,関東,NB-1,1.0,7200.0,1,1,2015-03-25,7.211111111111112,12.88888888888889,2.1777777777777776,0.0,11.033333333333331,0.0,38.66666666666666,9,2015-03-25
2015-03-26,中国,NB-1,1.0,7200.0,1,1,2015-03-26,7.571428571428571,15.37142857142857,0.0142857142857143,0.0,11.685714285714283,0.0,55.142857142857146,7,2015-03-26
2015-03-26,近畿,NB-1,1.0,7560.0,1,1,2015-03-26,7.4,13.65,1.3,0.0,11.65,0.0,55.75,8,2015-03-26
2015-03-26,関東,NB-1,4.0,29040.0,1,2,2015-03-26,8.077777777777778,14.2,2.066666666666667,0.0,11.666666666666666,0.0,39.333333333333336,9,2015-03-26
2015-03-27,中部,NB-1,1.0,7200.0,1,1,2015-03-27,9.06,18.326666666666664,0.36,0.0,11.64,0.0,45.53333333333333,15,2015-03-27
2015-03-27,四国,NB-1,2.0,15120.0,1,1,2015-03-27,10.725,17.15,3.475,0.0,10.475,0.0,49.25,4,2015-03-27
2015-03-27,東北,NB-1,1.0,7560.0,1,1,2015-03-27,9.2125,15.825,2.375,0.0,9.525,0.0,48.375,8,2015-03-27
2015-03-27,近畿,NB-1,5.0,35400.0,1,1,2015-03-27,9.85,17.7125,2.5625,0.0,11.1125,0.0,51.625,8,2015-03-27
2015-03-27,関東,NB-1,1.0,7236.0,1,1,2015-03-27,11.377777777777778,19.933333333333334,2.344444444444445,0.0,11.788888888888888,0.0,41.55555555555556,9,2015-03-27
2015-03-30,中部,NB-1,1.0,7200.0,1,1,2015-03-30,11.606666666666666,19.040000000000003,5.693333333333333,0.0,10.26,0.0,67.06666666666666,15,2015-03-30
2015-03-30,九州沖縄,NB-1,1.0,7560.0,1,1,2015-03-30,16.4375,22.1875,10.9,0.0,8.4625,0.0,65.125,8,2015-03-30
2015-03-30,四国,NB-1,2.0,15120.0,1,2,2015-03-30,14.475,20.1,9.15,0.0,9.775,0.0,64.75,4,2015-03-30
2015-03-30,近畿,NB-1,2.0,15120.0,1,1,2015-03-30,12.7875,19.5375,7.15,0.0,10.775,0.0,65.75,8,2015-03-30
2015-03-30,関東,NB-1,5.0,37080.0,1,2,2015-03-30,14.666666666666666,22.3,8.266666666666667,0.0,11.366666666666667,0.0,55.888888888888886,9,2015-03-30
2015-03-31,中部,NB-1,5.0,36720.0,1,2,2015-03-31,14.2,22.266666666666666,6.08,0.0,10.38,0.0,58.46666666666667,15,2015-03-31
2015-03-31,近畿,NB-1,3.0,22680.0,1,1,2015-03-31,15.7125,23.25,7.8625,0.0,10.65,0.0,65.125,8,2015-03-31
2015-03-31,関東,NB-1,2.0,16800.0,1,2,2015-03-31,15.666666666666666,22.75555555555556,8.966666666666667,0.0,11.144444444444444,0.0,59.44444444444444,9,2015-03-31
2015-04-01,東北,NB-1,2.0,15360.0,1,2,2015-04-01,7.9125,11.825,3.8875,10.3125,0.2125,0.0,84.25,8,2015-04-01
2015-04-01,近畿,NB-1,5.0,36600.0,1,2,2015-04-01,15.0625,17.925,12.025,10.3125,0.0,0.0,85.5,8,2015-04-01
2015-04-01,関東,NB-1,1.0,7560.0,1,1,2015-04-01,13.27777777777778,19.27777777777778,8.544444444444444,2.555555555555556,0.6444444444444444,0.0,74.77777777777777,9,2015-04-01
2015-04-02,中部,NB-1,2.0,15120.0,1,2,2015-04-02,12.006666666666666,17.80666666666667,7.013333333333334,0.0666666666666666,7.793333333333334,0.0,67.26666666666667,15,2015-04-02
2015-04-02,関東,NB-1,3.0,20880.0,1,1,2015-04-02,11.022222222222222,16.244444444444444,6.277777777777778,0.0,10.88888888888889,0.0,64.55555555555556,9,2015-04-02
2015-04-03,東北,NB-1,2.0,15120.0,1,1,2015-04-03,10.775,17.975,5.5125,8.3125,1.7125,0.0,75.625,8,2015-04-03
2015-04-03,近畿,NB-1,1.0,6960.0,1,1,2015-04-03,17.4625,20.4625,14.5625,7.5,0.2375,0.0,82.875,8,2015-04-03
2015-04-03,関東,NB-1,2.0,15120.0,1,2,2015-04-03,15.555555555555555,20.133333333333333,9.033333333333331,0.0,1.8000000000000005,0.0,74.77777777777777,9,2015-04-03
2015-04-05,近畿,NB-1,3.0,22680.0,1,1,2015-04-05,15.8125,18.6,14.025,14.9375,0.1,0.0,92.0,8,2015-04-05
2015-04-06,東北,NB-1,4.0,30240.0,1,3,2015-04-06,10.7375,15.85,7.3625,2.1875,2.7875,0.0,79.625,8,2015-04-06
2015-04-06,近畿,NB-1,5.0,34992.0,1,2,2015-04-06,14.4125,16.7375,10.775,6.6875,0.0,0.0,90.5,8,2015-04-06
2015-04-06,関東,NB-1,16.0,121236.0,1,4,2015-04-06,15.066666666666666,22.1,9.4,0.2777777777777778,5.855555555555556,0.0,78.77777777777777,9,2015-04-06
2015-04-07,中国,NB-1,1.0,7560.0,1,1,2015-04-07,10.242857142857144,13.042857142857144,8.371428571428572,1.8571428571428568,1.3,0.0,69.42857142857143,7,2015-04-07
2015-04-07,中部,NB-1,2.0,14400.0,1,1,2015-04-07,8.646666666666667,11.84,6.346666666666667,6.3,0.02,0.0,83.0,15,2015-04-07
2015-04-07,九州沖縄,NB-1,1.0,7560.0,1,1,2015-04-07,15.4,18.725,12.2375,3.1875,0.975,0.0,77.625,8,2015-04-07
2015-04-07,四国,NB-1,1.0,7560.0,1,1,2015-04-07,12.175,14.525,9.4,4.0,0.05,0.0,75.75,4,2015-04-07
2015-04-07,近畿,NB-1,2.0,14520.0,1,1,2015-04-07,9.55,11.45,8.3375,2.5,0.1625,0.0,74.25,8,2015-04-07
2015-04-08,中国,NB-1,1.0,7560.0,1,1,2015-04-08,8.857142857142858,13.342857142857143,5.271428571428571,1.9285714285714288,7.2,0.0,58.85714285714285,7,2015-04-08
2015-04-08,中部,NB-1,4.0,28800.0,1,1,2015-04-08,5.8,8.533333333333333,3.64,5.633333333333334,1.0333333333333334,0.5454545454545454,77.33333333333333,15,2015-04-08
2015-04-08,東北,NB-1,1.0,7560.0,1,1,2015-04-08,3.2875,7.1875,0.75,0.5625,4.0625,0.625,56.875,8,2015-04-08
2015-04-08,関東,NB-1,2.0,14160.0,1,1,2015-04-08,3.9444444444444446,7.811111111111111,1.7555555555555555,14.555555555555555,0.0,0.3333333333333333,86.33333333333333,9,2015-04-08
2015-04-09,近畿,NB-1,2.0,15120.0,1,1,2015-04-09,10.175,15.45,5.0875,0.0625,3.75,0.0,66.75,8,2015-04-09
2015-04-10,東北,NB-1,1.0,7560.0,1,1,2015-04-10,7.3375,12.2,1.075,2.6875,3.525,0.0,76.0,8,2015-04-10
2015-04-13,中国,NB-1,2.0,14796.0,1,2,2015-04-13,13.05714285714286,14.87142857142857,11.142857142857142,11.071428571428571,0.0428571428571428,0.0,85.85714285714286,7,2015-04-13
2015-04-13,中部,NB-1,9.0,64800.0,1,1,2015-04-13,10.426666666666668,12.493333333333334,8.626666666666667,24.5,0.04,0.0,83.46666666666667,15,2015-04-13
2015-04-13,東北,NB-1,1.0,7560.0,1,1,2015-04-13,8.875,13.025,4.725,4.6875,2.3375,0.0,76.0,8,2015-04-13
2015-04-13,近畿,NB-1,5.0,37800.0,1,3,2015-04-13,13.4,15.5,11.25,11.5625,0.0625,0.0,79.25,8,2015-04-13
2015-04-13,関東,NB-1,7.0,53592.0,1,3,2015-04-13,9.588888888888889,11.1,8.11111111111111,26.05555555555556,0.0,0.0,88.22222222222223,9,2015-04-13
2015-04-14,中部,NB-1,1.0,9000.0,1,1,2015-04-14,12.446666666666664,14.786666666666669,9.926666666666668,19.2,0.0333333333333333,0.0,92.33333333333331,15,2015-04-14
2015-04-14,近畿,NB-1,2.0,15120.0,1,1,2015-04-14,14.55,16.7875,11.2375,12.875,0.0375,0.0,88.75,8,2015-04-14
2015-04-14,関東,NB-1,2.0,14760.0,1,1,2015-04-14,11.8,13.922222222222222,9.266666666666667,17.944444444444443,0.0,0.0,93.55555555555556,9,2015-04-14
2015-04-15,関東,NB-1,2.0,14196.0,1,2,2015-04-15,14.488888888888887,21.1,9.6,2.7777777777777777,7.355555555555556,0.0,70.77777777777777,9,2015-04-15
2015-04-16,近畿,NB-1,4.0,27840.0,1,2,2015-04-16,15.2625,20.8375,8.625,0.0,7.9875,0.0,60.5,8,2015-04-16
2015-04-16,関東,NB-1,1.0,6960.0,1,1,2015-04-16,14.788888888888888,21.344444444444445,7.311111111111111,0.0,8.844444444444443,0.0,61.55555555555556,9,2015-04-16
2015-04-17,中部,NB-1,10.0,72360.0,1,2,2015-04-17,12.546666666666663,18.59333333333333,7.04,2.6,5.013333333333334,0.0,62.13333333333333,15,2015-04-17
2015-04-17,近畿,NB-1,2.0,13560.0,1,2,2015-04-17,14.3,18.95,8.9375,1.375,7.7875,0.0,55.5,8,2015-04-17
2015-04-17,関東,NB-1,2.0,16800.0,1,1,2015-04-17,14.788888888888888,21.22222222222222,8.744444444444445,0.6666666666666666,6.655555555555555,0.0,65.22222222222223,9,2015-04-17
2015-04-20,中国,NB-1,2.0,14400.0,1,2,2015-04-20,15.857142857142858,20.485714285714288,11.62857142857143,19.571428571428573,0.0,0.0,89.0,7,2015-04-20
2015-04-20,中部,NB-1,5.0,37116.0,1,3,2015-04-20,16.54,21.366666666666667,11.653333333333334,38.86666666666667,0.2733333333333333,0.0,83.66666666666667,15,2015-04-20
2015-04-20,九州沖縄,NB-1,5.0,37800.0,1,1,2015-04-20,18.975,23.0375,15.5,7.625,0.8624999999999999,0.0,89.75,8,2015-04-20
2015-04-20,四国,NB-1,1.0,7560.0,1,1,2015-04-20,18.85,22.3,15.65,36.75,0.3,0.0,92.5,4,2015-04-20
2015-04-20,東北,NB-1,2.0,15120.0,1,1,2015-04-20,11.75,15.2625,8.8,19.625,0.2,0.0,85.375,8,2015-04-20
2015-04-20,近畿,NB-1,6.0,45036.0,1,2,2015-04-20,17.674999999999997,21.5875,13.4875,28.4375,0.1875,0.0,88.0,8,2015-04-20
2015-04-20,関東,NB-1,7.0,51036.0,1,2,2015-04-20,16.61111111111111,19.744444444444444,12.9,5.388888888888889,0.5222222222222223,0.0,85.44444444444444,9,2015-04-20
2015-04-21,近畿,NB-1,1.0,8160.0,1,1,2015-04-21,12.5875,16.775,8.7125,1.4375,2.9625,0.0,71.5,8,2015-04-21
2015-04-23,中部,NB-1,10.0,72360.0,1,2,2015-04-23,16.013333333333335,22.51333333333333,10.24,0.0,11.08,0.0,60.13333333333333,15,2015-04-23
2015-04-23,九州沖縄,NB-1,1.0,7560.0,1,1,2015-04-23,17.1,23.225,11.5625,0.0,8.875,0.0,56.875,8,2015-04-23
2015-04-23,四国,NB-1,1.0,7560.0,1,1,2015-04-23,17.35,23.725,11.25,0.0,9.8,0.0,46.75,4,2015-04-23
2015-04-23,東北,NB-1,2.0,15120.0,1,2,2015-04-23,13.6125,21.1875,7.1875,0.0625,10.8,0.0,57.5,8,2015-04-23
2015-04-23,近畿,NB-1,4.0,28440.0,1,2,2015-04-23,17.0,23.35,10.8,0.0,10.8875,0.0,51.125,8,2015-04-23
2015-04-23,関東,NB-1,8.0,60000.0,1,2,2015-04-23,17.01111111111111,23.6,11.322222222222225,0.0555555555555555,11.633333333333333,0.0,64.77777777777777,9,2015-04-23
2015-04-24,中部,NB-1,3.0,22320.0,1,2,2015-04-24,16.78666666666667,23.626666666666665,11.12,0.0,10.126666666666669,0.0,58.333333333333336,15,2015-04-24
2015-04-24,近畿,NB-1,6.0,41280.0,1,2,2015-04-24,17.7125,24.1875,11.4,0.0,9.875,0.0,52.625,8,2015-04-24
2015-04-24,関東,NB-1,1.0,7560.0,1,1,2015-04-24,17.822222222222223,23.666666666666668,12.833333333333334,0.0,8.011111111111111,0.0,67.44444444444444,9,2015-04-24
2015-04-27,中国,NB-1,1.0,7236.0,1,1,2015-04-27,18.8,26.357142857142858,10.814285714285717,0.0,12.471428571428572,0.0,48.85714285714285,7,2015-04-27
2015-04-27,中部,NB-1,8.0,58716.0,1,3,2015-04-27,18.78666666666667,26.8,11.353333333333332,0.0,11.966666666666669,0.0,53.4,15,2015-04-27
2015-04-27,東北,NB-1,1.0,7560.0,1,1,2015-04-27,17.825,26.6625,8.725,0.0,11.9375,0.0,43.875,8,2015-04-27
2015-04-27,近畿,NB-1,3.0,21756.0,1,1,2015-04-27,19.8875,26.7125,13.7,0.0,12.35,0.0,60.75,8,2015-04-27
2015-04-27,関東,NB-1,13.0,97308.0,1,4,2015-04-27,19.355555555555554,26.466666666666665,12.366666666666667,0.0,12.377777777777778,0.0,62.888888888888886,9,2015-04-27
2015-04-28,中国,NB-1,1.0,7560.0,1,1,2015-04-28,18.8,24.97142857142857,12.657142857142857,0.0,6.1571428571428575,0.0,62.71428571428572,7,2015-04-28
2015-04-28,中部,NB-1,6.0,45240.0,1,3,2015-04-28,18.973333333333336,25.646666666666665,13.086666666666668,0.0,8.233333333333333,0.0,58.4,15,2015-04-28
2015-04-28,東北,NB-1,3.0,22680.0,1,1,2015-04-28,18.8,27.4875,9.975,0.0,11.95,0.0,46.125,8,2015-04-28
2015-04-28,関東,NB-1,3.0,21600.0,1,1,2015-04-28,20.666666666666668,27.72222222222222,13.811111111111112,0.0,11.088888888888889,0.0,58.77777777777778,9,2015-04-28
2015-04-30,中部,NB-1,2.0,14760.0,1,2,2015-04-30,18.41333333333333,24.80666666666667,12.953333333333337,0.0,11.18,0.0,59.6,15,2015-04-30
2015-04-30,北海道,NB-1,1.0,7560.0,1,1,2015-04-30,11.3375,19.1625,5.7375,0.0,7.4375,0.0,71.875,8,2015-04-30
2015-04-30,近畿,NB-1,2.0,16560.0,1,2,2015-04-30,19.6125,25.9375,14.2625,0.0,12.0375,0.0,60.25,8,2015-04-30
2015-04-30,関東,NB-1,9.0,69960.0,1,4,2015-04-30,18.6,24.51111111111111,13.633333333333333,0.0,7.822222222222223,0.0,66.55555555555556,9,2015-04-30
2015-05-01,九州沖縄,NB-1,2.0,15120.0,1,1,2015-05-01,20.95,25.7125,16.4875,2.0,10.275,0.0,71.625,8,2015-05-01
2015-05-01,四国,NB-1,1.0,7560.0,1,1,2015-05-01,19.85,25.9,13.825,0.0,12.05,0.0,66.25,4,2015-05-01
2015-05-01,東北,NB-1,6.0,45360.0,1,2,2015-05-01,18.2,26.2125,10.2,0.0,11.675,0.0,57.25,8,2015-05-01
2015-05-01,近畿,NB-1,1.0,6360.0,1,1,2015-05-01,20.3625,27.425,14.575,0.0,12.2625,0.0,63.25,8,2015-05-01
2015-05-01,関東,NB-1,4.0,29880.0,1,3,2015-05-01,19.844444444444445,26.8,13.38888888888889,0.0,12.488888888888887,0.0,61.0,9,2015-05-01
2015-05-07,中国,NB-1,1.0,7560.0,1,1,2015-05-07,18.6,24.085714285714285,14.528571428571428,2.7142857142857144,5.0,0.0,67.14285714285714,7,2015-05-07
2015-05-07,中部,NB-1,10.0,72720.0,1,2,2015-05-07,17.986666666666668,23.90666666666667,13.74,0.4,5.3533333333333335,0.0,62.8,15,2015-05-07
2015-05-07,九州沖縄,NB-1,1.0,7560.0,1,1,2015-05-07,18.45,22.0375,16.1,5.875,1.65,0.0,80.5,8,2015-05-07
2015-05-07,四国,NB-1,1.0,7560.0,1,1,2015-05-07,18.925,22.9,15.825,6.5,3.275,0.0,69.0,4,2015-05-07
2015-05-07,近畿,NB-1,4.0,28440.0,1,3,2015-05-07,19.8625,24.8625,16.375,0.375,4.275,0.0,61.875,8,2015-05-07
2015-05-07,関東,NB-1,8.0,59280.0,1,3,2015-05-07,18.922222222222224,25.23333333333333,14.77777777777778,0.0,5.411111111111111,0.0,62.0,9,2015-05-07
2015-05-08,中国,NB-1,2.0,15120.0,1,1,2015-05-08,19.071428571428573,25.342857142857145,12.828571428571427,0.0,11.471428571428572,0.0,65.14285714285714,7,2015-05-08
2015-05-08,中部,NB-1,1.0,7560.0,1,1,2015-05-08,18.98,25.41333333333333,14.046666666666669,0.1,10.68,0.0,60.266666666666666,15,2015-05-08
2015-05-08,九州沖縄,NB-1,1.0,7560.0,1,1,2015-05-08,20.1375,25.7875,14.2875,0.0,11.0375,0.0,68.0,8,2015-05-08
2015-05-08,北海道,NB-1,1.0,6360.0,1,1,2015-05-08,10.4125,16.1,5.55,0.25,6.699999999999999,0.0,57.75,8,2015-05-08
2015-05-08,近畿,NB-1,2.0,15720.0,1,1,2015-05-08,20.25,26.3125,14.6875,0.0,10.7625,0.0,59.125,8,2015-05-08
2015-05-08,関東,NB-1,5.0,38880.0,1,3,2015-05-08,19.75555555555556,25.822222222222223,14.844444444444443,0.0,9.933333333333334,0.0,62.22222222222222,9,2015-05-08
2015-05-11,中国,NB-1,1.0,7839.0,1,1,2015-05-11,17.985714285714288,23.914285714285715,10.771428571428572,0.7142857142857143,7.799999999999999,0.0,56.142857142857146,7,2015-05-11
2015-05-11,中部,NB-1,4.0,30438.0,1,3,2015-05-11,15.513333333333332,22.09333333333333,8.3,0.0,10.8,0.0,51.93333333333333,15,2015-05-11
2015-05-11,九州沖縄,NB-1,5.0,37719.0,1,2,2015-05-11,21.4625,25.2375,16.925,0.125,2.325,0.0,69.125,8,2015-05-11
2015-05-11,東北,NB-1,1.0,7560.0,1,1,2015-05-11,14.7,22.5625,6.275,0.0,12.1875,0.0,48.25,8,2015-05-11
2015-05-11,近畿,NB-1,7.0,49599.0,1,2,2015-05-11,17.7875,24.9875,10.15,0.0,10.6125,0.0,53.25,8,2015-05-11
2015-05-11,関東,NB-1,7.0,54016.0,1,4,2015-05-11,16.422222222222224,22.91111111111111,9.955555555555556,0.0,12.055555555555555,0.0,39.333333333333336,9,2015-05-11
2015-05-12,中国,NB-1,1.0,7800.0,1,1,2015-05-12,17.228571428571428,22.11428571428572,12.12857142857143,36.5,0.5428571428571428,0.0,76.14285714285714,7,2015-05-12
2015-05-12,近畿,NB-1,2.0,16380.0,1,2,2015-05-12,18.45,22.95,14.1875,43.0625,0.225,0.0,79.375,8,2015-05-12
2015-05-12,関東,NB-1,14.0,114270.0,1,3,2015-05-12,18.08888888888889,22.022222222222226,13.7,24.444444444444443,1.488888888888889,0.0,69.33333333333333,9,2015-05-12
2015-05-13,中国,NB-1,1.0,8190.0,1,1,2015-05-13,19.928571428571427,26.428571428571427,11.985714285714286,0.0,12.857142857142858,0.0,54.57142857142857,7,2015-05-13
2015-05-13,中部,NB-1,3.0,24180.0,1,2,2015-05-13,19.57333333333333,26.42,13.086666666666668,0.8333333333333334,11.686666666666667,0.0,51.06666666666667,15,2015-05-13
2015-05-13,九州沖縄,NB-1,2.0,15360.0,1,2,2015-05-13,20.7875,26.7375,14.975,0.0,11.625,0.0,61.75,8,2015-05-13
2015-05-13,東北,NB-1,3.0,24570.0,1,2,2015-05-13,18.1875,22.0625,13.725,4.875,6.2,0.0,57.625,8,2015-05-13
2015-05-13,関東,NB-1,2.0,16380.0,1,2,2015-05-13,21.466666666666665,27.188888888888886,16.288888888888888,0.2222222222222222,11.544444444444444,0.0,55.44444444444444,9,2015-05-13
2015-05-14,中部,NB-1,1.0,7560.0,1,1,2015-05-14,20.946666666666665,27.846666666666668,14.42,0.0666666666666666,9.88,0.0,46.0,15,2015-05-14
2015-05-14,東北,NB-1,1.0,7560.0,1,1,2015-05-14,19.6875,24.9,13.9375,0.375,9.525,0.0,50.25,8,2015-05-14
2015-05-14,近畿,NB-1,1.0,7540.0,1,1,2015-05-14,19.9625,26.3375,15.2125,0.625,6.387499999999999,0.0,61.5,8,2015-05-14
2015-05-14,関東,NB-1,4.0,32760.0,1,2,2015-05-14,22.066666666666663,28.988888888888887,14.944444444444445,0.0,10.977777777777778,0.0,50.11111111111112,9,2015-05-14
2015-05-15,中国,NB-1,1.0,8190.0,1,1,2015-05-15,21.32857142857143,26.942857142857143,16.52857142857143,1.8571428571428568,5.871428571428572,0.0,78.14285714285714,7,2015-05-15
2015-05-15,中部,NB-1,1.0,7800.0,1,1,2015-05-15,22.326666666666664,28.60666666666667,17.02,0.2,7.226666666666666,0.0,63.0,15,2015-05-15
2015-05-15,関東,NB-1,2.0,16029.0,1,2,2015-05-15,21.62222222222222,27.12222222222222,16.933333333333334,0.0,9.1,0.0,60.55555555555556,9,2015-05-15
2015-05-18,中国,NB-1,2.0,15990.0,1,1,2015-05-18,18.457142857142856,23.414285714285715,15.285714285714286,28.857142857142858,0.2857142857142857,0.0,74.57142857142857,7,2015-05-18
2015-05-18,中部,NB-1,1.0,7800.0,1,1,2015-05-18,18.96,25.42,13.113333333333332,8.833333333333334,4.54,0.0,63.86666666666667,15,2015-05-18
2015-05-18,近畿,NB-1,2.0,15399.0,1,1,2015-05-18,19.6125,25.8625,14.65,11.8125,3.1,0.0,63.5,8,2015-05-18
2015-05-18,関東,NB-1,8.0,64038.0,1,4,2015-05-18,20.866666666666667,26.6,15.511111111111113,2.2777777777777777,6.266666666666667,0.0,64.77777777777777,9,2015-05-18
2015-05-19,中部,NB-1,1.0,7800.0,1,1,2015-05-19,18.57333333333333,24.07333333333333,14.186666666666667,16.566666666666666,3.32,0.0,84.06666666666666,15,2015-05-19
2015-05-19,近畿,NB-1,2.0,16380.0,1,2,2015-05-19,20.7875,25.3,16.875,9.25,5.5625,0.0,82.375,8,2015-05-19
2015-05-19,関東,NB-1,3.0,23920.0,1,1,2015-05-19,19.38888888888889,23.01111111111111,16.166666666666668,10.61111111111111,0.8,0.0,86.55555555555556,9,2015-05-19
2015-05-20,近畿,NB-1,1.0,8190.0,1,1,2015-05-20,19.775,27.55,13.375,3.4375,10.7125,0.0,68.375,8,2015-05-20
2015-05-20,関東,NB-1,1.0,8190.0,1,1,2015-05-20,20.966666666666665,25.95555555555556,17.455555555555556,1.6666666666666667,5.655555555555555,0.0,71.22222222222223,9,2015-05-20
2015-05-21,中部,NB-1,1.0,7800.0,1,1,2015-05-21,17.026666666666667,22.766666666666666,11.54,1.2,11.933333333333334,0.0,55.2,15,2015-05-21
2015-05-21,関東,NB-1,1.0,7540.0,1,1,2015-05-21,18.53333333333333,24.522222222222226,13.344444444444443,12.77777777777778,10.633333333333333,0.0,56.0,9,2015-05-21
2015-05-22,近畿,NB-1,6.0,49140.0,1,2,2015-05-22,19.7,26.4625,13.3,0.0,9.7375,0.0,55.25,8,2015-05-22
2015-05-22,関東,NB-1,2.0,15379.0,1,2,2015-05-22,19.355555555555554,25.466666666666665,12.933333333333334,0.0,10.411111111111111,0.0,58.11111111111112,9,2015-05-22
2015-05-25,中国,NB-1,1.0,7839.0,1,1,2015-05-25,21.542857142857144,28.485714285714288,15.2,0.0,11.985714285714286,0.0,61.85714285714285,7,2015-05-25
2015-05-25,中部,NB-1,5.0,40170.0,1,3,2015-05-25,20.02,26.09333333333333,14.533333333333331,0.0,5.986666666666666,0.0,62.86666666666667,15,2015-05-25
2015-05-25,近畿,NB-1,3.0,23218.0,1,2,2015-05-25,21.75,27.775,16.1375,0.0,9.0625,0.0,61.125,8,2015-05-25
2015-05-25,関東,NB-1,5.0,39598.0,1,3,2015-05-25,20.211111111111112,25.38888888888889,15.677777777777775,0.0,6.622222222222223,0.0,67.77777777777777,9,2015-05-25
2015-05-26,中部,NB-1,8.0,63180.0,1,1,2015-05-26,20.87333333333333,27.706666666666667,15.053333333333336,0.0,12.486666666666668,0.0,60.73333333333333,15,2015-05-26
2015-05-26,関東,NB-1,4.0,30440.0,1,2,2015-05-26,21.88888888888889,29.05555555555556,15.711111111111112,0.0,12.166666666666666,0.0,58.55555555555556,9,2015-05-26
2015-05-27,近畿,NB-1,2.0,15730.0,1,1,2015-05-27,23.8,31.0875,16.1375,0.0,12.5625,0.0,46.375,8,2015-05-27
2015-05-27,関東,NB-1,4.0,33800.0,1,2,2015-05-27,22.61111111111111,29.04444444444444,16.688888888888886,0.0,12.622222222222222,0.0,55.333333333333336,9,2015-05-27
2015-05-28,近畿,NB-1,2.0,16380.0,1,1,2015-05-28,23.4125,29.25,17.95,0.0,6.625,0.0,57.25,8,2015-05-28
2015-05-28,関東,NB-1,3.0,26650.0,1,2,2015-05-28,21.477777777777774,26.14444444444445,17.966666666666665,0.0,5.066666666666666,0.0,68.33333333333333,9,2015-05-28
2015-05-29,中国,NB-1,1.0,7800.0,1,1,2015-05-29,23.2,30.142857142857142,16.757142857142856,0.0,12.385714285714286,0.0,60.71428571428572,7,2015-05-29
2015-05-29,中部,NB-1,1.0,8450.0,1,1,2015-05-29,22.266666666666666,27.26,18.42,0.0333333333333333,6.333333333333333,0.0,62.8,15,2015-05-29
2015-05-29,九州沖縄,NB-1,1.0,8190.0,1,1,2015-05-29,24.225,29.25,19.825,0.6875,8.675,0.0,65.75,8,2015-05-29
2015-05-29,関東,NB-1,2.0,16380.0,1,1,2015-05-29,20.466666666666665,23.066666666666663,18.311111111111117,7.722222222222222,0.1222222222222222,0.0,82.0,9,2015-05-29
2015-06-01,中国,NB-1,1.0,7800.0,1,1,2015-06-01,22.214285714285715,28.97142857142857,15.542857142857144,0.0,12.142857142857142,0.0,63.42857142857143,7,2015-06-01
2015-06-01,中部,NB-1,1.0,7800.0,1,1,2015-06-01,21.986666666666668,28.05333333333333,16.6,0.0,9.1,0.0,60.333333333333336,15,2015-06-01
2015-06-01,九州沖縄,NB-1,1.0,8190.0,1,1,2015-06-01,23.6625,28.05,20.1125,0.9375,8.2,0.0,77.625,8,2015-06-01
2015-06-01,北海道,NB-1,1.0,6890.0,1,1,2015-06-01,17.9,24.4625,11.975,0.0,12.725,0.0,49.125,8,2015-06-01
2015-06-01,東北,NB-1,1.0,8190.0,1,1,2015-06-01,19.025,27.1875,11.2625,0.0,12.3875,0.0,55.75,8,2015-06-01
2015-06-01,近畿,NB-1,3.0,22529.0,1,2,2015-06-01,22.8625,29.4625,16.25,0.0,10.8625,0.0,59.375,8,2015-06-01
2015-06-01,関東,NB-1,13.0,106548.0,1,4,2015-06-01,22.522222222222226,27.83333333333333,18.6,0.0,10.911111111111111,0.0,56.333333333333336,9,2015-06-01
2015-06-02,中部,NB-1,1.0,7800.0,1,1,2015-06-02,22.666666666666668,28.35333333333333,17.660000000000004,0.2,5.98,0.0,65.13333333333334,15,2015-06-02
2015-06-02,九州沖縄,NB-1,5.0,40950.0,1,1,2015-06-02,23.6375,27.2625,21.5375,43.3125,2.0875,0.0,86.875,8,2015-06-02
2015-06-02,近畿,NB-1,1.0,6890.0,1,1,2015-06-02,24.2,29.0125,20.2625,0.75,4.2125,0.0,70.25,8,2015-06-02
2015-06-02,関東,NB-1,5.0,45500.0,1,1,2015-06-02,23.08888888888889,28.67777777777778,18.311111111111117,0.0,7.911111111111111,0.0,66.77777777777777,9,2015-06-02
2015-06-03,九州沖縄,NB-1,2.0,16380.0,1,1,2015-06-03,23.45,26.475,19.6375,35.3125,3.4375,0.0,83.0,8,2015-06-03
2015-06-03,四国,NB-1,1.0,8190.0,1,1,2015-06-03,21.625,23.95,17.825,42.875,0.15,0.0,87.5,4,2015-06-03
2015-06-03,近畿,NB-1,1.0,8840.0,1,1,2015-06-03,21.3375,23.8375,17.3125,36.0,0.3,0.0,84.125,8,2015-06-03
2015-06-03,関東,NB-1,1.0,8190.0,1,1,2015-06-03,21.322222222222223,23.466666666666665,19.700000000000003,13.88888888888889,0.0444444444444444,0.0,86.77777777777777,9,2015-06-03
2015-06-04,中部,NB-1,1.0,8190.0,1,1,2015-06-04,19.05333333333333,25.466666666666665,13.546666666666663,0.2,10.96,0.0,53.8,15,2015-06-04
2015-06-04,近畿,NB-1,3.0,25220.0,1,2,2015-06-04,20.3,26.0625,14.8375,0.0,12.65,0.0,54.5,8,2015-06-04
2015-06-04,関東,NB-1,3.0,24570.0,1,2,2015-06-04,21.933333333333334,28.25555555555556,17.27777777777778,0.0,11.755555555555556,0.0,41.888888888888886,9,2015-06-04
2015-06-05,近畿,NB-1,2.0,15730.0,1,1,2015-06-05,15.8,18.4375,13.875,17.8125,0.0875,0.0,77.0,8,2015-06-05
2015-06-05,関東,NB-1,3.0,22880.0,1,1,2015-06-05,17.844444444444445,21.72222222222222,13.533333333333331,20.72222222222222,2.355555555555556,0.0,65.0,9,2015-06-05
2015-06-08,中部,NB-1,3.0,23790.0,1,1,2015-06-08,19.6,24.25333333333333,15.66,14.466666666666669,3.6466666666666665,0.0,70.8,15,2015-06-08
2015-06-08,北海道,NB-1,1.0,7839.0,1,1,2015-06-08,13.9,18.5,9.15,0.3125,4.0,0.0,76.375,8,2015-06-08
2015-06-08,四国,NB-1,1.0,8190.0,1,1,2015-06-08,20.475,23.1,18.75,23.5,0.0,0.0,87.0,4,2015-06-08
2015-06-08,東北,NB-1,1.0,8190.0,1,1,2015-06-08,19.375,25.225,13.375,0.0,7.8125,0.0,66.25,8,2015-06-08
2015-06-08,近畿,NB-1,3.0,24219.0,1,2,2015-06-08,20.4625,24.55,18.0625,6.8125,0.325,0.0,77.375,8,2015-06-08
2015-06-08,関東,NB-1,4.0,33969.0,1,2,2015-06-08,20.422222222222224,24.9,16.355555555555554,0.5,4.844444444444445,0.0,70.0,9,2015-06-08
2015-06-09,中部,NB-1,1.0,8190.0,1,1,2015-06-09,19.040000000000003,21.99333333333333,16.62666666666667,19.666666666666668,0.0666666666666666,0.0,87.46666666666667,15,2015-06-09
2015-06-09,近畿,NB-1,3.0,22230.0,1,1,2015-06-09,20.4125,22.925,18.3125,21.0625,0.0125,0.0,89.875,8,2015-06-09
2015-06-09,関東,NB-1,2.0,15990.0,1,2,2015-06-09,19.711111111111112,22.4,16.944444444444443,26.0,0.0888888888888888,0.0,87.44444444444444,9,2015-06-09
2015-06-10,中部,NB-1,5.0,39000.0,1,1,2015-06-10,21.26,27.05333333333333,16.38,0.0,10.413333333333332,0.0,72.06666666666666,15,2015-06-10
2015-06-10,九州沖縄,NB-1,1.0,8190.0,1,1,2015-06-10,22.9375,26.075,20.5125,15.5,2.6125,0.0,88.125,8,2015-06-10
2015-06-10,近畿,NB-1,1.0,6890.0,1,1,2015-06-10,22.425,27.925,17.1125,0.0,10.225,0.0,70.5,8,2015-06-10
2015-06-10,関東,NB-1,4.0,30810.0,1,1,2015-06-10,22.75555555555556,28.366666666666667,17.255555555555556,0.0,9.72222222222222,0.0,67.77777777777777,9,2015-06-10
2015-06-11,九州沖縄,NB-1,1.0,7839.0,1,1,2015-06-11,23.6375,26.3125,21.4875,69.4375,1.075,0.0,93.875,8,2015-06-11
2015-06-11,四国,NB-1,1.0,8450.0,1,1,2015-06-11,20.975,22.8,19.75,29.125,0.0,0.0,93.75,4,2015-06-11
2015-06-11,近畿,NB-1,2.0,16380.0,1,1,2015-06-11,21.225,25.1625,18.9,8.5,0.0875,0.0,81.375,8,2015-06-11
2015-06-11,関東,NB-1,3.0,24180.0,1,2,2015-06-11,22.95555555555556,27.87777777777778,18.811111111111117,0.0,6.133333333333333,0.0,71.55555555555556,9,2015-06-11
2015-06-12,中部,NB-1,2.0,15600.0,1,1,2015-06-12,21.633333333333333,26.86,18.566666666666663,9.7,3.9133333333333336,0.0,84.0,15,2015-06-12
2015-06-12,近畿,NB-1,1.0,8190.0,1,1,2015-06-12,23.3625,29.425,19.5125,7.75,6.175,0.0,82.625,8,2015-06-12
2015-06-15,中国,NB-1,2.0,16289.0,1,1,2015-06-15,23.414285714285715,28.52857142857143,19.257142857142856,0.0,6.957142857142857,0.0,76.0,7,2015-06-15
2015-06-15,中部,NB-1,4.0,31629.0,1,3,2015-06-15,22.72,28.486666666666668,17.959999999999997,1.7666666666666666,8.653333333333334,0.0,73.2,15,2015-06-15
2015-06-15,北海道,NB-1,1.0,6890.0,1,1,2015-06-15,16.0625,20.825,13.0,0.0625,6.6875,0.0,86.25,8,2015-06-15
2015-06-15,東北,NB-1,1.0,8190.0,1,1,2015-06-15,21.85,27.9375,17.4375,0.625,6.5625,0.0,75.75,8,2015-06-15
2015-06-15,近畿,NB-1,2.0,16029.0,1,2,2015-06-15,23.975,29.0,19.8,0.0,9.2,0.0,72.625,8,2015-06-15
2015-06-15,関東,NB-1,8.0,66287.0,1,3,2015-06-15,24.155555555555555,30.466666666666665,19.155555555555555,0.6111111111111112,11.4,0.0,71.22222222222223,9,2015-06-15
2015-06-16,中国,NB-1,1.0,7800.0,1,1,2015-06-16,22.61428571428572,26.1,20.785714285714285,1.2142857142857142,1.985714285714285,0.0,83.0,7,2015-06-16
2015-06-16,中部,NB-1,1.0,7800.0,1,1,2015-06-16,21.69333333333333,25.633333333333333,19.32,2.1666666666666665,1.5533333333333337,0.0,81.26666666666667,15,2015-06-16
2015-06-16,九州沖縄,NB-1,1.0,8190.0,1,1,2015-06-16,22.3375,24.325,20.5625,17.625,2.5125,0.0,88.75,8,2015-06-16
2015-06-16,近畿,NB-1,1.0,8190.0,1,1,2015-06-16,22.9375,25.775,20.75,1.125,0.325,0.0,81.125,8,2015-06-16
2015-06-16,関東,NB-1,6.0,49140.0,1,2,2015-06-16,22.53333333333333,26.744444444444444,19.91111111111111,15.055555555555555,1.3888888888888888,0.0,80.0,9,2015-06-16
2015-06-17,中国,NB-1,4.0,31980.0,1,1,2015-06-17,23.0,27.642857142857142,19.071428571428573,0.5714285714285714,6.557142857142857,0.0,76.85714285714286,7,2015-06-17
2015-06-17,関東,NB-1,1.0,7839.0,1,1,2015-06-17,21.311111111111117,25.133333333333333,19.3,7.555555555555555,1.8333333333333333,0.0,84.77777777777777,9,2015-06-17
2015-06-18,中部,NB-1,2.0,15990.0,1,2,2015-06-18,20.85333333333333,24.52,18.37333333333333,11.666666666666666,1.46,0.0,78.46666666666667,15,2015-06-18
2015-06-18,九州沖縄,NB-1,2.0,16380.0,1,1,2015-06-18,22.05,23.625,20.55,37.6875,1.5,0.0,92.125,8,2015-06-18
2015-06-18,北海道,NB-1,1.0,6890.0,1,1,2015-06-18,16.1125,20.925,12.7625,0.0,8.825,0.0,82.0,8,2015-06-18
2015-06-18,関東,NB-1,1.0,7839.0,1,1,2015-06-18,20.72222222222222,23.933333333333334,18.655555555555555,10.944444444444445,0.8777777777777778,0.0,84.0,9,2015-06-18
2015-06-19,中部,NB-1,2.0,16250.0,1,2,2015-06-19,19.73333333333333,22.24,17.88,7.833333333333333,0.02,0.0,81.86666666666666,15,2015-06-19
2015-06-19,北海道,NB-1,1.0,6890.0,1,1,2015-06-19,16.35,21.25,12.825,1.1875,7.0125,0.0,80.375,8,2015-06-19
2015-06-19,近畿,NB-1,1.0,7540.0,1,1,2015-06-19,20.2,22.7375,18.0625,8.75,0.025,0.0,84.0,8,2015-06-19
2015-06-19,関東,NB-1,3.0,23920.0,1,1,2015-06-19,18.633333333333333,20.87777777777778,17.233333333333334,13.166666666666666,0.0888888888888888,0.0,90.77777777777776,9,2015-06-19
2015-06-22,中国,NB-1,3.0,24570.0,1,1,2015-06-22,21.542857142857144,25.27142857142857,17.942857142857143,0.0,1.4,0.0,79.28571428571429,7,2015-06-22
2015-06-22,中部,NB-1,1.0,7839.0,1,1,2015-06-22,21.28,26.05333333333333,17.38,3.466666666666667,5.8,0.0,78.6,15,2015-06-22
2015-06-22,九州沖縄,NB-1,1.0,8190.0,1,1,2015-06-22,22.4375,24.85,20.7375,2.5625,0.7000000000000001,0.0,85.375,8,2015-06-22
2015-06-22,東北,NB-1,3.0,24570.0,1,2,2015-06-22,21.2875,26.725,17.3125,0.0625,7.4375,0.0,75.25,8,2015-06-22
2015-06-22,関東,NB-1,8.0,69719.0,1,2,2015-06-22,22.188888888888886,26.8,18.12222222222222,0.3888888888888889,5.466666666666667,0.0,76.44444444444444,9,2015-06-22
2015-06-23,中国,NB-1,2.0,16900.0,1,1,2015-06-23,23.15714285714285,27.785714285714285,18.74285714285714,0.0,7.928571428571429,0.0,76.28571428571429,7,2015-06-23
2015-06-23,中部,NB-1,4.0,32370.0,1,2,2015-06-23,22.23333333333333,27.706666666666667,18.96,2.7666666666666666,7.586666666666667,0.0,77.46666666666667,15,2015-06-23
2015-06-23,近畿,NB-1,3.0,23920.0,1,2,2015-06-23,24.1375,28.4375,20.9625,0.0625,7.15,0.0,74.625,8,2015-06-23
2015-06-24,中部,NB-1,1.0,9750.0,1,1,2015-06-24,22.5,27.84,18.266666666666666,0.4666666666666667,9.726666666666668,0.0,74.66666666666667,15,2015-06-24
2015-06-24,九州沖縄,NB-1,1.0,7800.0,1,1,2015-06-24,23.95,26.2375,22.4625,22.8125,0.2375,0.0,90.0,8,2015-06-24
2015-06-24,近畿,NB-1,3.0,23920.0,1,2,2015-06-24,24.6375,29.85,20.525,0.0,8.3,0.0,72.625,8,2015-06-24
2015-06-25,中国,NB-1,1.0,8190.0,1,1,2015-06-25,24.928571428571427,29.371428571428574,21.228571428571428,1.7142857142857142,5.457142857142857,0.0,75.71428571428571,7,2015-06-25
2015-06-25,東北,NB-1,2.0,16380.0,1,1,2015-06-25,22.3875,27.9875,17.825,0.0,9.15,0.0,73.5,8,2015-06-25
2015-06-25,近畿,NB-1,1.0,8840.0,1,1,2015-06-25,25.3875,30.0375,21.875,0.0,7.1375,0.0,69.0,8,2015-06-25
2015-06-25,関東,NB-1,3.0,23270.0,1,2,2015-06-25,24.05555555555556,28.688888888888886,20.75555555555556,0.0,8.022222222222222,0.0,73.55555555555556,9,2015-06-25
2015-06-26,九州沖縄,NB-1,1.0,8190.0,1,1,2015-06-26,25.625,28.1875,23.125,4.375,1.7625000000000002,0.0,87.5,8,2015-06-26
2015-06-26,関東,NB-1,3.0,23270.0,1,2,2015-06-26,21.98888888888889,25.188888888888886,19.966666666666665,9.11111111111111,0.0888888888888888,0.0,85.77777777777777,9,2015-06-26
2015-06-29,中国,NB-1,3.0,24570.0,1,1,2015-06-29,21.685714285714287,27.3,15.62857142857143,0.0,12.914285714285716,0.0,70.42857142857143,7,2015-06-29
2015-06-29,中部,NB-1,4.0,31200.0,1,1,2015-06-29,20.7,26.006666666666668,16.306666666666665,0.3,7.966666666666667,0.0,71.53333333333333,15,2015-06-29
2015-06-29,九州沖縄,NB-1,1.0,8190.0,1,1,2015-06-29,24.175,29.125,19.575,0.0,9.4,0.0,75.125,8,2015-06-29
2015-06-29,東北,NB-1,6.0,49660.0,1,3,2015-06-29,18.2875,23.9375,13.2,0.625,7.262499999999999,0.0,76.75,8,2015-06-29
2015-06-29,近畿,NB-1,4.0,33410.0,1,2,2015-06-29,22.425,27.5,18.0625,0.0,9.5125,0.0,65.75,8,2015-06-29
2015-06-29,関東,NB-1,6.0,53690.0,1,2,2015-06-29,20.9,25.95555555555556,17.01111111111111,0.0,7.355555555555556,0.0,71.22222222222223,9,2015-06-29
2015-06-30,中部,NB-1,1.0,7800.0,1,1,2015-06-30,21.41333333333333,25.933333333333334,18.066666666666663,3.633333333333333,1.3733333333333335,0.0,73.93333333333334,15,2015-06-30
2015-06-30,東北,NB-1,1.0,8190.0,1,1,2015-06-30,19.6125,24.2,15.8625,0.0,0.8125,0.0,78.5,8,2015-06-30
2015-06-30,近畿,NB-1,3.0,23920.0,1,2,2015-06-30,22.275,27.0875,19.3375,14.8125,0.6625,0.0,77.5,8,2015-06-30
2015-07-01,九州沖縄,NB-1,1.0,8190.0,1,1,2015-07-01,24.0125,26.9125,21.8625,44.8125,1.5625,0.0,88.0,8,2015-07-01
2015-07-01,近畿,NB-1,1.0,8190.0,1,1,2015-07-01,22.6,26.075,19.2375,39.8125,0.25,0.0,88.75,8,2015-07-01
2015-07-01,関東,NB-1,3.0,23270.0,1,1,2015-07-01,20.72222222222222,23.41111111111111,18.8,14.72222222222222,0.1666666666666666,0.0,93.22222222222224,9,2015-07-01
2015-07-02,中国,NB-1,1.0,8190.0,1,1,2015-07-02,23.014285714285712,27.52857142857143,19.071428571428573,0.0,6.914285714285714,0.0,75.28571428571429,7,2015-07-02
2015-07-02,中部,NB-1,1.0,7800.0,1,1,2015-07-02,22.64,27.41333333333333,18.926666666666662,1.1,6.126666666666667,0.0,77.66666666666667,15,2015-07-02
2015-07-02,近畿,NB-1,1.0,6500.0,1,1,2015-07-02,23.875,28.5625,20.525,0.0,5.4125,0.0,76.25,8,2015-07-02
2015-07-02,関東,NB-1,6.0,53040.0,1,2,2015-07-02,22.12222222222222,24.58888888888889,19.922222222222224,2.0,0.4333333333333333,0.0,88.0,9,2015-07-02
2015-07-03,中国,NB-1,1.0,7800.0,1,1,2015-07-03,23.17142857142857,28.142857142857142,19.02857142857143,0.0,5.828571428571428,0.0,76.57142857142857,7,2015-07-03
2015-07-03,中部,NB-1,1.0,8190.0,1,1,2015-07-03,21.85333333333333,25.46,19.41333333333333,27.6,2.4466666666666668,0.0,84.53333333333333,15,2015-07-03
2015-07-03,東北,NB-1,1.0,8190.0,1,1,2015-07-03,21.8125,25.7875,18.8375,0.3125,4.825,0.0,74.25,8,2015-07-03
2015-07-03,近畿,NB-1,3.0,24219.0,1,1,2015-07-03,23.9375,28.2375,20.575,8.1875,2.9875,0.0,77.25,8,2015-07-03
2015-07-03,関東,NB-1,2.0,16380.0,1,1,2015-07-03,21.700000000000003,23.811111111111117,20.38888888888889,48.5,0.0222222222222222,0.0,94.55555555555556,9,2015-07-03
2015-07-06,中国,NB-1,1.0,7839.0,1,1,2015-07-06,22.11428571428572,25.6,19.457142857142856,0.0,1.0571428571428572,0.0,80.28571428571429,7,2015-07-06
2015-07-06,中部,NB-1,10.0,79170.0,1,2,2015-07-06,20.3,22.32,18.773333333333333,7.266666666666667,0.3199999999999999,0.0,88.73333333333333,15,2015-07-06
2015-07-06,九州沖縄,NB-1,1.0,8190.0,1,1,2015-07-06,22.9625,25.9625,20.775,25.4375,1.225,0.0,88.75,8,2015-07-06
2015-07-06,近畿,NB-1,5.0,41600.0,1,2,2015-07-06,21.925,23.8125,20.2,0.75,0.275,0.0,83.375,8,2015-07-06
2015-07-06,関東,NB-1,3.0,24219.0,1,2,2015-07-06,19.700000000000003,21.166666666666668,18.87777777777778,16.11111111111111,0.0,0.0,94.44444444444444,9,2015-07-06
2015-07-07,中国,NB-1,3.0,24570.0,1,1,2015-07-07,21.97142857142857,23.914285714285715,20.02857142857143,13.428571428571429,0.0,0.0,91.42857142857144,7,2015-07-07
2015-07-07,九州沖縄,NB-1,2.0,15990.0,1,2,2015-07-07,24.2,26.95,22.0625,21.25,1.1,0.0,90.75,8,2015-07-07
2015-07-07,四国,NB-1,1.0,8190.0,1,1,2015-07-07,22.85,25.625,20.725,23.875,0.35,0.0,91.5,4,2015-07-07
2015-07-07,近畿,NB-1,1.0,6890.0,1,1,2015-07-07,22.3625,24.2625,20.75,14.5,0.125,0.0,90.75,8,2015-07-07
2015-07-07,関東,NB-1,1.0,9750.0,1,1,2015-07-07,21.1,23.8,18.788888888888888,1.1111111111111112,0.0,0.0,90.33333333333331,9,2015-07-07
2015-07-08,中国,NB-1,1.0,7800.0,1,1,2015-07-08,24.2,27.74285714285714,22.142857142857142,5.5,0.0857142857142857,0.0,90.42857142857144,7,2015-07-08
2015-07-08,中部,NB-1,7.0,54600.0,1,1,2015-07-08,21.746666666666663,24.75333333333333,19.793333333333337,14.833333333333334,0.0133333333333333,0.0,90.4,15,2015-07-08
2015-07-08,近畿,NB-1,1.0,8190.0,1,1,2015-07-08,24.3375,28.175,21.9375,4.375,0.3625,0.0,87.125,8,2015-07-08
2015-07-08,関東,NB-1,4.0,30420.0,1,1,2015-07-08,21.977777777777774,26.12222222222222,19.1,16.666666666666668,0.4,0.0,89.66666666666667,9,2015-07-08
2015-07-09,近畿,NB-1,1.0,8840.0,1,1,2015-07-09,25.5375,29.4,22.9125,5.1875,1.4,0.0,86.625,8,2015-07-09
2015-07-09,関東,NB-1,3.0,24830.0,1,2,2015-07-09,19.72222222222222,21.177777777777777,18.655555555555555,7.388888888888889,0.0222222222222222,0.0,93.44444444444444,9,2015-07-09
2015-07-10,中国,NB-1,3.0,24570.0,1,1,2015-07-10,26.228571428571428,30.75714285714286,23.214285714285715,1.1428571428571428,6.214285714285714,0.0,82.14285714285714,7,2015-07-10
2015-07-10,四国,NB-1,2.0,16380.0,1,1,2015-07-10,26.95,31.6,24.225,0.125,6.4,0.0,83.75,4,2015-07-10
2015-07-10,関東,NB-1,4.0,32760.0,1,1,2015-07-10,23.244444444444444,28.700000000000003,18.6,0.1666666666666666,9.877777777777778,0.0,80.33333333333333,9,2015-07-10
2015-07-13,中国,NB-1,4.0,31980.0,1,1,2015-07-13,28.685714285714287,32.114285714285714,25.87142857142857,2.571428571428572,2.771428571428572,0.0,70.0,7,2015-07-13
2015-07-13,中部,NB-1,2.0,15639.0,1,1,2015-07-13,28.826666666666664,33.846666666666664,24.28666666666667,0.2,6.993333333333334,0.0,65.26666666666667,15,2015-07-13
2015-07-13,北海道,NB-1,1.0,7839.0,1,1,2015-07-13,20.8,24.6,17.6875,15.1875,0.375,0.0,80.375,8,2015-07-13
2015-07-13,近畿,NB-1,2.0,17680.0,1,1,2015-07-13,29.6875,33.525,26.5875,0.0,6.725,0.0,66.875,8,2015-07-13
2015-07-13,関東,NB-1,3.0,26390.0,1,2,2015-07-13,28.71111111111111,34.144444444444446,23.58888888888889,0.0,10.8,0.0,71.11111111111111,9,2015-07-13
2015-07-14,中部,NB-1,2.0,16640.0,1,2,2015-07-14,28.326666666666664,33.666666666666664,24.206666666666667,0.0,11.2,0.0,65.4,15,2015-07-14
2015-07-14,東北,NB-1,1.0,8190.0,1,1,2015-07-14,27.975,34.05,23.425,0.0625,7.9875,0.0,68.875,8,2015-07-14
2015-07-14,近畿,NB-1,1.0,7540.0,1,1,2015-07-14,29.2,33.9,25.8,6.3125,11.3625,0.0,67.625,8,2015-07-14
2015-07-14,関東,NB-1,4.0,31070.0,1,2,2015-07-14,29.32222222222222,34.62222222222222,24.866666666666667,0.0,12.711111111111112,0.0,66.11111111111111,9,2015-07-14
2015-07-15,近畿,NB-1,1.0,8840.0,1,1,2015-07-15,28.75,34.45,24.2625,0.375,11.1875,0.0,66.75,8,2015-07-15
2015-07-15,関東,NB-1,2.0,16380.0,1,2,2015-07-15,27.91111111111111,33.355555555555554,24.3,0.0555555555555555,9.077777777777778,0.0,70.33333333333333,9,2015-07-15
2015-07-16,中部,NB-1,1.0,8190.0,1,1,2015-07-16,24.85333333333333,27.87333333333333,22.49333333333333,44.63333333333333,0.6866666666666668,0.0,86.93333333333334,15,2015-07-16
2015-07-16,東北,NB-1,2.0,16380.0,1,1,2015-07-16,22.6125,25.45,20.7125,25.5,0.9,0.0,87.625,8,2015-07-16
2015-07-16,近畿,NB-1,3.0,26130.0,1,1,2015-07-16,26.675,29.675,23.725,14.8125,1.4249999999999998,0.0,79.5,8,2015-07-16
2015-07-16,関東,NB-1,5.0,37960.0,1,1,2015-07-16,25.200000000000003,27.633333333333333,22.933333333333334,76.94444444444444,0.5,0.0,91.11111111111111,9,2015-07-16
2015-07-17,中国,NB-1,2.0,16380.0,1,1,2015-07-17,23.228571428571428,25.985714285714288,21.2,35.142857142857146,0.1428571428571428,0.0,84.42857142857143,7,2015-07-17
2015-07-17,近畿,NB-1,1.0,8190.0,1,1,2015-07-17,24.4375,27.0875,22.4375,139.625,0.0,0.0,88.5,8,2015-07-17
2015-07-17,関東,NB-1,4.0,33670.0,1,3,2015-07-17,26.23333333333333,30.522222222222226,23.11111111111111,9.27777777777778,2.6666666666666665,0.0,84.11111111111111,9,2015-07-17
2015-07-21,中国,NB-1,1.0,8450.0,1,1,2015-07-21,27.428571428571427,31.27142857142857,24.8,2.142857142857143,5.242857142857143,0.0,75.14285714285714,7,2015-07-21
2015-07-21,中部,NB-1,4.0,31668.0,1,3,2015-07-21,27.8,33.266666666666666,23.326666666666664,0.0,10.82,0.0,67.86666666666666,15,2015-07-21
2015-07-21,北海道,NB-1,2.0,14729.0,1,1,2015-07-21,20.5125,23.75,18.0875,7.0625,2.8875,0.0,86.875,8,2015-07-21
2015-07-21,四国,NB-1,1.0,8190.0,1,1,2015-07-21,26.45,30.55,24.225,24.875,3.675,0.0,83.0,4,2015-07-21
2015-07-21,東北,NB-1,5.0,40950.0,1,2,2015-07-21,26.9,33.275,22.525,4.125,7.75,0.0,76.875,8,2015-07-21
2015-07-21,近畿,NB-1,1.0,7540.0,1,1,2015-07-21,27.9375,31.9375,24.6,0.1875,5.4875,0.0,68.375,8,2015-07-21
2015-07-21,関東,NB-1,11.0,97370.0,1,2,2015-07-21,28.37777777777778,33.788888888888884,24.244444444444444,0.0555555555555555,11.18888888888889,0.0,71.66666666666667,9,2015-07-21
2015-07-22,中部,NB-1,1.0,7800.0,1,1,2015-07-22,26.486666666666668,30.59333333333333,23.613333333333333,8.9,3.966666666666667,0.0,74.73333333333333,15,2015-07-22
2015-07-22,近畿,NB-1,1.0,8840.0,1,1,2015-07-22,25.7,27.8125,24.1125,23.25,0.1625,0.0,86.625,8,2015-07-22
2015-07-22,関東,NB-1,2.0,16380.0,1,2,2015-07-22,28.5,33.388888888888886,24.066666666666663,0.0,13.055555555555555,0.0,67.11111111111111,9,2015-07-22
2015-07-23,九州沖縄,NB-1,1.0,8190.0,1,1,2015-07-23,27.6375,31.775,24.5,7.3125,4.175,0.0,81.0,8,2015-07-23
2015-07-23,近畿,NB-1,1.0,8840.0,1,1,2015-07-23,24.9375,27.025,23.3125,22.4375,0.6125,0.0,88.0,8,2015-07-23
2015-07-23,関東,NB-1,4.0,33020.0,1,2,2015-07-23,26.77777777777778,30.58888888888889,24.366666666666667,7.5,2.011111111111111,0.0,81.33333333333333,9,2015-07-23
2015-07-24,中国,NB-1,4.0,32630.0,1,2,2015-07-24,28.12857142857143,32.857142857142854,24.242857142857144,0.0,8.5,0.0,70.85714285714286,7,2015-07-24
2015-07-24,関東,NB-1,4.0,30680.0,1,1,2015-07-24,27.77777777777778,33.24444444444444,24.45555555555556,5.5,5.300000000000001,0.0,80.0,9,2015-07-24
2015-07-27,中部,NB-1,3.0,23868.0,1,3,2015-07-27,28.1,34.0,22.946666666666665,2.2333333333333334,9.193333333333332,0.0,69.6,15,2015-07-27
2015-07-27,近畿,NB-1,1.0,7839.0,1,1,2015-07-27,28.4125,33.4625,25.5125,6.0,5.1375,0.0,74.375,8,2015-07-27
2015-07-27,関東,NB-1,9.0,71266.0,1,3,2015-07-27,29.366666666666667,34.233333333333334,25.11111111111111,0.0,11.466666666666669,0.0,71.0,9,2015-07-27
2015-07-28,中国,NB-1,1.0,8190.0,1,1,2015-07-28,27.17142857142857,30.88571428571429,24.542857142857144,2.9285714285714284,2.357142857142857,0.0,83.42857142857143,7,2015-07-28
2015-07-28,中部,NB-1,3.0,24570.0,1,1,2015-07-28,27.23333333333333,31.85333333333333,23.89333333333333,7.833333333333333,5.193333333333333,0.0,78.2,15,2015-07-28
2015-07-28,東北,NB-1,2.0,16380.0,1,1,2015-07-28,26.2875,30.8,23.7125,3.375,3.0125,0.0,80.25,8,2015-07-28
2015-07-28,近畿,NB-1,3.0,21320.0,1,2,2015-07-28,27.9125,32.3375,25.05,5.1875,4.125,0.0,79.625,8,2015-07-28
2015-07-28,関東,NB-1,2.0,16029.0,1,2,2015-07-28,28.077777777777776,32.95555555555556,24.95555555555556,15.444444444444445,5.300000000000001,0.0,77.44444444444444,9,2015-07-28
2015-07-29,中部,NB-1,1.0,8450.0,1,1,2015-07-29,28.006666666666668,32.88666666666667,24.80666666666667,0.1333333333333333,6.3533333333333335,0.0,74.86666666666666,15,2015-07-29
2015-07-29,関東,NB-1,1.0,8190.0,1,1,2015-07-29,28.044444444444444,32.27777777777778,25.355555555555554,0.8333333333333334,4.566666666666666,0.0,77.11111111111111,9,2015-07-29
2015-07-30,中部,NB-1,3.0,23400.0,1,1,2015-07-30,27.76,32.60666666666667,24.613333333333333,2.8666666666666667,5.386666666666667,0.0,77.6,15,2015-07-30
2015-07-30,北海道,NB-1,1.0,6890.0,1,1,2015-07-30,23.0875,26.9,20.3,0.1875,3.1125,0.0,88.375,8,2015-07-30
2015-07-30,近畿,NB-1,1.0,8840.0,1,1,2015-07-30,29.0875,33.25,25.8,0.625,6.0875,0.0,77.0,8,2015-07-30
2015-07-30,関東,NB-1,4.0,32630.0,1,2,2015-07-30,27.95555555555556,32.74444444444444,25.066666666666663,3.055555555555556,5.588888888888889,0.0,78.44444444444444,9,2015-07-30
2015-07-31,近畿,NB-1,1.0,7540.0,1,1,2015-07-31,30.0875,35.325,25.625,0.0,11.1625,0.0,71.25,8,2015-07-31
2015-07-31,関東,NB-1,5.0,45500.0,1,1,2015-07-31,29.5,34.62222222222223,24.944444444444443,0.0,11.322222222222225,0.0,73.11111111111111,9,2015-07-31
2015-08-03,中国,NB-1,3.0,24570.0,1,1,2015-08-03,28.728571428571428,33.91428571428572,24.457142857142856,0.0,12.12857142857143,0.0,70.57142857142857,7,2015-08-03
2015-08-03,中部,NB-1,5.0,40209.0,1,1,2015-08-03,28.48,34.12,24.65333333333333,0.1,9.586666666666668,0.0,72.53333333333333,15,2015-08-03
2015-08-03,北海道,NB-1,1.0,7839.0,1,1,2015-08-03,21.9625,26.2625,18.2625,0.0,7.475,0.0,83.75,8,2015-08-03
2015-08-03,四国,NB-1,1.0,8190.0,1,1,2015-08-03,29.525,34.0,25.85,0.0,11.65,0.0,68.75,4,2015-08-03
2015-08-03,東北,NB-1,1.0,8190.0,1,1,2015-08-03,27.5875,33.275,23.525,0.4375,6.8875,0.0,74.5,8,2015-08-03
2015-08-03,近畿,NB-1,3.0,21970.0,1,1,2015-08-03,30.125,35.3,26.65,0.125,9.9125,0.0,69.75,8,2015-08-03
2015-08-03,関東,NB-1,10.0,79417.0,1,3,2015-08-03,29.06666666666667,34.65555555555555,24.12222222222222,0.0,11.555555555555555,0.0,71.22222222222223,9,2015-08-03
2015-08-04,中部,NB-1,2.0,15600.0,1,1,2015-08-04,28.633333333333333,34.413333333333334,24.3,0.0666666666666666,10.306666666666668,0.0,70.53333333333333,15,2015-08-04
2015-08-04,近畿,NB-1,3.0,20670.0,1,1,2015-08-04,30.1875,35.3625,26.125,0.0,11.0625,0.0,68.875,8,2015-08-04
2015-08-04,関東,NB-1,4.0,32760.0,1,3,2015-08-04,29.43333333333333,35.099999999999994,25.700000000000003,0.1666666666666666,10.033333333333331,0.0,71.55555555555556,9,2015-08-04
2015-08-05,近畿,NB-1,3.0,25870.0,1,2,2015-08-05,30.3375,35.7125,26.1875,0.0,11.25,0.0,67.25,8,2015-08-05
2015-08-05,関東,NB-1,2.0,15730.0,1,2,2015-08-05,29.73333333333333,35.388888888888886,25.366666666666667,3.333333333333333,12.2,0.0,70.77777777777777,9,2015-08-05
2015-08-06,中国,NB-1,1.0,8190.0,1,1,2015-08-06,29.557142857142857,35.1,25.057142857142857,0.0,11.257142857142856,0.0,72.0,7,2015-08-06
2015-08-06,関東,NB-1,2.0,16029.0,1,1,2015-08-06,29.444444444444443,35.37777777777777,25.266666666666666,0.1666666666666666,11.055555555555555,0.0,70.33333333333333,9,2015-08-06
2015-08-07,中部,NB-1,5.0,40300.0,1,1,2015-08-07,28.53333333333333,34.24666666666667,24.446666666666665,0.1333333333333333,10.226666666666668,0.0,71.8,15,2015-08-07
2015-08-07,東北,NB-1,1.0,8190.0,1,1,2015-08-07,27.4125,33.5625,22.8,0.375,10.15,0.0,70.625,8,2015-08-07
2015-08-07,近畿,NB-1,3.0,25220.0,1,1,2015-08-07,30.2625,35.3875,26.3375,3.0625,8.85,0.0,69.75,8,2015-08-07
2015-08-07,関東,NB-1,12.0,98228.0,1,4,2015-08-07,30.08888888888889,36.15555555555555,25.422222222222224,0.0,10.38888888888889,0.0,66.55555555555556,9,2015-08-07
2015-08-10,中国,NB-1,3.0,24570.0,1,2,2015-08-10,28.571428571428573,34.42857142857143,24.057142857142857,0.0714285714285714,9.785714285714286,0.0,71.0,7,2015-08-10
2015-08-10,中部,NB-1,3.0,23439.0,1,1,2015-08-10,27.90666666666667,33.4,23.7,1.0,10.306666666666668,0.0,68.86666666666666,15,2015-08-10
2015-08-10,九州沖縄,NB-1,1.0,7800.0,1,1,2015-08-10,29.0625,34.1375,25.3625,1.125,9.15,0.0,72.375,8,2015-08-10
2015-08-10,東北,NB-1,2.0,16380.0,1,1,2015-08-10,26.925,32.7125,22.8375,2.0625,6.375,0.0,75.75,8,2015-08-10
2015-08-10,近畿,NB-1,7.0,56680.0,1,3,2015-08-10,29.425,35.2,25.275,0.0,9.5,0.0,67.75,8,2015-08-10
2015-08-10,関東,NB-1,16.0,128609.0,1,4,2015-08-10,27.72222222222222,32.28888888888889,24.366666666666667,2.388888888888889,6.5777777777777775,0.0,77.44444444444444,9,2015-08-10
2015-08-11,中部,NB-1,1.0,9750.0,1,1,2015-08-11,27.546666666666667,32.57333333333334,23.75333333333333,0.0,6.053333333333333,0.0,69.73333333333333,15,2015-08-11
2015-08-11,東北,NB-1,1.0,8450.0,1,1,2015-08-11,26.2,31.2125,23.1125,5.25,3.2,0.0,79.25,8,2015-08-11
2015-08-11,近畿,NB-1,3.0,23270.0,1,1,2015-08-11,29.125,34.25,24.775,0.0,8.3,0.0,65.25,8,2015-08-11
2015-08-11,関東,NB-1,3.0,24570.0,1,2,2015-08-11,28.4,33.52222222222222,24.700000000000003,6.444444444444445,7.055555555555555,0.0,74.66666666666667,9,2015-08-11
2015-08-12,九州沖縄,NB-1,1.0,8190.0,1,1,2015-08-12,26.8,29.225,24.5625,47.375,1.15,0.0,85.875,8,2015-08-12
2015-08-12,近畿,NB-1,1.0,8190.0,1,1,2015-08-12,28.075,32.3875,24.4,3.625,2.225,0.0,69.5,8,2015-08-12
2015-08-12,関東,NB-1,2.0,16380.0,1,1,2015-08-12,27.75555555555556,32.544444444444444,25.1,0.7222222222222222,3.477777777777778,0.0,76.88888888888889,9,2015-08-12
2015-08-17,中部,NB-1,3.0,23400.0,1,1,2015-08-17,24.30666666666667,27.76,21.793333333333333,52.43333333333333,0.42,0.0,88.2,15,2015-08-17
2015-08-17,近畿,NB-1,3.0,23868.0,1,1,2015-08-17,25.3,30.275,22.95,35.8125,0.8125,0.0,87.875,8,2015-08-17
2015-08-17,関東,NB-1,13.0,108719.0,1,4,2015-08-17,24.922222222222224,26.77777777777778,23.466666666666665,36.333333333333336,0.2222222222222222,0.0,93.66666666666669,9,2015-08-17
2015-08-18,中部,NB-1,2.0,15600.0,1,1,2015-08-18,26.006666666666668,30.91333333333333,22.466666666666665,0.2,7.046666666666667,0.0,76.8,15,2015-08-18
2015-08-18,東北,NB-1,1.0,8190.0,1,1,2015-08-18,25.075,30.2375,21.45,6.0,5.6,0.0,74.0,8,2015-08-18
2015-08-18,近畿,NB-1,3.0,23270.0,1,2,2015-08-18,26.7375,32.2375,22.1625,0.0,9.1,0.0,73.625,8,2015-08-18
2015-08-18,関東,NB-1,2.0,16380.0,1,2,2015-08-18,27.766666666666666,31.91111111111111,24.87777777777778,0.0555555555555555,6.0777777777777775,0.0,78.0,9,2015-08-18
2015-08-19,東北,NB-1,2.0,16380.0,1,2,2015-08-19,23.7625,28.3625,19.8125,0.1875,7.425,0.0,67.875,8,2015-08-19
2015-08-19,近畿,NB-1,1.0,7540.0,1,1,2015-08-19,25.7875,28.35,23.5625,5.125,0.775,0.0,80.625,8,2015-08-19
2015-08-19,関東,NB-1,2.0,15990.0,1,1,2015-08-19,27.03333333333333,31.32222222222222,24.355555555555554,0.0,4.522222222222222,0.0,71.33333333333333,9,2015-08-19
2015-08-20,中国,NB-1,1.0,8450.0,1,1,2015-08-20,25.514285714285712,29.185714285714287,23.642857142857142,14.285714285714286,0.2142857142857142,0.0,88.28571428571429,7,2015-08-20
2015-08-20,近畿,NB-1,2.0,17030.0,1,1,2015-08-20,25.675,28.8375,23.775,32.6875,0.2125,0.0,88.125,8,2015-08-20
2015-08-24,中国,NB-1,1.0,8450.0,1,1,2015-08-24,25.77142857142857,29.87142857142857,21.37142857142857,0.0,5.414285714285714,0.0,73.28571428571429,7,2015-08-24
2015-08-24,中部,NB-1,1.0,7800.0,1,1,2015-08-24,25.21333333333333,29.973333333333336,22.040000000000003,2.933333333333333,4.94,0.0,74.46666666666667,15,2015-08-24
2015-08-24,九州沖縄,NB-1,1.0,8190.0,1,1,2015-08-24,26.1125,27.8125,23.9625,19.375,0.2625,0.0,80.25,8,2015-08-24
2015-08-24,四国,NB-1,1.0,8190.0,1,1,2015-08-24,27.1,31.35,23.275,0.0,7.85,0.0,69.25,4,2015-08-24
2015-08-24,東北,NB-1,1.0,8190.0,1,1,2015-08-24,21.0875,24.8375,18.1875,0.0,2.7750000000000004,0.0,73.75,8,2015-08-24
2015-08-24,近畿,NB-1,2.0,16380.0,1,2,2015-08-24,26.9,31.675,22.3375,0.0,9.45,0.0,67.625,8,2015-08-24
2015-08-24,関東,NB-1,9.0,71318.0,1,4,2015-08-24,23.744444444444444,27.633333333333333,21.155555555555555,0.0555555555555555,2.6888888888888887,0.0,70.55555555555556,9,2015-08-24
2015-08-25,中国,NB-1,1.0,8450.0,1,1,2015-08-25,25.642857142857142,29.714285714285715,23.071428571428573,35.785714285714285,0.3285714285714285,0.0,79.42857142857143,7,2015-08-25
2015-08-25,中部,NB-1,5.0,39000.0,1,1,2015-08-25,22.8,25.64,20.186666666666667,41.66666666666666,0.5399999999999999,0.0,77.0,15,2015-08-25
2015-08-25,東北,NB-1,1.0,8450.0,1,1,2015-08-25,19.1875,22.875,16.8,0.0625,4.5,0.0,67.5,8,2015-08-25
2015-08-25,関東,NB-1,2.0,15990.0,1,2,2015-08-25,20.98888888888889,23.11111111111111,18.666666666666668,0.6111111111111112,0.9333333333333332,0.0,72.0,9,2015-08-25
2015-08-26,中国,NB-1,2.0,16380.0,1,1,2015-08-26,23.7,27.042857142857144,20.585714285714285,3.071428571428572,2.9285714285714284,0.0,74.42857142857143,7,2015-08-26
2015-08-26,関東,NB-1,3.0,24570.0,1,2,2015-08-26,19.98888888888889,21.933333333333334,18.05555555555556,21.444444444444443,0.0222222222222222,0.0,93.55555555555556,9,2015-08-26
2015-08-27,四国,NB-1,1.0,8190.0,1,1,2015-08-27,26.125,30.725,22.1,0.0,10.65,0.0,70.5,4,2015-08-27
2015-08-27,東北,NB-1,1.0,8190.0,1,1,2015-08-27,19.9125,23.125,17.8375,3.625,0.375,0.0,83.5,8,2015-08-27
2015-08-27,近畿,NB-1,1.0,8840.0,1,1,2015-08-27,26.2875,31.1375,22.65,0.0,10.45,0.0,66.875,8,2015-08-27
2015-08-27,関東,NB-1,3.0,26130.0,1,2,2015-08-27,23.133333333333333,26.9,20.37777777777778,0.0,2.1,0.0,80.44444444444444,9,2015-08-27
2015-08-28,中国,NB-1,1.0,7800.0,1,1,2015-08-28,24.67142857142857,29.314285714285717,21.17142857142857,0.0,2.5285714285714285,0.0,75.0,7,2015-08-28
2015-08-28,中部,NB-1,5.0,39000.0,1,1,2015-08-28,24.32,29.09333333333333,21.3,11.633333333333333,4.366666666666666,0.0,79.13333333333334,15,2015-08-28
2015-08-28,四国,NB-1,1.0,8190.0,1,1,2015-08-28,25.875,29.975,22.325,0.125,3.225,0.0,73.5,4,2015-08-28
2015-08-28,東北,NB-1,1.0,8190.0,1,1,2015-08-28,20.7625,24.2375,18.55,0.25,2.4,0.0,75.5,8,2015-08-28
2015-08-28,近畿,NB-1,1.0,8190.0,1,1,2015-08-28,26.3625,32.0625,21.7875,0.6875,6.7875,0.0,69.125,8,2015-08-28
2015-08-31,中国,NB-1,5.0,40950.0,1,1,2015-08-31,22.47142857142857,24.057142857142857,21.17142857142857,26.785714285714285,0.0,0.0,92.28571428571428,7,2015-08-31
2015-08-31,中部,NB-1,1.0,7800.0,1,1,2015-08-31,23.426666666666662,27.06,21.21333333333333,4.933333333333334,0.6133333333333333,0.0,86.66666666666667,15,2015-08-31
2015-08-31,九州沖縄,NB-1,1.0,7800.0,1,1,2015-08-31,24.6125,26.6125,22.8,36.125,0.75,0.0,92.5,8,2015-08-31
2015-08-31,東北,NB-1,5.0,40599.0,1,1,2015-08-31,20.2375,22.6125,18.4625,2.8125,1.2,0.0,90.125,8,2015-08-31
2015-08-31,近畿,NB-1,7.0,53599.0,1,2,2015-08-31,24.025,25.8,22.7375,4.4375,0.0375,0.0,87.375,8,2015-08-31
2015-08-31,関東,NB-1,14.0,112229.0,1,3,2015-08-31,22.1,24.344444444444445,20.58888888888889,2.611111111111111,0.1666666666666666,0.0,91.0,9,2015-08-31
2015-09-01,中部,NB-1,3.0,24570.0,1,2,2015-09-01,23.386666666666667,26.866666666666667,21.4,30.2,0.3666666666666666,0.0,88.86666666666666,15,2015-09-01
2015-09-01,四国,NB-1,2.0,16380.0,1,2,2015-09-01,24.875,29.025,22.95,45.875,1.65,0.0,89.66666666666667,4,2015-09-01
2015-09-01,近畿,NB-1,4.0,32110.0,1,2,2015-09-01,25.125,30.2875,22.525,28.375,2.2,0.0,87.125,8,2015-09-01
2015-09-01,関東,NB-1,5.0,39520.0,1,3,2015-09-01,23.200000000000003,25.566666666666663,21.244444444444444,4.611111111111111,0.1333333333333333,0.0,92.0,9,2015-09-01
2015-09-02,中国,NB-1,2.0,16900.0,1,1,2015-09-02,24.24285714285714,28.071428571428573,21.15714285714285,0.4285714285714285,4.828571428571428,0.0,81.42857142857143,7,2015-09-02
2015-09-02,東北,NB-1,2.0,16380.0,1,1,2015-09-02,23.575,29.7,20.4875,5.4375,3.15,0.0,79.625,8,2015-09-02
2015-09-02,関東,NB-1,2.0,16380.0,1,2,2015-09-02,26.25555555555556,30.977777777777774,23.3,3.6666666666666665,5.333333333333333,0.0,80.88888888888889,9,2015-09-02
2015-09-03,近畿,NB-1,3.0,22880.0,1,2,2015-09-03,23.3125,25.4875,21.8625,13.25,0.0,0.0,90.5,8,2015-09-03
2015-09-04,中部,NB-1,1.0,8190.0,1,1,2015-09-04,23.5,28.83333333333333,19.926666666666662,6.933333333333334,7.493333333333334,0.0,77.06666666666666,15,2015-09-04
2015-09-04,四国,NB-1,2.0,16380.0,1,1,2015-09-04,25.05,30.325000000000003,21.025,0.0,8.125,0.0,72.25,4,2015-09-04
2015-09-04,東北,NB-1,1.0,8190.0,1,1,2015-09-04,22.425,27.5125,19.3875,6.4375,3.9625,0.0,80.25,8,2015-09-04
2015-09-04,近畿,NB-1,2.0,16380.0,1,2,2015-09-04,24.675,29.375,21.575,2.0625,7.0375000000000005,0.0,77.0,8,2015-09-04
2015-09-07,中部,NB-1,1.0,9750.0,1,1,2015-09-07,21.71333333333333,24.72,19.69333333333333,13.133333333333333,0.36,0.0,90.26666666666668,15,2015-09-07
2015-09-07,九州沖縄,NB-1,1.0,8190.0,1,1,2015-09-07,24.675,28.175,22.5625,0.9375,3.4375,0.0,76.75,8,2015-09-07
2015-09-07,東北,NB-1,2.0,16380.0,1,1,2015-09-07,19.375,22.0375,17.775,12.625,0.6375,0.0,89.0,8,2015-09-07
2015-09-07,近畿,NB-1,3.0,25428.0,1,3,2015-09-07,22.9375,25.1375,21.3875,5.375,0.1875,0.0,83.25,8,2015-09-07
2015-09-07,関東,NB-1,7.0,56199.0,1,3,2015-09-07,22.044444444444444,24.466666666666665,20.266666666666666,16.72222222222222,0.0555555555555555,0.0,93.44444444444444,9,2015-09-07
2015-09-08,中国,NB-1,2.0,16900.0,1,1,2015-09-08,22.842857142857145,25.942857142857143,20.61428571428572,10.785714285714286,0.9714285714285714,0.0,78.28571428571429,7,2015-09-08
2015-09-08,九州沖縄,NB-1,1.0,8190.0,1,1,2015-09-08,24.7875,28.4375,22.1375,0.125,6.9125,0.0,72.625,8,2015-09-08
2015-09-09,中部,NB-1,2.0,15990.0,1,1,2015-09-09,22.06,26.933333333333334,19.23333333333333,46.63333333333333,2.2133333333333334,0.0,85.8,15,2015-09-09
2015-09-09,関東,NB-1,2.0,15730.0,1,2,2015-09-09,22.72222222222222,25.53333333333333,19.633333333333333,103.0,0.2444444444444444,0.0,93.44444444444444,9,2015-09-09
2015-09-10,近畿,NB-1,1.0,8190.0,1,1,2015-09-10,22.45,26.4625,19.4625,3.9375,2.1625,0.0,81.5,8,2015-09-10
2015-09-10,関東,NB-1,1.0,8190.0,1,1,2015-09-10,22.38888888888889,24.577777777777776,20.466666666666665,41.0,0.2111111111111111,0.0,93.77777777777776,9,2015-09-10
2015-09-11,中部,NB-1,1.0,7800.0,1,1,2015-09-11,21.466666666666665,26.74,17.733333333333334,1.3666666666666667,7.08,0.0,74.13333333333334,15,2015-09-11
2015-09-11,九州沖縄,NB-1,1.0,8190.0,1,1,2015-09-11,23.5,28.7875,18.6875,0.0,11.45,0.0,67.5,8,2015-09-11
2015-09-11,四国,NB-1,1.0,8190.0,1,1,2015-09-11,22.925,28.375,17.700000000000003,0.0,11.95,0.0,63.75,4,2015-09-11
2015-09-11,東北,NB-1,1.0,8190.0,1,1,2015-09-11,21.15,24.95,18.625,29.0625,0.975,0.0,84.125,8,2015-09-11
2015-09-11,近畿,NB-1,1.0,6890.0,1,1,2015-09-11,21.9125,27.05,17.7,0.0,8.925,0.0,68.75,8,2015-09-11
2015-09-11,関東,NB-1,6.0,49829.0,1,4,2015-09-11,23.31111111111111,28.466666666666665,19.55555555555556,1.7222222222222223,6.800000000000001,0.0,78.44444444444444,9,2015-09-11
2015-09-14,中国,NB-1,1.0,8190.0,1,1,2015-09-14,20.4,26.3,14.9,0.0,10.271428571428572,0.0,68.0,7,2015-09-14
2015-09-14,中部,NB-1,1.0,7800.0,1,1,2015-09-14,20.746666666666663,26.09333333333333,16.273333333333333,0.0333333333333333,8.34,0.0,68.0,15,2015-09-14
2015-09-14,九州沖縄,NB-1,1.0,7839.0,1,1,2015-09-14,23.0875,27.675,19.0125,0.0,5.025,0.0,65.375,8,2015-09-14
2015-09-14,東北,NB-1,2.0,16380.0,1,1,2015-09-14,18.375,23.9125,14.4875,0.4375,5.1125,0.0,77.0,8,2015-09-14
2015-09-14,近畿,NB-1,3.0,24219.0,1,1,2015-09-14,21.6,26.9375,16.9625,0.0,10.65,0.0,62.5,8,2015-09-14
2015-09-14,関東,NB-1,9.0,72059.0,1,3,2015-09-14,22.322222222222223,26.077777777777776,19.51111111111111,0.0,3.755555555555555,0.0,69.77777777777777,9,2015-09-14
2015-09-15,中国,NB-1,2.0,16900.0,1,1,2015-09-15,20.87142857142857,26.214285714285715,15.385714285714286,0.0,6.914285714285714,0.0,71.0,7,2015-09-15
2015-09-15,中部,NB-1,1.0,8190.0,1,1,2015-09-15,21.133333333333333,26.33333333333333,16.82,0.0333333333333333,7.6,0.0,69.8,15,2015-09-15
2015-09-15,四国,NB-1,1.0,8190.0,1,1,2015-09-15,22.65,27.4,18.25,0.0,4.1,0.0,66.5,4,2015-09-15
2015-09-15,近畿,NB-1,1.0,8190.0,1,1,2015-09-15,22.45,27.8625,17.2875,0.0,7.675000000000001,0.0,66.25,8,2015-09-15
2015-09-15,関東,NB-1,2.0,16380.0,1,2,2015-09-15,21.6,26.244444444444444,18.311111111111117,0.0,7.055555555555555,0.0,71.0,9,2015-09-15
2015-09-16,中国,NB-1,1.0,8190.0,1,1,2015-09-16,21.11428571428572,24.74285714285714,18.785714285714285,5.642857142857143,0.2714285714285714,0.0,83.57142857142857,7,2015-09-16
2015-09-16,中部,NB-1,2.0,15990.0,1,2,2015-09-16,20.426666666666662,24.15333333333333,17.733333333333334,6.2,1.2466666666666666,0.0,78.4,15,2015-09-16
2015-09-16,近畿,NB-1,1.0,7540.0,1,1,2015-09-16,21.8875,24.6125,20.3625,1.625,0.05,0.0,76.0,8,2015-09-16
2015-09-16,関東,NB-1,5.0,39299.0,1,2,2015-09-16,21.0,24.211111111111112,18.64444444444445,1.9444444444444444,0.7666666666666667,0.0,73.88888888888889,9,2015-09-16
2015-09-17,中国,NB-1,1.0,7800.0,1,1,2015-09-17,21.0,24.785714285714285,18.52857142857143,10.642857142857142,1.3857142857142857,0.0,84.71428571428571,7,2015-09-17
2015-09-17,東北,NB-1,1.0,8190.0,1,1,2015-09-17,18.3125,23.0,14.8625,17.0625,3.3,0.0,81.875,8,2015-09-17
2015-09-18,中部,NB-1,3.0,24570.0,1,1,2015-09-18,20.71333333333333,25.626666666666665,17.813333333333333,13.6,3.0733333333333333,0.0,84.66666666666667,15,2015-09-18
2015-09-18,関東,NB-1,2.0,15990.0,1,2,2015-09-18,20.566666666666663,23.3,18.08888888888889,16.444444444444443,0.4333333333333333,0.0,92.77777777777776,9,2015-09-18
2015-09-23,中部,NB-1,1.0,7839.0,1,1,2015-09-23,21.73333333333333,27.03333333333333,17.18,0.1666666666666666,8.0,0.0,67.8,15,2015-09-23
2015-09-23,近畿,NB-1,2.0,15379.0,1,1,2015-09-23,23.6375,29.05,19.375,0.0,9.4125,0.0,66.0,8,2015-09-23
2015-09-23,関東,NB-1,2.0,15678.0,1,1,2015-09-23,21.444444444444443,26.77777777777778,17.355555555555554,0.0,7.966666666666667,0.0,66.55555555555556,9,2015-09-23
2015-09-24,中国,NB-1,1.0,7800.0,1,1,2015-09-24,21.17142857142857,23.9,18.77142857142857,20.428571428571427,0.0142857142857142,0.0,87.57142857142857,7,2015-09-24
2015-09-24,中部,NB-1,3.0,23400.0,1,1,2015-09-24,19.48,21.926666666666662,17.1,18.166666666666668,0.02,0.0,76.33333333333333,15,2015-09-24
2015-09-24,東北,NB-1,1.0,8190.0,1,1,2015-09-24,18.4,23.125,13.6625,0.0625,2.5125,0.0,75.25,8,2015-09-24
2015-09-24,近畿,NB-1,1.0,6890.0,1,1,2015-09-24,21.3625,23.025,19.9625,10.0,0.0,0.0,79.75,8,2015-09-24
2015-09-24,関東,NB-1,13.0,106340.0,1,3,2015-09-24,19.655555555555555,22.466666666666665,17.066666666666666,3.4444444444444446,0.911111111111111,0.0,81.77777777777777,9,2015-09-24
2015-09-25,東北,NB-1,1.0,8190.0,1,1,2015-09-25,17.3625,19.8875,15.4625,7.75,1.4428571428571428,0.0,84.125,8,2015-09-25
2015-09-25,近畿,NB-1,4.0,31460.0,1,2,2015-09-25,21.675,24.4375,19.25,18.5,0.775,0.0,86.375,8,2015-09-25
2015-09-25,関東,NB-1,3.0,25090.0,1,2,2015-09-25,17.966666666666665,19.211111111111112,16.666666666666668,28.0,0.0,0.0,94.33333333333331,9,2015-09-25
2015-09-28,中国,NB-1,1.0,7800.0,1,1,2015-09-28,22.3,28.457142857142856,17.02857142857143,0.0,10.171428571428573,0.0,68.28571428571429,7,2015-09-28
2015-09-28,中部,NB-1,7.0,54600.0,1,1,2015-09-28,20.87333333333333,26.866666666666667,16.353333333333335,0.0,9.513333333333332,0.0,72.8,15,2015-09-28
2015-09-28,九州沖縄,NB-1,1.0,7800.0,1,1,2015-09-28,25.3,29.9875,21.05,4.75,6.6125,0.0,68.75,8,2015-09-28
2015-09-28,近畿,NB-1,2.0,16380.0,1,2,2015-09-28,22.175,27.95,17.0625,0.0,10.525,0.0,64.75,8,2015-09-28
2015-09-28,関東,NB-1,6.0,49660.0,1,1,2015-09-28,22.544444444444444,27.744444444444444,18.544444444444444,0.0,9.055555555555555,0.0,73.11111111111111,9,2015-09-28
2015-09-29,中国,NB-1,8.0,65260.0,1,2,2015-09-29,21.62857142857143,27.785714285714285,16.485714285714288,0.0,10.885714285714286,0.0,61.42857142857143,7,2015-09-29
2015-09-29,中部,NB-1,4.0,34190.0,1,1,2015-09-29,19.98,25.53333333333333,15.56,0.0,9.393333333333334,0.0,59.2,15,2015-09-29
2015-09-29,東北,NB-1,1.0,8190.0,1,1,2015-09-29,16.95,21.1375,13.4,2.1875,5.675,0.0,57.5,8,2015-09-29
2015-09-29,近畿,NB-1,1.0,6890.0,1,1,2015-09-29,21.6875,26.8,17.7125,0.0,10.3625,0.0,58.125,8,2015-09-29
2015-09-29,関東,NB-1,9.0,70720.0,1,2,2015-09-29,21.655555555555555,26.200000000000003,17.977777777777778,0.0,6.833333333333333,0.0,50.22222222222222,9,2015-09-29
2015-09-30,中部,NB-1,1.0,8450.0,1,1,2015-09-30,17.533333333333335,23.19333333333333,12.773333333333332,0.0,6.886666666666667,0.0,60.6,15,2015-09-30
2015-09-30,関東,NB-1,2.0,16380.0,1,1,2015-09-30,19.433333333333334,24.33333333333333,15.188888888888888,0.0,9.333333333333334,0.0,49.22222222222222,9,2015-09-30
2015-10-01,九州沖縄,NB-1,1.0,8190.0,1,1,2015-10-01,24.275,29.475,20.225,42.0625,2.1125000000000003,0.0,86.0,8,2015-10-01
2015-10-01,近畿,NB-1,1.0,6890.0,1,1,2015-10-01,20.45,25.5,16.6125,7.75,0.0,0.0,78.875,8,2015-10-01
2015-10-01,関東,NB-1,2.0,15678.0,1,1,2015-10-01,18.766666666666666,22.8,14.544444444444444,5.111111111111111,2.844444444444445,0.0,76.11111111111111,9,2015-10-01
2015-10-02,九州沖縄,NB-1,1.0,8190.0,1,1,2015-10-02,21.95,25.85,17.7,0.75,8.55,0.0,66.5,8,2015-10-02
2015-10-02,近畿,NB-1,3.0,23569.0,1,3,2015-10-02,21.3875,26.1375,15.85,22.1875,7.5125,0.0,67.875,8,2015-10-02
2015-10-02,関東,NB-1,5.0,42770.0,1,3,2015-10-02,22.166666666666668,27.244444444444444,17.955555555555556,19.444444444444443,4.444444444444445,0.0,70.44444444444444,9,2015-10-02
2015-10-05,近畿,NB-1,1.0,7540.0,1,1,2015-10-05,17.4875,21.4125,14.1625,0.0,3.1375,0.0,61.25,8,2015-10-05
2015-10-05,関東,NB-1,3.0,23569.0,1,1,2015-10-05,17.133333333333333,19.6,15.11111111111111,0.0555555555555555,1.1222222222222222,0.0,58.44444444444444,9,2015-10-05
2015-10-06,中国,NB-1,1.0,8190.0,1,1,2015-10-06,17.071428571428573,23.585714285714285,11.55714285714286,0.0,9.94285714285714,0.0,67.57142857142857,7,2015-10-06
2015-10-06,中部,NB-1,3.0,24570.0,1,2,2015-10-06,16.7,22.166666666666668,12.426666666666668,0.0666666666666666,7.026666666666667,0.0,68.8,15,2015-10-06
2015-10-06,近畿,NB-1,1.0,8190.0,1,1,2015-10-06,18.1625,24.0125,13.6625,0.0,7.3375,0.0,65.125,8,2015-10-06
2015-10-06,関東,NB-1,3.0,24570.0,1,2,2015-10-06,17.299999999999997,21.822222222222223,13.911111111111111,0.0,7.233333333333332,0.0,63.44444444444444,9,2015-10-06
2015-10-07,中部,NB-1,1.0,8190.0,1,1,2015-10-07,16.386666666666667,22.66,10.92,0.0,10.186666666666667,0.0,62.8,15,2015-10-07
2015-10-07,近畿,NB-1,2.0,15080.0,1,2,2015-10-07,18.5375,24.2625,13.5125,0.0,10.2375,0.0,60.75,8,2015-10-07
2015-10-07,関東,NB-1,1.0,8190.0,1,1,2015-10-07,16.966666666666665,21.666666666666668,13.266666666666667,0.0,9.18888888888889,0.0,55.66666666666666,9,2015-10-07
2015-10-08,関東,NB-1,2.0,15080.0,1,1,2015-10-08,18.62222222222222,24.133333333333333,12.922222222222222,0.0,10.6,0.0,40.11111111111112,9,2015-10-08
2015-10-09,中部,NB-1,1.0,8450.0,1,1,2015-10-09,17.173333333333336,23.453333333333333,11.853333333333332,0.6666666666666666,8.6,0.0,64.33333333333333,15,2015-10-09
2015-10-09,近畿,NB-1,1.0,8840.0,1,1,2015-10-09,18.725,23.9625,14.4125,0.125,7.824999999999999,0.0,66.625,8,2015-10-09
2015-10-09,関東,NB-1,4.0,34580.0,1,1,2015-10-09,19.03333333333333,25.211111111111112,13.011111111111113,0.0,9.955555555555556,0.0,53.333333333333336,9,2015-10-09
2015-10-10,近畿,NB-1,4.0,32760.0,1,4,2015-10-10,18.075,22.0875,14.1,0.0625,0.3125,0.0,74.625,8,2015-10-10
2015-10-10,関東,NB-1,2.0,18200.0,1,1,2015-10-10,17.711111111111112,21.066666666666663,13.644444444444444,0.9444444444444444,2.177777777777778,0.0,74.77777777777777,9,2015-10-10
2015-10-13,中部,NB-1,3.0,25350.0,1,2,2015-10-13,16.153333333333332,21.69333333333333,11.526666666666667,1.9,6.88,0.0,64.06666666666666,15,2015-10-13
2015-10-13,四国,NB-1,1.0,8190.0,1,1,2015-10-13,18.3,22.925,14.05,0.0,10.25,0.0,53.75,4,2015-10-13
2015-10-13,近畿,NB-1,8.0,61568.0,1,3,2015-10-13,17.8,22.5,13.8625,0.0,7.6,0.0,59.375,8,2015-10-13
2015-10-13,関東,NB-1,16.0,131339.0,1,3,2015-10-13,18.155555555555555,24.27777777777778,13.066666666666666,0.0,9.911111111111111,0.0,62.11111111111112,9,2015-10-13
2015-10-14,中国,NB-1,1.0,8190.0,1,1,2015-10-14,15.942857142857145,23.414285714285715,9.342857142857143,0.0,10.514285714285714,0.0,67.14285714285714,7,2015-10-14
2015-10-14,中部,NB-1,3.0,23400.0,1,1,2015-10-14,15.259999999999998,21.75333333333333,10.046666666666663,0.0,9.713333333333331,0.0,63.73333333333333,15,2015-10-14
2015-10-14,東北,NB-1,1.0,8190.0,1,1,2015-10-14,12.1875,16.9125,7.575,0.4375,6.4375,0.0,58.5,8,2015-10-14
2015-10-14,近畿,NB-1,1.0,8190.0,1,1,2015-10-14,17.0,22.875,11.8875,0.0,9.6125,0.0,64.5,8,2015-10-14
2015-10-14,関東,NB-1,4.0,31070.0,1,2,2015-10-14,17.466666666666665,22.711111111111112,12.766666666666667,0.0,8.755555555555555,0.0,55.11111111111112,9,2015-10-14
2015-10-15,中部,NB-1,2.0,15600.0,1,1,2015-10-15,14.866666666666667,21.52,9.246666666666666,0.0,7.66,0.0,67.2,15,2015-10-15
2015-10-15,関東,NB-1,2.0,15990.0,1,2,2015-10-15,17.366666666666667,22.788888888888888,12.022222222222222,0.1111111111111111,7.800000000000001,0.0,63.77777777777778,9,2015-10-15
2015-10-16,近畿,NB-1,1.0,8190.0,1,1,2015-10-16,17.425,24.4125,11.3,0.0,10.4,0.0,64.625,8,2015-10-16
2015-10-16,関東,NB-1,1.0,8190.0,1,1,2015-10-16,15.966666666666663,18.022222222222226,14.466666666666663,5.666666666666667,0.0,0.0,88.0,9,2015-10-16
2015-10-19,中国,NB-1,1.0,7800.0,1,1,2015-10-19,17.728571428571428,24.928571428571427,12.228571428571428,0.0,10.085714285714284,0.0,73.57142857142857,7,2015-10-19
2015-10-19,中部,NB-1,2.0,15600.0,1,1,2015-10-19,17.28666666666667,23.37333333333333,12.44,0.0,9.006666666666666,0.0,72.8,15,2015-10-19
2015-10-19,関東,NB-1,11.0,92469.0,1,4,2015-10-19,18.444444444444443,24.03333333333333,13.933333333333334,0.0,9.711111111111112,0.0,69.88888888888889,9,2015-10-19
2015-10-20,中国,NB-1,5.0,41470.0,1,1,2015-10-20,18.2,24.785714285714285,12.44285714285714,0.0,8.283333333333333,0.0,73.85714285714286,7,2015-10-20
2015-10-20,中部,NB-1,1.0,8190.0,1,1,2015-10-20,17.30666666666667,23.5,12.786666666666669,0.1,7.313333333333333,0.0,72.4,15,2015-10-20
2015-10-20,近畿,NB-1,2.0,16380.0,1,2,2015-10-20,19.0875,24.9125,14.2125,0.0,8.7,0.0,69.625,8,2015-10-20
2015-10-20,関東,NB-1,4.0,30420.0,1,1,2015-10-20,18.53333333333333,23.944444444444443,14.38888888888889,0.0,7.377777777777778,0.0,73.44444444444444,9,2015-10-20
2015-10-21,中部,NB-1,7.0,54600.0,1,1,2015-10-21,16.966666666666665,22.82,12.366666666666667,0.0,8.473333333333334,0.0,72.8,15,2015-10-21
2015-10-21,近畿,NB-1,2.0,13780.0,1,1,2015-10-21,19.5375,25.1,15.05,0.0,9.525,0.0,66.0,8,2015-10-21
2015-10-21,関東,NB-1,3.0,24570.0,1,2,2015-10-21,16.61111111111111,19.6,14.166666666666666,0.0,3.1333333333333333,0.0,72.55555555555556,9,2015-10-21
2015-10-23,東北,NB-1,1.0,8190.0,1,1,2015-10-23,10.875,17.975,4.7875000000000005,0.0,8.05,0.0,73.625,8,2015-10-23
2015-10-26,中部,NB-1,1.0,8190.0,1,1,2015-10-26,12.22,18.566666666666663,6.266666666666667,0.0,9.32,0.0,60.333333333333336,15,2015-10-26
2015-10-26,近畿,NB-1,3.0,24570.0,1,2,2015-10-26,14.2125,19.9,9.0,0.0,10.0375,0.0,59.0,8,2015-10-26
2015-10-26,関東,NB-1,4.0,32409.0,1,3,2015-10-26,13.866666666666667,19.87777777777778,8.077777777777778,0.0,9.733333333333333,0.0,50.66666666666666,9,2015-10-26
2015-10-27,中部,NB-1,6.0,47190.0,1,1,2015-10-27,16.826666666666668,23.486666666666668,9.32,2.033333333333333,7.613333333333333,0.0,62.8,15,2015-10-27
2015-10-27,関東,NB-1,2.0,15340.0,1,1,2015-10-27,17.166666666666668,23.27777777777778,10.244444444444444,0.0,9.022222222222222,0.0,66.33333333333333,9,2015-10-27
2015-10-28,東北,NB-1,1.0,8190.0,1,1,2015-10-28,14.5375,19.1,9.7875,1.0,4.3125,0.0,68.25,8,2015-10-28
2015-10-28,関東,NB-1,2.0,16380.0,1,1,2015-10-28,19.677777777777777,25.62222222222222,15.77777777777778,0.4444444444444444,7.611111111111111,0.0,65.77777777777777,9,2015-10-28
2015-10-29,中部,NB-1,1.0,8190.0,1,1,2015-10-29,14.573333333333332,19.626666666666665,10.766666666666667,0.8333333333333334,5.88,0.0,64.6,15,2015-10-29
2015-10-29,東北,NB-1,2.0,16380.0,1,1,2015-10-29,11.4125,16.15,7.85,3.75,2.725,0.0,74.25,8,2015-10-29
2015-10-29,関東,NB-1,1.0,8190.0,1,1,2015-10-29,16.48888888888889,19.211111111111112,14.47777777777778,0.7222222222222222,2.2555555555555555,0.0,71.0,9,2015-10-29
2015-10-30,九州沖縄,NB-1,3.0,24570.0,1,2,2015-10-30,16.8375,19.6625,14.7625,3.0,1.1875,0.0,69.875,8,2015-10-30
2015-10-30,近畿,NB-1,6.0,41990.0,1,2,2015-10-30,15.075,20.3375,10.975,0.0,5.3375,0.0,64.25,8,2015-10-30
2015-10-30,関東,NB-1,2.0,15730.0,1,1,2015-10-30,16.38888888888889,21.066666666666663,13.233333333333333,0.0,6.233333333333333,0.0,64.44444444444444,9,2015-10-30
2015-11-02,中国,NB-1,1.0,8450.0,1,1,2015-11-02,12.985714285714286,17.685714285714287,9.685714285714283,12.285714285714286,2.4,0.0,84.42857142857143,7,2015-11-02
2015-11-02,中部,NB-1,3.0,23868.0,1,1,2015-11-02,11.4,13.146666666666668,9.706666666666669,17.333333333333332,0.0066666666666666,0.0,87.26666666666667,15,2015-11-02
2015-11-02,九州沖縄,NB-1,2.0,16029.0,1,1,2015-11-02,16.2875,20.6875,13.1125,2.6875,4.325,0.0,75.0,8,2015-11-02
2015-11-02,東北,NB-1,1.0,7839.0,1,1,2015-11-02,7.6625,9.7875,4.8375,9.25,0.225,0.0,89.625,8,2015-11-02
2015-11-02,近畿,NB-1,1.0,7839.0,1,1,2015-11-02,12.85,14.8375,11.075,12.25,0.1124999999999999,0.0,89.125,8,2015-11-02
2015-11-02,関東,NB-1,1.0,8190.0,1,1,2015-11-02,12.533333333333331,15.11111111111111,9.977777777777778,32.22222222222222,0.0,0.0,88.44444444444444,9,2015-11-02
2015-11-04,中国,NB-1,1.0,8190.0,1,1,2015-11-04,13.6,21.0,7.8,0.0,9.842857142857143,0.0,74.85714285714286,7,2015-11-04
2015-11-04,中部,NB-1,4.0,31590.0,1,2,2015-11-04,12.62,19.82,6.886666666666667,0.0,8.973333333333333,0.0,70.53333333333333,15,2015-11-04
2015-11-04,東北,NB-1,1.0,8190.0,1,1,2015-11-04,10.2875,17.9625,4.5375,0.0,8.924999999999999,0.0,79.75,8,2015-11-04
2015-11-04,近畿,NB-1,1.0,8190.0,1,1,2015-11-04,14.825,21.65,8.85,0.0,9.3,0.0,73.625,8,2015-11-04
2015-11-04,関東,NB-1,5.0,39520.0,1,2,2015-11-04,13.744444444444444,19.700000000000003,8.555555555555555,0.0,10.0,0.0,66.88888888888889,9,2015-11-04
2015-11-05,近畿,NB-1,1.0,8190.0,1,1,2015-11-05,16.9125,23.6,11.825,0.0,9.575,0.0,69.375,8,2015-11-05
2015-11-05,関東,NB-1,4.0,31109.0,1,3,2015-11-05,14.322222222222225,20.966666666666665,8.61111111111111,0.0,9.166666666666666,0.0,73.22222222222223,9,2015-11-05
2015-11-06,中国,NB-1,2.0,16380.0,1,1,2015-11-06,17.571428571428573,23.085714285714285,12.9,0.0,5.614285714285714,0.0,80.0,7,2015-11-06
2015-11-06,北海道,NB-1,3.0,24570.0,1,1,2015-11-06,7.825,12.05,4.45,0.0,3.3875,0.0,61.125,8,2015-11-06
2015-11-09,中国,NB-1,1.0,7839.0,1,1,2015-11-09,17.942857142857143,19.32857142857143,16.342857142857145,8.285714285714286,0.0,0.0,93.42857142857144,7,2015-11-09
2015-11-09,中部,NB-1,2.0,15639.0,1,2,2015-11-09,17.59333333333333,20.633333333333333,15.04,11.8,0.5066666666666666,0.0,91.2,15,2015-11-09
2015-11-09,九州沖縄,NB-1,3.0,23829.0,1,2,2015-11-09,20.1875,22.3,17.9,2.4375,0.625,0.0,84.375,8,2015-11-09
2015-11-09,近畿,NB-1,5.0,40599.0,1,2,2015-11-09,18.5125,20.0125,16.925,11.25,0.0,0.0,94.5,8,2015-11-09
2015-11-09,関東,NB-1,3.0,23829.0,1,3,2015-11-09,18.177777777777777,20.966666666666665,15.544444444444444,0.9444444444444444,0.3777777777777777,0.0,90.33333333333331,9,2015-11-09
2015-11-10,関東,NB-1,1.0,8190.0,1,1,2015-11-10,16.4,18.62222222222222,13.477777777777778,5.944444444444445,0.0333333333333333,0.0,88.66666666666667,9,2015-11-10
2015-11-11,近畿,NB-1,2.0,15730.0,1,2,2015-11-11,14.225,18.5625,10.4625,0.0,8.1125,0.0,61.125,8,2015-11-11
2015-11-12,中部,NB-1,4.0,31590.0,1,1,2015-11-12,11.84,16.693333333333335,7.993333333333333,0.0,6.3933333333333335,0.0,70.6,15,2015-11-12
2015-11-13,関東,NB-1,2.0,15080.0,1,1,2015-11-13,12.81111111111111,15.822222222222225,9.566666666666666,0.1111111111111111,2.6666666666666665,0.0,70.66666666666667,9,2015-11-13
2015-11-16,中部,NB-1,3.0,23439.0,1,1,2015-11-16,15.2,20.26,10.913333333333332,0.2,6.159999999999999,0.0,76.06666666666666,15,2015-11-16
2015-11-16,関東,NB-1,4.0,32110.0,1,4,2015-11-16,16.48888888888889,20.91111111111111,11.455555555555556,0.2222222222222222,7.377777777777778,0.0,74.22222222222223,9,2015-11-16
2015-11-17,中国,NB-1,1.0,8450.0,1,1,2015-11-17,17.142857142857142,18.9,15.171428571428573,35.857142857142854,0.0,0.0,91.14285714285714,7,2015-11-17
2015-11-17,中部,NB-1,1.0,7800.0,1,1,2015-11-17,16.24,19.9,12.8,10.433333333333334,1.0133333333333332,0.0,83.46666666666667,15,2015-11-17
2015-11-17,関東,NB-1,1.0,7540.0,1,1,2015-11-17,17.58888888888889,21.166666666666668,14.622222222222222,2.6666666666666665,3.177777777777778,0.0,84.0,9,2015-11-17
2015-11-18,関東,NB-1,1.0,8190.0,1,1,2015-11-18,16.355555555555554,19.9,14.1,17.944444444444443,1.9444444444444444,0.0,90.44444444444444,9,2015-11-18
2015-11-19,中国,NB-1,1.0,8190.0,1,1,2015-11-19,14.285714285714286,16.7,12.085714285714284,0.8571428571428571,1.8857142857142857,0.0,76.14285714285714,7,2015-11-19
2015-11-19,関東,NB-1,3.0,23530.0,1,2,2015-11-19,14.0,17.288888888888888,11.577777777777778,5.5,5.466666666666667,0.0,76.11111111111111,9,2015-11-19
2015-11-20,中部,NB-1,1.0,7800.0,1,1,2015-11-20,12.806666666666668,16.6,9.973333333333333,0.2333333333333333,2.433333333333333,0.0,80.8,15,2015-11-20
2015-11-24,中国,NB-1,3.0,24570.0,1,1,2015-11-24,13.6,16.9,9.87142857142857,1.2142857142857142,1.9571428571428573,0.0,74.42857142857143,7,2015-11-24
2015-11-24,中部,NB-1,1.0,8190.0,1,1,2015-11-24,12.873333333333331,19.186666666666667,8.34,1.6,3.606666666666667,0.0,75.8,15,2015-11-24
2015-11-24,四国,NB-1,1.0,8190.0,1,1,2015-11-24,15.975,19.425,12.625,3.875,3.25,0.0,72.25,4,2015-11-24
2015-11-24,近畿,NB-1,1.0,7540.0,1,1,2015-11-24,14.25,18.3125,11.225,0.5,1.25,0.0,75.25,8,2015-11-24
2015-11-24,関東,NB-1,3.0,26390.0,1,1,2015-11-24,13.8,19.11111111111111,10.266666666666667,1.4444444444444444,4.644444444444444,0.0,75.0,9,2015-11-24
2015-11-25,中部,NB-1,1.0,8190.0,1,1,2015-11-25,8.38,10.726666666666668,6.306666666666667,8.0,0.16,0.0,78.4,15,2015-11-25
2015-11-25,関東,NB-1,1.0,7800.0,1,1,2015-11-25,8.488888888888889,10.955555555555556,5.9,6.388888888888889,0.0,0.0,75.11111111111111,9,2015-11-25
2015-11-26,関東,NB-1,2.0,18200.0,1,1,2015-11-26,8.677777777777777,11.444444444444445,5.688888888888889,17.38888888888889,0.2222222222222222,0.0,90.44444444444444,9,2015-11-26
2015-11-27,中国,NB-1,2.0,16900.0,1,1,2015-11-27,7.071428571428571,11.571428571428571,2.814285714285714,1.6428571428571428,5.571428571428571,0.0,62.0,7,2015-11-27
2015-11-27,九州沖縄,NB-1,1.0,8190.0,1,1,2015-11-27,9.95,13.4,6.825,0.1875,3.675,0.0,57.875,8,2015-11-27
2015-11-27,東北,NB-1,1.0,8190.0,1,1,2015-11-27,6.3125,9.5125,3.925,8.625,2.9625,0.0,76.75,8,2015-11-27
2015-11-27,関東,NB-1,1.0,8190.0,1,1,2015-11-27,10.1,14.311111111111112,5.988888888888889,0.0555555555555555,9.27777777777778,0.0,48.333333333333336,9,2015-11-27
2015-11-30,中部,NB-1,1.0,8190.0,1,1,2015-11-30,8.54,14.92,3.4466666666666668,1.9333333333333331,6.513333333333334,0.0,72.4,15,2015-11-30
2015-11-30,近畿,NB-1,3.0,24219.0,1,2,2015-11-30,9.925,16.075,4.9625,0.0,8.725,0.0,72.375,8,2015-11-30
2015-11-30,関東,NB-1,2.0,15080.0,1,1,2015-11-30,9.622222222222222,13.833333333333334,6.377777777777777,0.0,3.2777777777777777,0.0,72.44444444444444,9,2015-11-30
2015-12-01,九州沖縄,NB-1,1.0,8190.0,1,1,2015-12-01,13.45,18.9625,8.7875,0.0,8.25,0.0,74.5,8,2015-12-01
2015-12-01,関東,NB-1,5.0,42770.0,1,2,2015-12-01,9.81111111111111,15.877777777777778,4.555555555555555,0.0,8.855555555555556,0.0,63.66666666666666,9,2015-12-01
2015-12-03,九州沖縄,NB-1,1.0,8190.0,1,1,2015-12-03,12.6125,15.85,9.9875,1.8125,1.8125,0.0,64.875,8,2015-12-03
2015-12-03,近畿,NB-1,1.0,7839.0,1,1,2015-12-03,11.4125,14.3125,6.9,14.0,0.7875,0.0,73.375,8,2015-12-03
2015-12-03,関東,NB-1,3.0,25740.0,1,2,2015-12-03,10.955555555555556,15.788888888888888,8.3,5.888888888888889,1.3111111111111111,0.0,82.33333333333333,9,2015-12-03
2015-12-04,中部,NB-1,3.0,23400.0,1,1,2015-12-04,6.88,9.38,4.246666666666667,8.5,3.633333333333333,0.0909090909090909,58.8,15,2015-12-04
2015-12-07,中国,NB-1,1.0,7800.0,1,1,2015-12-07,9.271428571428572,15.585714285714284,4.842857142857143,0.0,9.0,0.0,73.42857142857143,7,2015-12-07
2015-12-07,中部,NB-1,1.0,7839.0,1,1,2015-12-07,6.906666666666666,12.633333333333333,2.553333333333333,0.2666666666666666,7.939999999999999,0.0,67.06666666666666,15,2015-12-07
2015-12-07,九州沖縄,NB-1,1.0,7800.0,1,1,2015-12-07,13.1375,18.1,9.225,0.0,7.8375,0.0,70.625,8,2015-12-07
2015-12-07,東北,NB-1,2.0,16380.0,1,1,2015-12-07,4.075,7.7875,0.7125,0.0,4.775,0.0,64.25,8,2015-12-07
2015-12-07,関東,NB-1,8.0,67899.0,1,3,2015-12-07,8.122222222222222,12.755555555555556,4.366666666666666,0.0,7.955555555555555,0.0,57.77777777777778,9,2015-12-07
2015-12-08,中部,NB-1,1.0,7800.0,1,1,2015-12-08,6.553333333333333,13.0,1.78,0.0,8.28,0.0,67.2,15,2015-12-08
2015-12-08,四国,NB-1,1.0,8190.0,1,1,2015-12-08,10.225,15.5,6.075,0.0,8.05,0.0,64.5,4,2015-12-08
2015-12-08,東北,NB-1,5.0,40950.0,1,2,2015-12-08,3.0,8.3375,-0.9625,0.0,6.0875,0.0,72.625,8,2015-12-08
2015-12-08,関東,NB-1,2.0,15990.0,1,2,2015-12-08,7.088888888888889,11.766666666666667,3.655555555555555,0.1111111111111111,5.122222222222223,0.0,64.77777777777777,9,2015-12-08
2015-12-09,関東,NB-1,1.0,8190.0,1,1,2015-12-09,6.699999999999999,12.522222222222222,1.9111111111111116,0.0,8.855555555555556,0.0,67.77777777777777,9,2015-12-09
2015-12-10,中部,NB-1,3.0,23400.0,1,1,2015-12-10,9.893333333333334,14.24,4.16,10.266666666666667,0.5733333333333334,0.0,71.2,15,2015-12-10
2015-12-10,近畿,NB-1,1.0,8190.0,1,1,2015-12-10,12.7,16.1,7.8,7.5,0.0,0.0,78.625,8,2015-12-10
2015-12-10,関東,NB-1,1.0,8190.0,1,1,2015-12-10,8.477777777777778,12.988888888888887,3.2,2.5,2.477777777777778,0.0,70.77777777777777,9,2015-12-10
2015-12-11,中国,NB-1,1.0,8450.0,1,1,2015-12-11,13.44285714285714,16.142857142857142,10.87142857142857,32.07142857142857,0.2571428571428572,0.0,80.57142857142857,7,2015-12-11
2015-12-14,中国,NB-1,1.0,8190.0,1,1,2015-12-14,11.828571428571427,16.585714285714285,9.2,0.7142857142857143,6.357142857142857,0.0,78.57142857142857,7,2015-12-14
2015-12-14,中部,NB-1,3.0,23478.0,1,2,2015-12-14,10.093333333333334,13.513333333333332,7.326666666666667,0.0,1.7466666666666666,0.0,78.93333333333334,15,2015-12-14
2015-12-14,近畿,NB-1,2.0,17030.0,1,2,2015-12-14,11.1375,15.7,7.8625,0.125,3.8,0.0,77.875,8,2015-12-14
2015-12-14,関東,NB-1,5.0,40950.0,1,3,2015-12-14,11.088888888888889,13.38888888888889,9.622222222222222,0.4444444444444444,0.788888888888889,0.0,78.11111111111111,9,2015-12-14
2015-12-15,近畿,NB-1,4.0,30810.0,1,2,2015-12-15,12.75,17.6875,8.9875,1.0625,3.05,0.0,81.0,8,2015-12-15
2015-12-15,関東,NB-1,1.0,9750.0,1,1,2015-12-15,11.4,14.822222222222225,8.544444444444444,0.0,2.2444444444444445,0.0,77.33333333333333,9,2015-12-15
2015-12-16,近畿,NB-1,1.0,6890.0,1,1,2015-12-16,11.6375,14.65,7.75,0.375,1.575,0.0,71.375,8,2015-12-16
2015-12-17,関東,NB-1,1.0,8190.0,1,1,2015-12-17,9.2,12.77777777777778,4.833333333333333,0.1111111111111111,2.588888888888889,0.0,51.22222222222222,9,2015-12-17
2015-12-18,九州沖縄,NB-1,2.0,15990.0,1,2,2015-12-18,6.824999999999999,12.075,1.95,0.0,8.612499999999999,0.0,60.5,8,2015-12-18
2015-12-18,近畿,NB-1,2.0,16380.0,1,2,2015-12-18,5.925,8.95,3.2125000000000004,0.0625,1.2125,0.0,65.75,8,2015-12-18
2015-12-21,中国,NB-1,3.0,23400.0,1,2,2015-12-21,9.071428571428571,12.1,6.942857142857143,10.428571428571429,0.1285714285714285,0.0,93.14285714285714,7,2015-12-21
2015-12-21,中部,NB-1,6.0,47619.0,1,2,2015-12-21,7.806666666666667,10.82,4.94,7.533333333333333,0.4266666666666666,0.0,81.06666666666666,15,2015-12-21
2015-12-21,九州沖縄,NB-1,2.0,16380.0,1,1,2015-12-21,13.85,18.5875,10.675,5.4375,2.3125,0.0,87.375,8,2015-12-21
2015-12-21,近畿,NB-1,1.0,7839.0,1,1,2015-12-21,8.425,10.6125,6.6125,9.3125,0.1,0.0,91.875,8,2015-12-21
2015-12-21,関東,NB-1,5.0,45539.0,1,2,2015-12-21,7.811111111111111,12.533333333333331,4.111111111111111,0.0,1.5666666666666669,0.0,62.11111111111112,9,2015-12-21
2015-12-22,中部,NB-1,3.0,23400.0,1,1,2015-12-22,7.433333333333334,12.52,2.8266666666666667,0.2,6.16,0.0,72.33333333333333,15,2015-12-22
2015-12-22,関東,NB-1,1.0,7540.0,1,1,2015-12-22,9.011111111111113,14.444444444444445,4.155555555555555,0.0,8.144444444444444,0.0,52.66666666666666,9,2015-12-22
2015-12-24,中部,NB-1,5.0,39780.0,1,2,2015-12-24,9.8,14.28,6.819999999999999,2.4,4.28,0.0,85.4,15,2015-12-24
2015-12-24,九州沖縄,NB-1,1.0,8190.0,1,1,2015-12-24,14.1875,17.6625,11.0375,1.8125,1.9375,0.0,86.75,8,2015-12-24
2015-12-24,関東,NB-1,1.0,8190.0,1,1,2015-12-24,10.2,15.433333333333334,5.566666666666666,3.7222222222222223,4.6,0.0,81.33333333333333,9,2015-12-24
2015-12-25,中部,NB-1,1.0,7800.0,1,1,2015-12-25,8.106666666666666,12.493333333333334,3.72,2.6333333333333333,4.006666666666666,0.0,69.2,15,2015-12-25
2015-12-25,東北,NB-1,2.0,16380.0,1,1,2015-12-25,4.0625,8.15,0.925,3.0,1.975,0.375,74.25,8,2015-12-25
2015-12-25,近畿,NB-1,2.0,16380.0,1,1,2015-12-25,9.625,12.975,6.25,2.375,2.3875,0.0,74.25,8,2015-12-25
2015-12-25,関東,NB-1,2.0,15730.0,1,2,2015-12-25,9.911111111111111,14.38888888888889,5.688888888888889,0.5555555555555556,6.277777777777778,0.0,64.0,9,2015-12-25
2015-12-28,九州沖縄,NB-1,1.0,8190.0,1,1,2015-12-28,8.8875,13.0,5.775,0.625,5.2875,0.0,66.625,8,2015-12-28
2015-12-28,四国,NB-1,3.0,24570.0,1,2,2015-12-28,7.875,12.55,3.85,0.0,7.55,0.0,59.5,4,2015-12-28
2015-12-28,近畿,NB-1,2.0,16029.0,1,2,2015-12-28,5.125,9.35,1.5,0.0,3.9875,0.0,70.5,8,2015-12-28
2015-12-28,関東,NB-1,2.0,16380.0,1,1,2015-12-28,4.177777777777778,9.72222222222222,-0.2888888888888887,0.0,7.933333333333334,0.0,46.66666666666666,9,2015-12-28
2016-01-04,中部,NB-1,1.0,7839.0,1,1,2016-01-04,8.52,15.373333333333331,2.9200000000000004,0.1666666666666666,6.239999999999999,0.0,67.33333333333333,15,2016-01-04
2016-01-04,近畿,NB-1,2.0,15678.0,1,1,2016-01-04,10.05,15.4375,5.15,0.0,5.8,0.0,77.625,8,2016-01-04
2016-01-04,関東,NB-1,1.0,8190.0,1,1,2016-01-04,8.8,15.266666666666667,2.788888888888889,0.0,9.088888888888889,0.0,66.33333333333333,9,2016-01-04
2016-01-05,中国,NB-1,1.0,8190.0,1,1,2016-01-05,7.085714285714286,11.242857142857144,3.971428571428572,0.4285714285714285,0.4714285714285714,0.0,81.28571428571429,7,2016-01-05
2016-01-05,中部,NB-1,5.0,39780.0,1,1,2016-01-05,7.666666666666667,12.566666666666666,3.1933333333333334,2.033333333333333,3.9466666666666663,0.0,66.4,15,2016-01-05
2016-01-05,九州沖縄,NB-1,1.0,7800.0,1,1,2016-01-05,12.1375,15.4875,9.7125,7.0625,0.7375,0.0,78.75,8,2016-01-05
2016-01-05,近畿,NB-1,1.0,7540.0,1,1,2016-01-05,8.45,12.025,5.1375,0.0,1.7125,0.0,74.25,8,2016-01-05
2016-01-05,関東,NB-1,9.0,68510.0,1,1,2016-01-05,9.61111111111111,15.4,4.144444444444444,0.0,7.399999999999999,0.0,60.66666666666666,9,2016-01-05
2016-01-06,関東,NB-1,4.0,32760.0,1,2,2016-01-06,7.411111111111111,10.177777777777775,5.011111111111111,0.0,0.4111111111111111,0.0,70.33333333333333,9,2016-01-06
2016-01-07,中国,NB-1,1.0,7800.0,1,1,2016-01-07,7.057142857142857,10.642857142857142,4.1571428571428575,2.357142857142857,3.4285714285714284,0.0,67.42857142857143,7,2016-01-07
2016-01-07,四国,NB-1,1.0,8190.0,1,1,2016-01-07,8.975,12.9,6.025,0.0,5.875,0.0,58.75,4,2016-01-07
2016-01-07,関東,NB-1,4.0,35490.0,1,2,2016-01-07,6.988888888888889,12.555555555555555,2.8,0.0,6.48888888888889,0.0,58.22222222222222,9,2016-01-07
2016-01-08,近畿,NB-1,1.0,6890.0,1,1,2016-01-08,6.4750000000000005,10.1,3.15,0.0,2.35,0.0,65.625,8,2016-01-08
2016-01-08,関東,NB-1,1.0,8190.0,1,1,2016-01-08,5.544444444444444,11.066666666666666,1.1888888888888889,0.0,7.788888888888888,0.0,58.22222222222222,9,2016-01-08
2016-01-12,九州沖縄,NB-1,2.0,16380.0,1,2,2016-01-12,8.875,11.9375,6.0,1.5,2.35,0.0,68.625,8,2016-01-12
2016-01-12,近畿,NB-1,1.0,7839.0,1,1,2016-01-12,5.975,9.25,2.4375,2.375,3.8625,0.0,68.375,8,2016-01-12
2016-01-12,関東,NB-1,2.0,15730.0,1,2,2016-01-12,3.3666666666666667,5.988888888888889,-0.0333333333333334,1.0,0.1222222222222222,0.0,67.88888888888889,9,2016-01-12
2016-01-13,近畿,NB-1,1.0,8190.0,1,1,2016-01-13,4.5625,9.7875,1.0375,0.375,4.3125,0.0,71.0,8,2016-01-13
2016-01-14,東北,NB-1,1.0,8190.0,1,1,2016-01-14,0.0375,3.1,-3.425,3.25,2.575,5.875,74.0,8,2016-01-14
2016-01-14,関東,NB-1,1.0,8190.0,1,1,2016-01-14,5.011111111111111,11.522222222222222,-0.8333333333333334,0.0,8.866666666666667,0.0,55.11111111111112,9,2016-01-14
2016-01-15,中部,NB-1,1.0,7800.0,1,1,2016-01-15,2.9466666666666668,7.386666666666667,-0.6866666666666666,4.966666666666667,5.526666666666667,0.0909090909090909,66.53333333333333,15,2016-01-15
2016-01-15,九州沖縄,NB-1,2.0,16380.0,1,1,2016-01-15,7.0125,11.65,3.0875,0.0625,5.125,0.0,59.75,8,2016-01-15
2016-01-15,近畿,NB-1,1.0,8190.0,1,1,2016-01-15,4.9625,9.525,1.3125,0.0,7.1125,0.0,59.625,8,2016-01-15
2016-01-15,関東,NB-1,3.0,24570.0,1,1,2016-01-15,4.877777777777777,10.155555555555557,0.6222222222222222,0.0,6.888888888888889,0.0,65.77777777777777,9,2016-01-15
2016-01-18,近畿,NB-1,2.0,15379.0,1,2,2016-01-18,7.7375,11.225,3.75,9.875,0.5875,0.0,78.375,8,2016-01-18
2016-01-18,関東,NB-1,6.0,51740.0,1,2,2016-01-18,3.9444444444444446,8.600000000000001,1.1666666666666667,56.27777777777778,0.6000000000000001,9.555555555555555,90.0,9,2016-01-18
2016-01-19,中部,NB-1,1.0,7800.0,1,1,2016-01-19,1.2866666666666666,5.1466666666666665,-1.7266666666666666,6.2,4.726666666666666,5.833333333333333,57.06666666666667,15,2016-01-19
2016-01-19,四国,NB-1,1.0,8190.0,1,1,2016-01-19,2.15,4.55,0.375,0.125,3.4000000000000004,0.0,65.75,4,2016-01-19
2016-01-19,関東,NB-1,1.0,9750.0,1,1,2016-01-19,4.4,8.211111111111112,-0.011111111111111,0.0,9.233333333333333,0.0,45.888888888888886,9,2016-01-19
2016-01-20,中部,NB-1,3.0,23400.0,1,1,2016-01-20,1.28,5.306666666666667,-2.36,8.066666666666666,3.393333333333333,8.272727272727273,70.93333333333334,15,2016-01-20
2016-01-20,近畿,NB-1,1.0,8190.0,1,1,2016-01-20,2.8,6.5875,-0.625,7.625,3.125,2.4285714285714284,71.5,8,2016-01-20
2016-01-20,関東,NB-1,1.0,8190.0,1,1,2016-01-20,2.7222222222222223,7.955555555555555,-2.1222222222222222,0.6111111111111112,7.399999999999999,0.7777777777777778,52.11111111111112,9,2016-01-20
2016-01-21,関東,NB-1,4.0,32760.0,1,2,2016-01-21,3.733333333333333,8.61111111111111,-0.8888888888888888,0.0,7.388888888888889,0.0,49.0,9,2016-01-21
2016-01-22,関東,NB-1,2.0,15730.0,1,2,2016-01-22,4.066666666666666,9.644444444444444,0.0999999999999999,0.0,8.81111111111111,0.0,47.55555555555556,9,2016-01-22
2016-01-25,中国,NB-1,1.0,8190.0,1,1,2016-01-25,0.0142857142857143,4.242857142857143,-4.271428571428571,1.5714285714285714,4.8,3.0,75.42857142857143,7,2016-01-25
2016-01-25,九州沖縄,NB-1,1.0,8190.0,1,1,2016-01-25,1.8125,5.425,-2.85,1.0625,3.6875,0.8,72.5,8,2016-01-25
2016-01-25,近畿,NB-1,1.0,7540.0,1,1,2016-01-25,0.6499999999999999,5.625,-4.2625,3.0625,7.0875,5.285714285714286,64.875,8,2016-01-25
2016-01-26,中部,NB-1,2.0,16380.0,1,1,2016-01-26,0.6333333333333333,6.4,-4.9,0.3333333333333333,7.846666666666667,0.4545454545454545,63.0,15,2016-01-26
2016-01-26,九州沖縄,NB-1,1.0,8190.0,1,1,2016-01-26,5.15,9.4,1.55,0.4375,1.875,0.0,78.125,8,2016-01-26
2016-01-27,九州沖縄,NB-1,1.0,8190.0,1,1,2016-01-27,7.6875,12.1625,2.85,0.0,2.25,0.0,75.125,8,2016-01-27
2016-01-27,近畿,NB-1,1.0,8190.0,1,1,2016-01-27,5.85,10.425,1.9875,0.0,5.0375,0.0,62.875,8,2016-01-27
2016-01-28,近畿,NB-1,1.0,8190.0,1,1,2016-01-28,6.375,11.3625,0.7875,0.1875,3.3125,0.0,72.0,8,2016-01-28
2016-01-28,関東,NB-1,1.0,7540.0,1,1,2016-01-28,6.444444444444445,13.366666666666667,-0.0111111111111111,0.0,8.666666666666666,0.0,53.0,9,2016-01-28
2016-01-29,北海道,NB-1,1.0,6890.0,1,1,2016-01-29,-6.5875,-3.7,-9.4875,0.375,5.9625,0.625,59.5,8,2016-01-29
2016-02-01,中国,NB-1,1.0,8450.0,1,1,2016-02-01,5.942857142857143,8.528571428571428,3.8,2.357142857142857,0.5428571428571428,0.0,75.0,7,2016-02-01
2016-02-01,中部,NB-1,5.0,39858.0,1,2,2016-02-01,3.02,5.513333333333334,0.7799999999999999,1.9666666666666663,0.2866666666666667,0.6363636363636364,76.46666666666667,15,2016-02-01
2016-02-01,九州沖縄,NB-1,2.0,16380.0,1,1,2016-02-01,8.525,10.5125,6.575,2.0,0.0125,0.0,74.125,8,2016-02-01
2016-02-01,関東,NB-1,5.0,44330.0,1,2,2016-02-01,4.177777777777778,7.144444444444444,1.788888888888889,0.0,0.8555555555555556,0.0,68.11111111111111,9,2016-02-01
2016-02-02,中部,NB-1,8.0,62790.0,1,1,2016-02-02,2.7666666666666666,7.413333333333333,-0.1866666666666666,0.2,5.633333333333334,0.0909090909090909,65.66666666666667,15,2016-02-02
2016-02-02,北海道,NB-1,2.0,13780.0,1,1,2016-02-02,-7.175,-3.0625,-12.1375,1.4375,5.7875,2.75,68.0,8,2016-02-02
2016-02-03,東北,NB-1,2.0,16380.0,1,1,2016-02-03,-0.2625,3.1125,-2.9875000000000003,1.125,4.2875,2.125,71.5,8,2016-02-03
2016-02-04,関東,NB-1,1.0,8190.0,1,1,2016-02-04,4.066666666666666,9.211111111111112,-0.4888888888888889,0.0,8.433333333333334,0.0,60.888888888888886,9,2016-02-04
2016-02-05,中部,NB-1,1.0,7800.0,1,1,2016-02-05,4.36,9.78,-0.06,1.6333333333333333,6.72,0.0,66.73333333333333,15,2016-02-05
2016-02-08,中国,NB-1,1.0,8450.0,1,1,2016-02-08,4.371428571428571,9.957142857142856,-1.1571428571428573,0.4285714285714285,5.642857142857143,0.0,68.14285714285714,7,2016-02-08
2016-02-08,中部,NB-1,3.0,25129.0,1,3,2016-02-08,2.1266666666666665,8.553333333333335,-3.72,0.1333333333333333,9.713333333333331,0.0,56.8,15,2016-02-08
2016-02-08,関東,NB-1,4.0,31317.0,1,4,2016-02-08,3.288888888888889,8.322222222222223,-0.6333333333333333,0.0,5.077777777777778,0.0,62.0,9,2016-02-08
2016-02-09,関東,NB-1,1.0,8190.0,1,1,2016-02-09,5.022222222222222,12.588888888888889,-1.1222222222222222,0.0,8.566666666666666,0.0,59.888888888888886,9,2016-02-09
2016-02-10,中部,NB-1,4.0,31200.0,1,1,2016-02-10,2.6933333333333334,7.046666666666667,-0.8333333333333335,0.6333333333333333,7.313333333333333,1.0909090909090908,57.86666666666667,15,2016-02-10
2016-02-10,近畿,NB-1,1.0,8190.0,1,1,2016-02-10,4.925,9.3875,1.75,0.625,6.0625,0.0,60.125,8,2016-02-10
2016-02-10,関東,NB-1,3.0,24570.0,1,2,2016-02-10,4.711111111111111,9.61111111111111,0.6888888888888889,0.0,9.5,0.0,40.888888888888886,9,2016-02-10
2016-02-12,中国,NB-1,2.0,16380.0,1,1,2016-02-12,10.828571428571427,16.52857142857143,2.571428571428572,0.5,2.571428571428572,0.0,64.42857142857143,7,2016-02-12
2016-02-12,中部,NB-1,1.0,8190.0,1,1,2016-02-12,6.613333333333333,11.8,0.3066666666666665,0.2333333333333333,4.013333333333334,0.0,68.86666666666666,15,2016-02-12
2016-02-12,関東,NB-1,1.0,8190.0,1,1,2016-02-12,6.0,11.4,-0.4222222222222223,0.1111111111111111,4.800000000000001,0.0,65.66666666666667,9,2016-02-12
2016-02-15,関東,NB-1,5.0,40599.0,1,3,2016-02-15,6.677777777777778,14.1,1.0555555555555556,2.055555555555556,0.5777777777777777,0.0,63.11111111111112,9,2016-02-15
2016-02-16,中国,NB-1,1.0,8450.0,1,1,2016-02-16,2.9857142857142853,7.128571428571429,-0.6714285714285714,1.2142857142857142,4.428571428571429,0.4,69.42857142857143,7,2016-02-16
2016-02-16,東北,NB-1,2.0,16380.0,1,1,2016-02-16,-0.4499999999999999,3.1750000000000003,-4.0625,2.75,4.5375,6.125,70.625,8,2016-02-16
2016-02-16,近畿,NB-1,1.0,7540.0,1,1,2016-02-16,3.8375,7.9625,0.5375,0.3125,7.0875,0.4285714285714285,60.75,8,2016-02-16
2016-02-16,関東,NB-1,3.0,23270.0,1,2,2016-02-16,4.188888888888889,9.244444444444444,-0.4444444444444444,0.0,9.677777777777775,0.0,52.66666666666666,9,2016-02-16
2016-02-17,近畿,NB-1,1.0,8840.0,1,1,2016-02-17,4.55,8.7875,1.6875,2.0625,5.4375,0.0,69.125,8,2016-02-17
2016-02-17,関東,NB-1,1.0,8190.0,1,1,2016-02-17,4.722222222222222,11.622222222222222,-0.1333333333333333,0.0,8.2,0.0,49.77777777777778,9,2016-02-17
2016-02-18,中国,NB-1,1.0,9750.0,1,1,2016-02-18,4.585714285714286,11.171428571428573,-1.457142857142857,0.0,9.62857142857143,0.0,66.57142857142857,7,2016-02-18
2016-02-18,中部,NB-1,2.0,16380.0,1,1,2016-02-18,3.64,10.34,-1.7466666666666668,0.0,8.966666666666667,0.0,60.6,15,2016-02-18
2016-02-19,近畿,NB-1,1.0,8190.0,1,1,2016-02-19,8.45,14.5875,2.325,0.0,7.65,0.0,64.5,8,2016-02-19
2016-02-22,中部,NB-1,2.0,15990.0,1,1,2016-02-22,4.86,9.106666666666666,1.1133333333333333,0.1333333333333333,3.1666666666666665,0.0909090909090909,61.46666666666667,15,2016-02-22
2016-02-22,九州沖縄,NB-1,1.0,7800.0,1,1,2016-02-22,8.3625,12.075,4.2625,3.0625,1.275,0.0,66.375,8,2016-02-22
2016-02-22,東北,NB-1,6.0,50700.0,1,3,2016-02-22,1.525,4.9625,-0.975,0.0,3.4,0.0,57.5,8,2016-02-22
2016-02-22,近畿,NB-1,1.0,6890.0,1,1,2016-02-22,5.6,8.7125,2.025,0.0,1.3,0.0,60.25,8,2016-02-22
2016-02-23,九州沖縄,NB-1,1.0,7800.0,1,1,2016-02-23,10.275,13.5625,7.95,8.375,2.05,0.0,81.375,8,2016-02-23
2016-02-24,九州沖縄,NB-1,1.0,8190.0,1,1,2016-02-24,8.8625,12.8125,5.4625,1.5625,5.5625,0.0,60.375,8,2016-02-24
2016-02-24,関東,NB-1,2.0,15990.0,1,2,2016-02-24,5.277777777777778,8.100000000000001,1.6333333333333333,0.2222222222222222,1.8111111111111111,0.5555555555555556,52.888888888888886,9,2016-02-24
2016-02-25,中部,NB-1,2.0,15600.0,1,1,2016-02-25,2.5,7.84,-1.74,1.1333333333333333,8.426666666666668,1.0909090909090908,57.86666666666667,15,2016-02-25
2016-02-26,近畿,NB-1,2.0,13780.0,1,1,2016-02-26,4.4125,9.5875,0.1125,0.0625,7.325,0.0,61.125,8,2016-02-26
2016-02-26,関東,NB-1,3.0,22620.0,1,1,2016-02-26,4.844444444444445,10.788888888888888,-0.7111111111111111,0.0,9.233333333333333,0.0,51.333333333333336,9,2016-02-26
2016-02-29,中部,NB-1,3.0,24570.0,1,2,2016-02-29,6.3133333333333335,13.253333333333334,0.4666666666666667,8.833333333333334,1.1,2.090909090909091,69.0,15,2016-02-29
2016-02-29,近畿,NB-1,2.0,16380.0,1,1,2016-02-29,6.9875,11.8125,0.6875,5.0,1.225,2.2857142857142856,69.5,8,2016-02-29
2016-02-29,関東,NB-1,4.0,33969.0,1,3,2016-02-29,7.822222222222223,13.811111111111112,3.611111111111111,2.611111111111111,1.9333333333333336,0.0,74.44444444444444,9,2016-02-29
2016-03-01,中部,NB-1,1.0,8190.0,1,1,2016-03-01,1.2999999999999998,5.233333333333333,-1.54,1.0,6.693333333333333,2.1818181818181817,57.86666666666667,15,2016-03-01
2016-03-01,近畿,NB-1,4.0,30810.0,1,2,2016-03-01,2.3375,6.0875,-0.1249999999999999,0.5625,5.375,0.7142857142857143,65.375,8,2016-03-01
2016-03-01,関東,NB-1,1.0,8190.0,1,1,2016-03-01,4.166666666666667,8.833333333333334,0.7888888888888889,0.2222222222222222,10.444444444444445,0.0,37.22222222222222,9,2016-03-01
2016-03-02,関東,NB-1,1.0,8190.0,1,1,2016-03-02,5.122222222222223,11.911111111111111,-1.3888888888888888,0.0,10.455555555555556,0.0,44.22222222222222,9,2016-03-02
2016-03-03,中部,NB-1,2.0,15600.0,1,1,2016-03-03,6.906666666666666,14.213333333333331,0.2666666666666666,0.2666666666666666,7.613333333333333,0.0,56.4,15,2016-03-03
2016-03-03,関東,NB-1,1.0,8190.0,1,1,2016-03-03,8.544444444444444,16.855555555555554,0.6888888888888888,0.0,10.8,0.0,51.11111111111112,9,2016-03-03
2016-03-04,四国,NB-1,1.0,8190.0,1,1,2016-03-04,10.55,16.2,5.55,0.0,3.5,0.0,65.25,4,2016-03-04
2016-03-04,関東,NB-1,2.0,15080.0,1,1,2016-03-04,8.844444444444443,14.433333333333334,3.733333333333333,0.0,9.166666666666666,0.0,60.66666666666666,9,2016-03-04
2016-03-07,中部,NB-1,3.0,23439.0,1,2,2016-03-07,12.653333333333334,16.146666666666665,10.053333333333336,11.0,0.6333333333333333,0.0,85.0,15,2016-03-07
2016-03-07,九州沖縄,NB-1,2.0,15639.0,1,2,2016-03-07,17.4375,22.5375,13.7875,0.0,8.0875,0.0,81.625,8,2016-03-07
2016-03-07,関東,NB-1,9.0,76258.0,1,4,2016-03-07,13.72222222222222,15.422222222222224,11.88888888888889,22.5,0.0,0.0,91.33333333333331,9,2016-03-07
2016-03-08,中部,NB-1,3.0,23400.0,1,1,2016-03-08,12.74,18.953333333333333,8.506666666666666,0.0666666666666666,5.453333333333333,0.0,77.2,15,2016-03-08
2016-03-09,関東,NB-1,3.0,26039.0,1,2,2016-03-09,8.155555555555557,14.244444444444444,3.7222222222222223,19.61111111111111,0.0,0.0,83.55555555555556,9,2016-03-09
2016-03-10,中部,NB-1,3.0,23400.0,1,1,2016-03-10,5.12,8.206666666666667,2.786666666666666,0.8,1.4666666666666666,0.4545454545454545,69.93333333333334,15,2016-03-10
2016-03-10,東北,NB-1,2.0,16380.0,1,1,2016-03-10,1.7875,5.65,-0.8125,0.0625,5.1,0.375,62.625,8,2016-03-10
2016-03-10,近畿,NB-1,1.0,8190.0,1,1,2016-03-10,6.925,9.65,4.9875,0.0,0.9875,0.0,58.375,8,2016-03-10
2016-03-10,関東,NB-1,4.0,31460.0,1,1,2016-03-10,5.988888888888889,8.855555555555556,3.3777777777777778,0.6666666666666666,0.9333333333333332,0.0,67.88888888888889,9,2016-03-10
2016-03-11,近畿,NB-1,2.0,13780.0,1,1,2016-03-11,6.225,11.1875,2.8125,0.25,5.8375,0.0,61.75,8,2016-03-11
2016-03-14,中国,NB-1,1.0,7839.0,1,1,2016-03-14,7.457142857142857,11.757142857142856,4.6571428571428575,4.142857142857143,2.157142857142857,0.0,74.71428571428571,7,2016-03-14
2016-03-14,九州沖縄,NB-1,1.0,7839.0,1,1,2016-03-14,10.7125,14.9,7.7375,13.8125,3.5125,0.0,70.75,8,2016-03-14
2016-03-14,近畿,NB-1,5.0,36699.0,1,2,2016-03-14,6.4125,8.125,4.8,14.5625,0.175,0.0,81.5,8,2016-03-14
2016-03-14,関東,NB-1,10.0,81718.0,1,5,2016-03-14,5.377777777777777,6.944444444444445,3.8,26.38888888888889,0.0,0.0,88.33333333333333,9,2016-03-14
2016-03-15,中国,NB-1,3.0,24570.0,1,1,2016-03-15,7.485714285714286,12.842857142857143,2.3285714285714287,0.0,10.428571428571429,0.0,57.142857142857146,7,2016-03-15
2016-03-15,東北,NB-1,2.0,16380.0,1,2,2016-03-15,4.175,7.475,1.1875,0.0625,6.325,0.0,56.5,8,2016-03-15
2016-03-15,近畿,NB-1,2.0,16380.0,1,2,2016-03-15,7.45,12.0,3.2625,0.625,9.0,0.0,56.625,8,2016-03-15
2016-03-15,関東,NB-1,4.0,36400.0,1,1,2016-03-15,7.2444444444444445,12.7,2.955555555555556,0.8333333333333334,10.988888888888887,0.0,51.888888888888886,9,2016-03-15
2016-03-16,中部,NB-1,6.0,46800.0,1,1,2016-03-16,7.073333333333333,13.886666666666668,-1.4802973661668754e-17,0.0,5.513333333333334,0.0,59.86666666666667,15,2016-03-16
2016-03-16,近畿,NB-1,1.0,8190.0,1,1,2016-03-16,7.387499999999999,13.925,1.3,0.0,3.4125,0.0,62.25,8,2016-03-16
2016-03-16,関東,NB-1,1.0,8190.0,1,1,2016-03-16,7.633333333333334,12.644444444444444,1.5777777777777775,0.0,4.722222222222222,0.0,58.0,9,2016-03-16
2016-03-17,近畿,NB-1,1.0,8190.0,1,1,2016-03-17,11.325,19.4375,3.9875,0.0,11.1125,0.0,58.375,8,2016-03-17
2016-03-17,関東,NB-1,4.0,30810.0,1,2,2016-03-17,12.244444444444444,20.022222222222226,4.777777777777778,0.0,11.244444444444444,0.0,54.22222222222222,9,2016-03-17
2016-03-18,中国,NB-1,1.0,8190.0,1,1,2016-03-18,12.885714285714286,15.857142857142858,9.62857142857143,14.071428571428571,0.4142857142857142,0.0,81.28571428571429,7,2016-03-18
2016-03-18,中部,NB-1,3.0,23400.0,1,1,2016-03-18,12.453333333333337,19.28,5.326666666666666,4.733333333333333,5.193333333333333,0.0,62.6,15,2016-03-18
2016-03-18,九州沖縄,NB-1,1.0,8190.0,1,1,2016-03-18,16.025,17.7375,14.0375,22.25,0.2125,0.0,86.625,8,2016-03-18
2016-03-18,近畿,NB-1,2.0,15730.0,1,1,2016-03-18,13.4375,19.6375,7.3,8.0625,3.525,0.0,70.125,8,2016-03-18
2016-03-22,中国,NB-1,2.0,15639.0,1,1,2016-03-22,9.657142857142857,17.914285714285715,1.3285714285714287,0.0,11.071428571428571,0.0,58.57142857142857,7,2016-03-22
2016-03-22,中部,NB-1,6.0,46839.0,1,2,2016-03-22,8.493333333333334,16.253333333333334,1.1333333333333333,0.0333333333333333,10.566666666666666,0.0,51.53333333333333,15,2016-03-22
2016-03-22,九州沖縄,NB-1,1.0,8190.0,1,1,2016-03-22,12.925,19.2375,6.237500000000001,0.0,10.225,0.0,61.75,8,2016-03-22
2016-03-22,近畿,NB-1,2.0,16380.0,1,1,2016-03-22,9.1375,16.675,1.9375,0.0,10.7,0.0,54.75,8,2016-03-22
2016-03-22,関東,NB-1,7.0,59800.0,1,4,2016-03-22,9.666666666666666,16.51111111111111,3.0,0.0,9.4,0.0,52.55555555555556,9,2016-03-22
2016-03-23,中部,NB-1,3.0,29250.0,1,1,2016-03-23,9.073333333333332,14.826666666666666,4.493333333333334,0.2,4.38,0.0909090909090909,60.06666666666667,15,2016-03-23
2016-03-23,九州沖縄,NB-1,1.0,8190.0,1,1,2016-03-23,13.6,17.8375,9.675,1.5,2.1625,0.0,74.125,8,2016-03-23
2016-03-23,近畿,NB-1,1.0,8840.0,1,1,2016-03-23,10.95,17.8,5.9125,0.0,7.925,0.0,58.375,8,2016-03-23
2016-03-23,関東,NB-1,6.0,47190.0,1,2,2016-03-23,9.88888888888889,15.844444444444443,5.522222222222222,1.1111111111111112,4.488888888888889,0.0,62.55555555555556,9,2016-03-23
2016-03-24,中国,NB-1,1.0,7800.0,1,1,2016-03-24,8.457142857142857,12.87142857142857,5.2,0.0,5.871428571428572,0.0,51.285714285714285,7,2016-03-24
2016-03-24,関東,NB-1,1.0,8190.0,1,1,2016-03-24,6.122222222222223,10.033333333333331,3.211111111111111,1.1111111111111112,2.577777777777777,0.0,67.77777777777777,9,2016-03-24
2016-03-25,中部,NB-1,2.0,16380.0,1,1,2016-03-25,5.08,10.446666666666664,1.1266666666666665,1.0,7.680000000000001,0.0,59.266666666666666,15,2016-03-25
2016-03-28,東北,NB-1,2.0,16380.0,1,1,2016-03-28,7.675000000000001,14.925,1.525,0.1875,9.325,0.0,60.875,8,2016-03-28
2016-03-28,近畿,NB-1,1.0,7540.0,1,1,2016-03-28,9.625,15.0125,5.5375,0.25,7.4375,0.0,67.0,8,2016-03-28
2016-03-28,関東,NB-1,2.0,16380.0,1,2,2016-03-28,10.77777777777778,15.833333333333334,7.677777777777777,5.888888888888889,3.955555555555556,0.0,74.22222222222223,9,2016-03-28
2016-03-29,中部,NB-1,1.0,8190.0,1,1,2016-03-29,10.6,17.206666666666667,3.373333333333333,0.0666666666666666,8.926666666666668,0.0,54.66666666666666,15,2016-03-29
2016-03-29,関東,NB-1,1.0,8190.0,1,1,2016-03-29,11.666666666666666,17.41111111111111,5.9,0.0,9.411111111111111,0.0,62.22222222222222,9,2016-03-29
2016-03-30,近畿,NB-1,2.0,16380.0,1,1,2016-03-30,13.6375,19.35,8.15,0.125,6.6125,0.0,61.875,8,2016-03-30
2016-03-30,関東,NB-1,4.0,31460.0,1,2,2016-03-30,14.122222222222222,19.466666666666665,8.81111111111111,0.0,6.844444444444445,0.0,55.55555555555556,9,2016-03-30
2016-03-31,関東,NB-1,4.0,36400.0,1,1,2016-03-31,14.288888888888888,20.05555555555556,8.377777777777778,0.0,10.477777777777778,0.0,41.66666666666666,9,2016-03-31
2016-04-01,中部,NB-1,1.0,8190.0,1,1,2016-04-01,12.36,17.36,7.546666666666667,6.133333333333334,3.98,0.0,64.46666666666667,15,2016-04-01
2016-04-01,近畿,NB-1,1.0,6890.0,1,1,2016-04-01,14.025,16.2375,12.1875,4.0625,0.125,0.0,79.875,8,2016-04-01
2016-04-01,関東,NB-1,2.0,18200.0,1,1,2016-04-01,12.266666666666667,18.11111111111111,8.0,0.8888888888888888,5.322222222222222,0.0,60.333333333333336,9,2016-04-01
2016-04-03,中部,NB-1,4.0,32370.0,1,2,2016-04-03,15.7,19.826666666666664,12.126666666666669,7.5,1.5733333333333337,0.0,68.26666666666667,15,2016-04-03
2016-04-03,近畿,NB-1,2.0,17030.0,1,1,2016-04-03,17.1,21.175,14.1,3.6875,0.3125,0.0,71.75,8,2016-04-03
2016-04-04,中国,NB-1,1.0,7839.0,1,1,2016-04-04,14.2,18.2,11.642857142857142,10.0,0.5857142857142857,0.0,87.28571428571429,7,2016-04-04
2016-04-04,中部,NB-1,1.0,7839.0,1,1,2016-04-04,13.206666666666669,17.913333333333334,10.16,28.83333333333333,1.14,0.0,85.46666666666667,15,2016-04-04
2016-04-04,関東,NB-1,8.0,66859.0,1,3,2016-04-04,14.877777777777778,21.1,10.044444444444444,8.722222222222221,1.1444444444444446,0.0,85.22222222222223,9,2016-04-04
2016-04-05,中部,NB-1,5.0,39780.0,1,2,2016-04-05,11.92,16.913333333333334,7.966666666666667,0.0333333333333333,5.513333333333334,0.0,69.86666666666666,15,2016-04-05
2016-04-05,四国,NB-1,1.0,8190.0,1,1,2016-04-05,15.075,19.275,11.95,0.125,5.55,0.0,70.75,4,2016-04-05
2016-04-05,近畿,NB-1,2.0,16380.0,1,1,2016-04-05,13.425,17.6875,9.8875,0.0,5.4375,0.0,66.875,8,2016-04-05
2016-04-05,関東,NB-1,5.0,44330.0,1,2,2016-04-05,10.31111111111111,12.144444444444444,8.044444444444444,0.8333333333333334,0.1111111111111111,0.0,77.33333333333333,9,2016-04-05
2016-04-06,中部,NB-1,2.0,16380.0,1,1,2016-04-06,12.94,19.706666666666667,6.28,0.0333333333333333,8.553333333333335,0.0,58.8,15,2016-04-06
2016-04-06,近畿,NB-1,1.0,8190.0,1,1,2016-04-06,14.8,21.25,8.0875,0.0,8.325,0.0,57.875,8,2016-04-06
2016-04-06,関東,NB-1,2.0,16380.0,1,2,2016-04-06,13.411111111111111,20.244444444444444,5.933333333333334,0.0,8.744444444444445,0.0,61.888888888888886,9,2016-04-06
2016-04-07,中部,NB-1,1.0,8190.0,1,1,2016-04-07,12.866666666666667,17.506666666666668,9.753333333333334,43.7,0.0,0.0,84.53333333333333,15,2016-04-07
2016-04-07,関東,NB-1,3.0,22620.0,1,1,2016-04-07,13.177777777777775,16.58888888888889,11.0,26.444444444444443,0.0555555555555555,0.0,87.88888888888889,9,2016-04-07
2016-04-08,中国,NB-1,1.0,8450.0,1,1,2016-04-08,14.614285714285714,20.1,10.285714285714286,0.0,6.285714285714286,0.0,80.0,7,2016-04-08
2016-04-08,近畿,NB-1,1.0,6890.0,1,1,2016-04-08,14.8375,18.4875,11.375,0.0,3.15,0.0,73.125,8,2016-04-08
2016-04-08,関東,NB-1,2.0,16380.0,1,1,2016-04-08,15.488888888888887,20.83333333333333,10.9,0.0,5.166666666666667,0.0,66.22222222222223,9,2016-04-08
2016-04-11,中国,NB-1,1.0,8190.0,1,1,2016-04-11,11.228571428571428,15.785714285714286,6.314285714285715,0.5,8.8,0.0,56.57142857142857,7,2016-04-11
2016-04-11,中部,NB-1,1.0,7800.0,1,1,2016-04-11,9.213333333333331,14.1,4.1,2.433333333333333,7.493333333333334,0.0,53.8,15,2016-04-11
2016-04-11,北海道,NB-1,1.0,8190.0,1,1,2016-04-11,1.9875,5.4375,-0.1624999999999999,1.625,3.4625,0.0,66.875,8,2016-04-11
2016-04-11,関東,NB-1,9.0,75738.0,1,5,2016-04-11,10.411111111111111,15.511111111111113,6.0,0.0,7.2555555555555555,0.0,51.44444444444444,9,2016-04-11
2016-04-12,中国,NB-1,1.0,8190.0,1,1,2016-04-12,10.9,16.857142857142858,3.4285714285714284,0.0,8.742857142857142,0.0,55.0,7,2016-04-12
2016-04-12,中部,NB-1,7.0,55380.0,1,2,2016-04-12,9.28,15.893333333333334,1.913333333333333,0.2,8.94,0.0,54.46666666666667,15,2016-04-12
2016-04-12,東北,NB-1,1.0,8190.0,1,1,2016-04-12,7.15,13.2375,0.7124999999999999,0.0,10.6625,0.0,49.625,8,2016-04-12
2016-04-12,関東,NB-1,3.0,24570.0,1,2,2016-04-12,9.633333333333333,14.755555555555556,4.0,0.0,11.344444444444443,0.0,46.44444444444444,9,2016-04-12
2016-04-13,中国,NB-1,2.0,15990.0,1,2,2016-04-13,15.342857142857143,21.928571428571427,10.285714285714286,19.5,3.3285714285714287,0.0,75.28571428571429,7,2016-04-13
2016-04-13,中部,NB-1,3.0,23400.0,1,1,2016-04-13,13.893333333333334,19.386666666666667,9.973333333333333,25.666666666666668,2.6533333333333333,0.0,71.53333333333333,15,2016-04-13
2016-04-13,関東,NB-1,3.0,23270.0,1,2,2016-04-13,14.2,19.422222222222224,9.477777777777778,2.2222222222222223,2.9000000000000004,0.0,68.22222222222223,9,2016-04-13
2016-04-14,中部,NB-1,1.0,8190.0,1,1,2016-04-14,15.62,22.16,11.633333333333333,10.8,6.319999999999999,0.0,79.4,15,2016-04-14
2016-04-14,近畿,NB-1,1.0,7540.0,1,1,2016-04-14,17.525,23.675,13.875,3.5,7.3375,0.0,76.25,8,2016-04-14
2016-04-14,関東,NB-1,2.0,15080.0,1,1,2016-04-14,15.422222222222224,19.41111111111111,12.655555555555557,17.88888888888889,2.177777777777778,0.0,85.44444444444444,9,2016-04-14
2016-04-15,中部,NB-1,1.0,8190.0,1,1,2016-04-15,13.353333333333332,18.41333333333333,8.02,0.2,10.9,0.0,48.73333333333333,15,2016-04-15
2016-04-15,四国,NB-1,1.0,8190.0,1,1,2016-04-15,16.925,22.7,12.45,0.0,11.8,0.0,48.0,4,2016-04-15
2016-04-15,東北,NB-1,3.0,24570.0,1,1,2016-04-15,8.9375,12.9375,6.7125,1.0,4.45,0.0,60.25,8,2016-04-15
2016-04-15,近畿,NB-1,1.0,8190.0,1,1,2016-04-15,14.075,18.675,9.0125,0.0,11.7125,0.0,49.25,8,2016-04-15
2016-04-18,中部,NB-1,4.0,31200.0,1,1,2016-04-18,14.773333333333332,19.846666666666668,10.153333333333334,0.0,3.2133333333333334,0.0,58.0,15,2016-04-18
2016-04-18,東北,NB-1,1.0,8190.0,1,1,2016-04-18,13.6125,17.4125,10.5,0.0,2.7625,0.0,53.875,8,2016-04-18
2016-04-18,近畿,NB-1,5.0,39299.0,1,2,2016-04-18,14.825,18.325,11.4375,0.125,0.9125,0.0,63.375,8,2016-04-18
2016-04-18,関東,NB-1,2.0,15730.0,1,2,2016-04-18,17.655555555555555,23.98888888888889,12.988888888888887,1.0555555555555556,5.9,0.0,63.333333333333336,9,2016-04-18
2016-04-19,中部,NB-1,6.0,46800.0,1,1,2016-04-19,13.213333333333331,20.006666666666668,7.1466666666666665,0.1333333333333333,10.166666666666666,0.0,53.333333333333336,15,2016-04-19
2016-04-19,関東,NB-1,2.0,15080.0,1,1,2016-04-19,15.255555555555556,21.711111111111112,10.855555555555556,0.7777777777777778,10.18888888888889,0.0,59.22222222222222,9,2016-04-19
2016-04-20,中部,NB-1,5.0,39000.0,1,1,2016-04-20,13.446666666666664,19.9,6.14,0.0,10.233333333333333,0.0,57.53333333333333,15,2016-04-20
2016-04-20,関東,NB-1,7.0,60580.0,1,2,2016-04-20,13.855555555555556,18.866666666666667,8.344444444444443,0.0,11.677777777777775,0.0,57.22222222222222,9,2016-04-20
2016-04-22,中部,NB-1,9.0,71370.0,1,3,2016-04-22,16.333333333333332,21.6,11.946666666666664,2.6333333333333333,7.06,0.0,79.13333333333334,15,2016-04-22
2016-04-22,東北,NB-1,1.0,9750.0,1,1,2016-04-22,14.2,19.2875,10.9875,0.75,3.3875,0.0,77.25,8,2016-04-22
2016-04-22,関東,NB-1,7.0,61880.0,1,2,2016-04-22,16.422222222222224,23.077777777777776,12.31111111111111,1.0,6.5,0.0,78.44444444444444,9,2016-04-22
2016-04-25,中部,NB-1,7.0,55380.0,1,1,2016-04-25,15.993333333333334,21.540000000000003,11.193333333333332,0.0333333333333333,7.1866666666666665,0.0,64.0,15,2016-04-25
2016-04-25,東北,NB-1,1.0,8190.0,1,1,2016-04-25,12.925,20.575,4.975,0.0,11.7625,0.0,52.625,8,2016-04-25
2016-04-25,関東,NB-1,4.0,31460.0,1,2,2016-04-25,17.077777777777776,21.98888888888889,13.033333333333331,0.0,7.377777777777778,0.0,58.44444444444444,9,2016-04-25
2016-04-26,中国,NB-1,1.0,8450.0,1,1,2016-04-26,17.942857142857143,25.2,10.728571428571428,0.0,11.042857142857144,0.0,68.28571428571429,7,2016-04-26
2016-04-26,中部,NB-1,2.0,16380.0,1,2,2016-04-26,17.36,24.38,11.266666666666667,0.0,11.473333333333333,0.0,64.26666666666667,15,2016-04-26
2016-04-26,近畿,NB-1,1.0,8840.0,1,1,2016-04-26,19.3875,26.275,13.55,0.0,11.675,0.0,64.125,8,2016-04-26
2016-04-26,関東,NB-1,7.0,61230.0,1,2,2016-04-26,18.744444444444444,24.98888888888889,12.7,0.0,11.044444444444444,0.0,65.44444444444444,9,2016-04-26
2016-04-27,中部,NB-1,7.0,54600.0,1,1,2016-04-27,16.14,20.99333333333333,12.353333333333332,5.8,3.5,0.0,75.0,15,2016-04-27
2016-04-27,近畿,NB-1,2.0,16380.0,1,1,2016-04-27,17.3875,20.15,15.65,5.9375,0.0,0.0,81.75,8,2016-04-27
2016-04-27,関東,NB-1,1.0,8190.0,1,1,2016-04-27,16.466666666666665,19.91111111111111,13.922222222222222,0.1666666666666666,1.7222222222222223,0.0,78.44444444444444,9,2016-04-27
2016-04-28,中部,NB-1,1.0,8190.0,1,1,2016-04-28,13.966666666666669,16.533333333333335,11.973333333333333,28.4,0.0266666666666666,0.0,89.26666666666667,15,2016-04-28
2016-04-28,東北,NB-1,6.0,49140.0,1,2,2016-04-28,10.05,12.5375,8.075000000000001,33.1875,0.0,0.0,89.0,8,2016-04-28
2016-04-28,近畿,NB-1,1.0,8190.0,1,1,2016-04-28,15.5625,18.325,12.4125,14.5,0.025,0.0,84.875,8,2016-04-28
2016-04-28,関東,NB-1,5.0,43030.0,1,2,2016-04-28,14.1,15.9,12.788888888888888,24.88888888888889,0.0,0.0,94.77777777777776,9,2016-04-28
2016-05-02,中国,NB-1,2.0,16640.0,1,2,2016-05-02,19.4,26.728571428571428,12.042857142857144,0.0,11.728571428571428,0.0,64.85714285714286,7,2016-05-02
2016-05-02,中部,NB-1,7.0,56550.0,1,2,2016-05-02,18.366666666666667,25.726666666666667,11.406666666666666,0.0,10.1,0.0,60.266666666666666,15,2016-05-02
2016-05-02,九州沖縄,NB-1,1.0,7839.0,1,1,2016-05-02,21.225,26.775,15.85,0.0,9.4625,0.0,66.375,8,2016-05-02
2016-05-02,東北,NB-1,3.0,24219.0,1,1,2016-05-02,11.6375,15.7,8.1,0.125,0.8625,0.0,84.25,8,2016-05-02
2016-05-02,近畿,NB-1,9.0,71357.0,1,2,2016-05-02,20.0375,28.7375,12.6,0.0,11.775,0.0,59.0,8,2016-05-02
2016-05-02,関東,NB-1,10.0,82030.0,1,4,2016-05-02,16.066666666666666,19.77777777777778,12.477777777777778,0.0,2.888888888888889,0.0,76.22222222222223,9,2016-05-02
2016-05-06,中部,NB-1,7.0,54990.0,1,1,2016-05-06,16.026666666666667,21.360000000000003,11.6,4.633333333333334,1.2600000000000002,0.0,59.73333333333333,15,2016-05-06
2016-05-06,四国,NB-1,1.0,8190.0,1,1,2016-05-06,17.275,19.425,15.775,5.5,0.0,0.0,71.75,4,2016-05-06
2016-05-06,近畿,NB-1,4.0,32760.0,1,2,2016-05-06,16.4125,19.7875,14.2125,6.4375,0.0,0.0,68.125,8,2016-05-06
2016-05-06,関東,NB-1,2.0,16380.0,1,2,2016-05-06,17.466666666666665,21.633333333333333,13.244444444444444,1.6111111111111112,2.1333333333333333,0.0,64.33333333333333,9,2016-05-06
2016-05-09,九州沖縄,NB-1,1.0,8190.0,1,1,2016-05-09,20.425,22.8125,18.4125,27.25,1.0,0.0,94.0,8,2016-05-09
2016-05-09,北海道,NB-1,2.0,14729.0,1,1,2016-05-09,12.1375,18.2,6.475,0.0,10.3125,0.0,47.0,8,2016-05-09
2016-05-09,東北,NB-1,1.0,8190.0,1,1,2016-05-09,15.1875,22.8875,6.75,0.1875,10.0,0.0,60.25,8,2016-05-09
2016-05-09,近畿,NB-1,2.0,15678.0,1,2,2016-05-09,16.325,18.95,14.1375,22.5,0.0,0.0,87.5,8,2016-05-09
2016-05-09,関東,NB-1,9.0,75790.0,1,5,2016-05-09,17.955555555555556,21.9,15.0,9.555555555555555,0.6444444444444444,0.0,75.22222222222223,9,2016-05-09
2016-05-10,四国,NB-1,1.0,8190.0,1,1,2016-05-10,19.225,22.075,16.7,16.875,0.0,0.0,95.25,4,2016-05-10
2016-05-10,近畿,NB-1,1.0,8190.0,1,1,2016-05-10,18.5125,21.3125,15.725,13.4375,0.0875,0.0,94.125,8,2016-05-10
2016-05-10,関東,NB-1,1.0,8190.0,1,1,2016-05-10,18.288888888888888,22.666666666666668,15.444444444444445,7.666666666666667,1.2555555555555555,0.0,88.11111111111111,9,2016-05-10
2016-05-11,九州沖縄,NB-1,1.0,8190.0,1,1,2016-05-11,18.475,22.425,15.125,3.5625,4.575,0.0,78.0,8,2016-05-11
2016-05-12,関東,NB-1,2.0,15730.0,1,2,2016-05-12,20.3,26.77777777777778,15.4,0.0,13.033333333333331,0.0,60.22222222222222,9,2016-05-12
2016-05-13,近畿,NB-1,1.0,8840.0,1,1,2016-05-13,19.875,26.1125,13.825,0.0,11.225,0.0,64.75,8,2016-05-13
2016-05-16,中部,NB-1,6.0,46800.0,1,1,2016-05-16,18.96,24.01333333333333,14.58,11.1,4.633333333333334,0.0,71.26666666666667,15,2016-05-16
2016-05-16,九州沖縄,NB-1,2.0,16380.0,1,2,2016-05-16,19.1375,25.2125,13.9875,36.3125,0.9,0.0,86.625,8,2016-05-16
2016-05-16,北海道,NB-1,1.0,7839.0,1,1,2016-05-16,10.8125,13.9375,7.5,0.625,1.9125,0.0,75.75,8,2016-05-16
2016-05-16,近畿,NB-1,5.0,39897.0,1,3,2016-05-16,20.6375,26.025,13.725,42.0625,2.2375,0.0,74.625,8,2016-05-16
2016-05-16,関東,NB-1,9.0,74477.0,1,4,2016-05-16,17.533333333333335,21.1,13.81111111111111,0.0,2.966666666666667,0.0,75.88888888888889,9,2016-05-16
2016-05-17,中部,NB-1,2.0,16380.0,1,2,2016-05-17,15.68,19.633333333333333,12.166666666666666,27.83333333333333,3.2266666666666666,0.0,82.4,15,2016-05-17
2016-05-17,東北,NB-1,1.0,8190.0,1,1,2016-05-17,14.5375,18.0125,11.275,16.875,2.5625,0.0,83.75,8,2016-05-17
2016-05-17,関東,NB-1,4.0,31460.0,1,3,2016-05-17,17.633333333333333,20.544444444444444,14.033333333333331,28.88888888888889,0.2333333333333333,0.0,90.66666666666669,9,2016-05-17
2016-05-18,中部,NB-1,1.0,8190.0,1,1,2016-05-18,17.473333333333336,24.953333333333333,10.553333333333336,0.0,12.373333333333331,0.0,61.06666666666667,15,2016-05-18
2016-05-18,関東,NB-1,4.0,30810.0,1,2,2016-05-18,18.700000000000003,26.0,11.744444444444444,0.0,13.266666666666667,0.0,55.66666666666666,9,2016-05-18
2016-05-19,関東,NB-1,2.0,16380.0,1,1,2016-05-19,18.72222222222222,24.844444444444445,13.466666666666669,0.0,11.77777777777778,0.0,56.22222222222222,9,2016-05-19
2016-05-20,中国,NB-1,1.0,7839.0,1,1,2016-05-20,20.485714285714288,27.17142857142857,14.285714285714286,0.0,12.657142857142857,0.0,65.14285714285714,7,2016-05-20
2016-05-20,中部,NB-1,4.0,31200.0,1,1,2016-05-20,18.7,24.80666666666667,14.006666666666666,0.0,8.486666666666666,0.0,61.333333333333336,15,2016-05-20
2016-05-20,関東,NB-1,1.0,8190.0,1,1,2016-05-20,16.633333333333333,20.666666666666668,13.133333333333333,0.0,3.566666666666667,0.0,65.77777777777777,9,2016-05-20
2016-05-23,中国,NB-1,2.0,16640.0,1,1,2016-05-23,21.9,29.185714285714287,15.242857142857144,0.0,12.314285714285717,0.0,60.285714285714285,7,2016-05-23
2016-05-23,中部,NB-1,3.0,23829.0,1,2,2016-05-23,21.126666666666665,28.706666666666667,14.44,0.0,11.546666666666663,0.0,58.86666666666667,15,2016-05-23
2016-05-23,九州沖縄,NB-1,1.0,8190.0,1,1,2016-05-23,23.875,29.4375,18.8625,0.375,10.2,0.0,62.25,8,2016-05-23
2016-05-23,四国,NB-1,1.0,8190.0,1,1,2016-05-23,22.825,29.45,16.775,0.0,12.675,0.0,59.5,4,2016-05-23
2016-05-23,近畿,NB-1,1.0,8840.0,1,1,2016-05-23,23.0625,30.2,16.9,0.0,11.6625,0.0,58.875,8,2016-05-23
2016-05-23,関東,NB-1,6.0,47697.0,1,3,2016-05-23,22.766666666666666,30.5,14.877777777777778,0.0,12.511111111111113,0.0,50.11111111111112,9,2016-05-23
2016-05-24,中部,NB-1,37.0,289380.0,1,1,2016-05-24,22.746666666666663,29.65333333333333,15.026666666666667,0.0,9.626666666666669,0.0,50.53333333333333,15,2016-05-24
2016-05-24,東北,NB-1,1.0,8190.0,1,1,2016-05-24,20.2375,27.5875,13.425,0.0,6.6875,0.0,58.25,8,2016-05-24
2016-05-24,近畿,NB-1,1.0,6890.0,1,1,2016-05-24,23.375,29.7,17.2,0.0,8.2,0.0,49.25,8,2016-05-24
2016-05-24,関東,NB-1,3.0,22620.0,1,1,2016-05-24,23.166666666666668,29.422222222222224,17.08888888888889,0.0,8.822222222222221,0.0,52.333333333333336,9,2016-05-24
2016-05-25,東北,NB-1,1.0,8190.0,1,1,2016-05-25,19.5,22.7375,16.8875,0.5,0.5874999999999999,0.0,75.625,8,2016-05-25
2016-05-25,近畿,NB-1,1.0,7540.0,1,1,2016-05-25,22.6875,25.0375,19.7875,0.125,0.025,0.0,63.625,8,2016-05-25
2016-05-25,関東,NB-1,4.0,34580.0,1,1,2016-05-25,21.61111111111111,24.444444444444443,19.544444444444444,0.0,0.2888888888888889,0.0,70.77777777777777,9,2016-05-25
2016-05-26,近畿,NB-1,2.0,16380.0,1,1,2016-05-26,23.8375,29.075,21.0625,7.75,1.7375,0.0,77.375,8,2016-05-26
2016-05-26,関東,NB-1,3.0,25480.0,1,1,2016-05-26,23.01111111111111,28.41111111111111,18.688888888888886,0.0,5.611111111111111,0.0,73.11111111111111,9,2016-05-26
2016-05-27,中部,NB-1,1.0,8450.0,1,1,2016-05-27,20.426666666666662,25.386666666666667,16.893333333333334,8.1,5.0600000000000005,0.0,76.33333333333333,15,2016-05-27
2016-05-27,北海道,NB-1,1.0,6890.0,1,1,2016-05-27,16.025,21.225,11.9625,1.5,9.1125,0.0,63.5,8,2016-05-27
2016-05-27,近畿,NB-1,1.0,8190.0,1,1,2016-05-27,22.525,27.225,18.6625,3.125,7.1,0.0,68.875,8,2016-05-27
2016-05-27,関東,NB-1,3.0,24570.0,1,1,2016-05-27,19.633333333333333,22.88888888888889,16.4,16.72222222222222,0.9666666666666666,0.0,84.0,9,2016-05-27
2016-05-30,中部,NB-1,2.0,15639.0,1,2,2016-05-30,18.046666666666667,21.15333333333333,15.253333333333332,8.833333333333334,0.7933333333333332,0.0,82.66666666666667,15,2016-05-30
2016-05-30,北海道,NB-1,1.0,6890.0,1,1,2016-05-30,11.475,15.95,8.45,0.0625,6.5625,0.0,75.375,8,2016-05-30
2016-05-30,近畿,NB-1,2.0,16380.0,1,2,2016-05-30,20.5625,24.25,17.4875,5.625,1.0375,0.0,84.25,8,2016-05-30
2016-05-30,関東,NB-1,6.0,48438.0,1,4,2016-05-30,17.288888888888888,20.944444444444443,15.355555555555554,12.22222222222222,0.0111111111111111,0.0,85.44444444444444,9,2016-05-30
2016-05-31,中国,NB-1,1.0,8190.0,1,1,2016-05-31,22.142857142857142,28.7,15.55714285714286,0.0,11.957142857142856,0.0,67.71428571428571,7,2016-05-31
2016-05-31,中部,NB-1,1.0,8190.0,1,1,2016-05-31,21.10666666666667,26.98,16.686666666666667,0.3,8.953333333333335,0.0,72.13333333333334,15,2016-05-31
2016-05-31,近畿,NB-1,1.0,7540.0,1,1,2016-05-31,23.175,28.1875,18.95,0.0,9.75,0.0,71.25,8,2016-05-31
2016-05-31,関東,NB-1,2.0,15990.0,1,1,2016-05-31,20.266666666666666,25.355555555555554,15.666666666666666,1.7222222222222223,6.688888888888889,0.0,79.0,9,2016-05-31
2016-06-01,近畿,NB-1,1.0,8190.0,1,1,2016-06-01,20.3125,24.55,16.425,0.0,8.3875,0.0,54.75,8,2016-06-01
2016-06-01,関東,NB-1,1.0,8190.0,1,1,2016-06-01,20.688888888888886,25.844444444444445,16.62222222222222,0.1666666666666666,9.955555555555556,0.0,55.22222222222222,9,2016-06-01
2016-06-02,中部,NB-1,3.0,23790.0,1,1,2016-06-02,17.2,22.8,12.366666666666667,0.0,11.013333333333332,0.0,55.93333333333333,15,2016-06-02
2016-06-02,近畿,NB-1,1.0,6500.0,1,1,2016-06-02,18.875,23.725,14.475,0.0,12.2,0.0,53.875,8,2016-06-02
2016-06-02,関東,NB-1,6.0,53040.0,1,2,2016-06-02,19.444444444444443,24.855555555555554,14.58888888888889,0.0,12.5,0.0,40.22222222222222,9,2016-06-02
2016-06-03,北海道,NB-1,1.0,6890.0,1,1,2016-06-03,9.725,13.2625,6.5125,1.375,4.0375,0.0,76.25,8,2016-06-03
2016-06-03,東北,NB-1,2.0,16380.0,1,2,2016-06-03,15.6875,21.875,8.85,0.0,8.3625,0.0,59.0,8,2016-06-03
2016-06-03,関東,NB-1,4.0,32110.0,1,3,2016-06-03,18.8,24.566666666666663,12.1,0.0,12.455555555555556,0.0,51.0,9,2016-06-03
2016-06-06,中部,NB-1,2.0,15600.0,1,1,2016-06-06,19.933333333333334,25.3,14.74,0.0,8.78,0.0,69.86666666666666,15,2016-06-06
2016-06-06,九州沖縄,NB-1,1.0,8190.0,1,1,2016-06-06,22.75,25.9125,19.9,4.6875,1.125,0.0,84.75,8,2016-06-06
2016-06-06,北海道,NB-1,1.0,8190.0,1,1,2016-06-06,12.775,18.225,6.7375,0.0,11.675,0.0,69.375,8,2016-06-06
2016-06-06,東北,NB-1,1.0,8190.0,1,1,2016-06-06,17.725,23.825,12.4625,0.0,9.275,0.0,66.875,8,2016-06-06
2016-06-06,近畿,NB-1,6.0,45890.0,1,3,2016-06-06,21.575,26.9,16.225,0.0,8.2125,0.0,69.625,8,2016-06-06
2016-06-06,関東,NB-1,3.0,23868.0,1,3,2016-06-06,19.577777777777776,23.58888888888889,16.422222222222224,0.0,2.077777777777777,0.0,74.88888888888889,9,2016-06-06
2016-06-07,中部,NB-1,5.0,39390.0,1,2,2016-06-07,20.40666666666667,24.05333333333333,17.773333333333333,2.6666666666666665,0.8733333333333334,0.0,73.53333333333333,15,2016-06-07
2016-06-07,東北,NB-1,1.0,8190.0,1,1,2016-06-07,18.8,23.95,14.0,0.0,7.7125,0.0,71.25,8,2016-06-07
2016-06-07,近畿,NB-1,2.0,16380.0,1,2,2016-06-07,20.375,22.275,18.7,11.4375,0.0,0.0,83.375,8,2016-06-07
2016-06-07,関東,NB-1,3.0,24180.0,1,2,2016-06-07,19.177777777777777,21.155555555555555,17.37777777777778,0.3888888888888889,0.0222222222222222,0.0,83.11111111111111,9,2016-06-07
2016-06-08,中部,NB-1,1.0,8190.0,1,1,2016-06-08,21.973333333333336,27.3,17.566666666666666,0.8333333333333334,8.620000000000001,0.0,69.6,15,2016-06-08
2016-06-08,関東,NB-1,4.0,34840.0,1,2,2016-06-08,21.88888888888889,26.655555555555555,17.87777777777778,0.6666666666666666,4.322222222222222,0.0,73.44444444444444,9,2016-06-08
2016-06-09,中国,NB-1,1.0,8450.0,1,1,2016-06-09,22.4,26.557142857142857,19.914285714285715,18.5,3.8285714285714287,0.0,85.28571428571429,7,2016-06-09
2016-06-10,近畿,NB-1,1.0,7540.0,1,1,2016-06-10,24.2625,29.7875,19.1125,0.0,12.35,0.0,69.25,8,2016-06-10
2016-06-10,関東,NB-1,1.0,7540.0,1,1,2016-06-10,23.64444444444445,28.966666666666665,18.966666666666665,0.0555555555555555,11.755555555555556,0.0,68.0,9,2016-06-10
2016-06-13,中部,NB-1,2.0,15600.0,1,1,2016-06-13,20.40666666666667,22.793333333333333,18.506666666666668,25.8,0.02,0.0,88.6,15,2016-06-13
2016-06-13,東北,NB-1,1.0,8190.0,1,1,2016-06-13,18.5875,21.6,16.7625,14.875,0.0125,0.0,87.375,8,2016-06-13
2016-06-13,近畿,NB-1,1.0,7839.0,1,1,2016-06-13,22.0375,24.725,20.2875,12.6875,0.5875,0.0,85.375,8,2016-06-13
2016-06-13,関東,NB-1,10.0,80678.0,1,3,2016-06-13,19.466666666666665,21.922222222222224,17.566666666666666,64.55555555555556,0.0,0.0,93.77777777777776,9,2016-06-13
2016-06-14,近畿,NB-1,1.0,8840.0,1,1,2016-06-14,23.9125,28.65,20.1,0.0625,7.0,0.0,73.25,8,2016-06-14
2016-06-14,関東,NB-1,2.0,15080.0,1,1,2016-06-14,21.688888888888886,26.211111111111112,18.37777777777778,0.4444444444444444,6.133333333333334,0.0,74.22222222222223,9,2016-06-14
2016-06-15,中国,NB-1,1.0,7800.0,1,1,2016-06-15,24.7,29.428571428571427,20.0,0.0,5.042857142857143,0.0,74.85714285714286,7,2016-06-15
2016-06-15,中部,NB-1,1.0,7800.0,1,1,2016-06-15,22.92,27.5,18.933333333333334,0.7666666666666667,5.760000000000001,0.0,73.26666666666667,15,2016-06-15
2016-06-15,東北,NB-1,1.0,8190.0,1,1,2016-06-15,18.8875,23.025,16.45,1.4375,3.0125,0.0,80.25,8,2016-06-15
2016-06-15,関東,NB-1,2.0,15340.0,1,1,2016-06-15,19.522222222222226,21.73333333333333,18.066666666666663,4.0,0.1222222222222222,0.0,87.11111111111111,9,2016-06-15
2016-06-16,中部,NB-1,1.0,7800.0,1,1,2016-06-16,21.68,24.6,19.473333333333336,14.166666666666666,0.1466666666666666,0.0,80.13333333333334,15,2016-06-16
2016-06-16,東北,NB-1,3.0,24570.0,1,1,2016-06-16,18.9875,21.6625,16.375,14.125,0.1375,0.0,90.5,8,2016-06-16
2016-06-16,近畿,NB-1,1.0,8190.0,1,1,2016-06-16,22.7,24.925,20.8125,26.9375,0.0,0.0,86.0,8,2016-06-16
2016-06-16,関東,NB-1,3.0,23920.0,1,3,2016-06-16,21.077777777777776,23.366666666666667,19.01111111111111,5.888888888888889,0.0111111111111111,0.0,88.55555555555556,9,2016-06-16
2016-06-17,近畿,NB-1,1.0,8190.0,1,1,2016-06-17,23.7625,27.7625,20.3,2.0,4.4125,0.0,75.875,8,2016-06-17
2016-06-17,関東,NB-1,1.0,8190.0,1,1,2016-06-17,23.83333333333333,29.4,19.18888888888889,1.4444444444444444,6.833333333333333,0.0,76.77777777777777,9,2016-06-17
2016-06-20,中国,NB-1,2.0,16380.0,1,1,2016-06-20,24.314285714285717,28.27142857142857,21.9,21.071428571428573,3.942857142857143,0.0,86.42857142857143,7,2016-06-20
2016-06-20,中部,NB-1,4.0,31629.0,1,1,2016-06-20,23.76,28.91333333333333,19.53333333333333,0.6,6.613333333333333,0.0,75.26666666666667,15,2016-06-20
2016-06-20,近畿,NB-1,2.0,14339.0,1,1,2016-06-20,24.6875,28.9125,21.35,0.1875,4.0625,0.0,80.75,8,2016-06-20
2016-06-20,関東,NB-1,4.0,34229.0,1,3,2016-06-20,24.266666666666666,29.8,20.211111111111112,3.388888888888889,7.411111111111111,0.0,78.33333333333333,9,2016-06-20
2016-06-21,中国,NB-1,3.0,24830.0,1,2,2016-06-21,24.12857142857143,27.842857142857145,21.65714285714285,28.071428571428573,2.2285714285714286,0.0,86.0,7,2016-06-21
2016-06-21,中部,NB-1,4.0,31590.0,1,1,2016-06-21,22.90666666666667,27.96,19.56,17.7,5.6866666666666665,0.0,79.26666666666667,15,2016-06-21
2016-06-21,東北,NB-1,1.0,8190.0,1,1,2016-06-21,21.525,27.4,17.5,2.25,6.2125,0.0,77.875,8,2016-06-21
2016-06-22,中部,NB-1,1.0,8190.0,1,1,2016-06-22,23.05333333333333,26.90666666666667,20.546666666666667,7.666666666666667,1.9333333333333331,0.0,81.46666666666667,15,2016-06-22
2016-06-22,九州沖縄,NB-1,1.0,7800.0,1,1,2016-06-22,25.875,28.375,23.975,100.75,1.2875,0.0,90.5,8,2016-06-22
2016-06-22,近畿,NB-1,1.0,8190.0,1,1,2016-06-22,24.1,27.375,21.8,14.5625,0.375,0.0,85.5,8,2016-06-22
2016-06-23,中国,NB-1,1.0,7800.0,1,1,2016-06-23,24.428571428571427,28.857142857142858,21.314285714285717,26.5,6.814285714285715,0.0,81.71428571428571,7,2016-06-23
2016-06-23,中部,NB-1,4.0,31980.0,1,2,2016-06-23,22.56,26.71333333333333,19.5,25.23333333333333,3.1866666666666665,0.0,83.46666666666667,15,2016-06-23
2016-06-23,関東,NB-1,1.0,9750.0,1,1,2016-06-23,22.577777777777776,26.55555555555556,20.72222222222222,14.5,2.1666666666666665,0.0,88.22222222222223,9,2016-06-23
2016-06-24,北海道,NB-1,1.0,8190.0,1,1,2016-06-24,13.1,17.25,10.025,0.0,4.25,0.0,83.875,8,2016-06-24
2016-06-24,近畿,NB-1,1.0,8190.0,1,1,2016-06-24,22.3,26.1625,18.875,15.75,1.525,0.0,84.625,8,2016-06-24
2016-06-24,関東,NB-1,8.0,63570.0,1,4,2016-06-24,21.6,23.67777777777778,19.966666666666665,3.7777777777777777,0.2555555555555555,0.0,87.77777777777777,9,2016-06-24
2016-06-27,中部,NB-1,1.0,7800.0,1,1,2016-06-27,22.4,28.673333333333336,16.946666666666665,3.633333333333333,8.826666666666666,0.0,67.53333333333333,15,2016-06-27
2016-06-27,近畿,NB-1,3.0,24570.0,1,2,2016-06-27,23.0375,29.125,18.3,20.5625,6.7625,0.0,74.125,8,2016-06-27
2016-06-27,関東,NB-1,4.0,32968.0,1,3,2016-06-27,23.72222222222222,28.73333333333333,19.311111111111117,0.0,10.122222222222222,0.0,67.66666666666667,9,2016-06-27
2016-06-28,中国,NB-1,2.0,16900.0,1,1,2016-06-28,21.61428571428572,25.62857142857143,18.6,1.8571428571428568,1.4714285714285715,0.0,84.85714285714286,7,2016-06-28
2016-06-28,中部,NB-1,6.0,48750.0,1,3,2016-06-28,19.546666666666667,22.686666666666667,16.706666666666667,29.03333333333333,0.1333333333333333,0.0,87.2,15,2016-06-28
2016-06-28,東北,NB-1,1.0,8190.0,1,1,2016-06-28,18.8375,21.8375,16.6875,7.5625,1.4625,0.0,87.125,8,2016-06-28
2016-06-28,近畿,NB-1,1.0,8190.0,1,1,2016-06-28,21.0125,24.325,18.3875,9.3125,0.2125,0.0,88.25,8,2016-06-28
2016-06-28,関東,NB-1,6.0,48620.0,1,2,2016-06-28,19.566666666666663,22.08888888888889,17.166666666666668,17.27777777777778,0.0,0.0,89.77777777777777,9,2016-06-28
2016-06-29,中国,NB-1,2.0,15990.0,1,1,2016-06-29,22.214285714285715,24.15714285714285,20.785714285714285,20.428571428571427,0.0,0.0,92.85714285714286,7,2016-06-29
2016-06-29,九州沖縄,NB-1,2.0,16380.0,1,1,2016-06-29,24.325,26.7625,22.75,50.1875,1.3375,0.0,94.75,8,2016-06-29
2016-06-29,関東,NB-1,2.0,15990.0,1,1,2016-06-29,21.366666666666667,24.8,19.27777777777778,1.0,0.5333333333333333,0.0,85.44444444444444,9,2016-06-29
2016-06-30,中部,NB-1,1.0,8190.0,1,1,2016-06-30,23.466666666666665,27.49333333333333,20.49333333333333,1.6666666666666667,2.1933333333333334,0.0,83.13333333333334,15,2016-06-30
2016-06-30,四国,NB-1,1.0,8190.0,1,1,2016-06-30,24.225,26.725,22.35,1.375,0.2749999999999999,0.0,90.5,4,2016-06-30
2016-06-30,近畿,NB-1,2.0,16380.0,1,1,2016-06-30,24.6875,27.4875,22.55,0.6875,0.5249999999999999,0.0,86.125,8,2016-06-30
2016-06-30,関東,NB-1,9.0,76310.0,1,2,2016-06-30,22.83333333333333,26.46666666666667,20.211111111111112,0.5,0.4777777777777777,0.0,85.55555555555556,9,2016-06-30
2016-07-01,中部,NB-1,1.0,7800.0,1,1,2016-07-01,25.64,31.173333333333336,20.84,0.0,10.373333333333331,0.0,74.13333333333334,15,2016-07-01
2016-07-01,関東,NB-1,2.0,18200.0,1,1,2016-07-01,25.38888888888889,30.83333333333333,21.688888888888886,0.0,7.011111111111111,0.0,79.0,9,2016-07-01
2016-07-04,中部,NB-1,3.0,23790.0,1,2,2016-07-04,25.5,30.486666666666668,22.08,6.033333333333333,4.833333333333333,0.0,79.46666666666667,15,2016-07-04
2016-07-04,東北,NB-1,1.0,8190.0,1,1,2016-07-04,22.3375,26.7625,18.6375,0.125,3.4625,0.0,75.125,8,2016-07-04
2016-07-04,近畿,NB-1,5.0,38350.0,1,1,2016-07-04,27.5625,32.85,24.55,4.75,6.237500000000001,0.0,79.5,8,2016-07-04
2016-07-04,関東,NB-1,5.0,41509.0,1,4,2016-07-04,26.633333333333333,32.05555555555556,22.944444444444443,5.666666666666667,7.022222222222222,0.0,77.33333333333333,9,2016-07-04
2016-07-05,近畿,NB-1,1.0,8190.0,1,1,2016-07-05,28.6125,34.35,24.4,0.0,9.55,0.0,73.125,8,2016-07-05
2016-07-05,関東,NB-1,7.0,60840.0,1,2,2016-07-05,21.14444444444445,24.38888888888889,19.55555555555556,0.9444444444444444,0.0222222222222222,0.0,84.22222222222223,9,2016-07-05
2016-07-06,中部,NB-1,1.0,8190.0,1,1,2016-07-06,25.706666666666667,30.89333333333333,21.64,1.7,6.306666666666667,0.0,75.26666666666667,15,2016-07-06
2016-07-06,東北,NB-1,2.0,16380.0,1,1,2016-07-06,18.95,21.55,16.675,38.0625,0.0,0.0,93.625,8,2016-07-06
2016-07-06,近畿,NB-1,1.0,8190.0,1,1,2016-07-06,28.5625,33.1125,25.275,2.375,9.85,0.0,70.625,8,2016-07-06
2016-07-06,関東,NB-1,2.0,15730.0,1,2,2016-07-06,22.711111111111112,26.58888888888889,19.55555555555556,0.0,3.2666666666666666,0.0,81.88888888888889,9,2016-07-06
2016-07-07,中部,NB-1,1.0,8190.0,1,1,2016-07-07,26.626666666666665,32.24666666666667,22.39333333333333,0.1,8.393333333333334,0.0,73.26666666666667,15,2016-07-07
2016-07-07,近畿,NB-1,2.0,15379.0,1,2,2016-07-07,28.325,32.925000000000004,24.8875,4.125,8.975,0.0,73.0,8,2016-07-07
2016-07-07,関東,NB-1,1.0,7540.0,1,1,2016-07-07,25.922222222222224,34.21111111111111,21.05555555555556,0.2777777777777778,10.933333333333334,0.0,75.11111111111111,9,2016-07-07
2016-07-08,中部,NB-1,4.0,32370.0,1,1,2016-07-08,24.75333333333333,28.36,22.146666666666665,2.333333333333333,0.3333333333333333,0.0,80.26666666666667,15,2016-07-08
2016-07-08,九州沖縄,NB-1,1.0,8190.0,1,1,2016-07-08,24.825,27.575,23.3,90.5625,0.25,0.0,92.75,8,2016-07-08
2016-07-08,関東,NB-1,1.0,7800.0,1,1,2016-07-08,24.355555555555554,27.95555555555556,21.355555555555554,0.1111111111111111,1.3777777777777778,0.0,80.66666666666667,9,2016-07-08
2016-07-11,中部,NB-1,4.0,31629.0,1,3,2016-07-11,25.633333333333333,31.42,21.1,0.0,10.466666666666669,0.0,73.0,15,2016-07-11
2016-07-11,九州沖縄,NB-1,1.0,8190.0,1,1,2016-07-11,27.025,29.1,25.625,29.5,1.2375,0.0,91.25,8,2016-07-11
2016-07-11,近畿,NB-1,2.0,16380.0,1,2,2016-07-11,27.8875,32.8,24.35,0.125,6.875,0.0,76.0,8,2016-07-11
2016-07-11,関東,NB-1,5.0,39247.0,1,4,2016-07-11,27.3,33.17777777777778,22.166666666666668,0.0,11.933333333333334,0.0,68.0,9,2016-07-11
2016-07-12,中国,NB-1,1.0,8190.0,1,1,2016-07-12,27.25714285714286,31.2,24.77142857142857,9.785714285714286,1.3285714285714287,0.0,85.85714285714286,7,2016-07-12
2016-07-12,近畿,NB-1,1.0,8190.0,1,1,2016-07-12,27.4875,30.8875,25.15,5.25,0.8625,0.0,83.25,8,2016-07-12
2016-07-12,関東,NB-1,2.0,18200.0,1,1,2016-07-12,26.41111111111111,31.133333333333333,23.14444444444445,0.0,7.466666666666667,0.0,74.88888888888889,9,2016-07-12
2016-07-13,中国,NB-1,2.0,16380.0,1,2,2016-07-13,26.085714285714285,28.457142857142856,24.885714285714283,36.92857142857143,0.2285714285714286,0.0,90.42857142857144,7,2016-07-13
2016-07-13,近畿,NB-1,1.0,8190.0,1,1,2016-07-13,27.1125,29.45,25.2,18.8125,0.5249999999999999,0.0,86.0,8,2016-07-13
2016-07-13,関東,NB-1,3.0,27950.0,1,2,2016-07-13,24.866666666666667,26.75555555555556,23.11111111111111,3.055555555555556,0.0111111111111111,0.0,90.33333333333331,9,2016-07-13
2016-07-14,中国,NB-1,1.0,8450.0,1,1,2016-07-14,26.75714285714286,31.228571428571428,23.514285714285712,4.642857142857143,5.885714285714286,0.0,80.71428571428571,7,2016-07-14
2016-07-14,東北,NB-1,3.0,24570.0,1,2,2016-07-14,22.725,25.8625,20.625,16.75,0.7125,0.0,88.25,8,2016-07-14
2016-07-14,近畿,NB-1,2.0,17030.0,1,1,2016-07-14,26.75,32.075,23.7625,11.125,6.125,0.0,81.0,8,2016-07-14
2016-07-14,関東,NB-1,2.0,16380.0,1,2,2016-07-14,25.566666666666663,32.0,21.811111111111117,23.11111111111111,4.522222222222222,0.0,85.55555555555556,9,2016-07-14
2016-07-15,関東,NB-1,3.0,23270.0,1,2,2016-07-15,22.266666666666666,24.344444444444445,20.966666666666665,23.27777777777778,0.0666666666666666,0.0,91.44444444444444,9,2016-07-15
2016-07-19,中国,NB-1,1.0,8190.0,1,1,2016-07-19,26.457142857142856,30.814285714285717,22.65714285714285,0.0,9.485714285714286,0.0,72.57142857142857,7,2016-07-19
2016-07-19,中部,NB-1,2.0,15639.0,1,2,2016-07-19,25.84,31.21333333333333,21.69333333333333,0.0,10.313333333333333,0.0,70.33333333333333,15,2016-07-19
2016-07-19,九州沖縄,NB-1,1.0,7839.0,1,1,2016-07-19,28.575,32.6625,25.0875,0.0625,9.65,0.0,75.25,8,2016-07-19
2016-07-19,北海道,NB-1,1.0,7839.0,1,1,2016-07-19,17.3,19.5,15.8,17.9375,0.375,0.0,93.125,8,2016-07-19
2016-07-19,四国,NB-1,1.0,8190.0,1,1,2016-07-19,28.25,32.875,23.675,0.0,11.975,0.0,67.0,4,2016-07-19
2016-07-19,東北,NB-1,1.0,8190.0,1,1,2016-07-19,23.7,28.625,20.375,0.0,6.0875,0.0,74.0,8,2016-07-19
2016-07-19,近畿,NB-1,4.0,29809.0,1,2,2016-07-19,27.2,32.325,22.8375,0.0,11.3,0.0,66.75,8,2016-07-19
2016-07-19,関東,NB-1,10.0,78299.0,1,4,2016-07-19,27.177777777777777,31.766666666666666,23.866666666666667,1.7222222222222223,7.98888888888889,0.0,73.77777777777777,9,2016-07-19
2016-07-20,中国,NB-1,4.0,32760.0,1,2,2016-07-20,26.37142857142857,31.52857142857143,22.47142857142857,0.4285714285714285,9.7,0.0,73.57142857142857,7,2016-07-20
2016-07-20,四国,NB-1,1.0,8190.0,1,1,2016-07-20,28.1,32.575,24.675,2.25,10.125,0.0,68.25,4,2016-07-20
2016-07-20,近畿,NB-1,1.0,8190.0,1,1,2016-07-20,26.95,32.3625,22.5875,0.0,12.2375,0.0,65.0,8,2016-07-20
2016-07-20,関東,NB-1,5.0,40560.0,1,2,2016-07-20,25.633333333333333,29.866666666666667,22.58888888888889,7.333333333333333,5.855555555555556,0.0,76.44444444444444,9,2016-07-20
2016-07-21,中国,NB-1,2.0,16250.0,1,1,2016-07-21,26.11428571428572,30.914285714285715,22.442857142857143,0.0,9.142857142857142,0.0,71.85714285714286,7,2016-07-21
2016-07-21,中部,NB-1,3.0,24570.0,1,1,2016-07-21,24.666666666666668,29.44,21.57333333333333,0.6,5.72,0.0,74.6,15,2016-07-21
2016-07-21,九州沖縄,NB-1,2.0,16380.0,1,1,2016-07-21,28.25,33.0,24.7625,0.0,10.9375,0.0,74.75,8,2016-07-21
2016-07-21,関東,NB-1,5.0,45500.0,1,1,2016-07-21,22.08888888888889,23.87777777777778,20.73333333333333,12.72222222222222,0.0,0.0,89.66666666666667,9,2016-07-21
2016-07-22,東北,NB-1,2.0,16900.0,1,1,2016-07-22,21.2625,26.4125,17.1625,1.5625,8.475,0.0,72.75,8,2016-07-22
2016-07-22,関東,NB-1,5.0,42770.0,1,2,2016-07-22,21.422222222222224,23.61111111111111,20.03333333333333,3.333333333333333,0.3222222222222222,0.0,83.88888888888889,9,2016-07-22
2016-07-25,中部,NB-1,7.0,55419.0,1,3,2016-07-25,25.026666666666664,29.76,22.146666666666665,1.0666666666666669,4.2,0.0,72.53333333333333,15,2016-07-25
2016-07-25,北海道,NB-1,1.0,6890.0,1,1,2016-07-25,18.525,22.275,15.6,0.0,6.5,0.0,83.5,8,2016-07-25
2016-07-25,東北,NB-1,1.0,8190.0,1,1,2016-07-25,23.65,29.2125,18.95,0.125,8.875,0.0,74.125,8,2016-07-25
2016-07-25,近畿,NB-1,2.0,16679.0,1,2,2016-07-25,26.3375,29.25,24.3125,0.1875,0.425,0.0,74.375,8,2016-07-25
2016-07-25,関東,NB-1,9.0,72878.0,1,4,2016-07-25,24.27777777777778,27.977777777777774,21.11111111111111,0.0,4.122222222222223,0.0,77.11111111111111,9,2016-07-25
2016-07-26,近畿,NB-1,1.0,7540.0,1,1,2016-07-26,25.275,27.9,23.5,21.8125,0.4,0.0,86.625,8,2016-07-26
2016-07-26,関東,NB-1,3.0,23790.0,1,2,2016-07-26,23.23333333333333,25.566666666666663,21.4,5.722222222222222,0.3444444444444444,0.0,87.77777777777777,9,2016-07-26
2016-07-27,中国,NB-1,1.0,8190.0,1,1,2016-07-27,28.32857142857143,33.25714285714286,24.571428571428573,0.0,8.757142857142856,0.0,71.85714285714286,7,2016-07-27
2016-07-27,中部,NB-1,4.0,31200.0,1,1,2016-07-27,24.933333333333334,29.446666666666665,21.32,7.6,3.7,0.0,80.8,15,2016-07-27
2016-07-27,近畿,NB-1,2.0,16380.0,1,1,2016-07-27,27.3125,32.1375,23.875,0.0,5.5875,0.0,78.5,8,2016-07-27
2016-07-27,関東,NB-1,3.0,25740.0,1,2,2016-07-27,24.1,27.14444444444445,21.711111111111112,1.5,0.4444444444444444,0.0,85.22222222222223,9,2016-07-27
2016-07-28,中国,NB-1,2.0,16380.0,1,1,2016-07-28,28.885714285714283,33.971428571428575,25.11428571428572,0.0,8.342857142857143,0.0,69.28571428571429,7,2016-07-28
2016-07-28,九州沖縄,NB-1,1.0,8190.0,1,1,2016-07-28,29.55,33.9875,26.2375,0.0,9.5625,0.0,71.5,8,2016-07-28
2016-07-29,中部,NB-1,1.0,8450.0,1,1,2016-07-29,27.12,32.06,23.28,0.0666666666666666,9.12,0.0,69.6,15,2016-07-29
2016-07-29,近畿,NB-1,1.0,7540.0,1,1,2016-07-29,28.25,33.0625,24.3625,0.0,8.925,0.0,69.875,8,2016-07-29
2016-07-29,関東,NB-1,6.0,53040.0,1,2,2016-07-29,26.95555555555556,31.91111111111111,23.08888888888889,0.0,9.744444444444444,0.0,72.55555555555556,9,2016-07-29
2016-08-01,中部,NB-1,6.0,47970.0,1,3,2016-08-01,26.87333333333333,32.45333333333333,23.58,6.566666666666666,8.0,0.0,75.8,15,2016-08-01
2016-08-01,東北,NB-1,4.0,32409.0,1,2,2016-08-01,26.6875,31.825,22.8625,2.1875,6.825,0.0,77.625,8,2016-08-01
2016-08-01,近畿,NB-1,1.0,8190.0,1,1,2016-08-01,29.05,34.125,25.125,0.0,9.775,0.0,70.125,8,2016-08-01
2016-08-01,関東,NB-1,5.0,39546.0,1,4,2016-08-01,27.077777777777776,32.166666666666664,24.244444444444444,12.22222222222222,4.533333333333333,0.0,80.44444444444444,9,2016-08-01
2016-08-02,中国,NB-1,2.0,16900.0,1,1,2016-08-02,28.142857142857142,33.05714285714286,24.442857142857143,1.0714285714285714,7.628571428571428,0.0,73.28571428571429,7,2016-08-02
2016-08-02,中部,NB-1,1.0,7800.0,1,1,2016-08-02,25.86,31.03333333333333,23.08,13.8,4.986666666666666,0.0,80.66666666666667,15,2016-08-02
2016-08-03,中部,NB-1,3.0,24180.0,1,1,2016-08-03,26.1,31.173333333333336,22.52,3.8666666666666663,6.733333333333333,0.0,78.8,15,2016-08-03
2016-08-03,近畿,NB-1,1.0,7540.0,1,1,2016-08-03,28.4375,33.8375,24.2,0.0,9.625,0.0,69.5,8,2016-08-03
2016-08-03,関東,NB-1,4.0,32110.0,1,3,2016-08-03,26.666666666666668,31.45555555555556,23.37777777777778,4.0,5.677777777777777,0.0,82.0,9,2016-08-03
2016-08-05,中部,NB-1,2.0,16380.0,1,1,2016-08-05,27.37333333333333,32.559999999999995,23.40666666666667,2.2,10.293333333333331,0.0,75.33333333333333,15,2016-08-05
2016-08-05,関東,NB-1,6.0,55250.0,1,1,2016-08-05,28.78888888888889,33.8,24.655555555555555,0.0,10.933333333333334,0.0,74.77777777777777,9,2016-08-05
2016-08-08,中部,NB-1,6.0,48867.0,1,3,2016-08-08,28.78,34.82666666666667,23.66,0.0,11.92,0.0,64.06666666666666,15,2016-08-08
2016-08-08,九州沖縄,NB-1,2.0,19500.0,1,2,2016-08-08,29.475,34.025,26.1125,6.4375,8.275,0.0,74.375,8,2016-08-08
2016-08-08,近畿,NB-1,2.0,15678.0,1,1,2016-08-08,30.0,35.725,25.125,0.0,11.475,0.0,63.625,8,2016-08-08
2016-08-08,関東,NB-1,10.0,80418.0,1,5,2016-08-08,28.23333333333333,32.55555555555556,24.311111111111117,1.8333333333333333,5.044444444444444,0.0,68.66666666666667,9,2016-08-08
2016-08-09,中部,NB-1,2.0,16380.0,1,2,2016-08-09,28.326666666666664,33.67333333333333,23.953333333333333,1.1,8.753333333333334,0.0,64.6,15,2016-08-09
2016-08-09,東北,NB-1,4.0,32760.0,1,2,2016-08-09,27.075,31.9625,22.875,0.875,7.2625,0.0,67.5,8,2016-08-09
2016-08-09,近畿,NB-1,1.0,8190.0,1,1,2016-08-09,29.5,34.775,25.6625,0.0,9.5625,0.0,63.25,8,2016-08-09
2016-08-09,関東,NB-1,6.0,53690.0,1,1,2016-08-09,30.67777777777778,36.48888888888889,26.155555555555555,0.0,9.088888888888889,0.0,56.0,9,2016-08-09
2016-08-10,中国,NB-1,1.0,8190.0,1,1,2016-08-10,28.15714285714285,34.0,22.885714285714283,0.0,12.585714285714284,0.0,62.42857142857143,7,2016-08-10
2016-08-10,中部,NB-1,1.0,8190.0,1,1,2016-08-10,26.76,32.12,22.933333333333334,0.0,9.06,0.0,65.26666666666667,15,2016-08-10
2016-08-10,九州沖縄,NB-1,2.0,16380.0,1,1,2016-08-10,30.275,35.1875,26.55,1.0625,10.5375,0.0,70.0,8,2016-08-10
2016-08-10,近畿,NB-1,1.0,8190.0,1,1,2016-08-10,28.0625,33.5875,23.85,0.0,11.3875,0.0,60.125,8,2016-08-10
2016-08-10,関東,NB-1,4.0,30680.0,1,1,2016-08-10,28.25555555555556,33.05555555555556,25.01111111111111,0.0,7.422222222222222,0.0,66.77777777777777,9,2016-08-10
2016-08-12,北海道,NB-1,1.0,8190.0,1,1,2016-08-12,21.325,25.7375,17.375,0.0,11.1125,0.0,79.875,8,2016-08-12
2016-08-12,東北,NB-1,1.0,8190.0,1,1,2016-08-12,24.425,31.1625,18.725,0.0,12.025,0.0,67.5,8,2016-08-12
2016-08-12,近畿,NB-1,3.0,23920.0,1,1,2016-08-12,28.5375,34.5125,23.4375,0.0,11.6375,0.0,65.375,8,2016-08-12
2016-08-12,関東,NB-1,3.0,27690.0,1,1,2016-08-12,26.03333333333333,30.522222222222226,23.5,0.0,6.455555555555555,0.0,70.33333333333333,9,2016-08-12
2016-08-16,中部,NB-1,3.0,23517.0,1,2,2016-08-16,27.36,32.82,23.53333333333333,5.866666666666666,7.04,0.0,72.0,15,2016-08-16
2016-08-16,九州沖縄,NB-1,1.0,7839.0,1,1,2016-08-16,29.525,33.8125,26.1875,6.25,7.55,0.0,75.0,8,2016-08-16
2016-08-16,東北,NB-1,2.0,16029.0,1,2,2016-08-16,26.3125,31.6375,22.4875,2.0,5.3875,0.0,77.875,8,2016-08-16
2016-08-16,近畿,NB-1,3.0,23517.0,1,2,2016-08-16,28.9875,34.4,25.625,8.875,7.225,0.0,76.125,8,2016-08-16
2016-08-16,関東,NB-1,6.0,48399.0,1,3,2016-08-16,26.744444444444444,31.98888888888889,23.58888888888889,24.944444444444443,3.2,0.0,81.66666666666667,9,2016-08-16
2016-08-17,中部,NB-1,3.0,23790.0,1,2,2016-08-17,27.446666666666665,33.059999999999995,24.006666666666668,2.9,6.413333333333333,0.0,74.53333333333333,15,2016-08-17
2016-08-17,近畿,NB-1,2.0,16380.0,1,2,2016-08-17,28.125,32.6375,25.4375,1.125,3.225,0.0,77.5,8,2016-08-17
2016-08-17,関東,NB-1,5.0,42770.0,1,2,2016-08-17,28.355555555555554,34.84444444444445,23.38888888888889,25.444444444444443,6.911111111111111,0.0,77.55555555555556,9,2016-08-17
2016-08-18,近畿,NB-1,1.0,8190.0,1,1,2016-08-18,29.325,34.65,25.175,0.0,7.75,0.0,69.625,8,2016-08-18
2016-08-18,関東,NB-1,1.0,8190.0,1,1,2016-08-18,26.566666666666663,29.93333333333333,24.788888888888888,29.11111111111111,1.7444444444444445,0.0,87.77777777777777,9,2016-08-18
2016-08-19,中部,NB-1,1.0,8190.0,1,1,2016-08-19,27.64,32.446666666666665,24.313333333333333,2.3666666666666667,7.439999999999999,0.0,75.86666666666666,15,2016-08-19
2016-08-19,九州沖縄,NB-1,1.0,8190.0,1,1,2016-08-19,30.1125,34.8125,27.075,0.375,8.8125,0.0,72.625,8,2016-08-19
2016-08-19,東北,NB-1,1.0,8190.0,1,1,2016-08-19,26.7875,31.7375,23.4125,0.5,7.4875,0.0,78.875,8,2016-08-19
2016-08-19,近畿,NB-1,2.0,15730.0,1,1,2016-08-19,30.0125,35.8125,26.1625,0.0,9.475,0.0,70.625,8,2016-08-19
2016-08-19,関東,NB-1,1.0,7800.0,1,1,2016-08-19,27.244444444444444,31.62222222222222,24.64444444444445,2.7777777777777777,5.966666666666667,0.0,81.55555555555556,9,2016-08-19
2016-08-22,中部,NB-1,4.0,31278.0,1,2,2016-08-22,27.3,32.07333333333334,23.986666666666668,4.866666666666666,3.9,0.0,75.46666666666667,15,2016-08-22
2016-08-22,東北,NB-1,1.0,7839.0,1,1,2016-08-22,25.725,30.6,22.5875,63.8125,1.8375,0.0,87.125,8,2016-08-22
2016-08-22,近畿,NB-1,4.0,31408.0,1,3,2016-08-22,29.9375,35.6,26.7875,2.75,7.824999999999999,0.0,68.5,8,2016-08-22
2016-08-22,関東,NB-1,6.0,47489.0,1,4,2016-08-22,25.4,27.311111111111117,22.933333333333334,104.22222222222224,0.025,0.0,92.66666666666669,9,2016-08-22
2016-08-23,中部,NB-1,8.0,63960.0,1,2,2016-08-23,26.59333333333333,31.78,23.273333333333333,2.7666666666666666,6.366666666666666,0.0,75.86666666666666,15,2016-08-23
2016-08-23,近畿,NB-1,1.0,8190.0,1,1,2016-08-23,29.2,34.3125,26.0875,0.125,7.125,0.0,64.375,8,2016-08-23
2016-08-23,関東,NB-1,5.0,45500.0,1,1,2016-08-23,26.03333333333333,31.0,22.6,23.72222222222222,3.488888888888889,0.0,84.88888888888889,9,2016-08-23
2016-08-24,中国,NB-1,1.0,8190.0,1,1,2016-08-24,28.057142857142857,33.5,23.485714285714288,0.0,7.399999999999999,0.0,68.28571428571429,7,2016-08-24
2016-08-25,関東,NB-1,2.0,18200.0,1,1,2016-08-25,27.48888888888889,32.13333333333333,23.822222222222223,5.388888888888889,8.31111111111111,0.0,77.77777777777777,9,2016-08-25
2016-08-26,中部,NB-1,4.0,32760.0,1,1,2016-08-26,27.02,32.72666666666667,22.89333333333333,9.1,7.439999999999999,0.0,73.53333333333333,15,2016-08-26
2016-08-26,北海道,NB-1,3.0,20670.0,1,1,2016-08-26,20.1625,23.8875,16.225,23.4375,0.6,0.0,85.375,8,2016-08-26
2016-08-29,九州沖縄,NB-1,1.0,7839.0,1,1,2016-08-29,24.425,27.9875,21.45,2.625,7.05,0.0,68.125,8,2016-08-29
2016-08-29,北海道,NB-1,1.0,7839.0,1,1,2016-08-29,21.7875,24.9,18.5125,8.3125,2.95,0.0,88.875,8,2016-08-29
2016-08-29,東北,NB-1,1.0,8190.0,1,1,2016-08-29,24.85,29.0375,20.8625,4.5625,4.6125,0.0,84.375,8,2016-08-29
2016-08-29,近畿,NB-1,6.0,48438.0,1,1,2016-08-29,24.25,27.675,21.0875,80.4375,0.05,0.0,86.75,8,2016-08-29
2016-08-29,関東,NB-1,1.0,7839.0,1,1,2016-08-29,25.444444444444443,29.666666666666668,22.066666666666663,10.72222222222222,3.566666666666667,0.0,89.55555555555556,9,2016-08-29
2016-08-30,中部,NB-1,4.0,31200.0,1,1,2016-08-30,22.48,26.566666666666663,19.566666666666663,27.9,3.8866666666666654,0.0,78.2,15,2016-08-30
2016-08-31,中部,NB-1,1.0,8190.0,1,1,2016-08-31,25.09333333333333,31.23333333333333,19.38,0.0,11.433333333333334,0.0,57.8,15,2016-08-31
2016-09-01,四国,NB-1,1.0,8190.0,1,1,2016-09-01,25.35,30.95,20.3,0.0,6.425000000000001,0.0,56.0,4,2016-09-01
2016-09-01,近畿,NB-1,4.0,32760.0,1,2,2016-09-01,25.875,31.875,20.725,0.0,10.1625,0.0,61.125,8,2016-09-01
2016-09-01,関東,NB-1,3.0,23920.0,1,3,2016-09-01,26.12222222222222,31.88888888888889,21.3,0.0,10.644444444444444,0.0,68.11111111111111,9,2016-09-01
2016-09-02,九州沖縄,NB-1,1.0,7800.0,1,1,2016-09-02,25.8875,28.8125,23.4875,6.625,1.9125,0.0,78.125,8,2016-09-02
2016-09-02,東北,NB-1,1.0,8190.0,1,1,2016-09-02,24.75,30.1,20.325,0.0,8.375,0.0,76.375,8,2016-09-02
2016-09-02,関東,NB-1,7.0,58760.0,1,3,2016-09-02,26.066666666666663,30.78888888888889,21.944444444444443,1.6666666666666667,8.7,0.0,75.66666666666667,9,2016-09-02
2016-09-05,中国,NB-1,1.0,8450.0,1,1,2016-09-05,25.642857142857142,28.02857142857143,23.928571428571427,9.357142857142858,0.6,0.0,86.42857142857143,7,2016-09-05
2016-09-05,中部,NB-1,1.0,7800.0,1,1,2016-09-05,26.18,30.78666666666667,22.973333333333336,6.8,3.64,0.0,77.6,15,2016-09-05
2016-09-05,四国,NB-1,1.0,8190.0,1,1,2016-09-05,26.05,29.375,23.775,22.75,1.45,0.0,87.25,4,2016-09-05
2016-09-05,近畿,NB-1,2.0,16380.0,1,2,2016-09-05,26.55,30.375,24.375,3.375,1.375,0.0,81.375,8,2016-09-05
2016-09-05,関東,NB-1,6.0,47489.0,1,1,2016-09-05,27.64444444444445,32.45555555555556,24.044444444444444,1.8333333333333333,7.644444444444444,0.0,78.11111111111111,9,2016-09-05
2016-09-06,中国,NB-1,3.0,24700.0,1,2,2016-09-06,26.74285714285714,31.414285714285715,23.47142857142857,0.2142857142857142,6.057142857142857,0.0,81.28571428571429,7,2016-09-06
2016-09-06,中部,NB-1,2.0,15600.0,1,1,2016-09-06,26.03333333333333,30.72,23.35333333333333,5.033333333333333,4.366666666666666,0.0,79.4,15,2016-09-06
2016-09-06,東北,NB-1,3.0,24570.0,1,1,2016-09-06,25.9375,31.425,22.675,6.25,3.8875,0.0,79.625,8,2016-09-06
2016-09-07,中部,NB-1,2.0,16380.0,1,1,2016-09-07,26.133333333333333,31.07333333333333,23.126666666666665,3.3666666666666667,5.973333333333334,0.0,80.06666666666666,15,2016-09-07
2016-09-07,東北,NB-1,2.0,16380.0,1,1,2016-09-07,23.9375,28.5875,21.1125,4.6875,3.2125000000000004,0.0,81.625,8,2016-09-07
2016-09-08,中部,NB-1,1.0,8190.0,1,1,2016-09-08,24.4,27.673333333333336,22.07333333333333,22.53333333333333,1.1866666666666668,0.0,86.8,15,2016-09-08
2016-09-08,九州沖縄,NB-1,1.0,8190.0,1,1,2016-09-08,26.3,30.7125,23.025,5.8125,8.325,0.0,74.375,8,2016-09-08
2016-09-08,近畿,NB-1,3.0,24570.0,1,2,2016-09-08,25.4125,28.55,22.55,18.4375,1.0625,0.0,82.0,8,2016-09-08
2016-09-08,関東,NB-1,8.0,68770.0,1,3,2016-09-08,25.55555555555556,29.466666666666665,23.4,21.55555555555556,1.8333333333333333,0.0,90.77777777777776,9,2016-09-08
2016-09-09,中部,NB-1,1.0,7800.0,1,1,2016-09-09,23.953333333333333,28.85333333333333,20.5,0.6333333333333333,7.786666666666666,0.0,71.86666666666666,15,2016-09-09
2016-09-09,東北,NB-1,1.0,8190.0,1,1,2016-09-09,23.125,27.6125,19.7875,4.5,4.325,0.0,76.125,8,2016-09-09
2016-09-09,近畿,NB-1,1.0,6890.0,1,1,2016-09-09,24.5625,29.4125,21.3875,0.0,7.2375,0.0,69.625,8,2016-09-09
2016-09-09,関東,NB-1,1.0,8190.0,1,1,2016-09-09,26.355555555555554,30.922222222222224,22.655555555555555,1.5555555555555556,6.866666666666667,0.0,75.33333333333333,9,2016-09-09
2016-09-12,中部,NB-1,2.0,16289.0,1,1,2016-09-12,24.08,28.18,21.28,6.7,2.0933333333333333,0.0,78.4,15,2016-09-12
2016-09-12,四国,NB-1,1.0,8190.0,1,1,2016-09-12,26.5,30.025,24.275,9.75,0.45,0.0,78.25,4,2016-09-12
2016-09-12,近畿,NB-1,3.0,24570.0,1,3,2016-09-12,26.3375,30.25,22.925,4.75,1.85,0.0,74.75,8,2016-09-12
2016-09-12,関東,NB-1,3.0,22919.0,1,2,2016-09-12,24.07777777777778,27.755555555555556,21.444444444444443,2.6666666666666665,1.3333333333333333,0.0,81.44444444444444,9,2016-09-12
2016-09-13,中部,NB-1,2.0,15990.0,1,2,2016-09-13,23.15333333333333,25.92,21.2,33.53333333333333,0.1533333333333333,0.0,90.2,15,2016-09-13
2016-09-13,九州沖縄,NB-1,1.0,8190.0,1,1,2016-09-13,26.125,29.7375,23.5375,1.75,3.6,0.0,80.875,8,2016-09-13
2016-09-13,関東,NB-1,3.0,23270.0,1,1,2016-09-13,22.633333333333333,25.03333333333333,20.966666666666665,45.0,0.1444444444444444,0.0,92.44444444444444,9,2016-09-13
2016-09-14,中国,NB-1,1.0,7800.0,1,1,2016-09-14,23.87142857142857,27.214285714285715,21.77142857142857,0.2142857142857142,1.5285714285714285,0.0,82.42857142857143,7,2016-09-14
2016-09-14,中部,NB-1,1.0,8190.0,1,1,2016-09-14,23.68,27.66,21.613333333333333,4.2,1.9,0.0,83.13333333333334,15,2016-09-14
2016-09-14,東北,NB-1,1.0,8190.0,1,1,2016-09-14,21.75,26.3375,18.425,1.5625,2.5375,0.0,85.125,8,2016-09-14
2016-09-14,近畿,NB-1,1.0,6500.0,1,1,2016-09-14,24.6875,27.6625,22.7375,0.75,1.1625,0.0,79.5,8,2016-09-14
2016-09-14,関東,NB-1,1.0,7540.0,1,1,2016-09-14,23.14444444444445,26.12222222222222,20.766666666666666,1.4444444444444444,0.6444444444444445,0.0,87.33333333333333,9,2016-09-14
2016-09-15,中部,NB-1,3.0,23790.0,1,2,2016-09-15,23.453333333333333,26.933333333333334,21.113333333333333,0.1333333333333333,2.7466666666666666,0.0,78.8,15,2016-09-15
2016-09-15,九州沖縄,NB-1,3.0,26130.0,1,1,2016-09-15,26.4125,30.3875,23.6125,10.0,4.975,0.0,80.625,8,2016-09-15
2016-09-15,関東,NB-1,2.0,15080.0,1,1,2016-09-15,24.12222222222222,27.244444444444444,21.91111111111111,6.666666666666667,0.6777777777777778,0.0,85.22222222222223,9,2016-09-15
2016-09-16,中国,NB-1,1.0,8450.0,1,1,2016-09-16,25.057142857142857,29.557142857142857,22.12857142857143,0.0,2.5,0.0,79.71428571428571,7,2016-09-16
2016-09-16,中部,NB-1,1.0,8190.0,1,1,2016-09-16,23.07333333333333,26.94,20.41333333333333,0.3666666666666666,1.34,0.0,80.53333333333333,15,2016-09-16
2016-09-16,九州沖縄,NB-1,1.0,8190.0,1,1,2016-09-16,26.8375,30.9125,23.6875,2.9375,6.050000000000001,0.0,79.875,8,2016-09-16
2016-09-16,近畿,NB-1,2.0,15080.0,1,2,2016-09-16,25.05,30.1,21.5,0.0,3.625,0.0,75.375,8,2016-09-16
2016-09-20,中国,NB-1,2.0,15600.0,1,2,2016-09-20,20.3,22.557142857142857,18.7,41.642857142857146,0.2571428571428571,0.0,82.85714285714286,7,2016-09-20
2016-09-20,中部,NB-1,7.0,56550.0,1,2,2016-09-20,19.38,21.173333333333336,18.040000000000003,77.6,0.0133333333333333,0.0,92.93333333333334,15,2016-09-20
2016-09-20,東北,NB-1,1.0,8190.0,1,1,2016-09-20,16.5125,18.8875,14.8625,21.375,0.4,0.0,87.25,8,2016-09-20
2016-09-20,近畿,NB-1,6.0,44889.0,1,2,2016-09-20,21.25,22.5125,20.1,69.875,0.0,0.0,88.125,8,2016-09-20
2016-09-20,関東,NB-1,7.0,54028.0,1,2,2016-09-20,19.311111111111117,20.700000000000003,18.01111111111111,77.0,0.0,0.0,96.66666666666669,9,2016-09-20
2016-09-21,中国,NB-1,1.0,8190.0,1,1,2016-09-21,21.185714285714287,24.37142857142857,18.342857142857145,0.8571428571428571,0.5142857142857143,0.0,78.71428571428571,7,2016-09-21
2016-09-21,九州沖縄,NB-1,1.0,8190.0,1,1,2016-09-21,23.8375,27.5125,20.975,0.0,4.4,0.0,68.125,8,2016-09-21
2016-09-21,近畿,NB-1,1.0,8190.0,1,1,2016-09-21,22.0125,25.0375,19.85,2.5625,0.2125,0.0,85.875,8,2016-09-21
2016-09-21,関東,NB-1,2.0,15080.0,1,1,2016-09-21,20.200000000000003,23.08888888888889,17.811111111111114,0.3333333333333333,0.7222222222222222,0.0,83.11111111111111,9,2016-09-21
2016-09-23,中部,NB-1,3.0,23400.0,1,1,2016-09-23,20.646666666666665,22.64,18.74,14.7,0.3,0.0,91.86666666666666,15,2016-09-23
2016-09-23,東北,NB-1,1.0,8190.0,1,1,2016-09-23,19.175,22.5,16.6875,8.4375,0.2624999999999999,0.0,92.625,8,2016-09-23
2016-09-23,近畿,NB-1,1.0,8190.0,1,1,2016-09-23,22.4,25.5375,20.225,2.25,1.2125,0.0,81.5,8,2016-09-23
2016-09-23,関東,NB-1,1.0,8190.0,1,1,2016-09-23,20.977777777777774,23.03333333333333,19.11111111111111,8.11111111111111,0.0111111111111111,0.0,95.77777777777776,9,2016-09-23
2016-09-26,中国,NB-1,1.0,7800.0,1,1,2016-09-26,24.65714285714285,28.785714285714285,22.2,9.5,1.457142857142857,0.0,88.0,7,2016-09-26
2016-09-26,九州沖縄,NB-1,3.0,26130.0,1,3,2016-09-26,27.5875,31.6375,24.4,5.3125,6.0625,0.0,78.25,8,2016-09-26
2016-09-26,北海道,NB-1,1.0,8190.0,1,1,2016-09-26,19.35,24.5,14.8125,0.0,9.8,0.0,70.625,8,2016-09-26
2016-09-26,東北,NB-1,3.0,24570.0,1,1,2016-09-26,21.7375,25.6375,19.2875,1.4375,1.3,0.0,87.75,8,2016-09-26
2016-09-26,関東,NB-1,8.0,70070.0,1,1,2016-09-26,24.64444444444445,28.84444444444445,22.01111111111111,0.5,2.822222222222222,0.0,85.22222222222223,9,2016-09-26
2016-09-27,関東,NB-1,2.0,15730.0,1,1,2016-09-27,25.11111111111111,29.366666666666667,22.322222222222223,0.1666666666666666,4.255555555555556,0.0,86.55555555555556,9,2016-09-27
2016-09-28,近畿,NB-1,1.0,6890.0,1,1,2016-09-28,25.25,28.325,23.5125,28.0625,0.6125,0.0,92.0,8,2016-09-28
2016-09-28,関東,NB-1,2.0,15080.0,1,1,2016-09-28,25.288888888888888,28.95555555555556,23.211111111111112,3.0,1.9444444444444444,0.0,88.0,9,2016-09-28
2016-09-29,関東,NB-1,1.0,9100.0,1,1,2016-09-29,23.6,27.344444444444445,20.37777777777778,1.5,0.6333333333333333,0.0,83.66666666666667,9,2016-09-29
2016-09-30,中国,NB-1,1.0,8190.0,1,1,2016-09-30,20.057142857142857,23.65714285714285,17.6,8.071428571428571,0.0999999999999999,0.0,88.0,7,2016-09-30
2016-09-30,中部,NB-1,1.0,7800.0,1,1,2016-09-30,19.8,24.206666666666667,15.94,4.133333333333334,3.76,0.0,76.6,15,2016-09-30
2016-09-30,関東,NB-1,4.0,31460.0,1,1,2016-09-30,20.433333333333334,23.322222222222223,17.644444444444446,0.3888888888888889,3.5444444444444443,0.0,64.66666666666667,9,2016-09-30
2016-10-03,中国,NB-1,2.0,16900.0,1,1,2016-10-03,25.9,29.914285714285715,23.142857142857142,0.0714285714285714,3.3000000000000003,0.0,81.42857142857143,7,2016-10-03
2016-10-03,近畿,NB-1,5.0,39299.0,1,2,2016-10-03,23.9,27.05,20.9125,6.125,0.0,0.0,87.75,8,2016-10-03
2016-10-03,関東,NB-1,2.0,15678.0,1,2,2016-10-03,22.3,25.155555555555555,20.1,7.777777777777778,0.0333333333333333,0.0,92.55555555555556,9,2016-10-03
2016-10-04,九州沖縄,NB-1,1.0,8190.0,1,1,2016-10-04,26.9875,30.2875,24.3875,2.3125,1.7625,0.0,78.875,8,2016-10-04
2016-10-04,近畿,NB-1,4.0,32110.0,1,2,2016-10-04,23.35,27.7625,20.5375,0.0,1.675,0.0,80.0,8,2016-10-04
2016-10-04,関東,NB-1,1.0,8190.0,1,1,2016-10-04,24.31111111111111,31.077777777777776,19.844444444444445,0.0,6.322222222222222,0.0,73.22222222222223,9,2016-10-04
2016-10-05,中部,NB-1,1.0,8450.0,1,1,2016-10-05,22.35333333333333,27.39333333333333,17.686666666666667,4.966666666666667,1.48,0.0,78.66666666666667,15,2016-10-05
2016-10-05,近畿,NB-1,1.0,7540.0,1,1,2016-10-05,23.975,28.2875,19.275,5.875,0.4624999999999999,0.0,77.875,8,2016-10-05
2016-10-05,関東,NB-1,4.0,33930.0,1,3,2016-10-05,21.966666666666665,24.311111111111117,19.58888888888889,1.2222222222222223,1.5333333333333334,0.0,80.55555555555556,9,2016-10-05
2016-10-06,中国,NB-1,1.0,8190.0,1,1,2016-10-06,22.185714285714287,26.685714285714287,18.15714285714285,0.9285714285714286,7.857142857142857,0.0,73.28571428571429,7,2016-10-06
2016-10-06,近畿,NB-1,2.0,16380.0,1,1,2016-10-06,22.9625,27.325,19.375,0.125,6.7625,0.0,68.5,8,2016-10-06
2016-10-06,関東,NB-1,2.0,15990.0,1,2,2016-10-06,24.77777777777778,30.633333333333333,20.33333333333333,0.0555555555555555,9.255555555555556,0.0,62.333333333333336,9,2016-10-06
2016-10-07,中国,NB-1,1.0,8190.0,1,1,2016-10-07,20.37142857142857,24.74285714285714,15.985714285714286,0.0,5.528571428571429,0.0,70.28571428571429,7,2016-10-07
2016-10-07,九州沖縄,NB-1,1.0,8190.0,1,1,2016-10-07,25.1125,28.7375,22.4625,0.5625,4.225,0.0,71.625,8,2016-10-07
2016-10-07,関東,NB-1,8.0,69290.0,1,3,2016-10-07,20.27777777777778,24.066666666666663,17.188888888888886,0.0,7.588888888888889,0.0,54.77777777777778,9,2016-10-07
2016-10-11,中部,NB-1,2.0,15600.0,1,1,2016-10-11,16.313333333333333,20.12,13.24,0.0,2.3466666666666662,0.0,73.26666666666667,15,2016-10-11
2016-10-11,九州沖縄,NB-1,1.0,8190.0,1,1,2016-10-11,21.35,25.6375,17.6125,0.0,5.0125,0.0,69.625,8,2016-10-11
2016-10-11,近畿,NB-1,4.0,31759.0,1,3,2016-10-11,17.7125,21.225,14.35,0.0,2.8625,0.0,68.125,8,2016-10-11
2016-10-11,関東,NB-1,3.0,23868.0,1,3,2016-10-11,16.811111111111114,19.422222222222224,14.788888888888888,0.0555555555555555,0.4,0.0,68.88888888888889,9,2016-10-11
2016-10-12,近畿,NB-1,1.0,6890.0,1,1,2016-10-12,17.95,23.8875,13.775,0.5,6.6625,0.0,68.0,8,2016-10-12
2016-10-12,関東,NB-1,4.0,31070.0,1,2,2016-10-12,17.577777777777776,23.177777777777777,12.6,0.0,8.7,0.0,62.44444444444444,9,2016-10-12
2016-10-13,中部,NB-1,2.0,15600.0,1,1,2016-10-13,15.026666666666667,19.44,11.953333333333337,0.0,3.393333333333333,0.0,69.13333333333334,15,2016-10-13
2016-10-13,北海道,NB-1,1.0,6890.0,1,1,2016-10-13,9.425,14.175,5.7125,0.25,6.4875,0.0,59.125,8,2016-10-13
2016-10-13,近畿,NB-1,1.0,7540.0,1,1,2016-10-13,16.6875,20.875,13.9625,0.0,3.0875,0.0,62.0,8,2016-10-13
2016-10-13,関東,NB-1,2.0,15080.0,1,1,2016-10-13,15.677777777777775,17.38888888888889,14.211111111111112,0.1666666666666666,0.1555555555555555,0.0,69.44444444444444,9,2016-10-13
2016-10-14,関東,NB-1,3.0,23920.0,1,2,2016-10-14,15.555555555555555,19.9,11.833333333333334,0.0,6.455555555555556,0.0,62.66666666666666,9,2016-10-14
2016-10-17,中部,NB-1,1.0,8190.0,1,1,2016-10-17,18.426666666666662,21.99333333333333,15.566666666666666,32.3,0.9333333333333332,0.0,85.86666666666666,15,2016-10-17
2016-10-17,九州沖縄,NB-1,1.0,7839.0,1,1,2016-10-17,24.075,28.2375,21.2625,1.125,5.85,0.0,86.0,8,2016-10-17
2016-10-17,四国,NB-1,1.0,9750.0,1,1,2016-10-17,22.8,27.375,19.225,35.5,6.050000000000001,0.0,84.5,4,2016-10-17
2016-10-17,近畿,NB-1,1.0,7839.0,1,1,2016-10-17,21.175,25.9875,17.9125,26.5625,3.8375,0.0,82.875,8,2016-10-17
2016-10-18,中国,NB-1,1.0,8190.0,1,1,2016-10-18,21.957142857142856,26.342857142857145,18.82857142857143,0.1428571428571428,4.571428571428571,0.0,81.42857142857143,7,2016-10-18
2016-10-18,中部,NB-1,1.0,7800.0,1,1,2016-10-18,20.28666666666667,25.526666666666664,16.46,0.7666666666666667,5.806666666666667,0.0,82.2,15,2016-10-18
2016-10-18,関東,NB-1,4.0,34190.0,1,3,2016-10-18,21.21111111111111,26.666666666666668,16.72222222222222,1.6111111111111112,6.922222222222222,0.0,81.22222222222223,9,2016-10-18
2016-10-19,関東,NB-1,1.0,8190.0,1,1,2016-10-19,20.466666666666665,23.9,18.45555555555556,0.0,2.566666666666667,0.0,78.22222222222223,9,2016-10-19
2016-10-20,中国,NB-1,2.0,16380.0,1,1,2016-10-20,20.25714285714286,24.685714285714287,16.985714285714288,0.0,5.614285714285714,0.0,75.42857142857143,7,2016-10-20
2016-10-21,中部,NB-1,4.0,31590.0,1,1,2016-10-21,15.666666666666666,20.06,12.306666666666668,0.0,4.446666666666667,0.0,66.86666666666666,15,2016-10-21
2016-10-21,東北,NB-1,1.0,8190.0,1,1,2016-10-21,11.1875,16.0125,6.7375,0.0,7.7375,0.0,56.375,8,2016-10-21
2016-10-21,近畿,NB-1,1.0,7839.0,1,1,2016-10-21,17.7875,21.1125,14.625,0.0,2.4125,0.0,60.125,8,2016-10-21
2016-10-21,関東,NB-1,8.0,65000.0,1,4,2016-10-21,17.022222222222222,21.37777777777778,13.488888888888887,0.0,6.433333333333334,0.0,59.0,9,2016-10-21
2016-10-24,中国,NB-1,1.0,7800.0,1,1,2016-10-24,15.8,21.17142857142857,11.171428571428573,0.0,10.142857142857142,0.0,63.285714285714285,7,2016-10-24
2016-10-24,近畿,NB-1,4.0,32409.0,1,4,2016-10-24,15.75,20.8125,11.5,0.0,10.0125,0.0,57.25,8,2016-10-24
2016-10-24,関東,NB-1,7.0,55276.0,1,5,2016-10-24,14.18888888888889,18.977777777777774,10.366666666666667,0.0,9.588888888888889,0.0,54.44444444444444,9,2016-10-24
2016-10-25,関東,NB-1,1.0,7540.0,1,1,2016-10-25,13.155555555555557,17.5,7.955555555555555,1.1111111111111112,3.411111111111111,0.0,71.22222222222223,9,2016-10-25
2016-10-26,近畿,NB-1,1.0,8190.0,1,1,2016-10-26,20.2125,25.0,16.9375,8.875,2.8,0.0,84.25,8,2016-10-26
2016-10-27,中部,NB-1,4.0,31850.0,1,1,2016-10-27,16.0,20.98,10.733333333333333,0.0,8.653333333333334,0.0,66.53333333333333,15,2016-10-27
2016-10-27,東北,NB-1,2.0,16380.0,1,1,2016-10-27,11.95,15.425,8.375,0.0,7.7375,0.0,50.75,8,2016-10-27
2016-10-27,関東,NB-1,1.0,7800.0,1,1,2016-10-27,17.700000000000003,22.37777777777778,12.18888888888889,0.0,8.966666666666667,0.0,56.55555555555556,9,2016-10-27
2016-10-28,中部,NB-1,1.0,8190.0,1,1,2016-10-28,13.2,15.733333333333333,10.426666666666668,22.766666666666666,0.0666666666666666,0.0,85.06666666666666,15,2016-10-28
2016-10-28,関東,NB-1,1.0,7540.0,1,1,2016-10-28,12.22222222222222,14.7,9.588888888888889,22.72222222222222,0.0,0.0,78.0,9,2016-10-28
2016-10-31,中国,NB-1,1.0,7800.0,1,1,2016-10-31,13.94285714285714,18.4,9.842857142857143,2.357142857142857,0.7714285714285715,0.0,80.57142857142857,7,2016-10-31
2016-10-31,中部,NB-1,1.0,7800.0,1,1,2016-10-31,12.706666666666669,18.466666666666665,6.973333333333333,0.0333333333333333,3.76,0.0,70.13333333333334,15,2016-10-31
2016-10-31,九州沖縄,NB-1,1.0,8190.0,1,1,2016-10-31,17.4875,20.45,15.025,7.375,1.2875,0.0,80.25,8,2016-10-31
2016-10-31,北海道,NB-1,1.0,6890.0,1,1,2016-10-31,4.2,8.9625,-0.3875,5.75,0.7875,1.875,69.75,8,2016-10-31
2016-10-31,関東,NB-1,7.0,55575.0,1,3,2016-10-31,13.511111111111113,17.833333333333332,8.61111111111111,0.0,3.6333333333333337,0.0,71.44444444444444,9,2016-10-31
2016-11-01,中国,NB-1,1.0,8450.0,1,1,2016-11-01,13.342857142857143,17.27142857142857,9.5,2.071428571428572,4.071428571428571,0.0,72.57142857142857,7,2016-11-01
2016-11-01,中部,NB-1,1.0,8190.0,1,1,2016-11-01,12.033333333333331,17.486666666666668,8.653333333333334,6.933333333333334,2.833333333333333,0.0,76.06666666666666,15,2016-11-01
2016-11-01,近畿,NB-1,1.0,8190.0,1,1,2016-11-01,13.6625,17.95,10.5125,6.875,4.05,0.0,77.375,8,2016-11-01
2016-11-01,関東,NB-1,4.0,31460.0,1,3,2016-11-01,13.233333333333333,17.744444444444444,10.588888888888889,6.277777777777778,3.2222222222222223,0.0,76.0,9,2016-11-01
2016-11-02,近畿,NB-1,3.0,22620.0,1,2,2016-11-02,12.5375,18.025,8.075,0.0,9.725,0.0,61.125,8,2016-11-02
2016-11-02,関東,NB-1,8.0,71890.0,1,2,2016-11-02,10.944444444444445,13.044444444444444,9.044444444444444,0.6666666666666666,0.4555555555555555,0.0,67.0,9,2016-11-02
2016-11-04,近畿,NB-1,1.0,8840.0,1,1,2016-11-04,12.8,18.2625,8.4,0.0,8.175,0.0,66.75,8,2016-11-04
2016-11-04,関東,NB-1,5.0,42770.0,1,1,2016-11-04,12.544444444444444,18.3,7.188888888888889,0.0,9.344444444444443,0.0,54.44444444444444,9,2016-11-04
2016-11-07,中国,NB-1,1.0,8450.0,1,1,2016-11-07,11.757142857142856,17.814285714285713,6.528571428571429,0.0,9.4,0.0,70.0,7,2016-11-07
2016-11-07,近畿,NB-1,2.0,15379.0,1,2,2016-11-07,12.225,17.575,7.2125,0.0,8.5375,0.0,70.375,8,2016-11-07
2016-11-07,関東,NB-1,4.0,30810.0,1,2,2016-11-07,9.8,13.8,6.466666666666667,0.0,7.300000000000001,0.0,63.66666666666666,9,2016-11-07
2016-11-08,近畿,NB-1,1.0,8190.0,1,1,2016-11-08,13.1875,16.075,10.575,9.125,0.0,0.0,85.375,8,2016-11-08
2016-11-08,関東,NB-1,1.0,8190.0,1,1,2016-11-08,9.788888888888888,14.133333333333333,4.966666666666667,1.2777777777777777,2.5,0.0,74.11111111111111,9,2016-11-08
2016-11-09,中部,NB-1,2.0,15600.0,1,1,2016-11-09,7.833333333333333,11.46,4.24,0.8,5.666666666666667,0.0,63.8,15,2016-11-09
2016-11-09,九州沖縄,NB-1,1.0,8190.0,1,1,2016-11-09,15.6625,19.3375,12.9125,0.3125,5.7125,0.0,62.75,8,2016-11-09
2016-11-09,東北,NB-1,1.0,8190.0,1,1,2016-11-09,4.3375,8.5625,1.7625,5.125,2.9875,0.625,70.5,8,2016-11-09
2016-11-09,関東,NB-1,1.0,8190.0,1,1,2016-11-09,9.844444444444443,13.81111111111111,5.822222222222223,3.1666666666666665,6.922222222222222,0.0,50.0,9,2016-11-09
2016-11-10,中部,NB-1,1.0,9750.0,1,1,2016-11-10,7.646666666666666,10.873333333333331,3.886666666666667,0.1,1.3066666666666669,0.0,64.53333333333333,15,2016-11-10
2016-11-10,東北,NB-1,1.0,8190.0,1,1,2016-11-10,4.3375,7.4875,1.2875,0.1875,0.825,0.0,68.125,8,2016-11-10
2016-11-10,近畿,NB-1,1.0,8840.0,1,1,2016-11-10,9.625,12.9,6.025,0.0625,1.0,0.0,66.375,8,2016-11-10
2016-11-10,関東,NB-1,1.0,7800.0,1,1,2016-11-10,8.433333333333334,11.955555555555556,4.688888888888889,0.1111111111111111,0.8444444444444444,0.0,55.888888888888886,9,2016-11-10
2016-11-14,九州沖縄,NB-1,1.0,7839.0,1,1,2016-11-14,18.975,21.0375,17.125,17.5,0.725,0.0,90.875,8,2016-11-14
2016-11-14,近畿,NB-1,2.0,16029.0,1,1,2016-11-14,15.0375,17.9625,12.925,6.25,0.2,0.0,84.75,8,2016-11-14
2016-11-14,関東,NB-1,5.0,38597.0,1,3,2016-11-14,13.788888888888888,17.22222222222222,10.77777777777778,6.444444444444445,0.3111111111111111,0.0,83.11111111111111,9,2016-11-14
2016-11-15,中部,NB-1,2.0,15600.0,1,1,2016-11-15,13.96,18.68,9.786666666666669,5.3,1.7266666666666668,0.0,83.0,15,2016-11-15
2016-11-15,関東,NB-1,3.0,22620.0,1,1,2016-11-15,15.1,19.477777777777774,11.488888888888887,0.6666666666666666,2.811111111111112,0.0,80.77777777777777,9,2016-11-15
2016-11-16,中部,NB-1,3.0,23400.0,1,1,2016-11-16,9.753333333333334,14.113333333333332,6.340000000000001,0.0,6.126666666666667,0.0,64.6,15,2016-11-16
2016-11-16,近畿,NB-1,1.0,8840.0,1,1,2016-11-16,11.425,14.9875,8.1875,0.0,7.9375,0.0,59.125,8,2016-11-16
2016-11-16,関東,NB-1,1.0,8190.0,1,1,2016-11-16,11.511111111111113,15.311111111111112,8.31111111111111,0.0,6.322222222222222,0.0,53.77777777777778,9,2016-11-16
2016-11-17,東北,NB-1,1.0,8190.0,1,1,2016-11-17,5.325,9.1125,1.8875,0.8125,1.8375,0.0,71.25,8,2016-11-17
2016-11-17,関東,NB-1,2.0,16029.0,1,2,2016-11-17,11.566666666666666,18.077777777777776,6.5,0.0,8.444444444444445,0.0,61.11111111111112,9,2016-11-17
2016-11-18,中部,NB-1,1.0,8190.0,1,1,2016-11-18,10.093333333333334,16.693333333333335,3.4133333333333336,0.0333333333333333,7.680000000000001,0.0,71.2,15,2016-11-18
2016-11-18,近畿,NB-1,2.0,16380.0,1,1,2016-11-18,12.4375,18.7375,5.8875,0.375,8.5625,0.0,71.75,8,2016-11-18
2016-11-18,関東,NB-1,3.0,23920.0,1,3,2016-11-18,10.122222222222222,15.288888888888888,4.866666666666666,0.0,8.711111111111112,0.0,64.33333333333333,9,2016-11-18
2016-11-21,近畿,NB-1,3.0,23270.0,1,2,2016-11-21,15.0375,17.15,12.5625,0.3125,0.1125,0.0,84.75,8,2016-11-21
2016-11-21,関東,NB-1,3.0,23868.0,1,3,2016-11-21,12.022222222222222,14.366666666666667,9.322222222222225,3.333333333333333,0.0777777777777777,0.0,86.33333333333333,9,2016-11-21
2016-11-22,中部,NB-1,3.0,23400.0,1,1,2016-11-22,14.213333333333331,18.966666666666665,9.913333333333332,2.966666666666667,5.459999999999999,0.0,78.73333333333333,15,2016-11-22
2016-11-22,九州沖縄,NB-1,1.0,9750.0,1,1,2016-11-22,18.55,23.225,15.025,0.0,6.525,0.0,78.625,8,2016-11-22
2016-11-22,関東,NB-1,2.0,15730.0,1,2,2016-11-22,14.18888888888889,19.855555555555554,9.955555555555556,3.055555555555556,7.022222222222222,0.0,83.11111111111111,9,2016-11-22
2016-11-24,中国,NB-1,2.0,16380.0,1,1,2016-11-24,9.685714285714283,13.5,6.414285714285714,3.642857142857143,3.857142857142857,0.0,70.28571428571429,7,2016-11-24
2016-11-24,関東,NB-1,3.0,24570.0,1,1,2016-11-24,2.911111111111111,7.111111111111111,0.9222222222222224,18.5,0.0,2.0,86.55555555555556,9,2016-11-24
2016-11-25,関東,NB-1,1.0,8190.0,1,1,2016-11-25,4.911111111111111,10.566666666666666,0.1333333333333333,0.0,9.233333333333333,0.0,75.88888888888889,9,2016-11-25
2016-11-28,中国,NB-1,2.0,16380.0,1,1,2016-11-28,10.485714285714286,13.5,7.157142857142857,1.0714285714285714,1.4714285714285715,0.0,69.14285714285714,7,2016-11-28
2016-11-28,近畿,NB-1,2.0,14690.0,1,2,2016-11-28,10.7,13.475,8.225,0.5625,1.45,0.0,69.375,8,2016-11-28
2016-11-28,関東,NB-1,4.0,31278.0,1,1,2016-11-28,10.377777777777778,14.266666666666667,6.533333333333333,5.888888888888889,3.733333333333333,0.0,65.55555555555556,9,2016-11-28
2016-11-29,中国,NB-1,3.0,24570.0,1,1,2016-11-29,9.37142857142857,14.328571428571427,5.6571428571428575,1.2142857142857142,3.9142857142857146,0.0,74.28571428571429,7,2016-11-29
2016-11-29,中部,NB-1,5.0,40170.0,1,2,2016-11-29,7.273333333333331,12.18,4.053333333333334,0.3,5.38,0.0,67.73333333333333,15,2016-11-29
2016-11-29,九州沖縄,NB-1,1.0,8190.0,1,1,2016-11-29,11.45,16.8375,6.387499999999999,0.0,8.4875,0.0,68.25,8,2016-11-29
2016-11-29,近畿,NB-1,1.0,8190.0,1,1,2016-11-29,9.6,13.3875,6.975,0.5,3.6875,0.0,73.125,8,2016-11-29
2016-11-29,関東,NB-1,2.0,16640.0,1,2,2016-11-29,8.733333333333333,13.522222222222222,5.088888888888889,0.0,7.300000000000001,0.0,53.0,9,2016-11-29
2016-11-30,近畿,NB-1,1.0,8190.0,1,1,2016-11-30,9.6375,12.4,6.4375,0.25,4.2125,0.0,65.75,8,2016-11-30
2016-12-01,中国,NB-1,1.0,8190.0,1,1,2016-12-01,12.971428571428572,16.714285714285715,9.62857142857143,0.3571428571428571,1.157142857142857,0.0,70.14285714285714,7,2016-12-01
2016-12-01,関東,NB-1,1.0,7540.0,1,1,2016-12-01,10.422222222222222,16.555555555555557,5.933333333333334,11.333333333333334,3.055555555555556,0.0,83.55555555555556,9,2016-12-01
2016-12-02,近畿,NB-1,3.0,25220.0,1,1,2016-12-02,10.3625,14.3375,6.325,0.1875,7.8125,0.0,65.875,8,2016-12-02
2016-12-05,中部,NB-1,2.0,15600.0,1,1,2016-12-05,11.673333333333334,16.406666666666666,8.52,1.7666666666666666,4.94,0.0,78.0,15,2016-12-05
2016-12-05,四国,NB-1,1.0,8190.0,1,1,2016-12-05,13.85,17.75,10.35,0.125,6.425000000000001,0.0,70.5,4,2016-12-05
2016-12-05,東北,NB-1,1.0,8190.0,1,1,2016-12-05,9.0,13.7875,4.8,3.0625,2.025,0.0,80.375,8,2016-12-05
2016-12-05,近畿,NB-1,1.0,8190.0,1,1,2016-12-05,13.375,17.212500000000002,10.575,0.0625,5.9,0.0,78.0,8,2016-12-05
2016-12-05,関東,NB-1,1.0,8190.0,1,1,2016-12-05,12.444444444444445,17.87777777777778,8.166666666666666,2.7777777777777777,7.366666666666666,0.0,77.66666666666667,9,2016-12-05
2016-12-06,近畿,NB-1,1.0,8190.0,1,1,2016-12-06,10.0375,13.5,5.675,0.8125,3.85,0.0,70.625,8,2016-12-06
2016-12-07,近畿,NB-1,2.0,17030.0,1,2,2016-12-07,7.875,12.9875,3.225,0.0,7.4625,0.0,69.75,8,2016-12-07
2016-12-07,関東,NB-1,2.0,15730.0,1,2,2016-12-07,6.333333333333333,10.444444444444445,2.911111111111111,0.0,4.311111111111111,0.0,59.11111111111112,9,2016-12-07
2016-12-09,関東,NB-1,1.0,8190.0,1,1,2016-12-09,9.744444444444444,16.344444444444445,3.4555555555555557,0.0555555555555555,8.866666666666667,0.0,59.22222222222222,9,2016-12-09
2016-12-12,中部,NB-1,5.0,40560.0,1,2,2016-12-12,3.986666666666667,9.266666666666667,-1.0466666666666666,0.0,6.193333333333333,0.0,65.8,15,2016-12-12
2016-12-12,近畿,NB-1,2.0,15730.0,1,2,2016-12-12,6.075,9.8375,1.625,0.0,3.5,0.0,73.5,8,2016-12-12
2016-12-12,関東,NB-1,3.0,22919.0,1,2,2016-12-12,5.633333333333334,10.677777777777775,0.6666666666666666,0.0,8.044444444444444,0.0,51.11111111111112,9,2016-12-12
2016-12-13,中部,NB-1,3.0,23790.0,1,2,2016-12-13,7.506666666666666,10.28,3.96,23.6,0.6933333333333334,0.0,83.86666666666666,15,2016-12-13
2016-12-14,中部,NB-1,1.0,8190.0,1,1,2016-12-14,6.913333333333333,10.946666666666664,2.1333333333333333,13.5,3.2133333333333334,0.0,71.73333333333333,15,2016-12-14
2016-12-14,東北,NB-1,2.0,16380.0,1,1,2016-12-14,2.2875,4.5875,0.325,13.625,0.4625,2.0,81.25,8,2016-12-14
2016-12-15,中国,NB-1,2.0,16900.0,1,1,2016-12-15,5.171428571428572,8.27142857142857,2.314285714285714,4.142857142857143,2.628571428571429,0.0,78.57142857142857,7,2016-12-15
2016-12-16,中部,NB-1,4.0,31980.0,1,1,2016-12-16,2.2666666666666666,6.453333333333333,-0.6400000000000001,6.366666666666666,4.84,2.909090909090909,67.4,15,2016-12-16
2016-12-19,中部,NB-1,3.0,23439.0,1,1,2016-12-19,7.46,14.233333333333333,2.6066666666666665,0.0,7.439999999999999,0.0,69.2,15,2016-12-19
2016-12-19,近畿,NB-1,1.0,6890.0,1,1,2016-12-19,8.225,14.1125,3.45,0.0,8.225,0.0,76.625,8,2016-12-19
2016-12-20,近畿,NB-1,1.0,8190.0,1,1,2016-12-20,9.1375,12.8,6.45,0.0625,0.5125,0.0,83.25,8,2016-12-20
2016-12-20,関東,NB-1,1.0,8190.0,1,1,2016-12-20,8.966666666666667,15.22222222222222,4.111111111111111,0.0,5.011111111111111,0.0,67.22222222222223,9,2016-12-20
2016-12-22,中国,NB-1,1.0,7800.0,1,1,2016-12-22,15.7,20.214285714285715,11.271428571428572,14.642857142857142,0.2571428571428571,0.0,80.28571428571429,7,2016-12-22
2016-12-22,中部,NB-1,2.0,15600.0,1,1,2016-12-22,12.493333333333334,17.88,6.253333333333333,33.93333333333333,0.2066666666666666,0.0,77.46666666666667,15,2016-12-22
2016-12-22,近畿,NB-1,1.0,6890.0,1,1,2016-12-22,15.4,19.8625,10.1375,17.625,0.1625,0.0,78.5,8,2016-12-22
2016-12-22,関東,NB-1,8.0,71240.0,1,2,2016-12-22,12.377777777777778,16.566666666666666,6.277777777777778,6.055555555555555,2.1444444444444444,0.0,80.22222222222223,9,2016-12-22
2016-12-26,中部,NB-1,3.0,24180.0,1,2,2016-12-26,6.633333333333334,11.393333333333334,1.1333333333333333,0.5333333333333333,1.9133333333333336,0.0,71.13333333333334,15,2016-12-26
2016-12-26,近畿,NB-1,3.0,24219.0,1,3,2016-12-26,8.35,12.7875,3.775,1.0625,0.3999999999999999,0.0,73.375,8,2016-12-26
2016-12-26,関東,NB-1,6.0,50609.0,1,3,2016-12-26,6.077777777777778,10.933333333333334,1.6222222222222222,0.0,1.3222222222222222,0.0,66.88888888888889,9,2016-12-26
2016-12-27,中部,NB-1,1.0,8190.0,1,1,2016-12-27,8.113333333333333,12.653333333333334,3.846666666666666,22.966666666666665,0.74,0.1818181818181818,81.8,15,2016-12-27
2016-12-28,関東,NB-1,2.0,15080.0,1,1,2016-12-28,5.188888888888888,8.7,0.8,0.1111111111111111,8.933333333333334,0.0,47.333333333333336,9,2016-12-28
2016-12-29,関東,NB-1,1.0,8190.0,1,1,2016-12-29,3.844444444444445,10.1,-0.5777777777777777,0.0,5.800000000000001,0.0,59.22222222222222,9,2016-12-29
2017-01-09,中国,NB-1,2.0,16029.0,1,2,2017-01-09,8.114285714285716,11.885714285714286,5.257142857142857,6.5,1.3857142857142857,0.0,81.57142857142857,7,2017-01-09
2017-01-09,中部,NB-1,2.0,15990.0,1,2,2017-01-09,6.0600000000000005,10.626666666666669,3.1333333333333333,4.866666666666666,3.3800000000000003,0.8181818181818182,81.33333333333333,15,2017-01-09
2017-01-09,九州沖縄,NB-1,4.0,32760.0,1,3,2017-01-09,11.9125,14.65,8.0625,0.125,3.55,0.0,67.125,8,2017-01-09
2017-01-09,関東,NB-1,5.0,40599.0,1,4,2017-01-09,6.966666666666667,11.522222222222222,3.388888888888889,9.27777777777778,2.4222222222222225,0.0,80.88888888888889,9,2017-01-09
2017-01-10,中国,NB-1,2.0,16900.0,1,1,2017-01-10,7.257142857142857,12.928571428571429,3.2428571428571438,1.4285714285714286,6.357142857142857,0.0,66.28571428571429,7,2017-01-10
2017-01-10,中部,NB-1,1.0,8190.0,1,1,2017-01-10,5.906666666666666,10.993333333333334,1.8133333333333328,1.6333333333333333,6.033333333333333,0.0,67.46666666666667,15,2017-01-10
2017-01-10,関東,NB-1,7.0,56550.0,1,2,2017-01-10,7.377777777777778,12.666666666666666,3.2222222222222223,0.0,8.933333333333334,0.0,58.333333333333336,9,2017-01-10
2017-01-11,近畿,NB-1,3.0,24570.0,1,1,2017-01-11,5.85,9.5125,3.325,1.5,4.5875,0.0,63.5,8,2017-01-11
2017-01-11,関東,NB-1,4.0,35230.0,1,2,2017-01-11,5.544444444444444,10.77777777777778,1.4,0.0,8.5,0.0,49.888888888888886,9,2017-01-11
2017-01-12,関東,NB-1,3.0,27300.0,1,1,2017-01-12,4.766666666666668,11.288888888888888,-0.8222222222222223,0.0,8.755555555555555,0.0,52.55555555555556,9,2017-01-12
2017-01-13,関東,NB-1,1.0,7540.0,1,1,2017-01-13,4.644444444444444,11.18888888888889,0.0333333333333334,0.0,7.177777777777777,0.0,59.66666666666666,9,2017-01-13
2017-01-16,中部,NB-1,2.0,15639.0,1,1,2017-01-16,0.6933333333333334,4.28,-2.3600000000000003,7.0,4.22,5.181818181818182,73.6,15,2017-01-16
2017-01-16,近畿,NB-1,1.0,8190.0,1,1,2017-01-16,2.8125,5.7875,0.6375000000000001,4.3125,4.7125,1.0,76.625,8,2017-01-16
2017-01-16,関東,NB-1,1.0,8190.0,1,1,2017-01-16,2.111111111111111,7.211111111111112,-3.411111111111111,0.0,8.844444444444443,0.0,52.0,9,2017-01-16
2017-01-17,中国,NB-1,1.0,8450.0,1,1,2017-01-17,3.4,8.314285714285715,-0.5857142857142856,0.7142857142857143,4.671428571428572,0.0,79.85714285714286,7,2017-01-17
2017-01-17,関東,NB-1,1.0,7540.0,1,1,2017-01-17,4.6,9.877777777777778,0.1,0.0,7.944444444444445,0.0,57.66666666666666,9,2017-01-17
2017-01-18,九州沖縄,NB-1,1.0,8190.0,1,1,2017-01-18,9.1375,13.7875,4.825,2.8125,2.125,0.0,73.625,8,2017-01-18
2017-01-20,近畿,NB-1,1.0,8190.0,1,1,2017-01-20,3.7875,8.9875,-0.0249999999999999,1.5625,2.9375,0.0,74.125,8,2017-01-20
2017-01-20,関東,NB-1,1.0,7540.0,1,1,2017-01-20,2.355555555555556,4.522222222222222,-0.1666666666666666,1.2777777777777777,0.2555555555555555,0.1111111111111111,69.44444444444444,9,2017-01-20
2017-01-23,中国,NB-1,2.0,16380.0,1,1,2017-01-23,1.4,4.071428571428571,-0.8285714285714285,14.5,3.7714285714285714,14.0,71.42857142857143,7,2017-01-23
2017-01-23,中部,NB-1,2.0,15990.0,1,2,2017-01-23,0.2933333333333332,3.333333333333333,-2.4133333333333336,3.6,4.386666666666667,5.636363636363637,63.46666666666667,15,2017-01-23
2017-01-23,九州沖縄,NB-1,1.0,8190.0,1,1,2017-01-23,4.3875,7.3,1.8,0.5625,4.675,0.4,57.5,8,2017-01-23
2017-01-23,近畿,NB-1,1.0,7540.0,1,1,2017-01-23,1.3,4.1375,-0.2375,7.8125,2.0,10.285714285714286,73.875,8,2017-01-23
2017-01-23,関東,NB-1,2.0,16029.0,1,2,2017-01-23,3.111111111111111,7.166666666666667,-0.5333333333333334,0.0,7.888888888888889,0.0,36.77777777777778,9,2017-01-23
2017-01-24,近畿,NB-1,2.0,17940.0,1,2,2017-01-24,1.45,5.175,-0.75,6.125,2.675,6.857142857142857,77.25,8,2017-01-24
2017-01-24,関東,NB-1,7.0,61490.0,1,3,2017-01-24,1.3888888888888888,6.288888888888889,-2.5,0.0,8.266666666666667,0.0,39.888888888888886,9,2017-01-24
2017-01-25,関東,NB-1,3.0,25740.0,1,2,2017-01-25,2.4444444444444446,8.544444444444444,-2.8000000000000003,0.0,9.466666666666669,0.0,42.0,9,2017-01-25
2017-01-26,中国,NB-1,1.0,8450.0,1,1,2017-01-26,3.242857142857143,9.914285714285716,-1.8714285714285717,0.0,9.685714285714283,0.0,70.0,7,2017-01-26
2017-01-26,中部,NB-1,1.0,7839.0,1,1,2017-01-26,0.8866666666666668,7.173333333333333,-4.213333333333334,0.2,8.620000000000001,0.1818181818181818,62.8,15,2017-01-26
2017-01-27,中国,NB-1,2.0,16380.0,1,1,2017-01-27,5.457142857142857,11.028571428571428,-0.2714285714285714,1.1428571428571428,2.242857142857143,0.0,75.71428571428571,7,2017-01-27
2017-01-27,中部,NB-1,2.0,16380.0,1,1,2017-01-27,5.0,11.713333333333331,-1.5666666666666669,0.9666666666666668,3.08,0.0,60.06666666666667,15,2017-01-27
2017-01-27,関東,NB-1,2.0,16380.0,1,2,2017-01-27,7.433333333333334,14.733333333333333,1.088888888888889,0.0,5.022222222222222,0.0,52.44444444444444,9,2017-01-27
2017-01-30,中部,NB-1,1.0,8190.0,1,1,2017-01-30,7.166666666666667,11.766666666666667,3.2666666666666666,8.666666666666666,2.013333333333333,0.5454545454545454,77.33333333333333,15,2017-01-30
2017-01-30,四国,NB-1,1.0,8190.0,1,1,2017-01-30,9.85,14.45,6.425,2.25,2.05,0.0,69.25,4,2017-01-30
2017-01-30,関東,NB-1,1.0,7839.0,1,1,2017-01-30,9.866666666666667,18.155555555555555,4.7444444444444445,0.2777777777777778,7.444444444444445,0.0,63.44444444444444,9,2017-01-30
2017-01-31,九州沖縄,NB-1,1.0,9100.0,1,1,2017-01-31,8.2375,12.45,4.275,0.0625,6.2625,0.0,64.0,8,2017-01-31
2017-01-31,関東,NB-1,1.0,9750.0,1,1,2017-01-31,4.911111111111111,9.211111111111112,1.2444444444444445,0.0,9.433333333333334,0.0,39.0,9,2017-01-31
2017-02-01,関東,NB-1,2.0,16380.0,1,1,2017-02-01,4.811111111111111,10.322222222222225,0.1333333333333334,0.0,6.7444444444444445,0.0,48.333333333333336,9,2017-02-01
2017-02-02,関東,NB-1,1.0,7540.0,1,1,2017-02-02,3.788888888888889,8.600000000000001,-0.0888888888888888,0.0,9.766666666666666,0.0,34.111111111111114,9,2017-02-02
2017-02-03,関東,NB-1,2.0,15080.0,1,1,2017-02-03,6.133333333333334,12.122222222222222,0.3222222222222222,0.0,9.866666666666667,0.0,38.77777777777778,9,2017-02-03
2017-02-06,九州沖縄,NB-1,2.0,16380.0,1,1,2017-02-06,9.5375,13.325,6.3625,0.0,7.649999999999999,0.0,51.125,8,2017-02-06
2017-02-06,北海道,NB-1,1.0,6890.0,1,1,2017-02-06,-1.55,0.4,-3.7375,0.75,0.3875,0.75,74.0,8,2017-02-06
2017-02-06,関東,NB-1,4.0,35490.0,1,2,2017-02-06,7.666666666666667,14.244444444444444,2.933333333333333,0.2222222222222222,7.877777777777778,0.0,53.66666666666666,9,2017-02-06
2017-02-07,東北,NB-1,1.0,8190.0,1,1,2017-02-07,-0.2875,2.4,-2.7875,3.125,2.6375,6.75,75.625,8,2017-02-07
2017-02-07,関東,NB-1,5.0,45500.0,1,1,2017-02-07,4.633333333333333,9.18888888888889,1.3222222222222222,0.0,9.544444444444444,0.0,33.888888888888886,9,2017-02-07
2017-02-08,四国,NB-1,2.0,16380.0,1,1,2017-02-08,5.725,9.975,0.95,0.0,6.45,0.0,55.0,4,2017-02-08
2017-02-13,北海道,NB-1,1.0,8190.0,1,1,2017-02-13,-0.2749999999999999,1.9875,-2.15,1.125,2.425,0.625,78.25,8,2017-02-13
2017-02-13,関東,NB-1,4.0,31460.0,1,2,2017-02-13,4.766666666666667,10.955555555555556,-0.5555555555555556,0.0,8.8,0.0,40.66666666666666,9,2017-02-13
2017-02-14,中部,NB-1,2.0,16380.0,1,1,2017-02-14,1.4266666666666663,6.5,-2.606666666666667,2.4,5.573333333333333,1.3636363636363635,67.06666666666666,15,2017-02-14
2017-02-14,関東,NB-1,1.0,7800.0,1,1,2017-02-14,4.433333333333334,10.38888888888889,-0.6555555555555556,0.0,8.677777777777777,0.0,43.77777777777778,9,2017-02-14
2017-02-15,中部,NB-1,2.0,15600.0,1,1,2017-02-15,2.8400000000000003,8.733333333333333,-1.8266666666666669,0.0333333333333333,7.540000000000001,0.0909090909090909,61.4,15,2017-02-15
2017-02-16,近畿,NB-1,2.0,13780.0,1,1,2017-02-16,6.325,13.4875,5.551115123125783e-17,0.0,8.8375,0.0,69.0,8,2017-02-16
2017-02-16,関東,NB-1,1.0,8190.0,1,1,2017-02-16,6.466666666666667,13.588888888888889,-0.3222222222222223,0.0,10.255555555555556,0.0,52.44444444444444,9,2017-02-16
2017-02-17,近畿,NB-1,1.0,8190.0,1,1,2017-02-17,8.775,12.4625,5.3625,2.6875,0.0499999999999999,0.0,83.375,8,2017-02-17
2017-02-20,中国,NB-1,1.0,8450.0,1,1,2017-02-20,8.085714285714285,12.928571428571429,3.571428571428572,16.785714285714285,0.3714285714285714,0.0,72.42857142857143,7,2017-02-20
2017-02-20,中部,NB-1,2.0,16029.0,1,1,2017-02-20,7.013333333333334,12.266666666666667,2.26,16.0,0.8733333333333333,0.3636363636363636,69.2,15,2017-02-20
2017-02-20,東北,NB-1,3.0,24570.0,1,1,2017-02-20,0.9875,5.35,-2.7875,15.4375,0.3125,6.375,86.375,8,2017-02-20
2017-02-20,関東,NB-1,4.0,30719.0,1,2,2017-02-20,8.588888888888889,16.655555555555555,1.522222222222222,6.333333333333333,5.666666666666667,0.0,58.0,9,2017-02-20
2017-02-22,中部,NB-1,2.0,15600.0,1,1,2017-02-22,4.1066666666666665,10.053333333333336,-2.4066666666666667,0.9666666666666668,5.806666666666667,0.0,60.2,15,2017-02-22
2017-02-23,関東,NB-1,1.0,8190.0,1,1,2017-02-23,10.577777777777778,17.200000000000003,6.133333333333334,2.388888888888889,2.911111111111111,0.0,68.33333333333333,9,2017-02-23
2017-02-24,東北,NB-1,1.0,8190.0,1,1,2017-02-24,0.8125,3.575,-1.1125,1.375,3.875,3.75,62.125,8,2017-02-24
2017-02-24,近畿,NB-1,3.0,23920.0,1,2,2017-02-24,4.95,8.85,1.9375,0.1875,5.275,0.0,60.625,8,2017-02-24
2017-02-24,関東,NB-1,1.0,8190.0,1,1,2017-02-24,6.533333333333333,10.711111111111112,3.2777777777777777,0.0,7.199999999999999,0.0,34.333333333333336,9,2017-02-24
2017-02-27,近畿,NB-1,3.0,22919.0,1,2,2017-02-27,5.75,9.7125,2.375,0.0625,8.95,0.0,57.0,8,2017-02-27
2017-02-27,関東,NB-1,7.0,57148.0,1,3,2017-02-27,5.766666666666667,10.0,2.833333333333333,0.0555555555555555,4.5,0.0,58.22222222222222,9,2017-02-27
2017-02-28,近畿,NB-1,2.0,14430.0,1,2,2017-02-28,4.9,10.475,0.15,0.0,8.5875,0.0,64.375,8,2017-02-28
2017-02-28,関東,NB-1,1.0,8190.0,1,1,2017-02-28,4.955555555555556,9.577777777777778,2.077777777777777,0.0,7.2555555555555555,0.0,57.55555555555556,9,2017-02-28
2017-03-01,中国,NB-1,1.0,8190.0,1,1,2017-03-01,5.814285714285715,12.471428571428572,0.2571428571428572,0.0,4.114285714285714,0.0,67.14285714285714,7,2017-03-01
2017-03-01,中部,NB-1,2.0,15600.0,1,1,2017-03-01,5.286666666666666,11.433333333333334,-0.4066666666666666,2.1666666666666665,5.846666666666667,0.0909090909090909,69.33333333333333,15,2017-03-01
2017-03-01,九州沖縄,NB-1,1.0,8190.0,1,1,2017-03-01,9.6625,14.525,5.425,1.5,2.95,0.0,68.25,8,2017-03-01
2017-03-01,近畿,NB-1,1.0,8190.0,1,1,2017-03-01,5.9875,12.8375,0.45,0.375,4.9,0.0,70.625,8,2017-03-01
2017-03-01,関東,NB-1,3.0,25740.0,1,2,2017-03-01,5.711111111111111,10.266666666666667,0.7777777777777778,3.111111111111111,6.411111111111111,0.0,69.0,9,2017-03-01
2017-03-02,中部,NB-1,5.0,41990.0,1,2,2017-03-02,5.953333333333333,9.473333333333333,3.066666666666667,5.433333333333334,1.3866666666666667,0.0,83.66666666666667,15,2017-03-02
2017-03-02,九州沖縄,NB-1,1.0,8190.0,1,1,2017-03-02,10.2125,13.75,7.4875,1.5625,4.675,0.0,64.125,8,2017-03-02
2017-03-02,関東,NB-1,3.0,26039.0,1,2,2017-03-02,6.955555555555556,9.211111111111112,5.011111111111111,7.055555555555555,0.2666666666666666,0.0,88.33333333333333,9,2017-03-02
2017-03-03,中国,NB-1,1.0,7800.0,1,1,2017-03-03,7.357142857142857,12.728571428571428,2.914285714285714,0.2142857142857142,5.671428571428572,0.0,70.28571428571429,7,2017-03-03
2017-03-03,四国,NB-1,1.0,8190.0,1,1,2017-03-03,8.95,13.975,4.675,0.0,8.4,0.0,56.75,4,2017-03-03
2017-03-03,関東,NB-1,2.0,17290.0,1,1,2017-03-03,7.944444444444445,14.61111111111111,3.355555555555556,0.1666666666666666,9.244444444444444,0.0,56.22222222222222,9,2017-03-03
2017-03-06,中部,NB-1,4.0,31239.0,1,2,2017-03-06,8.033333333333333,12.74,4.073333333333333,1.2,0.9866666666666668,0.0,65.33333333333333,15,2017-03-06
2017-03-06,近畿,NB-1,1.0,8190.0,1,1,2017-03-06,9.025,13.375,5.8375,0.625,0.75,0.0,70.125,8,2017-03-06
2017-03-06,関東,NB-1,9.0,75660.0,1,2,2017-03-06,8.7,11.577777777777778,5.933333333333334,3.4444444444444446,0.7555555555555556,0.0,80.33333333333333,9,2017-03-06
2017-03-07,中国,NB-1,2.0,16900.0,1,1,2017-03-07,4.6571428571428575,8.885714285714286,0.8857142857142858,5.285714285714286,4.9,0.8,63.57142857142857,7,2017-03-07
2017-03-07,中部,NB-1,2.0,15600.0,1,1,2017-03-07,3.293333333333333,7.96,-0.0333333333333332,3.3666666666666667,4.173333333333334,1.4545454545454546,65.13333333333334,15,2017-03-07
2017-03-07,九州沖縄,NB-1,1.0,9750.0,1,1,2017-03-07,8.8625,12.5875,5.9625,0.1875,6.4625,0.0,51.25,8,2017-03-07
2017-03-08,関東,NB-1,1.0,8190.0,1,1,2017-03-08,4.788888888888889,11.344444444444443,-1.0333333333333332,0.0,8.977777777777778,0.0,50.333333333333336,9,2017-03-08
2017-03-09,中国,NB-1,1.0,7800.0,1,1,2017-03-09,5.628571428571428,10.785714285714286,0.9857142857142858,0.1428571428571428,5.028571428571429,0.0,62.42857142857143,7,2017-03-09
2017-03-09,関東,NB-1,1.0,7540.0,1,1,2017-03-09,6.7333333333333325,13.377777777777778,-0.211111111111111,0.0,10.155555555555557,0.0,44.55555555555556,9,2017-03-09
2017-03-10,関東,NB-1,2.0,18200.0,1,1,2017-03-10,7.2444444444444445,13.3,2.033333333333333,0.0,9.77777777777778,0.0,44.888888888888886,9,2017-03-10
2017-03-13,四国,NB-1,1.0,8190.0,1,1,2017-03-13,9.925,12.05,8.1,1.625,0.0,0.0,77.5,4,2017-03-13
2017-03-13,関東,NB-1,8.0,67210.0,1,2,2017-03-13,7.888888888888889,11.077777777777778,5.2444444444444445,0.8333333333333334,0.4777777777777777,0.0,68.0,9,2017-03-13
2017-03-14,中国,NB-1,2.0,16380.0,1,1,2017-03-14,8.671428571428573,12.94285714285714,5.585714285714286,0.4285714285714285,3.9142857142857146,0.0,57.42857142857143,7,2017-03-14
2017-03-14,中部,NB-1,1.0,8190.0,1,1,2017-03-14,7.4,11.806666666666668,4.113333333333333,1.4666666666666666,2.813333333333333,0.0,68.6,15,2017-03-14
2017-03-14,関東,NB-1,1.0,8190.0,1,1,2017-03-14,7.866666666666666,11.055555555555555,5.6,5.888888888888889,0.1444444444444444,0.0,83.66666666666667,9,2017-03-14
2017-03-15,近畿,NB-1,2.0,16380.0,1,1,2017-03-15,6.45,10.025,3.425,3.0,5.2125,0.0,71.625,8,2017-03-15
2017-03-16,関東,NB-1,1.0,8190.0,1,1,2017-03-16,7.48888888888889,13.5,1.788888888888889,0.0,9.744444444444444,0.0,54.11111111111112,9,2017-03-16
2017-03-17,中部,NB-1,2.0,15600.0,1,1,2017-03-17,6.266666666666667,12.346666666666666,1.3,0.0333333333333333,8.639999999999999,0.0,55.2,15,2017-03-17
2017-03-17,九州沖縄,NB-1,1.0,8190.0,1,1,2017-03-17,11.3625,17.3875,5.925,0.0,8.55,0.0,59.375,8,2017-03-17
2017-03-17,東北,NB-1,1.0,8190.0,1,1,2017-03-17,3.7625,8.925,-0.4125,1.0625,7.175,0.125,67.875,8,2017-03-17
2017-03-17,近畿,NB-1,3.0,23270.0,1,2,2017-03-17,7.275,12.6875,2.05,0.0,8.7,0.0,59.375,8,2017-03-17
2017-03-17,関東,NB-1,2.0,16380.0,1,2,2017-03-17,7.866666666666666,13.844444444444443,1.911111111111111,0.0,9.744444444444444,0.0,43.333333333333336,9,2017-03-17
2017-03-21,中国,NB-1,3.0,24570.0,1,1,2017-03-21,9.014285714285714,12.885714285714286,6.757142857142857,13.571428571428571,1.3285714285714287,0.0,79.85714285714286,7,2017-03-21
2017-03-21,東北,NB-1,1.0,8190.0,1,1,2017-03-21,4.6125,8.0,1.7,7.9375,0.0,0.25,81.125,8,2017-03-21
2017-03-21,近畿,NB-1,3.0,24570.0,1,2,2017-03-21,8.925,11.6125,7.175,24.875,0.7250000000000001,0.0,83.75,8,2017-03-21
2017-03-21,関東,NB-1,2.0,16029.0,1,2,2017-03-21,8.666666666666666,11.155555555555557,6.577777777777778,15.833333333333334,0.0333333333333333,0.0,83.88888888888889,9,2017-03-21
2017-03-22,中部,NB-1,1.0,8190.0,1,1,2017-03-22,7.0600000000000005,12.14,2.933333333333333,0.0333333333333333,8.313333333333334,0.0,52.93333333333333,15,2017-03-22
2017-03-23,中部,NB-1,7.0,55380.0,1,2,2017-03-23,6.766666666666667,12.333333333333334,2.2266666666666666,0.3,4.053333333333333,0.0,58.8,15,2017-03-23
2017-03-23,北海道,NB-1,2.0,15080.0,1,1,2017-03-23,-0.2,2.5375,-2.3375,5.625,4.65,5.75,76.25,8,2017-03-23
2017-03-24,中部,NB-1,1.0,7800.0,1,1,2017-03-24,5.746666666666667,10.326666666666666,2.0466666666666664,0.2,7.593333333333334,0.1818181818181818,53.333333333333336,15,2017-03-24
2017-03-24,近畿,NB-1,1.0,6890.0,1,1,2017-03-24,7.975,11.8,5.0875,0.1875,8.1875,0.0,51.375,8,2017-03-24
2017-03-27,中国,NB-1,2.0,16900.0,1,1,2017-03-27,7.899999999999999,12.585714285714287,5.057142857142857,8.5,3.928571428571429,0.0,77.85714285714286,7,2017-03-27
2017-03-27,中部,NB-1,2.0,15600.0,1,1,2017-03-27,6.546666666666667,11.326666666666666,3.273333333333333,4.866666666666666,5.66,0.5454545454545454,71.26666666666667,15,2017-03-27
2017-03-27,近畿,NB-1,2.0,16380.0,1,2,2017-03-27,8.7875,13.4,5.275,0.875,5.75,0.0,63.875,8,2017-03-27
2017-03-27,関東,NB-1,2.0,17940.0,1,1,2017-03-27,5.255555555555556,8.988888888888889,2.488888888888889,27.38888888888889,1.211111111111111,0.1111111111111111,84.11111111111111,9,2017-03-27
2017-03-28,中部,NB-1,6.0,47580.0,1,3,2017-03-28,6.7733333333333325,13.086666666666668,1.5266666666666666,0.3333333333333333,8.306666666666667,0.0909090909090909,62.46666666666667,15,2017-03-28
2017-03-28,東北,NB-1,1.0,8190.0,1,1,2017-03-28,3.8,8.5125,-0.0999999999999999,1.5625,5.0,0.0,77.625,8,2017-03-28
2017-03-28,近畿,NB-1,1.0,8190.0,1,1,2017-03-28,8.4875,14.175,2.95,0.25,8.0875,0.0,64.0,8,2017-03-28
2017-03-28,関東,NB-1,3.0,27300.0,1,1,2017-03-28,7.611111111111111,13.488888888888887,2.355555555555556,0.3888888888888889,8.399999999999999,0.0,62.44444444444444,9,2017-03-28
2017-03-29,関東,NB-1,4.0,35490.0,1,2,2017-03-29,8.577777777777778,14.088888888888889,3.5,0.0,9.633333333333333,0.0,63.66666666666666,9,2017-03-29
2017-03-30,中部,NB-1,1.0,8190.0,1,1,2017-03-30,10.686666666666667,17.733333333333334,4.3533333333333335,0.0,8.5,0.0,58.333333333333336,15,2017-03-30
2017-03-30,九州沖縄,NB-1,2.0,16380.0,1,1,2017-03-30,15.775,21.1625,11.625,0.75,7.7875,0.0,75.125,8,2017-03-30
2017-03-30,北海道,NB-1,1.0,8190.0,1,1,2017-03-30,0.5375,3.2375000000000003,-1.35,4.9375,4.1625,1.25,81.875,8,2017-03-30
2017-03-30,四国,NB-1,2.0,16380.0,1,1,2017-03-30,14.2,20.05,9.5,0.625,8.225,0.0,69.25,4,2017-03-30
2017-03-30,東北,NB-1,1.0,8190.0,1,1,2017-03-30,7.375,14.675,1.1625,2.0,6.4625,0.0,66.875,8,2017-03-30
2017-03-31,九州沖縄,NB-1,1.0,8190.0,1,1,2017-03-31,12.425,15.25,10.1,18.3125,0.7875,0.0,85.75,8,2017-03-31
2017-03-31,近畿,NB-1,2.0,16380.0,1,1,2017-03-31,8.0125,11.8125,5.55,11.8125,0.0,0.0,75.75,8,2017-03-31
2017-03-31,関東,NB-1,1.0,7540.0,1,1,2017-03-31,8.277777777777779,11.655555555555557,5.011111111111111,4.0,0.6555555555555556,0.0,61.0,9,2017-03-31
2017-04-03,中国,NB-1,1.0,7800.0,1,1,2017-04-03,10.62857142857143,17.7,2.357142857142857,0.0,11.928571428571429,0.0,64.14285714285714,7,2017-04-03
2017-04-03,中部,NB-1,2.0,15678.0,1,2,2017-04-03,8.173333333333334,15.673333333333334,1.5599999999999998,1.4333333333333331,8.08,0.0909090909090909,60.333333333333336,15,2017-04-03
2017-04-03,東北,NB-1,1.0,8190.0,1,1,2017-04-03,5.4875,12.1875,0.1125,0.6875,5.9125,0.0,69.0,8,2017-04-03
2017-04-03,近畿,NB-1,3.0,23868.0,1,2,2017-04-03,10.6125,17.625,3.2125,0.125,11.275,0.0,56.75,8,2017-04-03
2017-04-03,関東,NB-1,9.0,71266.0,1,3,2017-04-03,8.966666666666667,15.288888888888888,4.722222222222222,1.6666666666666667,8.211111111111112,0.0,62.44444444444444,9,2017-04-03
2017-04-04,中部,NB-1,2.0,15600.0,1,1,2017-04-04,10.266666666666667,16.96,4.373333333333333,0.0,10.413333333333332,0.0,60.46666666666667,15,2017-04-04
2017-04-04,九州沖縄,NB-1,1.0,8190.0,1,1,2017-04-04,14.7625,21.725,7.6625,0.0,11.2375,0.0,58.0,8,2017-04-04
2017-04-04,関東,NB-1,1.0,8190.0,1,1,2017-04-04,10.466666666666669,16.644444444444446,4.211111111111111,0.0,11.411111111111111,0.0,61.22222222222222,9,2017-04-04
2017-04-05,中部,NB-1,2.0,15600.0,1,1,2017-04-05,13.02,20.21333333333333,5.666666666666667,0.0,7.319999999999999,0.0,58.13333333333333,15,2017-04-05
2017-04-05,近畿,NB-1,1.0,8190.0,1,1,2017-04-05,14.575,20.4875,8.2375,0.0,4.5625,0.0,57.875,8,2017-04-05
2017-04-05,関東,NB-1,3.0,27300.0,1,1,2017-04-05,13.755555555555556,20.25555555555556,6.7444444444444445,0.0,9.555555555555555,0.0,61.0,9,2017-04-05
2017-04-06,中部,NB-1,1.0,8450.0,1,1,2017-04-06,14.333333333333334,19.3,9.58,2.8666666666666667,2.646666666666667,0.0,67.6,15,2017-04-06
2017-04-06,関東,NB-1,1.0,7540.0,1,1,2017-04-06,15.733333333333333,21.05555555555556,10.166666666666666,0.1111111111111111,6.966666666666667,0.0,65.55555555555556,9,2017-04-06
2017-04-07,中国,NB-1,1.0,8450.0,1,1,2017-04-07,16.9,20.685714285714287,14.571428571428571,7.214285714285714,0.2857142857142857,0.0,91.28571428571428,7,2017-04-07
2017-04-07,関東,NB-1,2.0,15730.0,1,2,2017-04-07,17.22222222222222,21.688888888888886,14.47777777777778,1.7777777777777777,3.466666666666667,0.0,79.11111111111111,9,2017-04-07
2017-04-10,中部,NB-1,1.0,8190.0,1,1,2017-04-10,10.106666666666666,15.14,5.293333333333334,1.9333333333333331,5.286666666666666,0.0,59.46666666666667,15,2017-04-10
2017-04-10,関東,NB-1,5.0,39299.0,1,3,2017-04-10,10.233333333333333,15.288888888888888,6.211111111111111,0.0,7.5,0.0,46.11111111111112,9,2017-04-10
2017-04-11,中部,NB-1,1.0,8190.0,1,1,2017-04-11,9.413333333333332,11.686666666666667,7.486666666666666,33.1,0.02,0.1818181818181818,83.26666666666667,15,2017-04-11
2017-04-11,近畿,NB-1,1.0,8190.0,1,1,2017-04-11,12.475,14.3,10.9375,11.5,0.0,0.0,86.0,8,2017-04-11
2017-04-11,関東,NB-1,6.0,49660.0,1,3,2017-04-11,8.588888888888889,11.577777777777778,5.755555555555556,38.44444444444444,0.0,0.0,87.44444444444444,9,2017-04-11
2017-04-12,関東,NB-1,2.0,17940.0,1,1,2017-04-12,13.355555555555556,20.188888888888886,7.944444444444445,0.0555555555555555,9.055555555555555,0.0,57.11111111111112,9,2017-04-12
2017-04-13,中部,NB-1,2.0,15600.0,1,1,2017-04-13,9.84,16.52,3.1,0.0666666666666666,10.126666666666669,0.0,50.13333333333333,15,2017-04-13
2017-04-13,九州沖縄,NB-1,1.0,8190.0,1,1,2017-04-13,15.875,22.35,9.6625,0.0,11.1625,0.0,54.625,8,2017-04-13
2017-04-13,東北,NB-1,1.0,8190.0,1,1,2017-04-13,6.0125,10.0625,1.45,0.75,6.825,0.125,46.625,8,2017-04-13
2017-04-13,関東,NB-1,2.0,16380.0,1,1,2017-04-13,11.344444444444443,17.4,5.277777777777778,0.0,10.377777777777778,0.0,45.55555555555556,9,2017-04-13
2017-04-14,九州沖縄,NB-1,1.0,8190.0,1,1,2017-04-14,17.4375,23.7125,10.4,0.0,11.05,0.0,55.75,8,2017-04-14
2017-04-14,北海道,NB-1,2.0,13780.0,1,1,2017-04-14,8.675,13.8875,1.5875,0.0625,9.75,0.0,56.875,8,2017-04-14
2017-04-14,近畿,NB-1,2.0,16380.0,1,1,2017-04-14,15.2375,22.575,7.5,0.0,11.45,0.0,51.75,8,2017-04-14
2017-04-14,関東,NB-1,1.0,7540.0,1,1,2017-04-14,14.144444444444444,21.677777777777777,6.0,0.0,11.633333333333333,0.0,51.11111111111112,9,2017-04-14
2017-04-17,中部,NB-1,4.0,31239.0,1,1,2017-04-17,15.726666666666668,22.23333333333333,10.906666666666666,32.733333333333334,2.933333333333333,0.0,71.53333333333333,15,2017-04-17
2017-04-17,九州沖縄,NB-1,1.0,8190.0,1,1,2017-04-17,20.45,23.2375,18.025,50.4375,0.0625,0.0,92.0,8,2017-04-17
2017-04-17,東北,NB-1,5.0,40950.0,1,2,2017-04-17,13.1875,19.175,7.9125,7.6875,4.9625,0.0,56.625,8,2017-04-17
2017-04-17,近畿,NB-1,1.0,7839.0,1,1,2017-04-17,17.8375,22.2375,14.35,37.375,0.8625,0.0,82.125,8,2017-04-17
2017-04-17,関東,NB-1,6.0,53339.0,1,1,2017-04-17,17.355555555555554,24.444444444444443,13.344444444444443,9.555555555555555,3.888888888888889,0.0,66.0,9,2017-04-17
2017-04-18,中国,NB-1,1.0,8190.0,1,1,2017-04-18,16.757142857142856,20.785714285714285,13.385714285714286,2.2857142857142856,6.014285714285714,0.0,69.42857142857143,7,2017-04-18
2017-04-18,九州沖縄,NB-1,1.0,8190.0,1,1,2017-04-18,19.1125,23.15,16.1125,4.375,6.6,0.0,75.0,8,2017-04-18
2017-04-18,関東,NB-1,1.0,8190.0,1,1,2017-04-18,18.61111111111111,25.444444444444443,13.944444444444445,15.944444444444445,4.811111111111111,0.0,74.33333333333333,9,2017-04-18
2017-04-19,中部,NB-1,3.0,23790.0,1,2,2017-04-19,13.2,18.633333333333333,8.666666666666666,2.033333333333333,6.739999999999999,0.0,58.53333333333333,15,2017-04-19
2017-04-19,東北,NB-1,1.0,8190.0,1,1,2017-04-19,9.5875,16.3375,5.7625,5.5625,3.8125,0.0,71.5,8,2017-04-19
2017-04-19,関東,NB-1,2.0,17290.0,1,2,2017-04-19,16.1,24.25555555555556,10.844444444444443,0.1666666666666666,10.622222222222222,0.0,50.77777777777778,9,2017-04-19
2017-04-21,中国,NB-1,3.0,25090.0,1,2,2017-04-21,15.657142857142857,20.65714285714285,11.542857142857144,0.0,5.642857142857143,0.0,66.42857142857143,7,2017-04-21
2017-04-21,中部,NB-1,1.0,8190.0,1,1,2017-04-21,14.026666666666667,19.03333333333333,10.766666666666667,0.0,2.566666666666667,0.0,66.4,15,2017-04-21
2017-04-21,東北,NB-1,1.0,8190.0,1,1,2017-04-21,11.2,17.4875,6.7125,0.0,4.275,0.0,67.875,8,2017-04-21
2017-04-21,近畿,NB-1,1.0,8190.0,1,1,2017-04-21,15.3375,19.675,12.525,0.0,2.525,0.0,62.57142857142857,8,2017-04-21
2017-04-21,関東,NB-1,1.0,9100.0,1,1,2017-04-21,15.033333333333337,18.700000000000003,12.422222222222222,0.0555555555555555,1.3666666666666665,0.0,71.33333333333333,9,2017-04-21
2017-04-24,中部,NB-1,4.0,31200.0,1,1,2017-04-24,14.1,20.846666666666668,7.286666666666666,0.0666666666666666,9.2,0.0,60.2,15,2017-04-24
2017-04-24,近畿,NB-1,1.0,7839.0,1,1,2017-04-24,15.95,23.4375,8.1,0.0,11.0125,0.0,56.85714285714285,8,2017-04-24
2017-04-24,関東,NB-1,9.0,77259.0,1,2,2017-04-24,13.8,18.9,9.38888888888889,0.0,7.888888888888889,0.0,59.888888888888886,9,2017-04-24
2017-04-25,中部,NB-1,3.0,24570.0,1,2,2017-04-25,16.333333333333332,21.88,11.54,0.0,8.646666666666667,0.0,56.333333333333336,15,2017-04-25
2017-04-25,近畿,NB-1,1.0,6890.0,1,1,2017-04-25,17.8875,23.1125,13.2125,0.0,6.725,0.0,60.0,8,2017-04-25
2017-04-25,関東,NB-1,4.0,32370.0,1,3,2017-04-25,15.555555555555555,21.155555555555555,10.855555555555556,0.0,10.088888888888889,0.0,61.0,9,2017-04-25
2017-04-26,九州沖縄,NB-1,1.0,8190.0,1,1,2017-04-26,17.725,20.8125,15.95,16.0,0.2375,0.0,89.125,8,2017-04-26
2017-04-26,関東,NB-1,3.0,27300.0,1,1,2017-04-26,15.822222222222225,19.211111111111112,12.344444444444443,0.0,0.6666666666666666,0.0,72.11111111111111,9,2017-04-26
2017-04-27,関東,NB-1,6.0,53040.0,1,2,2017-04-27,14.38888888888889,18.38888888888889,11.044444444444444,3.388888888888889,4.199999999999999,0.0,59.77777777777778,9,2017-04-27
2017-04-28,近畿,NB-1,2.0,15730.0,1,1,2017-04-28,14.675,21.075,7.8875,0.0,12.1375,0.0,52.0,8,2017-04-28
2017-04-28,関東,NB-1,3.0,23920.0,1,2,2017-04-28,14.666666666666666,20.48888888888889,9.666666666666666,0.8888888888888888,8.899999999999999,0.0,59.66666666666666,9,2017-04-28
2017-05-01,中部,NB-1,3.0,23517.0,1,2,2017-05-01,15.206666666666669,20.64,9.513333333333332,2.1333333333333333,5.5,0.0,65.13333333333334,15,2017-05-01
2017-05-01,九州沖縄,NB-1,1.0,8190.0,1,1,2017-05-01,19.9875,25.3625,15.45,0.0,10.7375,0.0,64.75,8,2017-05-01
2017-05-01,東北,NB-1,1.0,7839.0,1,1,2017-05-01,13.425,18.1375,8.875,0.4375,5.1625,0.0,58.5,8,2017-05-01
2017-05-01,近畿,NB-1,3.0,23868.0,1,2,2017-05-01,18.15,24.4375,12.5125,0.0,7.6125,0.0,56.75,8,2017-05-01
2017-05-01,関東,NB-1,11.0,92638.0,1,3,2017-05-01,16.233333333333334,23.066666666666663,11.911111111111111,3.2222222222222223,6.311111111111111,0.0,65.11111111111111,9,2017-05-01
2017-05-02,中国,NB-1,2.0,16900.0,1,1,2017-05-02,15.857142857142858,22.27142857142857,8.842857142857143,0.0,11.914285714285716,0.0,55.71428571428572,7,2017-05-02
2017-05-02,中部,NB-1,4.0,31590.0,1,2,2017-05-02,14.14,20.69333333333333,7.08,0.0,12.18,0.0,55.333333333333336,15,2017-05-02
2017-05-02,九州沖縄,NB-1,1.0,8190.0,1,1,2017-05-02,19.7125,24.8875,15.125,0.0625,5.5,0.0,69.0,8,2017-05-02
2017-05-02,東北,NB-1,1.0,8190.0,1,1,2017-05-02,12.8875,19.0625,7.0375,0.0,12.4625,0.0,54.75,8,2017-05-02
2017-05-02,関東,NB-1,1.0,8190.0,1,1,2017-05-02,15.733333333333333,22.566666666666663,9.5,0.0,12.6,0.0,46.0,9,2017-05-02
2017-05-08,中国,NB-1,3.0,23790.0,1,2,2017-05-08,19.97142857142857,25.88571428571429,13.857142857142858,0.0,9.585714285714284,0.0,50.142857142857146,7,2017-05-08
2017-05-08,中部,NB-1,5.0,40248.0,1,3,2017-05-08,18.826666666666664,26.226666666666667,11.293333333333331,0.0,12.16,0.0,43.0,15,2017-05-08
2017-05-08,九州沖縄,NB-1,3.0,25779.0,1,3,2017-05-08,20.9125,26.6625,14.8875,0.0,8.9625,0.0,53.75,8,2017-05-08
2017-05-08,北海道,NB-1,2.0,13780.0,1,1,2017-05-08,8.9375,12.8625,5.8,2.5625,4.475,0.0,66.25,8,2017-05-08
2017-05-08,近畿,NB-1,4.0,32110.0,1,1,2017-05-08,20.375,26.575,14.0625,0.0,11.7375,0.0,43.875,8,2017-05-08
2017-05-08,関東,NB-1,5.0,40560.0,1,3,2017-05-08,19.98888888888889,28.37777777777778,11.622222222222222,0.0,12.655555555555557,0.0,48.22222222222222,9,2017-05-08
2017-05-09,中部,NB-1,4.0,31590.0,1,1,2017-05-09,17.04,22.06,12.126666666666669,2.4,0.4066666666666666,0.0,59.66666666666666,15,2017-05-09
2017-05-09,東北,NB-1,3.0,24570.0,1,1,2017-05-09,13.875,20.1125,6.4875,0.0,8.7375,0.0,56.625,8,2017-05-09
2017-05-09,近畿,NB-1,2.0,13780.0,1,1,2017-05-09,18.225,23.125,14.0,6.25,0.0,0.0,60.75,8,2017-05-09
2017-05-09,関東,NB-1,7.0,60320.0,1,3,2017-05-09,18.08888888888889,21.477777777777774,14.455555555555556,0.0,1.1555555555555557,0.0,55.333333333333336,9,2017-05-09
2017-05-10,九州沖縄,NB-1,1.0,7800.0,1,1,2017-05-10,18.975,21.725,16.4875,0.8125,1.3875,0.0,77.125,8,2017-05-10
2017-05-10,関東,NB-1,5.0,40170.0,1,3,2017-05-10,15.877777777777778,17.344444444444445,14.488888888888887,5.944444444444445,0.0,0.0,91.11111111111111,9,2017-05-10
2017-05-12,九州沖縄,NB-1,2.0,16380.0,1,2,2017-05-12,20.225,23.4375,17.925,65.8125,1.0125,0.0,87.5,8,2017-05-12
2017-05-15,中国,NB-1,1.0,7839.0,1,1,2017-05-15,18.185714285714287,22.61428571428572,13.6,0.0,6.314285714285715,0.0,56.142857142857146,7,2017-05-15
2017-05-15,中部,NB-1,3.0,23439.0,1,2,2017-05-15,18.006666666666668,22.52,14.66,0.1666666666666666,4.24,0.0,71.73333333333333,15,2017-05-15
2017-05-15,北海道,NB-1,1.0,8190.0,1,1,2017-05-15,7.5875,10.725,5.5875,1.625,1.5875,0.0,82.625,8,2017-05-15
2017-05-15,四国,NB-1,1.0,8190.0,1,1,2017-05-15,20.25,24.875,16.125,0.0,7.025,0.0,49.5,4,2017-05-15
2017-05-15,近畿,NB-1,1.0,6500.0,1,1,2017-05-15,19.7375,24.6375,16.05,0.0,4.9875,0.0,61.0,8,2017-05-15
2017-05-15,関東,NB-1,2.0,16380.0,1,2,2017-05-15,16.655555555555555,19.366666666666667,14.966666666666663,0.4444444444444444,0.3666666666666667,0.0,85.88888888888889,9,2017-05-15
2017-05-16,北海道,NB-1,1.0,8190.0,1,1,2017-05-16,8.825,11.525,6.75,5.25,0.275,0.0,88.875,8,2017-05-16
2017-05-16,近畿,NB-1,1.0,6890.0,1,1,2017-05-16,17.575,21.1125,13.6875,0.0,3.8,0.0,60.875,8,2017-05-16
2017-05-16,関東,NB-1,2.0,16380.0,1,2,2017-05-16,18.211111111111112,22.566666666666663,15.155555555555557,0.1666666666666666,5.033333333333333,0.0,70.77777777777777,9,2017-05-16
2017-05-17,中部,NB-1,2.0,15600.0,1,1,2017-05-17,16.08,20.87333333333333,12.153333333333334,0.7666666666666667,5.1,0.0,69.86666666666666,15,2017-05-17
2017-05-17,関東,NB-1,1.0,9100.0,1,1,2017-05-17,16.366666666666667,18.844444444444445,14.433333333333334,0.5,0.3,0.0,76.33333333333333,9,2017-05-17
2017-05-18,近畿,NB-1,1.0,8190.0,1,1,2017-05-18,18.9375,25.1875,12.6875,0.0,13.375,0.0,53.125,8,2017-05-18
2017-05-18,関東,NB-1,6.0,49660.0,1,2,2017-05-18,17.644444444444446,22.966666666666665,14.52222222222222,3.611111111111111,6.155555555555555,0.0,78.33333333333333,9,2017-05-18
2017-05-19,四国,NB-1,1.0,8190.0,1,1,2017-05-19,20.975,27.2,14.475,0.0,13.25,0.0,53.25,4,2017-05-19
2017-05-19,関東,NB-1,1.0,9750.0,1,1,2017-05-19,19.666666666666668,26.08888888888889,13.288888888888888,0.0,12.877777777777778,0.0,71.11111111111111,9,2017-05-19
2017-05-22,中部,NB-1,4.0,31239.0,1,2,2017-05-22,21.966666666666665,28.52,16.646666666666665,0.0,11.726666666666668,0.0,63.86666666666667,15,2017-05-22
2017-05-22,九州沖縄,NB-1,1.0,8190.0,1,1,2017-05-22,22.6625,28.0875,17.325,0.0625,9.975,0.0,64.5,8,2017-05-22
2017-05-22,近畿,NB-1,2.0,16679.0,1,2,2017-05-22,22.8125,28.7875,17.8375,0.0,12.775,0.0,58.0,8,2017-05-22
2017-05-22,関東,NB-1,6.0,53690.0,1,2,2017-05-22,23.51111111111111,29.91111111111111,18.177777777777777,0.0,12.422222222222222,0.0,62.55555555555556,9,2017-05-22
2017-05-23,中国,NB-1,1.0,7800.0,1,1,2017-05-23,21.814285714285717,28.12857142857143,15.7,0.0,10.214285714285714,0.0,63.42857142857143,7,2017-05-23
2017-05-23,北海道,NB-1,2.0,16380.0,1,1,2017-05-23,12.4375,16.125,9.6625,1.6875,1.7875,0.0,76.5,8,2017-05-23
2017-05-23,四国,NB-1,1.0,8190.0,1,1,2017-05-23,22.200000000000003,27.25,16.875,0.0,10.8,0.0,64.0,4,2017-05-23
2017-05-23,東北,NB-1,1.0,8190.0,1,1,2017-05-23,20.325,26.325,14.8375,0.3125,9.35,0.0,66.875,8,2017-05-23
2017-05-23,関東,NB-1,3.0,26130.0,1,2,2017-05-23,22.477777777777774,28.53333333333333,17.811111111111114,0.0,11.955555555555556,0.0,65.22222222222223,9,2017-05-23
2017-05-24,中部,NB-1,3.0,23790.0,1,1,2017-05-24,19.933333333333334,23.15333333333333,17.253333333333334,0.3666666666666666,0.4933333333333333,0.0,75.4,15,2017-05-24
2017-05-24,東北,NB-1,2.0,16380.0,1,2,2017-05-24,18.5625,22.1,16.3875,2.625,0.4625,0.0,79.25,8,2017-05-24
2017-05-24,関東,NB-1,2.0,15730.0,1,2,2017-05-24,21.688888888888886,25.64444444444445,18.38888888888889,0.0555555555555555,2.6333333333333333,0.0,72.0,9,2017-05-24
2017-05-25,関東,NB-1,3.0,25740.0,1,2,2017-05-25,19.666666666666668,22.27777777777778,17.544444444444444,4.888888888888889,0.2222222222222222,0.0,87.77777777777777,9,2017-05-25
2017-05-26,中国,NB-1,2.0,16900.0,1,1,2017-05-26,18.65714285714285,23.814285714285717,13.457142857142856,0.0,5.8,0.0,66.57142857142857,7,2017-05-26
2017-05-26,中部,NB-1,3.0,23400.0,1,1,2017-05-26,18.453333333333333,22.78,15.66,11.033333333333331,1.1133333333333333,0.0,84.8,15,2017-05-26
2017-05-26,九州沖縄,NB-1,1.0,8190.0,1,1,2017-05-26,21.0,25.7125,17.4,0.0,10.85,0.0,63.875,8,2017-05-26
2017-05-29,中部,NB-1,2.0,16029.0,1,1,2017-05-29,20.453333333333333,27.866666666666667,12.753333333333334,0.0,12.253333333333334,0.0,59.266666666666666,15,2017-05-29
2017-05-29,四国,NB-1,1.0,9750.0,1,1,2017-05-29,22.525,27.45,16.85,0.0,12.8,0.0,57.0,4,2017-05-29
2017-05-29,近畿,NB-1,1.0,7839.0,1,1,2017-05-29,22.125,28.8875,15.6,0.0,12.45,0.0,57.125,8,2017-05-29
2017-05-29,関東,NB-1,7.0,54626.0,1,4,2017-05-29,21.41111111111111,27.544444444444444,15.822222222222225,0.0,12.088888888888889,0.0,66.66666666666667,9,2017-05-29
2017-05-30,関東,NB-1,6.0,46839.0,1,3,2017-05-30,23.38888888888889,29.43333333333333,17.27777777777778,0.0,11.933333333333334,0.0,67.44444444444444,9,2017-05-30
2017-05-31,中部,NB-1,3.0,23400.0,1,1,2017-05-31,22.62,28.40666666666667,18.566666666666663,1.7666666666666666,4.373333333333333,0.0,68.93333333333334,15,2017-05-31
2017-05-31,関東,NB-1,1.0,8190.0,1,1,2017-05-31,23.53333333333333,28.044444444444444,19.95555555555556,0.0,4.255555555555556,0.0,74.0,9,2017-05-31
2017-06-01,中部,NB-1,4.0,32760.0,1,2,2017-06-01,20.99333333333333,25.96,17.220000000000002,8.166666666666666,6.52,0.0,74.73333333333333,15,2017-06-01
2017-06-01,関東,NB-1,5.0,42380.0,1,2,2017-06-01,21.855555555555554,26.244444444444444,19.37777777777778,5.777777777777778,2.1888888888888887,0.0,81.22222222222223,9,2017-06-01
2017-06-02,中国,NB-1,2.0,16900.0,1,1,2017-06-02,19.485714285714288,24.071428571428573,14.614285714285714,1.2142857142857142,11.457142857142856,0.0,63.285714285714285,7,2017-06-02
2017-06-02,中部,NB-1,1.0,7800.0,1,1,2017-06-02,18.34,23.1,14.1,8.1,7.966666666666667,0.0,62.266666666666666,15,2017-06-02
2017-06-05,中部,NB-1,2.0,15639.0,1,2,2017-06-05,17.48,24.01333333333333,11.033333333333331,0.0,11.94,0.0,59.333333333333336,15,2017-06-05
2017-06-05,九州沖縄,NB-1,3.0,24570.0,1,2,2017-06-05,23.05,28.825,18.0375,0.0,8.7125,0.0,51.0,8,2017-06-05
2017-06-05,北海道,NB-1,1.0,7839.0,1,1,2017-06-05,9.225,14.175,5.9875,0.0625,9.25,0.0,77.625,8,2017-06-05
2017-06-05,東北,NB-1,5.0,40950.0,1,2,2017-06-05,14.05,19.0875,9.6,1.5,6.425000000000001,0.0,69.375,8,2017-06-05
2017-06-05,近畿,NB-1,2.0,17030.0,1,1,2017-06-05,19.5125,25.625,13.0875,0.0,12.9,0.0,52.125,8,2017-06-05
2017-06-05,関東,NB-1,5.0,42770.0,1,3,2017-06-05,19.03333333333333,24.822222222222223,13.811111111111112,1.0,9.833333333333334,0.0,54.22222222222222,9,2017-06-05
2017-06-06,中国,NB-1,2.0,16900.0,1,1,2017-06-06,20.357142857142858,25.728571428571428,13.957142857142856,0.0,5.871428571428572,0.0,62.57142857142857,7,2017-06-06
2017-06-06,近畿,NB-1,2.0,16380.0,1,1,2017-06-06,20.8,26.7125,14.3125,0.0,8.8625,0.0,55.5,8,2017-06-06
2017-06-06,関東,NB-1,9.0,76960.0,1,3,2017-06-06,19.14444444444445,23.977777777777774,15.544444444444444,0.0,5.055555555555555,0.0,64.22222222222223,9,2017-06-06
2017-06-07,中国,NB-1,1.0,7800.0,1,1,2017-06-07,19.042857142857144,21.042857142857144,17.52857142857143,36.85714285714285,0.0,0.0,89.28571428571429,7,2017-06-07
2017-06-07,中部,NB-1,1.0,8190.0,1,1,2017-06-07,18.953333333333333,21.673333333333336,16.233333333333334,6.166666666666667,0.08,0.0,75.93333333333334,15,2017-06-07
2017-06-07,近畿,NB-1,1.0,8190.0,1,1,2017-06-07,19.1875,21.425,17.425,26.5625,0.0,0.0,85.125,8,2017-06-07
2017-06-07,関東,NB-1,6.0,54990.0,1,2,2017-06-07,19.64444444444445,22.322222222222223,17.08888888888889,0.3888888888888889,0.4222222222222222,0.0,73.77777777777777,9,2017-06-07
2017-06-08,中部,NB-1,2.0,16380.0,1,2,2017-06-08,18.90666666666667,22.96,15.8,4.7,2.2666666666666666,0.0,82.93333333333334,15,2017-06-08
2017-06-09,中部,NB-1,2.0,16380.0,1,2,2017-06-09,20.646666666666665,27.186666666666667,14.88,0.3333333333333333,10.14,0.0,68.26666666666667,15,2017-06-09
2017-06-09,東北,NB-1,1.0,8190.0,1,1,2017-06-09,19.95,26.45,13.825,0.625,10.4625,0.0,64.875,8,2017-06-09
2017-06-09,近畿,NB-1,2.0,16380.0,1,1,2017-06-09,21.7,28.375,16.0875,0.0,11.225,0.0,64.375,8,2017-06-09
2017-06-09,関東,NB-1,2.0,15730.0,1,2,2017-06-09,22.14444444444445,26.98888888888889,18.477777777777774,0.3888888888888889,7.2555555555555555,0.0,67.88888888888889,9,2017-06-09
2017-06-12,中部,NB-1,1.0,7800.0,1,1,2017-06-12,17.779999999999998,23.38,13.013333333333332,0.0,8.546666666666665,0.0,61.8,15,2017-06-12
2017-06-12,北海道,NB-1,1.0,6890.0,1,1,2017-06-12,9.9,13.65,6.9125,0.0625,8.85,0.0,73.125,8,2017-06-12
2017-06-12,四国,NB-1,2.0,17940.0,1,2,2017-06-12,20.8,25.775,16.45,0.0,7.225,0.0,50.75,4,2017-06-12
2017-06-12,東北,NB-1,1.0,8190.0,1,1,2017-06-12,15.125,19.5625,11.9,1.3125,5.075,0.0,72.75,8,2017-06-12
2017-06-12,関東,NB-1,5.0,38649.0,1,2,2017-06-12,19.55555555555556,24.700000000000003,15.622222222222222,0.6111111111111112,7.522222222222222,0.0,60.333333333333336,9,2017-06-12
2017-06-13,中部,NB-1,7.0,56160.0,1,2,2017-06-13,17.726666666666667,23.006666666666668,13.32,0.2333333333333333,7.393333333333333,0.0,66.73333333333333,15,2017-06-13
2017-06-13,関東,NB-1,1.0,8190.0,1,1,2017-06-13,16.655555555555555,18.688888888888886,15.066666666666666,3.6666666666666665,0.0333333333333333,0.0,84.0,9,2017-06-13
2017-06-14,中国,NB-1,3.0,24570.0,1,1,2017-06-14,20.142857142857142,26.65714285714285,13.228571428571428,0.0,13.285714285714286,0.0,58.42857142857143,7,2017-06-14
2017-06-14,近畿,NB-1,1.0,8190.0,1,1,2017-06-14,20.4,26.0875,14.4875,0.0,13.65,0.0,55.625,8,2017-06-14
2017-06-14,関東,NB-1,3.0,25740.0,1,2,2017-06-14,19.266666666666666,24.788888888888888,15.177777777777775,2.7777777777777777,5.466666666666667,0.0,77.44444444444444,9,2017-06-14
2017-06-15,九州沖縄,NB-1,1.0,8190.0,1,1,2017-06-15,23.075,28.5875,17.6,0.25,11.2125,0.0,64.625,8,2017-06-15
2017-06-15,近畿,NB-1,1.0,8190.0,1,1,2017-06-15,22.4875,28.95,15.7125,0.0,13.225,0.0,53.5,8,2017-06-15
2017-06-15,関東,NB-1,3.0,27300.0,1,1,2017-06-15,20.85555555555556,25.98888888888889,17.188888888888886,0.0555555555555555,6.055555555555555,0.0,74.55555555555556,9,2017-06-15
2017-06-16,関東,NB-1,5.0,41340.0,1,2,2017-06-16,22.0,28.488888888888887,17.677777777777777,3.0,9.31111111111111,0.0,70.11111111111111,9,2017-06-16
2017-06-19,中国,NB-1,1.0,7800.0,1,1,2017-06-19,23.82857142857143,30.6,17.285714285714285,0.0,12.471428571428572,0.0,62.0,7,2017-06-19
2017-06-19,九州沖縄,NB-1,1.0,7839.0,1,1,2017-06-19,24.6875,29.6125,20.1,25.8125,9.2,0.0,70.125,8,2017-06-19
2017-06-19,近畿,NB-1,1.0,7839.0,1,1,2017-06-19,24.1625,30.425,18.4375,0.0,13.425,0.0,59.875,8,2017-06-19
2017-06-19,関東,NB-1,6.0,49959.0,1,5,2017-06-19,21.677777777777777,28.488888888888887,17.144444444444446,2.7222222222222223,8.166666666666666,0.0,64.0,9,2017-06-19
2017-06-20,中国,NB-1,4.0,33800.0,1,1,2017-06-20,23.11428571428572,28.285714285714285,18.642857142857142,7.714285714285714,1.871428571428572,0.0,69.28571428571429,7,2017-06-20
2017-06-20,東北,NB-1,2.0,16380.0,1,2,2017-06-20,20.975,28.4125,13.9625,0.0,12.9,0.0,68.625,8,2017-06-20
2017-06-20,関東,NB-1,4.0,34229.0,1,3,2017-06-20,22.3,28.56666666666667,15.755555555555556,0.0,11.27777777777778,0.0,70.77777777777777,9,2017-06-20
2017-06-21,中部,NB-1,2.0,15600.0,1,1,2017-06-21,20.12,23.88,17.366666666666667,65.2,0.2333333333333333,0.0,85.8,15,2017-06-21
2017-06-21,近畿,NB-1,1.0,8190.0,1,1,2017-06-21,21.6375,26.075,19.05,48.875,1.425,0.0,83.375,8,2017-06-21
2017-06-21,関東,NB-1,4.0,33670.0,1,3,2017-06-21,21.522222222222226,23.58888888888889,19.55555555555556,34.666666666666664,0.0111111111111111,0.0,90.44444444444444,9,2017-06-21
2017-06-22,近畿,NB-1,1.0,8190.0,1,1,2017-06-22,22.45,27.0125,19.1125,0.0,2.6625,0.0,68.75,8,2017-06-22
2017-06-23,中部,NB-1,4.0,31590.0,1,1,2017-06-23,22.37333333333333,28.75333333333333,17.006666666666668,0.0,11.14,0.0,71.33333333333333,15,2017-06-23
2017-06-23,東北,NB-1,2.0,16380.0,1,2,2017-06-23,20.7375,26.725,15.325,0.0,8.8,0.0,72.75,8,2017-06-23
2017-06-23,関東,NB-1,3.0,23920.0,1,2,2017-06-23,24.022222222222226,29.83333333333333,18.38888888888889,0.0,11.522222222222222,0.0,67.88888888888889,9,2017-06-23
2017-06-26,近畿,NB-1,2.0,14339.0,1,1,2017-06-26,23.55,27.45,20.05,0.0,4.2625,0.0,69.625,8,2017-06-26
2017-06-26,関東,NB-1,1.0,8190.0,1,1,2017-06-26,23.422222222222224,27.14444444444445,20.87777777777778,0.0555555555555555,3.733333333333333,0.0,72.88888888888889,9,2017-06-26
2017-06-27,中部,NB-1,3.0,23400.0,1,1,2017-06-27,22.166666666666668,26.746666666666663,19.166666666666668,0.8666666666666667,3.1333333333333333,0.0,79.26666666666667,15,2017-06-27
2017-06-27,四国,NB-1,1.0,8190.0,1,1,2017-06-27,23.5,27.35,21.2,2.0,0.425,0.0,83.0,4,2017-06-27
2017-06-27,東北,NB-1,1.0,8190.0,1,1,2017-06-27,18.9625,24.425,14.175,0.0,6.4,0.0,75.125,8,2017-06-27
2017-06-28,中部,NB-1,1.0,8190.0,1,1,2017-06-28,22.366666666666667,26.73333333333333,19.966666666666665,4.0,3.42,0.0,83.2,15,2017-06-28
2017-06-28,近畿,NB-1,2.0,17030.0,1,2,2017-06-28,23.9,28.1625,21.675,6.125,3.5625,0.0,83.875,8,2017-06-28
2017-06-29,中国,NB-1,1.0,8450.0,1,1,2017-06-29,24.014285714285712,27.67142857142857,22.27142857142857,25.142857142857142,0.6571428571428571,0.0,87.0,7,2017-06-29
2017-06-29,関東,NB-1,3.0,27040.0,1,1,2017-06-29,24.355555555555554,29.266666666666666,20.266666666666666,0.0,5.111111111111111,0.0,78.11111111111111,9,2017-06-29
2017-06-30,近畿,NB-1,1.0,7540.0,1,1,2017-06-30,25.0125,29.0375,22.375,24.4375,2.25,0.0,85.875,8,2017-06-30
2017-06-30,関東,NB-1,1.0,8190.0,1,1,2017-06-30,24.0,26.27777777777778,22.266666666666666,1.6666666666666667,0.2555555555555556,0.0,85.88888888888889,9,2017-06-30
2017-07-03,中国,NB-1,1.0,8450.0,1,1,2017-07-03,28.585714285714285,33.17142857142857,24.414285714285715,0.2142857142857142,9.428571428571429,0.0,72.14285714285714,7,2017-07-03
2017-07-03,九州沖縄,NB-1,3.0,24570.0,1,1,2017-07-03,29.2875,33.075,26.2625,0.375,7.7625,0.0,74.625,8,2017-07-03
2017-07-03,東北,NB-1,2.0,16380.0,1,2,2017-07-03,22.9375,26.125,21.0375,35.4375,0.2,0.0,91.0,8,2017-07-03
2017-07-03,関東,NB-1,4.0,31460.0,1,1,2017-07-03,27.166666666666668,31.622222222222224,23.288888888888888,1.5,4.822222222222222,0.0,76.88888888888889,9,2017-07-03
2017-07-04,中部,NB-1,3.0,24570.0,1,1,2017-07-04,24.646666666666665,28.546666666666667,22.19333333333333,60.63333333333333,0.58,0.0,87.33333333333333,15,2017-07-04
2017-07-04,四国,NB-1,1.0,8190.0,1,1,2017-07-04,26.75,29.925,24.45,30.0,0.575,0.0,83.75,4,2017-07-04
2017-07-04,関東,NB-1,3.0,24219.0,1,2,2017-07-04,25.51111111111111,28.200000000000003,22.83333333333333,32.27777777777778,0.3777777777777778,0.0,85.22222222222223,9,2017-07-04
2017-07-05,九州沖縄,NB-1,2.0,16380.0,1,1,2017-07-05,27.9375,31.875,25.6375,9.25,4.7375,0.0,82.125,8,2017-07-05
2017-07-05,東北,NB-1,1.0,8190.0,1,1,2017-07-05,22.7625,27.325,19.7375,2.375,3.55,0.0,82.25,8,2017-07-05
2017-07-05,近畿,NB-1,1.0,8190.0,1,1,2017-07-05,24.375,26.475,22.675,18.625,0.35,0.0,87.75,8,2017-07-05
2017-07-05,関東,NB-1,2.0,18200.0,1,1,2017-07-05,25.711111111111112,31.6,21.62222222222222,5.277777777777778,6.177777777777778,0.0,79.22222222222223,9,2017-07-05
2017-07-06,中部,NB-1,1.0,8190.0,1,1,2017-07-06,24.42,29.453333333333333,20.56,0.0333333333333333,9.386666666666668,0.0,73.46666666666667,15,2017-07-06
2017-07-06,九州沖縄,NB-1,1.0,8190.0,1,1,2017-07-06,25.275,28.0625,23.3125,77.5625,1.525,0.0,90.875,8,2017-07-06
2017-07-06,東北,NB-1,2.0,16380.0,1,1,2017-07-06,23.1125,28.375,18.6375,0.0,9.275,0.0,74.625,8,2017-07-06
2017-07-06,関東,NB-1,3.0,23270.0,1,2,2017-07-06,25.4,29.866666666666667,22.166666666666668,6.388888888888889,7.044444444444444,0.0,75.77777777777777,9,2017-07-06
2017-07-07,中国,NB-1,3.0,24570.0,1,1,2017-07-07,25.714285714285715,29.67142857142857,23.071428571428573,6.0,3.7714285714285714,0.0,84.14285714285714,7,2017-07-07
2017-07-07,中部,NB-1,1.0,7839.0,1,1,2017-07-07,24.84,30.453333333333333,20.15333333333333,0.3,11.606666666666666,0.0,72.26666666666667,15,2017-07-07
2017-07-07,北海道,NB-1,1.0,6890.0,1,1,2017-07-07,22.05,27.7625,16.099999999999998,0.0,12.425,0.0,74.25,8,2017-07-07
2017-07-07,近畿,NB-1,1.0,8190.0,1,1,2017-07-07,26.3125,30.7,23.075,2.875,6.8,0.0,76.25,8,2017-07-07
2017-07-07,関東,NB-1,1.0,7540.0,1,1,2017-07-07,26.544444444444444,31.622222222222224,22.27777777777778,0.0,11.833333333333334,0.0,73.77777777777777,9,2017-07-07
2017-07-10,中国,NB-1,1.0,8190.0,1,1,2017-07-10,28.02857142857143,32.114285714285714,24.25714285714286,0.5,3.5142857142857147,0.0,76.85714285714286,7,2017-07-10
2017-07-10,中部,NB-1,7.0,55419.0,1,2,2017-07-10,26.946666666666665,31.94,22.986666666666668,0.1333333333333333,7.739999999999999,0.0,74.8,15,2017-07-10
2017-07-10,関東,NB-1,5.0,40209.0,1,4,2017-07-10,27.633333333333333,33.21111111111111,23.25555555555556,0.0,12.211111111111112,0.0,74.22222222222223,9,2017-07-10
2017-07-11,中国,NB-1,1.0,7800.0,1,1,2017-07-11,28.557142857142857,33.17142857142857,25.32857142857143,2.7857142857142856,3.942857142857143,0.0,76.0,7,2017-07-11
2017-07-11,中部,NB-1,3.0,23400.0,1,1,2017-07-11,27.48,33.02,23.1,8.7,8.893333333333334,0.0,74.4,15,2017-07-11
2017-07-11,九州沖縄,NB-1,1.0,7800.0,1,1,2017-07-11,29.4875,33.4625,26.7875,1.75,5.85,0.0,76.625,8,2017-07-11
2017-07-11,東北,NB-1,1.0,8190.0,1,1,2017-07-11,27.8875,33.6875,22.7625,0.0,9.4875,0.0,71.25,8,2017-07-11
2017-07-11,関東,NB-1,1.0,8190.0,1,1,2017-07-11,27.844444444444445,32.65555555555555,24.322222222222223,0.0,8.655555555555557,0.0,74.55555555555556,9,2017-07-11
2017-07-12,近畿,NB-1,1.0,8190.0,1,1,2017-07-12,28.475,32.875,26.025,0.0,3.075,0.0,76.5,8,2017-07-12
2017-07-12,関東,NB-1,2.0,18200.0,1,1,2017-07-12,27.666666666666668,33.06666666666667,24.766666666666666,5.444444444444445,7.855555555555556,0.0,79.88888888888889,9,2017-07-12
2017-07-13,中国,NB-1,2.0,16380.0,1,1,2017-07-13,27.485714285714288,32.51428571428572,22.87142857142857,0.0,11.071428571428571,0.0,76.42857142857143,7,2017-07-13
2017-07-13,中部,NB-1,4.0,31200.0,1,1,2017-07-13,26.546666666666667,30.926666666666662,23.586666666666662,15.933333333333334,4.6066666666666665,0.0,82.0,15,2017-07-13
2017-07-13,関東,NB-1,4.0,33280.0,1,2,2017-07-13,27.87777777777778,32.46666666666667,25.177777777777777,0.2222222222222222,5.988888888888889,0.0,79.0,9,2017-07-13
2017-07-14,九州沖縄,NB-1,1.0,8190.0,1,1,2017-07-14,28.725,32.9625,25.3625,0.0,9.775,0.0,76.25,8,2017-07-14
2017-07-14,関東,NB-1,8.0,73450.0,1,2,2017-07-14,27.73333333333333,32.62222222222223,24.788888888888888,6.666666666666667,8.022222222222222,0.0,75.22222222222223,9,2017-07-14
2017-07-18,中国,NB-1,1.0,7800.0,1,1,2017-07-18,27.071428571428573,30.714285714285715,23.942857142857143,18.571428571428573,3.314285714285714,0.0,82.14285714285714,7,2017-07-18
2017-07-18,中部,NB-1,2.0,16380.0,1,2,2017-07-18,26.746666666666663,31.98,23.22,2.5,6.1,0.0,72.53333333333333,15,2017-07-18
2017-07-18,四国,NB-1,1.0,8190.0,1,1,2017-07-18,27.175,30.15,24.075,11.875,0.675,0.0,77.5,4,2017-07-18
2017-07-18,東北,NB-1,1.0,8190.0,1,1,2017-07-18,22.8,26.7875,20.175,22.75,4.025,0.0,86.375,8,2017-07-18
2017-07-18,近畿,NB-1,3.0,22880.0,1,2,2017-07-18,27.2625,31.0125,24.525,2.0625,4.55,0.0,78.0,8,2017-07-18
2017-07-18,関東,NB-1,16.0,132847.0,1,4,2017-07-18,25.6,30.82222222222222,22.566666666666663,4.444444444444445,4.722222222222222,0.0,78.33333333333333,9,2017-07-18
2017-07-19,中部,NB-1,1.0,8190.0,1,1,2017-07-19,26.28666666666667,31.4,21.986666666666668,0.1666666666666666,9.7,0.0,73.46666666666667,15,2017-07-19
2017-07-19,東北,NB-1,1.0,8190.0,1,1,2017-07-19,23.625,29.125,19.4125,0.0,8.375,0.0,77.25,8,2017-07-19
2017-07-19,関東,NB-1,4.0,33020.0,1,1,2017-07-19,25.6,30.744444444444444,21.544444444444444,0.0,8.377777777777778,0.0,76.22222222222223,9,2017-07-19
2017-07-20,中部,NB-1,1.0,7800.0,1,1,2017-07-20,27.69333333333333,32.846666666666664,23.266666666666666,0.1,10.7,0.0,70.46666666666667,15,2017-07-20
2017-07-20,近畿,NB-1,1.0,8190.0,1,1,2017-07-20,29.4125,34.9375,25.0,0.0,11.4125,0.0,66.125,8,2017-07-20
2017-07-20,関東,NB-1,1.0,8190.0,1,1,2017-07-20,27.61111111111111,32.266666666666666,23.58888888888889,0.0,7.7666666666666675,0.0,74.44444444444444,9,2017-07-20
2017-07-24,中部,NB-1,1.0,7839.0,1,1,2017-07-24,27.08,30.926666666666662,24.32,18.966666666666665,3.2666666666666666,0.0,80.66666666666667,15,2017-07-24
2017-07-24,九州沖縄,NB-1,1.0,7839.0,1,1,2017-07-24,29.1,32.8,26.7,16.5,4.0125,0.0,82.125,8,2017-07-24
2017-07-24,東北,NB-1,1.0,8190.0,1,1,2017-07-24,23.4,25.725,21.5875,26.875,1.15,0.0,91.875,8,2017-07-24
2017-07-24,近畿,NB-1,2.0,16380.0,1,1,2017-07-24,28.7375,33.150000000000006,25.9875,2.875,3.675,0.0,74.75,8,2017-07-24
2017-07-24,関東,NB-1,4.0,33878.0,1,3,2017-07-24,27.655555555555555,31.03333333333333,25.1,0.2222222222222222,1.822222222222222,0.0,80.11111111111111,9,2017-07-24
2017-07-25,中部,NB-1,3.0,23400.0,1,1,2017-07-25,26.366666666666667,29.546666666666667,24.33333333333333,30.53333333333333,1.1,0.0,87.46666666666667,15,2017-07-25
2017-07-25,関東,NB-1,6.0,49400.0,1,2,2017-07-25,27.4,31.23333333333333,25.188888888888886,11.166666666666666,1.8666666666666667,0.0,83.44444444444444,9,2017-07-25
2017-07-26,中国,NB-1,2.0,16900.0,1,1,2017-07-26,27.642857142857142,31.528571428571432,25.042857142857144,0.4285714285714285,4.557142857142857,0.0,78.57142857142857,7,2017-07-26
2017-07-26,中部,NB-1,1.0,8190.0,1,1,2017-07-26,26.22,31.03333333333333,23.0,11.6,5.046666666666667,0.0,81.4,15,2017-07-26
2017-07-26,近畿,NB-1,2.0,14690.0,1,1,2017-07-26,28.25,32.375,25.375,6.625,8.25,0.0,71.875,8,2017-07-26
2017-07-26,関東,NB-1,2.0,17290.0,1,2,2017-07-26,24.166666666666668,26.822222222222223,22.166666666666668,27.83333333333333,0.0555555555555555,0.0,90.44444444444444,9,2017-07-26
2017-07-27,近畿,NB-1,1.0,8190.0,1,1,2017-07-27,28.325,33.175,25.0875,0.625,4.0875,0.0,74.75,8,2017-07-27
2017-07-28,北海道,NB-1,1.0,7839.0,1,1,2017-07-28,18.7625,20.975,17.125,18.5,0.3,0.0,86.375,8,2017-07-28
2017-07-28,近畿,NB-1,1.0,7839.0,1,1,2017-07-28,28.5375,33.125,26.0125,3.1875,3.7875,0.0,79.375,8,2017-07-28
2017-07-28,関東,NB-1,1.0,7540.0,1,1,2017-07-28,26.12222222222222,31.33333333333333,22.5,0.0555555555555555,4.233333333333333,0.0,82.22222222222223,9,2017-07-28
2017-07-31,中国,NB-1,2.0,16900.0,1,1,2017-07-31,28.814285714285717,34.142857142857146,25.5,0.7857142857142857,7.485714285714286,0.0,79.28571428571429,7,2017-07-31
2017-07-31,中部,NB-1,1.0,7839.0,1,1,2017-07-31,27.540000000000003,32.42,24.24,0.0666666666666666,8.526666666666667,0.0,78.33333333333333,15,2017-07-31
2017-07-31,近畿,NB-1,1.0,6890.0,1,1,2017-07-31,29.7375,34.175,26.825,1.0,6.55,0.0,75.625,8,2017-07-31
2017-07-31,関東,NB-1,6.0,46137.0,1,3,2017-07-31,27.5,32.58888888888889,23.322222222222223,0.0,8.8,0.0,78.11111111111111,9,2017-07-31
2017-08-01,中部,NB-1,5.0,39780.0,1,3,2017-08-01,26.53333333333333,30.8,23.75333333333333,1.2666666666666666,3.0866666666666664,0.0,79.6,15,2017-08-01
2017-08-01,近畿,NB-1,2.0,16380.0,1,2,2017-08-01,28.8875,33.6375,26.2625,0.875,6.075,0.0,72.625,8,2017-08-01
2017-08-01,関東,NB-1,2.0,16380.0,1,2,2017-08-01,25.58888888888889,29.511111111111116,22.577777777777776,11.555555555555555,0.3888888888888889,0.0,88.44444444444444,9,2017-08-01
2017-08-02,関東,NB-1,3.0,24180.0,1,2,2017-08-02,22.688888888888886,25.155555555555555,20.933333333333334,1.2777777777777777,0.8666666666666667,0.0,83.11111111111111,9,2017-08-02
2017-08-04,近畿,NB-1,1.0,8190.0,1,1,2017-08-04,29.525,34.6625,26.2875,2.0625,7.3625,0.0,70.625,8,2017-08-04
2017-08-04,関東,NB-1,1.0,7540.0,1,1,2017-08-04,24.98888888888889,28.41111111111111,22.0,1.1111111111111112,1.411111111111111,0.0,85.0,9,2017-08-04
2017-08-07,中部,NB-1,7.0,56199.0,1,2,2017-08-07,27.4,30.933333333333334,24.66,48.766666666666666,3.2666666666666666,0.0,79.86666666666666,15,2017-08-07
2017-08-07,四国,NB-1,1.0,8190.0,1,1,2017-08-07,26.975,29.275,25.175,100.125,0.525,0.0,86.5,4,2017-08-07
2017-08-07,近畿,NB-1,2.0,17030.0,1,1,2017-08-07,27.0,29.5125,25.2625,71.4375,0.025,0.0,85.375,8,2017-08-07
2017-08-07,関東,NB-1,4.0,34580.0,1,3,2017-08-07,28.366666666666667,33.25555555555556,25.433333333333334,14.333333333333334,4.877777777777777,0.0,81.55555555555556,9,2017-08-07
2017-08-08,中部,NB-1,3.0,23790.0,1,2,2017-08-08,26.56,30.25333333333333,24.040000000000003,39.266666666666666,2.3666666666666667,0.0,81.0,15,2017-08-08
2017-08-08,北海道,NB-1,2.0,13780.0,1,1,2017-08-08,19.6,22.6125,17.6125,0.125,4.0875,0.0,81.375,8,2017-08-08
2017-08-08,四国,NB-1,1.0,8190.0,1,1,2017-08-08,29.675,34.825,25.375,0.125,9.35,0.0,67.75,4,2017-08-08
2017-08-08,関東,NB-1,1.0,8190.0,1,1,2017-08-08,28.177777777777777,31.922222222222224,25.566666666666663,4.833333333333333,3.1555555555555554,0.0,81.88888888888889,9,2017-08-08
2017-08-09,九州沖縄,NB-1,1.0,8190.0,1,1,2017-08-09,29.1125,31.925,26.3625,10.5,1.9125,0.0,83.25,8,2017-08-09
2017-08-09,東北,NB-1,1.0,8190.0,1,1,2017-08-09,22.8,25.725,21.0,6.8125,0.9125,0.0,88.875,8,2017-08-09
2017-08-09,近畿,NB-1,1.0,8190.0,1,1,2017-08-09,28.725,33.4375,24.4875,0.0,9.425,0.0,70.5,8,2017-08-09
2017-08-09,関東,NB-1,4.0,32760.0,1,4,2017-08-09,28.866666666666667,35.27777777777778,24.744444444444444,1.3333333333333333,9.488888888888887,0.0,75.44444444444444,9,2017-08-09
2017-08-10,中国,NB-1,3.0,25090.0,1,1,2017-08-10,28.585714285714285,33.41428571428572,25.585714285714285,5.071428571428571,5.428571428571429,0.0,81.42857142857143,7,2017-08-10
2017-08-10,関東,NB-1,1.0,8190.0,1,1,2017-08-10,24.91111111111111,27.633333333333333,22.444444444444443,1.7777777777777777,0.4666666666666665,0.0,86.44444444444444,9,2017-08-10
2017-08-14,中国,NB-1,3.0,23790.0,1,1,2017-08-14,25.728571428571428,29.142857142857142,23.385714285714283,18.428571428571427,0.9857142857142858,0.0,82.14285714285714,7,2017-08-14
2017-08-14,近畿,NB-1,4.0,30017.0,1,3,2017-08-14,26.8125,30.7125,23.5375,0.5625,2.0625,0.0,71.75,8,2017-08-14
2017-08-14,関東,NB-1,7.0,61178.0,1,1,2017-08-14,24.344444444444445,26.48888888888889,23.066666666666663,10.77777777777778,0.1555555555555555,0.0,91.11111111111111,9,2017-08-14
2017-08-15,関東,NB-1,1.0,8190.0,1,1,2017-08-15,23.14444444444445,24.72222222222222,22.03333333333333,28.27777777777778,0.0,0.0,95.88888888888889,9,2017-08-15
2017-08-16,四国,NB-1,1.0,8190.0,1,1,2017-08-16,28.3,32.125,25.85,16.0,4.625,0.0,81.0,4,2017-08-16
2017-08-16,近畿,NB-1,1.0,8190.0,1,1,2017-08-16,27.525,32.3125,24.5625,0.25,3.975,0.0,79.875,8,2017-08-16
2017-08-17,中国,NB-1,2.0,16900.0,1,1,2017-08-17,27.842857142857145,32.785714285714285,25.042857142857144,3.071428571428572,6.671428571428572,0.0,79.85714285714286,7,2017-08-17
2017-08-17,中部,NB-1,1.0,7800.0,1,1,2017-08-17,26.05333333333333,30.68,22.706666666666667,2.7,5.42,0.0,79.86666666666666,15,2017-08-17
2017-08-17,九州沖縄,NB-1,1.0,8190.0,1,1,2017-08-17,28.925,34.225,25.475,1.1875,8.4125,0.0,78.125,8,2017-08-17
2017-08-17,東北,NB-1,1.0,8190.0,1,1,2017-08-17,22.9875,26.8,20.55,1.5,1.6749999999999998,0.0,84.75,8,2017-08-17
2017-08-17,近畿,NB-1,2.0,16380.0,1,2,2017-08-17,27.9625,32.3625,24.8875,8.5,5.5625,0.0,78.75,8,2017-08-17
2017-08-17,関東,NB-1,8.0,68770.0,1,2,2017-08-17,24.244444444444444,27.88888888888889,21.166666666666668,0.7777777777777778,1.822222222222222,0.0,86.77777777777777,9,2017-08-17
2017-08-18,関東,NB-1,5.0,39260.0,1,3,2017-08-18,25.37777777777778,28.41111111111111,23.3,0.2777777777777778,1.6444444444444446,0.0,88.22222222222223,9,2017-08-18
2017-08-21,中部,NB-1,3.0,23829.0,1,2,2017-08-21,27.2,31.846666666666668,23.526666666666664,2.333333333333333,7.386666666666667,0.0,76.93333333333334,15,2017-08-21
2017-08-21,近畿,NB-1,3.0,24869.0,1,2,2017-08-21,29.375,34.2,25.425,0.0,9.0375,0.0,69.375,8,2017-08-21
2017-08-21,関東,NB-1,3.0,27040.0,1,2,2017-08-21,26.08888888888889,30.188888888888886,23.3,5.444444444444445,2.7222222222222223,0.0,84.33333333333333,9,2017-08-21
2017-08-22,中部,NB-1,2.0,16380.0,1,1,2017-08-22,27.05333333333333,32.22666666666667,23.613333333333333,5.933333333333334,2.86,0.0,78.73333333333333,15,2017-08-22
2017-08-22,東北,NB-1,1.0,8190.0,1,1,2017-08-22,24.9375,29.15,21.95,13.6875,1.5625,0.0,87.375,8,2017-08-22
2017-08-22,関東,NB-1,2.0,15600.0,1,1,2017-08-22,27.322222222222223,31.82222222222222,24.23333333333333,1.8888888888888888,4.311111111111111,0.0,82.88888888888889,9,2017-08-22
2017-08-23,中部,NB-1,3.0,23400.0,1,1,2017-08-23,27.07333333333333,31.86,23.486666666666668,6.366666666666666,4.94,0.0,78.8,15,2017-08-23
2017-08-23,関東,NB-1,3.0,22620.0,1,1,2017-08-23,28.444444444444443,33.62222222222223,24.155555555555555,0.0,5.911111111111111,0.0,75.33333333333333,9,2017-08-23
2017-08-24,関東,NB-1,6.0,45240.0,1,1,2017-08-24,29.41111111111111,35.0,25.288888888888888,0.0,7.399999999999999,0.0,69.88888888888889,9,2017-08-24
2017-08-25,関東,NB-1,1.0,7540.0,1,1,2017-08-25,28.77777777777778,32.86666666666667,25.022222222222226,0.0,3.955555555555556,0.0,75.22222222222223,9,2017-08-25
2017-08-28,中部,NB-1,2.0,15600.0,1,1,2017-08-28,26.06,31.026666666666664,21.91333333333333,0.1,4.946666666666667,0.0,72.33333333333333,15,2017-08-28
2017-08-28,九州沖縄,NB-1,3.0,24570.0,1,2,2017-08-28,28.7125,33.125,25.475,0.0,10.1625,0.0,71.125,8,2017-08-28
2017-08-28,近畿,NB-1,2.0,17030.0,1,1,2017-08-28,27.9,32.375,24.025,0.0,3.325,0.0,71.375,8,2017-08-28
2017-08-28,関東,NB-1,5.0,40859.0,1,3,2017-08-28,25.55555555555556,30.38888888888889,21.23333333333333,0.0,6.255555555555556,0.0,74.55555555555556,9,2017-08-28
2017-08-29,中国,NB-1,2.0,16900.0,1,1,2017-08-29,27.428571428571427,33.142857142857146,23.67142857142857,3.7142857142857135,6.485714285714286,0.0,77.57142857142857,7,2017-08-29
2017-08-29,中部,NB-1,2.0,16380.0,1,1,2017-08-29,27.19333333333333,32.44,23.2,5.0,6.46,0.0,75.53333333333333,15,2017-08-29
2017-08-30,中国,NB-1,2.0,16380.0,1,1,2017-08-30,26.75714285714286,31.1,23.75714285714286,0.4285714285714285,7.957142857142856,0.0,70.28571428571429,7,2017-08-30
2017-08-30,九州沖縄,NB-1,1.0,8190.0,1,1,2017-08-30,28.6875,32.8,25.8125,1.0,9.225,0.0,70.75,8,2017-08-30
2017-08-30,関東,NB-1,1.0,7540.0,1,1,2017-08-30,26.522222222222226,31.17777777777778,22.933333333333334,2.6666666666666665,3.5,0.0,83.66666666666667,9,2017-08-30
2017-08-31,関東,NB-1,1.0,8190.0,1,1,2017-08-31,21.5,24.38888888888889,19.33333333333333,8.0,0.2444444444444444,0.0,86.33333333333333,9,2017-08-31
2017-09-01,中部,NB-1,1.0,8190.0,1,1,2017-09-01,23.086666666666662,28.586666666666662,17.526666666666664,1.0333333333333334,9.24,0.0,61.66666666666666,15,2017-09-01
2017-09-01,近畿,NB-1,1.0,8840.0,1,1,2017-09-01,25.3125,30.3375,21.2375,0.3125,10.125,0.0,55.75,8,2017-09-01
2017-09-01,関東,NB-1,6.0,49660.0,1,2,2017-09-01,21.58888888888889,26.633333333333333,18.12222222222222,6.5,4.288888888888888,0.0,72.11111111111111,9,2017-09-01
2017-09-04,中部,NB-1,6.0,49400.0,1,2,2017-09-04,21.28,26.426666666666662,17.126666666666665,0.0,4.653333333333333,0.0,70.4,15,2017-09-04
2017-09-04,関東,NB-1,6.0,49959.0,1,4,2017-09-04,21.0,23.711111111111112,18.666666666666668,2.555555555555556,0.3222222222222222,0.0,78.11111111111111,9,2017-09-04
2017-09-05,九州沖縄,NB-1,2.0,15990.0,1,2,2017-09-05,25.1625,28.4375,22.7125,10.625,1.675,0.0,87.625,8,2017-09-05
2017-09-05,四国,NB-1,1.0,8190.0,1,1,2017-09-05,23.6,26.55,21.55,5.25,0.175,0.0,82.25,4,2017-09-05
2017-09-06,東北,NB-1,1.0,8190.0,1,1,2017-09-06,20.8625,24.0,18.725,1.75,1.5625,0.0,86.25,8,2017-09-06
2017-09-06,近畿,NB-1,1.0,8190.0,1,1,2017-09-06,24.4625,27.725,21.45,1.0,0.5125,0.0,82.625,8,2017-09-06
2017-09-06,関東,NB-1,2.0,16380.0,1,1,2017-09-06,21.53333333333333,22.788888888888888,20.3,6.222222222222222,0.0,0.0,94.55555555555556,9,2017-09-06
2017-09-07,中部,NB-1,3.0,23400.0,1,1,2017-09-07,23.453333333333333,26.69333333333333,21.16,19.166666666666668,0.8333333333333334,0.0,89.0,15,2017-09-07
2017-09-07,関東,NB-1,1.0,7800.0,1,1,2017-09-07,22.155555555555555,24.633333333333333,20.45555555555556,1.2777777777777777,0.3111111111111111,0.0,93.66666666666669,9,2017-09-07
2017-09-08,関東,NB-1,1.0,7540.0,1,1,2017-09-08,23.38888888888889,28.044444444444444,20.322222222222223,0.7777777777777778,5.5,0.0,82.44444444444444,9,2017-09-08
2017-09-11,中国,NB-1,2.0,16900.0,1,1,2017-09-11,24.485714285714288,27.67142857142857,21.285714285714285,21.428571428571427,0.2428571428571428,0.0,81.57142857142857,7,2017-09-11
2017-09-11,中部,NB-1,1.0,8190.0,1,1,2017-09-11,24.09333333333333,28.206666666666667,20.666666666666668,2.033333333333333,1.6933333333333331,0.0,74.73333333333333,15,2017-09-11
2017-09-11,近畿,NB-1,3.0,24219.0,1,2,2017-09-11,26.0875,29.9375,22.7625,0.75,1.4,0.0,70.0,8,2017-09-11
2017-09-11,関東,NB-1,6.0,49998.0,1,5,2017-09-11,25.03333333333333,29.27777777777778,21.83333333333333,2.388888888888889,4.477777777777778,0.0,76.33333333333333,9,2017-09-11
2017-09-12,中国,NB-1,1.0,7800.0,1,1,2017-09-12,24.557142857142857,28.65714285714285,21.542857142857144,30.785714285714285,3.128571428571429,0.0,85.42857142857143,7,2017-09-12
2017-09-12,中部,NB-1,3.0,23400.0,1,1,2017-09-12,23.42,26.773333333333333,20.69333333333333,14.066666666666666,1.1866666666666668,0.0,85.73333333333333,15,2017-09-12
2017-09-12,東北,NB-1,1.0,8190.0,1,1,2017-09-12,22.2,26.5375,19.1875,23.3125,0.7875,0.0,86.625,8,2017-09-12
2017-09-12,関東,NB-1,4.0,35490.0,1,2,2017-09-12,24.75555555555556,27.62222222222222,22.41111111111111,7.222222222222222,0.8333333333333334,0.0,87.33333333333333,9,2017-09-12
2017-09-13,関東,NB-1,2.0,15080.0,1,1,2017-09-13,25.48888888888889,30.82222222222222,21.08888888888889,0.0555555555555555,8.8,0.0,70.88888888888889,9,2017-09-13
2017-09-14,中部,NB-1,1.0,8190.0,1,1,2017-09-14,22.26,27.626666666666665,18.19333333333333,0.8666666666666667,7.846666666666667,0.0,68.06666666666666,15,2017-09-14
2017-09-14,近畿,NB-1,1.0,7540.0,1,1,2017-09-14,23.9375,28.875,20.4125,0.0,6.85,0.0,64.5,8,2017-09-14
2017-09-14,関東,NB-1,1.0,7800.0,1,1,2017-09-14,24.688888888888886,30.011111111111116,21.077777777777776,0.0,8.055555555555555,0.0,69.11111111111111,9,2017-09-14
2017-09-15,中部,NB-1,1.0,7839.0,1,1,2017-09-15,20.540000000000003,25.44,16.746666666666666,0.0666666666666666,5.6466666666666665,0.0,65.13333333333334,15,2017-09-15
2017-09-15,近畿,NB-1,1.0,6890.0,1,1,2017-09-15,22.0125,25.7,18.4125,0.0,3.9125,0.0,60.25,8,2017-09-15
2017-09-15,関東,NB-1,2.0,15730.0,1,2,2017-09-15,22.87777777777778,27.37777777777778,19.62222222222222,0.0,7.0,0.0,55.66666666666666,9,2017-09-15
2017-09-19,中国,NB-1,2.0,16900.0,1,1,2017-09-19,22.485714285714288,27.6,16.97142857142857,0.0,6.257142857142857,0.0,76.57142857142857,7,2017-09-19
2017-09-19,中部,NB-1,2.0,15639.0,1,2,2017-09-19,22.046666666666667,28.113333333333333,16.673333333333332,0.0,9.226666666666668,0.0,68.93333333333334,15,2017-09-19
2017-09-19,東北,NB-1,1.0,8190.0,1,1,2017-09-19,21.375,27.2625,16.275,0.125,8.4375,0.0,69.75,8,2017-09-19
2017-09-19,近畿,NB-1,4.0,32058.0,1,2,2017-09-19,23.1,28.35,18.475,0.0,8.3125,0.0,69.375,8,2017-09-19
2017-09-19,関東,NB-1,6.0,46839.0,1,2,2017-09-19,23.62222222222222,28.211111111111112,19.966666666666665,0.0,6.655555555555555,0.0,68.11111111111111,9,2017-09-19
2017-09-20,中国,NB-1,1.0,8190.0,1,1,2017-09-20,22.885714285714283,27.385714285714283,18.9,1.4285714285714286,0.6428571428571429,0.0,76.57142857142857,7,2017-09-20
2017-09-20,近畿,NB-1,1.0,7540.0,1,1,2017-09-20,23.375,27.1125,20.6,0.25,0.5,0.0,71.625,8,2017-09-20
2017-09-20,関東,NB-1,3.0,25480.0,1,2,2017-09-20,22.566666666666663,25.655555555555555,20.166666666666668,0.0,0.2888888888888889,0.0,76.77777777777777,9,2017-09-20
2017-09-21,関東,NB-1,3.0,27300.0,1,1,2017-09-21,23.25555555555556,28.766666666666666,18.366666666666667,0.0,10.344444444444443,0.0,58.0,9,2017-09-21
2017-09-22,九州沖縄,NB-1,1.0,8190.0,1,1,2017-09-22,23.7125,26.9625,21.275,28.375,1.8875,0.0,86.0,8,2017-09-22
2017-09-22,関東,NB-1,2.0,16380.0,1,2,2017-09-22,21.4,25.177777777777777,18.22222222222222,13.38888888888889,1.7111111111111112,0.0,78.0,9,2017-09-22
2017-09-25,中部,NB-1,4.0,31239.0,1,1,2017-09-25,21.346666666666668,27.166666666666668,16.733333333333334,0.0,9.813333333333333,0.0,72.73333333333333,15,2017-09-25
2017-09-25,近畿,NB-1,1.0,8840.0,1,1,2017-09-25,22.75,28.8625,17.55,0.0,10.8125,0.0,71.125,8,2017-09-25
2017-09-25,関東,NB-1,7.0,61880.0,1,2,2017-09-25,23.01111111111111,28.133333333333333,18.95555555555556,0.2222222222222222,7.800000000000001,0.0,75.66666666666667,9,2017-09-25
2017-09-26,中部,NB-1,4.0,31200.0,1,1,2017-09-26,21.726666666666667,27.933333333333334,16.34,0.0,10.06,0.0,73.33333333333333,15,2017-09-26
2017-09-26,九州沖縄,NB-1,1.0,8190.0,1,1,2017-09-26,25.4625,29.95,21.5375,0.875,4.75,0.0,73.25,8,2017-09-26
2017-09-26,北海道,NB-1,4.0,27560.0,1,1,2017-09-26,16.1375,22.0375,10.3,0.0,10.5625,0.0,64.125,8,2017-09-26
2017-09-26,近畿,NB-1,1.0,6890.0,1,1,2017-09-26,23.45,29.5125,18.425,0.0,10.6,0.0,71.5,8,2017-09-26
2017-09-26,関東,NB-1,1.0,8190.0,1,1,2017-09-26,22.822222222222223,27.5,18.58888888888889,0.0,8.911111111111111,0.0,77.22222222222223,9,2017-09-26
2017-09-27,近畿,NB-1,2.0,16380.0,1,2,2017-09-27,23.5125,27.475,20.45,2.75,2.225,0.0,74.125,8,2017-09-27
2017-09-27,関東,NB-1,3.0,26390.0,1,2,2017-09-27,23.044444444444444,26.700000000000003,20.12222222222222,2.1666666666666665,1.9888888888888887,0.0,77.55555555555556,9,2017-09-27
2017-09-28,関東,NB-1,3.0,26390.0,1,2,2017-09-28,19.8,24.62222222222222,16.311111111111114,47.77777777777778,0.3777777777777778,0.0,84.77777777777777,9,2017-09-28
2017-09-29,近畿,NB-1,1.0,8840.0,1,1,2017-09-29,20.05,26.0375,14.4125,0.0,10.25,0.0,67.625,8,2017-09-29
2017-09-29,関東,NB-1,2.0,16640.0,1,2,2017-09-29,19.25555555555556,24.41111111111111,14.822222222222225,0.0,9.822222222222225,0.0,70.55555555555556,9,2017-09-29
2017-10-02,中部,NB-1,2.0,15678.0,1,2,2017-10-02,19.666666666666668,22.706666666666667,17.62,19.23333333333333,0.02,0.0,83.13333333333334,15,2017-10-02
2017-10-02,近畿,NB-1,4.0,29809.0,1,3,2017-10-02,20.6875,22.5,19.25,36.3125,0.0,0.0,88.625,8,2017-10-02
2017-10-02,関東,NB-1,3.0,24219.0,1,2,2017-10-02,21.433333333333334,24.577777777777776,18.87777777777778,1.5555555555555556,0.5666666666666667,0.0,75.88888888888889,9,2017-10-02
2017-10-03,中国,NB-1,1.0,8190.0,1,1,2017-10-03,21.4,25.27142857142857,17.8,4.857142857142857,4.0285714285714285,0.0,78.28571428571429,7,2017-10-03
2017-10-03,近畿,NB-1,2.0,17680.0,1,1,2017-10-03,21.475,25.825,18.5375,4.0625,2.5375,0.0,80.625,8,2017-10-03
2017-10-03,関東,NB-1,1.0,8190.0,1,1,2017-10-03,21.933333333333334,27.700000000000003,18.633333333333333,0.9444444444444444,3.911111111111112,0.0,79.55555555555556,9,2017-10-03
2017-10-04,中国,NB-1,2.0,16900.0,1,1,2017-10-04,18.61428571428572,23.557142857142857,14.857142857142858,0.0,8.942857142857143,0.0,57.285714285714285,7,2017-10-04
2017-10-04,東北,NB-1,1.0,8190.0,1,1,2017-10-04,12.75,16.9125,9.5875,0.5625,2.9375,0.0,66.5,8,2017-10-04
2017-10-04,関東,NB-1,3.0,27300.0,1,1,2017-10-04,17.644444444444446,20.866666666666667,14.288888888888891,0.0,1.9888888888888887,0.0,59.22222222222222,9,2017-10-04
2017-10-05,中部,NB-1,1.0,8190.0,1,1,2017-10-05,15.333333333333334,20.42,10.973333333333333,0.8,5.713333333333334,0.0,65.86666666666666,15,2017-10-05
2017-10-05,四国,NB-1,1.0,8190.0,1,1,2017-10-05,19.325,23.425,16.35,5.625,1.675,0.0,62.5,4,2017-10-05
2017-10-05,関東,NB-1,2.0,18200.0,1,1,2017-10-05,15.733333333333333,20.11111111111111,12.566666666666666,0.0,4.888888888888889,0.0,59.44444444444444,9,2017-10-05
2017-10-06,中部,NB-1,2.0,16380.0,1,2,2017-10-06,15.9,19.173333333333336,13.666666666666666,32.733333333333334,0.0266666666666666,0.0,79.33333333333333,15,2017-10-06
2017-10-06,関東,NB-1,3.0,23920.0,1,2,2017-10-06,15.466666666666663,18.444444444444443,13.166666666666666,22.0,0.0222222222222222,0.0,79.33333333333333,9,2017-10-06
2017-10-10,中国,NB-1,5.0,40950.0,1,2,2017-10-10,22.842857142857145,28.071428571428573,18.7,0.0,8.428571428571429,0.0,81.28571428571429,7,2017-10-10
2017-10-10,中部,NB-1,9.0,72098.0,1,4,2017-10-10,21.933333333333334,27.76,17.846666666666668,0.0333333333333333,8.12,0.0,77.33333333333333,15,2017-10-10
2017-10-10,九州沖縄,NB-1,1.0,7839.0,1,1,2017-10-10,24.7375,29.5125,20.7,0.0625,9.3875,0.0,76.75,8,2017-10-10
2017-10-10,四国,NB-1,2.0,16380.0,1,1,2017-10-10,23.65,29.325,19.3,0.0,9.925,0.0,74.75,4,2017-10-10
2017-10-10,近畿,NB-1,3.0,24869.0,1,2,2017-10-10,23.375,28.45,19.55,0.0,8.475,0.0,76.75,8,2017-10-10
2017-10-10,関東,NB-1,9.0,76609.0,1,3,2017-10-10,22.83333333333333,28.22222222222222,18.511111111111116,0.0,9.488888888888887,0.0,78.55555555555556,9,2017-10-10
2017-10-11,中国,NB-1,4.0,32370.0,1,2,2017-10-11,23.12857142857143,28.571428571428573,18.97142857142857,2.5,7.6,0.0,79.57142857142857,7,2017-10-11
2017-10-11,中部,NB-1,1.0,9750.0,1,1,2017-10-11,22.35333333333333,28.27333333333333,17.973333333333336,0.3333333333333333,7.3066666666666675,0.0,77.33333333333333,15,2017-10-11
2017-10-11,関東,NB-1,2.0,15990.0,1,2,2017-10-11,20.95555555555556,23.711111111111112,19.133333333333333,0.0,1.522222222222222,0.0,88.0,9,2017-10-11
2017-10-12,中部,NB-1,3.0,23400.0,1,1,2017-10-12,19.633333333333333,24.586666666666662,15.566666666666666,6.966666666666667,3.1533333333333333,0.0,79.53333333333333,15,2017-10-12
2017-10-12,九州沖縄,NB-1,1.0,9750.0,1,1,2017-10-12,24.4625,28.225,21.425,0.4375,4.1875,0.0,77.375,8,2017-10-12
2017-10-12,近畿,NB-1,1.0,8190.0,1,1,2017-10-12,20.6875,23.325,18.225,1.8125,0.475,0.0,79.375,8,2017-10-12
2017-10-13,近畿,NB-1,1.0,0.0,1,1,2017-10-13,17.875,19.725,16.4375,2.75,0.0625,0.0,81.625,8,2017-10-13
2017-10-13,関東,NB-1,3.0,24570.0,1,1,2017-10-13,15.41111111111111,18.311111111111117,14.255555555555556,14.72222222222222,0.0,0.0,92.88888888888889,9,2017-10-13
2017-10-16,中国,NB-1,2.0,16380.0,1,1,2017-10-16,15.957142857142856,17.157142857142855,14.728571428571428,11.0,0.0,0.0,91.0,7,2017-10-16
2017-10-16,九州沖縄,NB-1,1.0,9750.0,1,1,2017-10-16,20.1875,21.8,18.9125,17.0,0.375,0.0,88.625,8,2017-10-16
2017-10-16,近畿,NB-1,3.0,23270.0,1,2,2017-10-16,15.3375,16.35,14.325,23.0625,0.0,0.0,93.75,8,2017-10-16
2017-10-16,関東,NB-1,6.0,49920.0,1,2,2017-10-16,12.855555555555556,14.244444444444444,11.833333333333334,23.38888888888889,0.0,0.0,95.55555555555556,9,2017-10-16
2017-10-17,中国,NB-1,2.0,16900.0,1,1,2017-10-17,16.214285714285715,20.057142857142857,13.542857142857144,2.0,1.7857142857142858,0.0,81.85714285714286,7,2017-10-17
2017-10-17,関東,NB-1,3.0,25480.0,1,2,2017-10-17,13.522222222222222,16.266666666666666,11.6,7.277777777777778,0.6444444444444444,0.0,91.22222222222224,9,2017-10-17
2017-10-18,東北,NB-1,1.0,8190.0,1,1,2017-10-18,10.6375,14.2875,6.8875,0.0,3.75,0.0,62.75,8,2017-10-18
2017-10-18,関東,NB-1,2.0,16380.0,1,1,2017-10-18,14.11111111111111,19.03333333333333,10.244444444444444,0.1111111111111111,7.199999999999999,0.0,71.11111111111111,9,2017-10-18
2017-10-20,関東,NB-1,1.0,9750.0,1,1,2017-10-20,14.544444444444444,17.41111111111111,11.755555555555556,12.72222222222222,0.0333333333333333,0.0,95.55555555555556,9,2017-10-20
2017-10-23,中部,NB-1,1.0,7839.0,1,1,2017-10-23,15.006666666666666,18.626666666666665,11.366666666666667,45.2,4.253333333333334,0.0,70.66666666666667,15,2017-10-23
2017-10-23,九州沖縄,NB-1,2.0,19500.0,1,2,2017-10-23,18.875,22.1,16.0375,0.0625,5.4,0.0,61.25,8,2017-10-23
2017-10-23,近畿,NB-1,3.0,25779.0,1,2,2017-10-23,15.6125,18.4875,13.175,13.1875,3.2125,0.0,66.0,8,2017-10-23
2017-10-24,中部,NB-1,2.0,15990.0,1,1,2017-10-24,13.053333333333336,16.673333333333332,9.813333333333333,4.2,1.9266666666666663,0.0,73.4,15,2017-10-24
2017-10-24,関東,NB-1,4.0,31070.0,1,2,2017-10-24,14.08888888888889,17.166666666666668,11.988888888888887,0.0,0.8888888888888888,0.0,67.55555555555556,9,2017-10-24
2017-10-25,中部,NB-1,5.0,39000.0,1,1,2017-10-25,12.633333333333333,15.073333333333332,10.12,20.23333333333333,0.6066666666666668,0.0,88.6,15,2017-10-25
2017-10-25,九州沖縄,NB-1,1.0,8190.0,1,1,2017-10-25,17.5125,22.3,13.5,0.0,9.65,0.0,61.375,8,2017-10-25
2017-10-26,東北,NB-1,1.0,8190.0,1,1,2017-10-26,11.875,19.0625,6.15,0.0,8.325,0.0,78.75,8,2017-10-26
2017-10-26,近畿,NB-1,1.0,8190.0,1,1,2017-10-26,15.775,21.7375,11.05,0.0,9.7375,0.0,74.875,8,2017-10-26
2017-10-26,関東,NB-1,2.0,16380.0,1,1,2017-10-26,14.022222222222222,20.311111111111117,9.088888888888889,0.0,10.211111111111112,0.0,72.0,9,2017-10-26
2017-10-27,中部,NB-1,2.0,15600.0,1,1,2017-10-27,14.313333333333334,20.89333333333333,8.626666666666667,0.1,8.8,0.0,74.33333333333333,15,2017-10-27
2017-10-27,九州沖縄,NB-1,1.0,9750.0,1,1,2017-10-27,20.275,25.2,15.3375,4.625,5.6375,0.0,76.125,8,2017-10-27
2017-10-27,関東,NB-1,2.0,18200.0,1,1,2017-10-27,14.266666666666667,20.48888888888889,8.81111111111111,0.0,9.766666666666667,0.0,74.55555555555556,9,2017-10-27
2017-10-30,中部,NB-1,1.0,7839.0,1,1,2017-10-30,12.406666666666666,17.186666666666667,7.48,1.4,5.2733333333333325,0.0,59.46666666666667,15,2017-10-30
2017-10-30,近畿,NB-1,1.0,6890.0,1,1,2017-10-30,13.4375,17.1875,9.1375,1.5625,3.2,0.0,60.5,8,2017-10-30
2017-10-30,関東,NB-1,3.0,24479.0,1,3,2017-10-30,14.377777777777778,18.8,8.922222222222222,0.0,9.566666666666666,0.0,54.888888888888886,9,2017-10-30
2017-10-31,関東,NB-1,2.0,16380.0,1,1,2017-10-31,12.155555555555557,17.5,7.422222222222222,0.0,7.055555555555555,0.0,57.66666666666666,9,2017-10-31
2017-11-01,中部,NB-1,3.0,23400.0,1,1,2017-11-01,12.293333333333331,20.09333333333333,6.08,0.0,8.413333333333334,0.0,70.26666666666667,15,2017-11-01
2017-11-01,九州沖縄,NB-1,1.0,8190.0,1,1,2017-11-01,16.8875,22.6,11.6625,0.0,8.2875,0.0,74.375,8,2017-11-01
2017-11-01,関東,NB-1,3.0,25740.0,1,2,2017-11-01,12.577777777777778,18.55555555555556,7.611111111111111,0.0,5.366666666666666,0.0,72.33333333333333,9,2017-11-01
2017-11-02,近畿,NB-1,1.0,8190.0,1,1,2017-11-02,14.2,21.15,8.6375,0.0,10.0875,0.0,72.75,8,2017-11-02
2017-11-06,中国,NB-1,2.0,16900.0,1,1,2017-11-06,12.142857142857142,19.88571428571429,5.785714285714286,0.0,9.4,0.0,77.0,7,2017-11-06
2017-11-06,中部,NB-1,1.0,7839.0,1,1,2017-11-06,12.726666666666668,20.473333333333336,6.1866666666666665,0.0,9.16,0.0,69.6,15,2017-11-06
2017-11-06,近畿,NB-1,1.0,8840.0,1,1,2017-11-06,13.075,20.025,7.125,0.0,9.7625,0.0,72.0,8,2017-11-06
2017-11-06,関東,NB-1,4.0,30719.0,1,2,2017-11-06,13.02222222222222,19.711111111111112,6.911111111111111,0.0,9.244444444444444,0.0,67.55555555555556,9,2017-11-06
2017-11-07,九州沖縄,NB-1,1.0,7800.0,1,1,2017-11-07,18.0125,22.65,13.9125,4.0,1.575,0.0,78.25,8,2017-11-07
2017-11-07,四国,NB-1,1.0,8190.0,1,1,2017-11-07,16.175,21.225,10.55,0.0,5.85,0.0,76.0,4,2017-11-07
2017-11-09,四国,NB-1,1.0,8190.0,1,1,2017-11-09,15.15,19.575,11.075,0.0,6.55,0.0,68.5,4,2017-11-09
2017-11-10,関東,NB-1,1.0,7540.0,1,1,2017-11-10,11.877777777777778,17.133333333333333,6.2444444444444445,0.4444444444444444,7.033333333333333,0.0,65.11111111111111,9,2017-11-10
2017-11-13,九州沖縄,NB-1,1.0,8190.0,1,1,2017-11-13,15.65,20.35,10.475,3.125,3.5375,0.0,78.625,8,2017-11-13
2017-11-13,近畿,NB-1,2.0,16029.0,1,2,2017-11-13,11.725,18.4375,5.5375000000000005,0.0,9.45,0.0,70.875,8,2017-11-13
2017-11-13,関東,NB-1,3.0,23868.0,1,3,2017-11-13,11.133333333333333,16.51111111111111,5.733333333333333,2.611111111111111,6.655555555555555,0.0,68.11111111111111,9,2017-11-13
2017-11-14,中部,NB-1,2.0,15600.0,1,1,2017-11-14,11.653333333333334,14.466666666666669,8.433333333333334,6.1,0.6,0.0,85.53333333333333,15,2017-11-14
2017-11-14,関東,NB-1,3.0,26000.0,1,2,2017-11-14,12.077777777777778,15.566666666666666,9.38888888888889,3.333333333333333,0.3333333333333333,0.0,86.88888888888889,9,2017-11-14
2017-11-15,東北,NB-1,1.0,8190.0,1,1,2017-11-15,8.9125,12.95,6.125,5.5625,3.5125,0.0,75.625,8,2017-11-15
2017-11-15,関東,NB-1,3.0,24180.0,1,2,2017-11-15,12.177777777777775,16.833333333333332,8.966666666666667,0.1666666666666666,3.555555555555556,0.0,80.77777777777777,9,2017-11-15
2017-11-16,近畿,NB-1,1.0,7540.0,1,1,2017-11-16,9.45,12.5,6.3375,0.375,5.0625,0.0,59.25,8,2017-11-16
2017-11-16,関東,NB-1,1.0,7540.0,1,1,2017-11-16,10.133333333333333,15.41111111111111,5.877777777777777,0.0,8.288888888888888,0.0,60.22222222222222,9,2017-11-16
2017-11-17,中部,NB-1,2.0,15600.0,1,1,2017-11-17,7.373333333333333,12.886666666666668,2.74,2.466666666666667,6.033333333333333,0.0,71.46666666666667,15,2017-11-17
2017-11-17,関東,NB-1,3.0,25480.0,1,2,2017-11-17,8.511111111111111,13.377777777777778,3.7,0.1666666666666666,8.18888888888889,0.0,64.66666666666667,9,2017-11-17
2017-11-20,関東,NB-1,4.0,35139.0,1,2,2017-11-20,5.477777777777778,9.644444444444444,2.288888888888889,0.0,1.5666666666666669,0.0,63.66666666666666,9,2017-11-20
2017-11-21,中国,NB-1,1.0,7800.0,1,1,2017-11-21,7.685714285714285,14.071428571428571,2.8714285714285714,0.7857142857142857,7.0,0.0,71.71428571428571,7,2017-11-21
2017-11-21,近畿,NB-1,1.0,7540.0,1,1,2017-11-21,7.1125,11.85,3.7,1.25,5.975,0.0,73.0,8,2017-11-21
2017-11-22,関東,NB-1,2.0,15730.0,1,2,2017-11-22,6.755555555555556,11.755555555555556,1.2666666666666666,1.7222222222222223,3.844444444444445,0.0,68.88888888888889,9,2017-11-22
2017-11-24,中部,NB-1,1.0,8190.0,1,1,2017-11-24,5.92,9.846666666666666,2.8666666666666667,9.1,4.786666666666666,0.0,65.93333333333334,15,2017-11-24
2017-11-24,関東,NB-1,6.0,50310.0,1,2,2017-11-24,8.366666666666667,14.688888888888888,3.933333333333333,0.0,7.166666666666667,0.0,55.66666666666666,9,2017-11-24
2017-11-27,中部,NB-1,4.0,31590.0,1,2,2017-11-27,8.58,13.426666666666668,4.319999999999999,0.6666666666666666,7.066666666666666,0.0,72.73333333333333,15,2017-11-27
2017-11-27,近畿,NB-1,1.0,7839.0,1,1,2017-11-27,10.875,15.5375,6.987500000000001,0.0,8.2625,0.0,72.25,8,2017-11-27
2017-11-27,関東,NB-1,3.0,24778.0,1,2,2017-11-27,10.444444444444445,13.955555555555556,6.733333333333333,0.0,4.377777777777777,0.0,65.11111111111111,9,2017-11-27
2017-11-29,中部,NB-1,1.0,7800.0,1,1,2017-11-29,10.566666666666666,16.066666666666666,5.38,1.2,3.48,0.0,78.2,15,2017-11-29
2017-11-30,関東,NB-1,1.0,9100.0,1,1,2017-11-30,10.411111111111111,13.366666666666667,7.433333333333334,1.4444444444444444,0.0,0.0,79.22222222222223,9,2017-11-30
2017-12-01,近畿,NB-1,2.0,15730.0,1,2,2017-12-01,9.0625,12.1125,5.925,0.875,3.825,0.0,64.75,8,2017-12-01
2017-12-01,関東,NB-1,4.0,31460.0,1,2,2017-12-01,8.255555555555555,10.488888888888887,6.455555555555556,1.3888888888888888,1.3444444444444446,0.0,82.55555555555556,9,2017-12-01
2017-12-04,中部,NB-1,1.0,8190.0,1,1,2017-12-04,6.739999999999999,11.026666666666667,2.453333333333333,5.133333333333334,2.7,0.0,71.73333333333333,15,2017-12-04
2017-12-04,九州沖縄,NB-1,1.0,7839.0,1,1,2017-12-04,11.9875,16.6125,8.5375,0.0625,2.2,0.0,68.5,8,2017-12-04
2017-12-04,近畿,NB-1,1.0,7839.0,1,1,2017-12-04,7.112500000000001,10.8625,3.65,0.9375,1.8375,0.0,80.375,8,2017-12-04
2017-12-04,関東,NB-1,7.0,59319.0,1,2,2017-12-04,8.377777777777778,12.977777777777778,3.0444444444444443,0.4444444444444444,3.1333333333333333,0.0,71.22222222222223,9,2017-12-04
2017-12-05,中部,NB-1,2.0,16640.0,1,2,2017-12-05,5.64,10.066666666666666,2.3400000000000003,8.533333333333333,4.486666666666666,0.0,65.8,15,2017-12-05
2017-12-05,近畿,NB-1,2.0,13780.0,1,1,2017-12-05,6.275,9.6875,3.1125,0.0625,5.775,0.0,59.125,8,2017-12-05
2017-12-05,関東,NB-1,3.0,22620.0,1,1,2017-12-05,8.655555555555557,14.566666666666666,3.9777777777777774,0.0,8.177777777777779,0.0,60.888888888888886,9,2017-12-05
2017-12-06,中部,NB-1,2.0,15600.0,1,1,2017-12-06,3.6,8.12,0.0666666666666666,10.3,5.4,1.181818181818182,70.0,15,2017-12-06
2017-12-06,関東,NB-1,2.0,16640.0,1,2,2017-12-06,6.177777777777778,11.266666666666667,1.9,0.0,9.122222222222222,0.0,56.66666666666666,9,2017-12-06
2017-12-07,関東,NB-1,1.0,7540.0,1,1,2017-12-07,6.077777777777778,11.933333333333334,1.2888888888888888,0.0,8.166666666666666,0.0,66.44444444444444,9,2017-12-07
2017-12-08,中国,NB-1,2.0,16900.0,1,1,2017-12-08,5.742857142857143,9.285714285714286,2.128571428571429,13.642857142857142,3.571428571428572,0.4,73.85714285714286,7,2017-12-08
2017-12-08,四国,NB-1,2.0,16380.0,1,1,2017-12-08,7.35,9.825,4.725,2.0,2.475,0.0,65.25,4,2017-12-08
2017-12-08,関東,NB-1,2.0,16900.0,1,2,2017-12-08,5.222222222222222,9.966666666666669,1.2666666666666666,3.9444444444444446,1.7333333333333334,0.0,73.77777777777777,9,2017-12-08
2017-12-11,中部,NB-1,3.0,24219.0,1,1,2017-12-11,6.46,11.826666666666666,1.4933333333333332,8.666666666666666,4.133333333333334,0.4545454545454545,66.6,15,2017-12-11
2017-12-11,九州沖縄,NB-1,1.0,7800.0,1,1,2017-12-11,9.175,12.3875,6.2625,0.0,4.0375,0.0,57.0,8,2017-12-11
2017-12-11,近畿,NB-1,2.0,15678.0,1,1,2017-12-11,7.45,11.3375,2.8375,0.125,3.9,0.0,62.375,8,2017-12-11
2017-12-11,関東,NB-1,5.0,41418.0,1,4,2017-12-11,9.555555555555555,16.633333333333333,3.344444444444444,0.0,8.511111111111111,0.0,55.11111111111112,9,2017-12-11
2017-12-12,中部,NB-1,1.0,8190.0,1,1,2017-12-12,2.373333333333333,5.513333333333334,-0.3333333333333333,4.766666666666667,4.033333333333333,1.6363636363636365,60.0,15,2017-12-12
2017-12-12,近畿,NB-1,2.0,16380.0,1,1,2017-12-12,3.25,6.25,1.275,0.0,5.45,0.0,49.0,8,2017-12-12
2017-12-12,関東,NB-1,1.0,8190.0,1,1,2017-12-12,6.166666666666667,10.11111111111111,1.9888888888888887,0.0,8.677777777777777,0.0,36.77777777777778,9,2017-12-12
2017-12-13,中部,NB-1,3.0,23400.0,1,1,2017-12-13,1.9733333333333332,6.1066666666666665,-1.3666666666666667,6.933333333333334,4.840000000000001,2.272727272727273,68.46666666666667,15,2017-12-13
2017-12-13,四国,NB-1,1.0,8190.0,1,1,2017-12-13,4.075,8.1,0.6499999999999999,0.0,6.175000000000001,0.0,55.25,4,2017-12-13
2017-12-13,近畿,NB-1,1.0,8450.0,1,1,2017-12-13,3.4375,7.3375,0.6749999999999999,2.125,4.7875,0.0,62.875,8,2017-12-13
2017-12-13,関東,NB-1,2.0,16380.0,1,1,2017-12-13,4.255555555555556,10.4,0.1888888888888889,0.0,7.555555555555555,0.0,48.44444444444444,9,2017-12-13
2017-12-14,東北,NB-1,1.0,8190.0,1,1,2017-12-14,1.3125,5.1625,-2.2375,3.1875,5.3875,1.25,78.375,8,2017-12-14
2017-12-14,関東,NB-1,2.0,18200.0,1,1,2017-12-14,4.466666666666667,9.77777777777778,-0.3222222222222222,0.0,9.166666666666666,0.0,47.77777777777778,9,2017-12-14
2017-12-15,関東,NB-1,1.0,8190.0,1,1,2017-12-15,4.933333333333334,9.833333333333334,0.8999999999999999,0.0,4.5,0.0,55.0,9,2017-12-15
2017-12-18,中部,NB-1,1.0,7839.0,1,1,2017-12-18,2.2266666666666666,7.12,-2.2066666666666666,3.2666666666666666,6.36,0.1818181818181818,70.06666666666666,15,2017-12-18
2017-12-18,九州沖縄,NB-1,2.0,16029.0,1,2,2017-12-18,6.35,9.875,2.6875,0.0,3.0375,0.0,64.25,8,2017-12-18
2017-12-18,近畿,NB-1,2.0,14729.0,1,2,2017-12-18,4.25,8.7125,0.0125,0.0,6.9,0.0,60.875,8,2017-12-18
2017-12-18,関東,NB-1,6.0,49517.0,1,4,2017-12-18,3.288888888888889,8.933333333333334,-1.5444444444444445,0.0,8.177777777777777,0.0,56.44444444444444,9,2017-12-18
2017-12-19,中部,NB-1,1.0,8190.0,1,1,2017-12-19,3.52,8.24,-0.6266666666666667,5.7,3.86,0.0,68.33333333333333,15,2017-12-19
2017-12-19,関東,NB-1,2.0,16640.0,1,2,2017-12-19,5.333333333333333,13.28888888888889,-1.0777777777777775,0.0,8.788888888888888,0.0,54.77777777777778,9,2017-12-19
2017-12-20,関東,NB-1,4.0,33280.0,1,2,2017-12-20,4.466666666666667,9.522222222222222,0.2777777777777777,0.0,6.477777777777778,0.0,55.333333333333336,9,2017-12-20
2017-12-22,九州沖縄,NB-1,1.0,8190.0,1,1,2017-12-22,8.025,14.0125,3.4,0.0,5.825,0.0,66.75,8,2017-12-22
2017-12-22,関東,NB-1,5.0,43940.0,1,2,2017-12-22,4.966666666666667,11.18888888888889,-0.0777777777777777,0.0,6.699999999999999,0.0,63.66666666666666,9,2017-12-22
2017-12-25,中部,NB-1,1.0,7839.0,1,1,2017-12-25,7.180000000000001,11.46,2.553333333333333,9.6,4.42,0.0,67.13333333333334,15,2017-12-25
2017-12-25,九州沖縄,NB-1,1.0,7839.0,1,1,2017-12-25,9.1625,12.1,5.325,0.0,4.1,0.0,54.0,8,2017-12-25
2017-12-25,近畿,NB-1,1.0,8190.0,1,1,2017-12-25,7.9,11.4125,4.725,3.75,2.2625,0.0,72.375,8,2017-12-25
2017-12-25,関東,NB-1,5.0,39897.0,1,4,2017-12-25,8.822222222222223,14.744444444444447,4.466666666666667,8.166666666666666,8.344444444444443,0.0,59.44444444444444,9,2017-12-25
2017-12-26,中国,NB-1,1.0,8190.0,1,1,2017-12-26,4.914285714285714,8.185714285714287,1.3,1.7142857142857142,2.457142857142857,0.0,66.14285714285714,7,2017-12-26
2017-12-26,中部,NB-1,1.0,8190.0,1,1,2017-12-26,3.713333333333333,8.08,0.36,7.366666666666666,3.52,0.5454545454545454,68.93333333333334,15,2017-12-26
2017-12-26,東北,NB-1,2.0,16380.0,1,1,2017-12-26,-0.3625,3.0375,-3.35,5.3125,1.975,7.875,75.75,8,2017-12-26
2017-12-26,関東,NB-1,2.0,18200.0,1,1,2017-12-26,6.411111111111111,12.5,1.6333333333333335,0.0,8.577777777777778,0.0,47.77777777777778,9,2017-12-26
2017-12-27,近畿,NB-1,1.0,8190.0,1,1,2017-12-27,3.875,5.9625,2.2875,4.0625,3.6125,0.2857142857142857,65.375,8,2017-12-27
2017-12-28,中国,NB-1,2.0,16900.0,1,1,2017-12-28,4.1,7.942857142857143,0.5285714285714286,0.8571428571428571,1.2857142857142858,0.0,69.28571428571429,7,2017-12-28
2017-12-28,関東,NB-1,2.0,15080.0,1,1,2017-12-28,3.1555555555555554,8.633333333333333,-1.3555555555555554,0.0,9.022222222222222,0.0,47.77777777777778,9,2017-12-28
2018-01-05,中部,NB-1,3.0,24570.0,1,2,2018-01-05,1.3666666666666667,4.886666666666667,-1.5066666666666668,0.3333333333333333,1.0799999999999998,0.0,72.13333333333334,15,2018-01-05
2018-01-05,九州沖縄,NB-1,1.0,8190.0,1,1,2018-01-05,7.95,10.0375,5.8,6.25,0.4375,0.0,83.125,8,2018-01-05
2018-01-05,関東,NB-1,1.0,8190.0,1,1,2018-01-05,2.7222222222222223,6.377777777777777,-0.3777777777777778,0.5555555555555556,2.1888888888888887,0.0,59.333333333333336,9,2018-01-05
2018-01-09,中国,NB-1,2.0,16900.0,1,1,2018-01-09,5.914285714285714,9.542857142857144,2.685714285714286,1.4285714285714286,2.5285714285714285,0.0,64.0,7,2018-01-09
2018-01-09,中部,NB-1,2.0,15678.0,1,1,2018-01-09,6.0600000000000005,11.286666666666669,1.6666666666666667,9.533333333333331,2.8466666666666667,0.0,72.6,15,2018-01-09
2018-01-09,四国,NB-1,1.0,8190.0,1,1,2018-01-09,7.45,11.9,3.25,0.5,4.525,0.0,61.0,4,2018-01-09
2018-01-09,関東,NB-1,1.0,7839.0,1,1,2018-01-09,8.355555555555556,15.6,4.300000000000001,3.2777777777777777,4.866666666666666,0.0,64.77777777777777,9,2018-01-09
2018-01-10,九州沖縄,NB-1,3.0,24570.0,1,3,2018-01-10,5.5,9.3,2.8125,8.25,2.525,0.4,75.25,8,2018-01-10
2018-01-10,関東,NB-1,1.0,8190.0,1,1,2018-01-10,6.688888888888889,11.466666666666669,2.1888888888888887,0.0,9.211111111111112,0.0,40.22222222222222,9,2018-01-10
2018-01-11,近畿,NB-1,2.0,15730.0,1,2,2018-01-11,1.525,4.75,-0.9125,0.0625,7.2625,0.1428571428571428,53.875,8,2018-01-11
2018-01-12,関東,NB-1,1.0,7540.0,1,1,2018-01-12,1.7444444444444445,6.711111111111111,-2.711111111111111,0.0,7.666666666666667,0.0,41.77777777777778,9,2018-01-12
2018-01-15,中国,NB-1,1.0,7800.0,1,1,2018-01-15,4.042857142857143,10.457142857142856,-1.8428571428571427,0.0,4.342857142857143,0.0,79.14285714285714,7,2018-01-15
2018-01-15,中部,NB-1,1.0,7839.0,1,1,2018-01-15,3.24,9.673333333333334,-3.533333333333333,0.1333333333333333,7.886666666666667,0.0,63.53333333333333,15,2018-01-15
2018-01-15,近畿,NB-1,2.0,14430.0,1,2,2018-01-15,4.0875,10.8375,-1.4125,0.0,6.15,0.0,74.75,8,2018-01-15
2018-01-15,関東,NB-1,2.0,15678.0,1,2,2018-01-15,3.744444444444445,10.533333333333331,-2.322222222222222,0.0,7.844444444444444,0.0,54.22222222222222,9,2018-01-15
2018-01-16,中部,NB-1,3.0,24570.0,1,3,2018-01-16,5.8933333333333335,12.22,0.1333333333333333,0.3333333333333333,6.92,0.0,70.2,15,2018-01-16
2018-01-16,近畿,NB-1,2.0,13780.0,1,1,2018-01-16,7.575,14.1,1.5375,0.5625,6.9,0.0,78.0,8,2018-01-16
2018-01-16,関東,NB-1,2.0,16380.0,1,1,2018-01-16,6.277777777777778,13.4,0.1777777777777777,0.0,7.977777777777778,0.0,60.888888888888886,9,2018-01-16
2018-01-17,九州沖縄,NB-1,1.0,8190.0,1,1,2018-01-17,13.7875,17.6625,10.0375,16.1875,1.2375,0.0,87.625,8,2018-01-17
2018-01-17,関東,NB-1,1.0,9100.0,1,1,2018-01-17,7.5,11.61111111111111,3.4444444444444446,16.22222222222222,0.1555555555555555,0.0,81.33333333333333,9,2018-01-17
2018-01-18,中国,NB-1,1.0,8450.0,1,1,2018-01-18,8.542857142857143,12.914285714285716,5.185714285714285,0.0,1.8142857142857145,0.0,81.42857142857143,7,2018-01-18
2018-01-19,関東,NB-1,1.0,7839.0,1,1,2018-01-19,7.333333333333333,11.344444444444443,4.077777777777778,0.0,5.222222222222222,0.0,56.333333333333336,9,2018-01-19
2018-01-22,九州沖縄,NB-1,2.0,16380.0,1,2,2018-01-22,8.325,10.975,5.7875,16.125,1.1875,0.0,81.625,8,2018-01-22
2018-01-22,近畿,NB-1,1.0,7839.0,1,1,2018-01-22,3.275,5.6375,1.4,6.9375,0.0,0.2857142857142857,84.75,8,2018-01-22
2018-01-22,関東,NB-1,3.0,24830.0,1,2,2018-01-22,1.7222222222222223,4.522222222222222,-0.3555555555555555,17.333333333333332,0.0,18.0,78.33333333333333,9,2018-01-22
2018-01-23,中部,NB-1,3.0,23790.0,1,2,2018-01-23,2.3800000000000003,7.693333333333333,-1.413333333333333,3.7,2.7266666666666666,2.727272727272727,72.78571428571429,15,2018-01-23
2018-01-23,関東,NB-1,3.0,24830.0,1,2,2018-01-23,3.066666666666667,9.022222222222222,-2.1666666666666665,0.0555555555555555,7.888888888888889,0.0,71.22222222222223,9,2018-01-23
2018-01-24,関東,NB-1,1.0,7540.0,1,1,2018-01-24,1.0333333333333334,6.255555555555556,-3.5,0.0,6.811111111111111,0.0,49.55555555555556,9,2018-01-24
2018-01-25,九州沖縄,NB-1,1.0,8190.0,1,1,2018-01-25,3.325,7.1125,0.7625,0.0,5.4625,0.0,53.625,8,2018-01-25
2018-01-25,東北,NB-1,2.0,16380.0,1,1,2018-01-25,-5.0,-2.05,-7.9625,5.5,2.0375,7.75,77.0,8,2018-01-25
2018-01-25,関東,NB-1,1.0,9750.0,1,1,2018-01-25,-0.5888888888888889,3.5444444444444447,-4.199999999999999,0.0,9.455555555555556,0.0,38.0,9,2018-01-25
2018-01-29,東北,NB-1,1.0,9750.0,1,1,2018-01-29,-1.7,1.725,-5.3125,2.0625,4.8375,5.375,74.125,8,2018-01-29
2018-01-29,関東,NB-1,2.0,16029.0,1,2,2018-01-29,3.155555555555556,9.266666666666667,-2.311111111111112,0.3888888888888889,7.699999999999999,0.3333333333333333,66.0,9,2018-01-29
2018-01-30,中国,NB-1,1.0,8190.0,1,1,2018-01-30,1.2714285714285716,5.785714285714286,-2.1,1.4285714285714286,5.3,2.4,65.57142857142857,7,2018-01-30
2018-01-31,東北,NB-1,2.0,16380.0,1,1,2018-01-31,-1.4375,2.4,-5.5625,1.3125,4.15,3.0,76.625,8,2018-01-31
2018-01-31,関東,NB-1,4.0,26390.0,1,2,2018-01-31,3.066666666666667,9.344444444444443,-2.533333333333333,0.0,8.455555555555556,0.0,52.77777777777778,9,2018-01-31
2018-02-01,近畿,NB-1,1.0,6890.0,1,1,2018-02-01,2.3875,4.05,0.8625,1.9375,0.0,0.1428571428571428,86.75,8,2018-02-01
2018-02-02,中国,NB-1,2.0,16900.0,1,1,2018-02-02,3.8,8.914285714285715,-0.5857142857142856,2.071428571428572,3.3285714285714287,0.0,79.28571428571429,7,2018-02-02
2018-02-05,関東,NB-1,2.0,16380.0,1,2,2018-02-05,3.2,8.133333333333333,-0.911111111111111,0.0,8.211111111111112,0.1111111111111111,51.77777777777778,9,2018-02-05
2018-02-06,中部,NB-1,4.0,31590.0,1,1,2018-02-06,-0.7933333333333332,3.2133333333333334,-3.86,8.566666666666666,6.166666666666667,10.727272727272728,57.66666666666666,15,2018-02-06
2018-02-06,九州沖縄,NB-1,1.0,8190.0,1,1,2018-02-06,2.2875,5.6125,-0.4,0.0625,5.1625,0.6,56.5,8,2018-02-06
2018-02-06,四国,NB-1,1.0,8190.0,1,1,2018-02-06,0.375,4.55,-2.125,0.0,7.075,0.25,50.75,4,2018-02-06
2018-02-06,関東,NB-1,1.0,8190.0,1,1,2018-02-06,2.1555555555555554,7.544444444444445,-2.533333333333333,0.0,9.31111111111111,0.0,45.888888888888886,9,2018-02-06
2018-02-08,東北,NB-1,1.0,8450.0,1,1,2018-02-08,-1.15,2.9375,-5.0375,2.0,4.5,3.625,73.125,8,2018-02-08
2018-02-09,関東,NB-1,2.0,17290.0,1,2,2018-02-09,3.1444444444444444,9.477777777777778,-2.8222222222222224,0.0,9.711111111111112,0.0,48.888888888888886,9,2018-02-09
2018-02-13,中国,NB-1,1.0,8190.0,1,1,2018-02-13,1.5857142857142856,5.9,-1.957142857142857,0.8571428571428571,5.3,2.0,66.85714285714286,7,2018-02-13
2018-02-13,中部,NB-1,1.0,7839.0,1,1,2018-02-13,0.4533333333333332,4.293333333333333,-2.5466666666666664,4.366666666666666,4.393333333333333,5.454545454545454,65.46666666666667,15,2018-02-13
2018-02-13,近畿,NB-1,1.0,6890.0,1,1,2018-02-13,2.35,6.25,-0.8125,0.25,6.8125,0.2857142857142857,59.125,8,2018-02-13
2018-02-13,関東,NB-1,2.0,15379.0,1,2,2018-02-13,3.1888888888888887,9.18888888888889,-2.022222222222222,0.0,8.411111111111111,0.0,40.333333333333336,9,2018-02-13
2018-02-14,中国,NB-1,3.0,25350.0,1,1,2018-02-14,4.942857142857143,11.657142857142857,-2.757142857142857,0.0,8.028571428571428,0.0,65.0,7,2018-02-14
2018-02-14,九州沖縄,NB-1,1.0,7839.0,1,1,2018-02-14,8.475,15.6875,0.5624999999999999,0.0,6.75,0.0,69.0,8,2018-02-14
2018-02-14,近畿,NB-1,1.0,7540.0,1,1,2018-02-14,4.55,9.9375,-1.6375,0.0,8.8875,0.0,60.0,8,2018-02-14
2018-02-15,関東,NB-1,1.0,8190.0,1,1,2018-02-15,8.2,14.377777777777778,3.588888888888889,0.0,7.933333333333334,0.0,48.77777777777778,9,2018-02-15
2018-02-16,関東,NB-1,1.0,7800.0,1,1,2018-02-16,5.255555555555556,9.38888888888889,1.3666666666666667,0.0,5.911111111111111,0.0,53.77777777777778,9,2018-02-16
2018-02-19,中国,NB-1,2.0,15639.0,1,1,2018-02-19,5.114285714285714,9.914285714285716,0.9857142857142858,0.0,1.9142857142857144,0.0,66.14285714285714,7,2018-02-19
2018-02-19,中部,NB-1,1.0,7839.0,1,1,2018-02-19,2.0733333333333333,7.680000000000001,-3.2133333333333334,0.0333333333333333,5.94,0.1818181818181818,63.8,15,2018-02-19
2018-02-19,関東,NB-1,6.0,48100.0,1,3,2018-02-19,4.4,9.72222222222222,-1.2111111111111112,0.0,8.11111111111111,0.0,46.888888888888886,9,2018-02-19
2018-02-20,九州沖縄,NB-1,2.0,16380.0,1,1,2018-02-20,10.925,15.675,6.1,0.3125,8.4125,0.0,63.125,8,2018-02-20
2018-02-21,四国,NB-1,1.0,8190.0,1,1,2018-02-21,8.15,12.225,5.75,0.0,3.875,0.0,57.5,4,2018-02-21
2018-02-21,近畿,NB-1,1.0,6890.0,1,1,2018-02-21,5.375,8.65,2.7125,0.0,1.925,0.0,66.0,8,2018-02-21
2018-02-22,関東,NB-1,2.0,18200.0,1,1,2018-02-22,2.588888888888889,5.366666666666666,0.8555555555555555,1.5555555555555556,0.8222222222222223,0.1111111111111111,81.33333333333333,9,2018-02-22
2018-02-23,中部,NB-1,1.0,7800.0,1,1,2018-02-23,3.886666666666667,9.82,-1.2733333333333332,0.7333333333333333,8.553333333333335,0.2727272727272727,59.93333333333333,15,2018-02-23
2018-02-23,関東,NB-1,1.0,7540.0,1,1,2018-02-23,4.433333333333334,9.088888888888889,1.2555555555555555,0.2777777777777778,4.544444444444444,0.0,77.88888888888889,9,2018-02-23
2018-02-26,中部,NB-1,3.0,23439.0,1,2,2018-02-26,5.193333333333333,11.633333333333333,0.7200000000000001,0.0,8.96,0.0,62.4,15,2018-02-26
2018-02-26,関東,NB-1,1.0,8190.0,1,1,2018-02-26,5.222222222222222,10.244444444444444,1.7444444444444445,0.1666666666666666,6.644444444444444,0.0,61.55555555555556,9,2018-02-26
2018-02-27,九州沖縄,NB-1,1.0,8190.0,1,1,2018-02-27,10.5875,16.7125,4.5625,0.0,10.175,0.0,66.375,8,2018-02-27
2018-02-28,中部,NB-1,2.0,15600.0,1,1,2018-02-28,7.319999999999999,12.706666666666669,1.3,4.766666666666667,4.706666666666666,0.0,58.4,15,2018-02-28
2018-02-28,近畿,NB-1,1.0,8840.0,1,1,2018-02-28,9.6875,15.7625,3.0625,3.5625,5.7,0.0,60.625,8,2018-02-28
2018-03-02,関東,NB-1,5.0,40820.0,1,2,2018-03-02,8.644444444444444,13.466666666666669,4.122222222222223,0.0,10.88888888888889,0.0,33.44444444444444,9,2018-03-02
2018-03-05,中国,NB-1,3.0,25350.0,1,1,2018-03-05,11.528571428571428,17.0,6.371428571428572,51.57142857142857,0.0,0.0,86.85714285714286,7,2018-03-05
2018-03-05,中部,NB-1,2.0,15600.0,1,1,2018-03-05,10.633333333333333,15.506666666666666,6.173333333333333,37.06666666666667,0.1066666666666666,0.0,88.4,15,2018-03-05
2018-03-05,九州沖縄,NB-1,1.0,7839.0,1,1,2018-03-05,15.975,21.925,11.1,32.9375,0.4,0.0,86.5,8,2018-03-05
2018-03-05,近畿,NB-1,2.0,15678.0,1,2,2018-03-05,12.95,17.3375,7.4,35.125,0.0,0.0,85.125,8,2018-03-05
2018-03-05,関東,NB-1,5.0,40820.0,1,2,2018-03-05,13.2,17.4,7.800000000000001,16.0,0.2777777777777778,0.0,84.0,9,2018-03-05
2018-03-06,中部,NB-1,1.0,8190.0,1,1,2018-03-06,5.94,10.646666666666668,2.46,0.0,6.766666666666667,0.0,62.46666666666667,15,2018-03-06
2018-03-06,近畿,NB-1,1.0,8840.0,1,1,2018-03-06,7.075,10.7875,4.45,0.125,8.5875,0.0,58.0,8,2018-03-06
2018-03-06,関東,NB-1,1.0,7540.0,1,1,2018-03-06,7.855555555555556,12.077777777777778,3.322222222222222,1.2222222222222223,7.711111111111112,0.0,55.77777777777778,9,2018-03-06
2018-03-07,中国,NB-1,1.0,8450.0,1,1,2018-03-07,7.357142857142857,12.4,2.1142857142857143,0.0,6.514285714285714,0.0,58.71428571428572,7,2018-03-07
2018-03-07,近畿,NB-1,3.0,26520.0,1,1,2018-03-07,7.0,11.5,2.2625,0.0,5.7375,0.0,60.25,8,2018-03-07
2018-03-07,関東,NB-1,3.0,23920.0,1,2,2018-03-07,4.555555555555555,8.411111111111111,1.3333333333333333,0.0,4.722222222222222,0.0,55.11111111111112,9,2018-03-07
2018-03-09,中部,NB-1,3.0,23400.0,1,1,2018-03-09,7.606666666666666,12.373333333333331,3.313333333333333,18.53333333333333,1.3,0.1818181818181818,80.13333333333334,15,2018-03-09
2018-03-09,近畿,NB-1,1.0,8840.0,1,1,2018-03-09,6.85,11.7625,3.275,8.0,0.15,0.0,70.75,8,2018-03-09
2018-03-09,関東,NB-1,2.0,16380.0,1,1,2018-03-09,11.422222222222222,15.655555555555557,6.48888888888889,38.333333333333336,0.0,0.0,82.88888888888889,9,2018-03-09
2018-03-12,中国,NB-1,4.0,32370.0,1,2,2018-03-12,8.371428571428572,16.47142857142857,1.4285714285714286,0.0,10.4,0.0,65.85714285714286,7,2018-03-12
2018-03-12,四国,NB-1,2.0,16380.0,1,1,2018-03-12,9.625,15.825,3.625,0.0,9.9,0.0,58.5,4,2018-03-12
2018-03-12,関東,NB-1,2.0,15379.0,1,2,2018-03-12,8.433333333333334,14.333333333333334,3.344444444444445,0.0,11.233333333333333,0.0,48.66666666666666,9,2018-03-12
2018-03-13,中部,NB-1,2.0,15600.0,1,1,2018-03-13,10.053333333333336,18.86,1.48,0.0,10.746666666666666,0.0,53.13333333333333,15,2018-03-13
2018-03-13,北海道,NB-1,1.0,6890.0,1,1,2018-03-13,2.3125,6.2125,-1.825,0.8125,0.875,0.0,78.875,8,2018-03-13
2018-03-13,近畿,NB-1,2.0,16380.0,1,2,2018-03-13,11.45,19.3875,3.825,0.0,10.8,0.0,61.0,8,2018-03-13
2018-03-13,関東,NB-1,1.0,8190.0,1,1,2018-03-13,10.755555555555556,17.566666666666666,3.966666666666667,0.0,10.422222222222222,0.0,59.22222222222222,9,2018-03-13
2018-03-14,中部,NB-1,2.0,15600.0,1,1,2018-03-14,12.78,20.71333333333333,5.16,0.0,10.593333333333334,0.0,57.53333333333333,15,2018-03-14
2018-03-14,近畿,NB-1,1.0,6890.0,1,1,2018-03-14,14.0375,21.6625,7.6875,0.0,10.9125,0.0,65.0,8,2018-03-14
2018-03-15,中部,NB-1,1.0,8190.0,1,1,2018-03-15,14.28,21.966666666666665,6.46,0.0666666666666666,9.12,0.0,59.66666666666666,15,2018-03-15
2018-03-15,関東,NB-1,5.0,42120.0,1,3,2018-03-15,15.033333333333337,21.288888888888888,8.355555555555556,0.0,8.755555555555555,0.0,62.66666666666666,9,2018-03-15
2018-03-16,中部,NB-1,1.0,8190.0,1,1,2018-03-16,8.5,14.826666666666666,3.22,11.4,0.0,0.0,77.26666666666667,15,2018-03-16
2018-03-16,関東,NB-1,1.0,7800.0,1,1,2018-03-16,11.8,16.477777777777778,5.477777777777778,2.888888888888889,0.0,0.0,68.0,9,2018-03-16
2018-03-19,中部,NB-1,2.0,15678.0,1,2,2018-03-19,10.346666666666666,13.253333333333332,7.6,10.4,0.1133333333333333,0.0,82.4,15,2018-03-19
2018-03-19,東北,NB-1,2.0,16640.0,1,2,2018-03-19,7.4125,13.3875,2.525,0.0,4.7625,0.0,62.5,8,2018-03-19
2018-03-19,近畿,NB-1,1.0,8190.0,1,1,2018-03-19,13.1625,16.0375,10.9875,13.9375,0.0,0.0,85.25,8,2018-03-19
2018-03-19,関東,NB-1,4.0,31720.0,1,2,2018-03-19,12.38888888888889,17.0,8.0,0.6111111111111112,1.0666666666666669,0.0,68.88888888888889,9,2018-03-19
2018-03-20,中部,NB-1,5.0,39780.0,1,3,2018-03-20,7.1466666666666665,9.466666666666669,4.673333333333334,10.233333333333333,0.3666666666666666,0.0,83.13333333333334,15,2018-03-20
2018-03-20,関東,NB-1,2.0,15080.0,1,1,2018-03-20,8.277777777777779,10.9,6.077777777777778,9.38888888888889,0.1111111111111111,0.0,82.22222222222223,9,2018-03-20
2018-03-22,中国,NB-1,2.0,16900.0,1,1,2018-03-22,7.471428571428571,10.94285714285714,2.8142857142857145,8.285714285714286,2.3714285714285714,0.0,74.71428571428571,7,2018-03-22
2018-03-22,中部,NB-1,1.0,7800.0,1,1,2018-03-22,7.98,12.326666666666666,5.053333333333333,12.766666666666667,3.293333333333333,1.4545454545454546,81.13333333333334,15,2018-03-22
2018-03-22,近畿,NB-1,3.0,23920.0,1,2,2018-03-22,9.1375,12.6375,6.35,9.0,1.2125,0.0,77.25,8,2018-03-22
2018-03-22,関東,NB-1,4.0,32110.0,1,2,2018-03-22,9.855555555555556,14.933333333333334,4.388888888888889,16.833333333333332,2.7,0.0,81.77777777777777,9,2018-03-22
2018-03-23,中部,NB-1,4.0,31590.0,1,2,2018-03-23,7.906666666666666,12.966666666666669,4.226666666666667,1.8,6.5,0.0,69.26666666666667,15,2018-03-23
2018-03-23,関東,NB-1,3.0,23920.0,1,3,2018-03-23,11.033333333333331,15.877777777777778,8.088888888888889,0.8888888888888888,4.888888888888889,0.0,61.0,9,2018-03-23
2018-03-26,四国,NB-1,1.0,8190.0,1,1,2018-03-26,13.55,19.95,7.825,0.0,10.775,0.0,59.75,4,2018-03-26
2018-03-27,中部,NB-1,2.0,16380.0,1,2,2018-03-27,13.086666666666668,20.926666666666662,6.2,0.0,9.44,0.0,58.266666666666666,15,2018-03-27
2018-03-27,九州沖縄,NB-1,1.0,8190.0,1,1,2018-03-27,15.9875,22.1375,10.9,0.0,9.25,0.0,62.0,8,2018-03-27
2018-03-27,四国,NB-1,1.0,8190.0,1,1,2018-03-27,14.8,21.0,9.55,0.0,10.375,0.0,59.25,4,2018-03-27
2018-03-27,関東,NB-1,2.0,15730.0,1,1,2018-03-27,15.044444444444444,21.366666666666667,8.477777777777778,0.0,8.566666666666666,0.0,61.44444444444444,9,2018-03-27
2018-03-29,中国,NB-1,1.0,7800.0,1,1,2018-03-29,15.157142857142858,21.928571428571427,8.371428571428572,0.0,10.0,0.0,62.57142857142857,7,2018-03-29
2018-03-30,東北,NB-1,1.0,8190.0,1,1,2018-03-30,7.05,11.9,1.6625,0.0,11.2875,0.0,42.125,8,2018-03-30
2018-03-30,関東,NB-1,3.0,23270.0,1,1,2018-03-30,12.833333333333334,17.822222222222223,8.5,0.0,11.033333333333331,0.0,35.333333333333336,9,2018-03-30
2018-04-02,中部,NB-1,7.0,54678.0,1,1,2018-04-02,16.2,23.326666666666664,10.36,0.0,8.733333333333333,0.0,65.13333333333334,15,2018-04-02
2018-04-02,九州沖縄,NB-1,1.0,8190.0,1,1,2018-04-02,18.9875,24.6625,14.1875,0.0,10.2,0.0,67.875,8,2018-04-02
2018-04-02,東北,NB-1,1.0,8190.0,1,1,2018-04-02,10.925,17.5875,6.4625,0.0625,7.4875,0.0,74.25,8,2018-04-02
2018-04-02,近畿,NB-1,4.0,30407.0,1,2,2018-04-02,17.5375,23.7125,12.325,0.0,9.875,0.0,67.25,8,2018-04-02
2018-04-02,関東,NB-1,5.0,39858.0,1,2,2018-04-02,16.344444444444445,22.88888888888889,11.466666666666669,0.0,8.422222222222222,0.0,69.77777777777777,9,2018-04-02
2018-04-03,中部,NB-1,2.0,16640.0,1,1,2018-04-03,17.046666666666667,24.386666666666667,10.986666666666668,0.0,9.573333333333332,0.0,65.26666666666667,15,2018-04-03
2018-04-03,四国,NB-1,1.0,8190.0,1,1,2018-04-03,18.75,24.200000000000003,13.65,0.0,10.575,0.0,68.25,4,2018-04-03
2018-04-03,近畿,NB-1,2.0,17030.0,1,2,2018-04-03,18.175,25.175,12.3125,0.0,10.45,0.0,67.0,8,2018-04-03
2018-04-03,関東,NB-1,1.0,8190.0,1,1,2018-04-03,17.666666666666668,23.544444444444444,13.22222222222222,0.0,8.877777777777778,0.0,71.11111111111111,9,2018-04-03
2018-04-04,中部,NB-1,1.0,8190.0,1,1,2018-04-04,15.86,24.793333333333333,9.106666666666666,2.7666666666666666,7.433333333333334,0.0,67.33333333333333,15,2018-04-04
2018-04-04,東北,NB-1,1.0,8190.0,1,1,2018-04-04,9.6,16.325,4.2375,5.8125,2.0625,0.0,75.875,8,2018-04-04
2018-04-04,近畿,NB-1,1.0,6890.0,1,1,2018-04-04,16.8625,24.9625,11.375,1.125,8.025,0.0,73.625,8,2018-04-04
2018-04-04,関東,NB-1,2.0,17290.0,1,2,2018-04-04,18.9,26.022222222222226,12.77777777777778,0.0,10.27777777777778,0.0,63.55555555555556,9,2018-04-04
2018-04-05,中部,NB-1,2.0,15600.0,1,1,2018-04-05,11.846666666666666,17.166666666666668,7.653333333333333,0.1666666666666666,4.58,0.0,67.13333333333334,15,2018-04-05
2018-04-05,九州沖縄,NB-1,1.0,8190.0,1,1,2018-04-05,18.8,22.925,15.5,1.125,4.2875000000000005,0.0,79.5,8,2018-04-05
2018-04-05,近畿,NB-1,2.0,16029.0,1,2,2018-04-05,13.6875,18.0375,9.9625,0.0,2.5625,0.0,64.625,8,2018-04-05
2018-04-06,中部,NB-1,2.0,16900.0,1,1,2018-04-06,15.413333333333332,21.18,10.853333333333332,15.333333333333334,1.7133333333333334,0.0,78.46666666666667,15,2018-04-06
2018-04-06,関東,NB-1,1.0,7540.0,1,1,2018-04-06,17.200000000000003,23.33333333333333,10.944444444444445,0.7777777777777778,3.477777777777778,0.0,75.66666666666667,9,2018-04-06
2018-04-09,中国,NB-1,4.0,32409.0,1,2,2018-04-09,11.342857142857143,17.257142857142856,5.828571428571428,1.2857142857142858,3.314285714285714,0.0,68.14285714285714,7,2018-04-09
2018-04-09,中部,NB-1,3.0,24219.0,1,2,2018-04-09,8.833333333333334,14.286666666666669,3.1733333333333333,0.9666666666666668,4.673333333333333,0.0,60.86666666666667,15,2018-04-09
2018-04-09,北海道,NB-1,1.0,7839.0,1,1,2018-04-09,4.2,8.7875,0.125,0.875,7.425,0.0,64.875,8,2018-04-09
2018-04-09,東北,NB-1,1.0,8190.0,1,1,2018-04-09,6.0125,10.6,1.975,4.4375,3.2125,0.125,68.25,8,2018-04-09
2018-04-09,近畿,NB-1,6.0,46189.0,1,2,2018-04-09,10.475,15.6875,4.5375,0.0,3.95,0.0,65.875,8,2018-04-09
2018-04-09,関東,NB-1,4.0,30160.0,1,1,2018-04-09,12.22222222222222,19.633333333333333,4.777777777777778,0.0,10.266666666666667,0.0,46.11111111111112,9,2018-04-09
2018-04-10,中部,NB-1,1.0,8190.0,1,1,2018-04-10,11.546666666666663,18.91333333333333,3.9,0.0,10.686666666666667,0.0,56.4,15,2018-04-10
2018-04-11,中部,NB-1,3.0,23400.0,1,1,2018-04-11,14.793333333333331,19.5,10.433333333333334,7.066666666666666,0.7133333333333333,0.0,71.8,15,2018-04-11
2018-04-11,関東,NB-1,3.0,23270.0,1,1,2018-04-11,16.166666666666668,21.6,10.61111111111111,0.7777777777777778,3.555555555555556,0.0,68.44444444444444,9,2018-04-11
2018-04-13,中部,NB-1,2.0,16380.0,1,2,2018-04-13,11.966666666666669,17.3,7.233333333333333,0.0,11.18,0.0,46.86666666666667,15,2018-04-13
2018-04-13,九州沖縄,NB-1,1.0,8190.0,1,1,2018-04-13,19.3,25.2,13.6,0.0,10.5125,0.0,47.625,8,2018-04-13
2018-04-13,関東,NB-1,6.0,53040.0,1,2,2018-04-13,13.955555555555556,18.95555555555556,9.822222222222225,0.0,11.18888888888889,0.0,36.11111111111112,9,2018-04-13
2018-04-16,中部,NB-1,2.0,15678.0,1,2,2018-04-16,11.4,16.88,6.52,0.0,8.766666666666667,0.0,63.66666666666666,15,2018-04-16
2018-04-16,近畿,NB-1,4.0,31707.0,1,2,2018-04-16,12.7625,17.825,8.2875,0.0,9.075,0.0,58.25,8,2018-04-16
2018-04-16,関東,NB-1,1.0,7839.0,1,1,2018-04-16,13.833333333333334,19.08888888888889,9.733333333333333,0.0,7.222222222222222,0.0,50.22222222222222,9,2018-04-16
2018-04-17,中国,NB-1,3.0,25350.0,1,1,2018-04-17,13.214285714285714,17.457142857142856,10.114285714285714,0.2857142857142857,0.0571428571428571,0.0,67.57142857142857,7,2018-04-17
2018-04-17,中部,NB-1,1.0,8190.0,1,1,2018-04-17,11.8,16.333333333333332,8.28,11.466666666666669,1.5799999999999998,0.0,77.33333333333333,15,2018-04-17
2018-04-17,東北,NB-1,2.0,16380.0,1,1,2018-04-17,9.7625,16.125,3.3125,0.0625,7.6375,0.0,70.0,8,2018-04-17
2018-04-17,近畿,NB-1,2.0,17680.0,1,1,2018-04-17,13.4375,18.05,9.85,5.0625,0.8375,0.0,69.375,8,2018-04-17
2018-04-17,関東,NB-1,4.0,31980.0,1,3,2018-04-17,12.68888888888889,14.833333333333334,11.022222222222222,2.4444444444444446,0.0666666666666666,0.0,77.0,9,2018-04-17
2018-04-18,中部,NB-1,5.0,39000.0,1,1,2018-04-18,13.333333333333334,18.60666666666667,10.2,16.933333333333334,4.153333333333333,0.0,82.13333333333334,15,2018-04-18
2018-04-18,九州沖縄,NB-1,1.0,8190.0,1,1,2018-04-18,16.0875,22.0,10.7,0.0,10.725,0.0,71.75,8,2018-04-18
2018-04-18,東北,NB-1,1.0,8190.0,1,1,2018-04-18,11.4875,14.7,8.75,3.0625,0.7125,0.0,84.125,8,2018-04-18
2018-04-18,関東,NB-1,1.0,9100.0,1,1,2018-04-18,13.211111111111112,16.933333333333334,10.844444444444443,18.11111111111111,2.611111111111111,0.0,87.0,9,2018-04-18
2018-04-19,中部,NB-1,2.0,16380.0,1,1,2018-04-19,15.306666666666668,22.75333333333333,8.719999999999999,0.0,10.726666666666668,0.0,66.8,15,2018-04-19
2018-04-19,関東,NB-1,2.0,15080.0,1,1,2018-04-19,16.211111111111112,22.64444444444445,9.77777777777778,0.0,10.877777777777778,0.0,73.55555555555556,9,2018-04-19
2018-04-20,中国,NB-1,1.0,7800.0,1,1,2018-04-20,16.928571428571427,25.442857142857143,8.799999999999999,0.0,12.3,0.0,55.285714285714285,7,2018-04-20
2018-04-20,関東,NB-1,3.0,26000.0,1,2,2018-04-20,18.12222222222222,25.155555555555555,12.622222222222224,0.0,12.1,0.0,60.0,9,2018-04-20
2018-04-23,中国,NB-1,3.0,24479.0,1,2,2018-04-23,17.657142857142855,21.8,13.428571428571429,0.2857142857142857,2.8000000000000003,0.0,77.57142857142857,7,2018-04-23
2018-04-23,中部,NB-1,6.0,47658.0,1,3,2018-04-23,17.333333333333332,22.926666666666662,12.813333333333333,0.0666666666666666,7.46,0.0,72.66666666666667,15,2018-04-23
2018-04-23,九州沖縄,NB-1,1.0,8190.0,1,1,2018-04-23,20.95,24.7375,17.625,0.3125,0.75,0.0,76.375,8,2018-04-23
2018-04-23,近畿,NB-1,2.0,15678.0,1,1,2018-04-23,19.3875,24.625,14.0875,0.0625,9.4375,0.0,64.75,8,2018-04-23
2018-04-23,関東,NB-1,4.0,30758.0,1,2,2018-04-23,16.01111111111111,18.966666666666665,13.844444444444443,0.2222222222222222,1.1333333333333333,0.0,79.0,9,2018-04-23
2018-04-24,中部,NB-1,3.0,23790.0,1,2,2018-04-24,16.646666666666665,19.0,14.766666666666667,20.1,0.0133333333333333,0.0,83.6,15,2018-04-24
2018-04-24,北海道,NB-1,1.0,8190.0,1,1,2018-04-24,8.0625,12.475,3.75,0.75,5.2250000000000005,0.0,72.875,8,2018-04-24
2018-04-24,四国,NB-1,1.0,8190.0,1,1,2018-04-24,19.225,21.55,16.85,58.625,0.0,0.0,87.0,4,2018-04-24
2018-04-24,関東,NB-1,1.0,8190.0,1,1,2018-04-24,16.044444444444444,18.633333333333333,13.72222222222222,4.444444444444445,0.4555555555555555,0.0,89.22222222222223,9,2018-04-24
2018-04-25,関東,NB-1,1.0,9100.0,1,1,2018-04-25,18.08888888888889,22.933333333333334,15.27777777777778,38.66666666666666,2.011111111111111,0.0,89.0,9,2018-04-25
2018-04-26,中国,NB-1,2.0,16900.0,1,1,2018-04-26,14.257142857142856,20.37142857142857,8.342857142857143,0.0714285714285714,10.257142857142856,0.0,70.14285714285714,7,2018-04-26
2018-04-26,中部,NB-1,3.0,23400.0,1,1,2018-04-26,15.18,21.07333333333333,10.333333333333334,0.1,10.293333333333331,0.0,64.0,15,2018-04-26
2018-04-26,九州沖縄,NB-1,2.0,15990.0,1,2,2018-04-26,16.6375,22.3,11.2125,0.0,8.6875,0.0,67.5,8,2018-04-26
2018-04-26,近畿,NB-1,1.0,8840.0,1,1,2018-04-26,15.6875,20.85,11.675,0.0,9.525,0.0,62.5,8,2018-04-26
2018-04-26,関東,NB-1,2.0,16640.0,1,2,2018-04-26,17.977777777777778,23.700000000000003,13.77777777777778,0.2222222222222222,10.566666666666666,0.0,57.44444444444444,9,2018-04-26
2018-04-27,中国,NB-1,2.0,16380.0,1,1,2018-04-27,15.957142857142856,21.914285714285715,11.742857142857144,0.0,6.614285714285714,0.0,65.85714285714286,7,2018-04-27
2018-04-27,近畿,NB-1,1.0,7839.0,1,1,2018-04-27,16.825,22.1375,12.975,0.0625,3.1875,0.0,68.625,8,2018-04-27
2018-04-27,関東,NB-1,5.0,45500.0,1,1,2018-04-27,17.455555555555556,21.62222222222222,12.9,0.0555555555555555,3.6222222222222222,0.0,70.55555555555556,9,2018-04-27
2018-05-01,中国,NB-1,1.0,7839.0,1,1,2018-05-01,19.714285714285715,26.785714285714285,12.9,0.1428571428571428,10.7,0.0,65.85714285714286,7,2018-05-01
2018-05-01,中部,NB-1,2.0,16029.0,1,2,2018-05-01,19.1,26.49333333333333,12.126666666666669,0.0,11.613333333333332,0.0,61.13333333333333,15,2018-05-01
2018-05-01,九州沖縄,NB-1,2.0,16380.0,1,1,2018-05-01,20.325,25.5,16.2625,4.6875,4.4,0.0,76.375,8,2018-05-01
2018-05-01,北海道,NB-1,1.0,7839.0,1,1,2018-05-01,10.175,15.5,6.5,0.5625,6.425,0.0,81.125,8,2018-05-01
2018-05-01,近畿,NB-1,2.0,16380.0,1,1,2018-05-01,20.2,27.5,13.8375,0.0,11.725,0.0,64.125,8,2018-05-01
2018-05-01,関東,NB-1,14.0,112073.0,1,4,2018-05-01,21.48888888888889,28.155555555555555,15.466666666666663,0.0,12.3,0.0,59.11111111111112,9,2018-05-01
2018-05-02,中国,NB-1,3.0,24050.0,1,2,2018-05-02,18.785714285714285,21.057142857142857,17.185714285714287,22.928571428571427,0.0,0.0,89.0,7,2018-05-02
2018-05-02,中部,NB-1,8.0,67470.0,1,2,2018-05-02,18.16,23.026666666666664,14.786666666666669,18.1,0.8066666666666668,0.0,75.6,15,2018-05-02
2018-05-02,北海道,NB-1,2.0,15080.0,1,1,2018-05-02,8.7625,13.8375,5.2875,0.9375,3.6875,0.0,77.625,8,2018-05-02
2018-05-02,近畿,NB-1,3.0,24570.0,1,2,2018-05-02,19.5375,21.9,17.95,11.375,0.0,0.0,79.5,8,2018-05-02
2018-05-02,関東,NB-1,1.0,9100.0,1,1,2018-05-02,19.53333333333333,23.344444444444445,16.355555555555554,4.222222222222222,2.688888888888889,0.0,77.77777777777777,9,2018-05-02
2018-05-07,中国,NB-1,1.0,7839.0,1,1,2018-05-07,16.8,18.67142857142857,15.042857142857144,33.214285714285715,0.0,0.0,95.42857142857144,7,2018-05-07
2018-05-07,中部,NB-1,5.0,40248.0,1,2,2018-05-07,15.56,17.753333333333334,13.753333333333334,36.63333333333333,0.0,0.0,92.0,15,2018-05-07
2018-05-07,北海道,NB-1,1.0,7839.0,1,1,2018-05-07,7.95,11.875,4.7125,0.9375,7.4375,0.0,80.375,8,2018-05-07
2018-05-07,四国,NB-1,1.0,8190.0,1,1,2018-05-07,17.725,20.475,15.875,43.75,0.075,0.0,96.25,4,2018-05-07
2018-05-07,近畿,NB-1,1.0,7839.0,1,1,2018-05-07,17.65,19.95,15.6875,47.125,0.0,0.0,96.0,8,2018-05-07
2018-05-07,関東,NB-1,9.0,73567.0,1,5,2018-05-07,17.37777777777778,20.811111111111117,13.366666666666667,23.55555555555556,0.1333333333333333,0.0,80.55555555555556,9,2018-05-07
2018-05-08,中部,NB-1,6.0,47190.0,1,1,2018-05-08,14.966666666666669,18.226666666666667,12.72,16.9,0.5133333333333333,0.0,87.26666666666667,15,2018-05-08
2018-05-08,九州沖縄,NB-1,2.0,16380.0,1,2,2018-05-08,18.275,20.5875,16.475,24.875,0.1,0.0,90.625,8,2018-05-08
2018-05-08,東北,NB-1,1.0,8190.0,1,1,2018-05-08,11.075,14.125,8.85,2.125,3.125,0.0,75.125,8,2018-05-08
2018-05-08,近畿,NB-1,5.0,40950.0,1,2,2018-05-08,16.325,18.5125,14.2375,10.75,0.3875,0.0,83.25,8,2018-05-08
2018-05-08,関東,NB-1,5.0,43680.0,1,2,2018-05-08,12.977777777777778,15.333333333333334,11.322222222222225,9.833333333333334,0.0444444444444444,0.0,86.88888888888889,9,2018-05-08
2018-05-09,中国,NB-1,1.0,7800.0,1,1,2018-05-09,14.44285714285714,18.75714285714286,11.171428571428573,0.8571428571428571,5.299999999999999,0.0,67.85714285714286,7,2018-05-09
2018-05-09,近畿,NB-1,1.0,7540.0,1,1,2018-05-09,15.2625,19.6125,11.7875,6.4375,4.15,0.0,69.625,8,2018-05-09
2018-05-09,関東,NB-1,2.0,15080.0,1,1,2018-05-09,12.011111111111113,14.177777777777775,10.288888888888888,33.55555555555556,0.0777777777777777,0.0,86.66666666666667,9,2018-05-09
2018-05-10,中部,NB-1,1.0,8190.0,1,1,2018-05-10,12.846666666666666,17.766666666666666,8.233333333333333,1.6333333333333333,8.04,0.0,66.4,15,2018-05-10
2018-05-10,関東,NB-1,1.0,8190.0,1,1,2018-05-10,12.522222222222222,16.966666666666665,9.8,3.611111111111111,3.844444444444445,0.0,76.88888888888889,9,2018-05-10
2018-05-11,中部,NB-1,3.0,24570.0,1,2,2018-05-11,14.993333333333334,23.173333333333336,6.526666666666667,0.0,11.773333333333332,0.0,57.0,15,2018-05-11
2018-05-11,関東,NB-1,2.0,16640.0,1,2,2018-05-11,16.022222222222222,22.91111111111111,8.0,0.0,12.233333333333333,0.0,63.0,9,2018-05-11
2018-05-14,中国,NB-1,1.0,8190.0,1,1,2018-05-14,19.585714285714285,25.142857142857142,15.142857142857142,0.0,10.4,0.0,77.42857142857143,7,2018-05-14
2018-05-14,中部,NB-1,1.0,8190.0,1,1,2018-05-14,18.34,23.64,13.56,2.1,9.16,0.0,72.86666666666666,15,2018-05-14
2018-05-14,近畿,NB-1,2.0,16380.0,1,2,2018-05-14,19.725,24.3625,15.575,0.0,10.175,0.0,71.5,8,2018-05-14
2018-05-14,関東,NB-1,7.0,58019.0,1,2,2018-05-14,20.133333333333333,27.266666666666666,14.788888888888888,0.1111111111111111,9.88888888888889,0.0,66.77777777777777,9,2018-05-14
2018-05-15,中部,NB-1,1.0,8190.0,1,1,2018-05-15,19.9,27.51333333333333,11.806666666666668,0.0,12.166666666666666,0.0,63.73333333333333,15,2018-05-15
2018-05-15,関東,NB-1,4.0,33020.0,1,3,2018-05-15,21.344444444444445,28.37777777777778,13.88888888888889,0.0,12.5,0.0,58.22222222222222,9,2018-05-15
2018-05-16,中部,NB-1,3.0,23400.0,1,1,2018-05-16,22.49333333333333,29.06,15.873333333333331,0.0,9.62,0.0,63.06666666666667,15,2018-05-16
2018-05-16,近畿,NB-1,1.0,8190.0,1,1,2018-05-16,22.6875,28.6375,17.3375,0.0,6.5625,0.0,64.875,8,2018-05-16
2018-05-16,関東,NB-1,7.0,55900.0,1,3,2018-05-16,22.95555555555556,28.9,17.288888888888888,0.0,11.3,0.0,63.333333333333336,9,2018-05-16
2018-05-17,中部,NB-1,1.0,7800.0,1,1,2018-05-17,22.88,27.05333333333333,19.266666666666666,1.0333333333333334,3.753333333333333,0.0,71.46666666666667,15,2018-05-17
2018-05-17,東北,NB-1,1.0,8190.0,1,1,2018-05-17,19.2625,23.5875,16.2125,17.1875,1.125,0.0,85.125,8,2018-05-17
2018-05-17,関東,NB-1,3.0,26390.0,1,1,2018-05-17,23.9,28.855555555555554,20.044444444444444,0.0,5.088888888888889,0.0,71.66666666666667,9,2018-05-17
2018-05-18,九州沖縄,NB-1,2.0,16380.0,1,2,2018-05-18,25.1125,29.3125,21.225,6.0625,3.0125,0.0,82.125,8,2018-05-18
2018-05-18,関東,NB-1,1.0,7540.0,1,1,2018-05-18,22.08888888888889,26.77777777777778,18.355555555555554,0.0,5.366666666666666,0.0,82.11111111111111,9,2018-05-18
2018-05-21,中国,NB-1,3.0,24570.0,1,1,2018-05-21,19.785714285714285,26.17142857142857,13.94285714285714,0.0,12.957142857142856,0.0,59.0,7,2018-05-21
2018-05-21,中部,NB-1,5.0,39000.0,1,1,2018-05-21,17.759999999999998,24.526666666666664,12.26,0.0,10.233333333333333,0.0,59.4,15,2018-05-21
2018-05-21,九州沖縄,NB-1,1.0,7839.0,1,1,2018-05-21,21.5,25.6,18.4,6.875,4.8875,0.0,68.75,8,2018-05-21
2018-05-21,四国,NB-1,1.0,8190.0,1,1,2018-05-21,20.725,25.85,16.85,0.0,10.975,0.0,50.0,4,2018-05-21
2018-05-21,近畿,NB-1,1.0,7839.0,1,1,2018-05-21,19.725,26.675,14.725,0.0,12.075,0.0,55.75,8,2018-05-21
2018-05-21,関東,NB-1,7.0,57317.0,1,2,2018-05-21,19.566666666666663,26.27777777777778,13.011111111111113,0.0,8.766666666666667,0.0,48.44444444444444,9,2018-05-21
2018-05-22,中国,NB-1,1.0,8190.0,1,1,2018-05-22,20.61428571428572,26.914285714285715,13.3,0.0,10.471428571428572,0.0,52.0,7,2018-05-22
2018-05-22,中部,NB-1,3.0,25350.0,1,1,2018-05-22,19.01333333333333,25.49333333333333,11.773333333333332,0.0,12.453333333333337,0.0,56.93333333333333,15,2018-05-22
2018-05-22,関東,NB-1,1.0,7540.0,1,1,2018-05-22,20.577777777777776,27.266666666666666,14.033333333333331,0.0,13.455555555555556,0.0,53.333333333333336,9,2018-05-22
2018-05-23,北海道,NB-1,1.0,6890.0,1,1,2018-05-23,15.6875,22.7875,9.3,0.1875,6.2625,0.0,63.75,8,2018-05-23
2018-05-23,関東,NB-1,4.0,34580.0,1,3,2018-05-23,18.166666666666668,21.51111111111111,15.733333333333333,9.61111111111111,0.977777777777778,0.0,80.88888888888889,9,2018-05-23
2018-05-24,中部,NB-1,3.0,23400.0,1,1,2018-05-24,18.98,24.36,14.58,1.1,9.526666666666667,0.0,70.93333333333334,15,2018-05-24
2018-05-24,近畿,NB-1,2.0,17680.0,1,1,2018-05-24,20.2875,25.5625,16.2,0.4375,12.5,0.0,63.0,8,2018-05-24
2018-05-24,関東,NB-1,1.0,8190.0,1,1,2018-05-24,20.53333333333333,26.022222222222226,15.97777777777778,7.222222222222222,8.777777777777779,0.0,75.33333333333333,9,2018-05-24
2018-05-25,東北,NB-1,2.0,16380.0,1,1,2018-05-25,18.025,25.725,10.675,1.0,8.35,0.0,64.75,8,2018-05-25
2018-05-25,近畿,NB-1,1.0,8190.0,1,1,2018-05-25,21.975,29.2375,15.475,0.0,10.4,0.0,52.625,8,2018-05-25
2018-05-28,中部,NB-1,1.0,8190.0,1,1,2018-05-28,21.25333333333333,26.14,17.52,0.0,2.273333333333333,0.0,67.8,15,2018-05-28
2018-05-28,東北,NB-1,1.0,7839.0,1,1,2018-05-28,18.3625,25.325,13.5875,0.75,6.8,0.0,70.75,8,2018-05-28
2018-05-28,近畿,NB-1,1.0,8190.0,1,1,2018-05-28,22.7,26.2,19.75,0.0,0.775,0.0,66.25,8,2018-05-28
2018-05-28,関東,NB-1,2.0,16380.0,1,1,2018-05-28,21.22222222222222,25.08888888888889,18.422222222222224,0.1666666666666666,1.0666666666666669,0.0,77.0,9,2018-05-28
2018-05-29,中部,NB-1,1.0,8190.0,1,1,2018-05-29,21.540000000000003,26.59333333333333,17.0,0.0333333333333333,3.6266666666666665,0.0,67.66666666666667,15,2018-05-29
2018-05-29,九州沖縄,NB-1,1.0,9750.0,1,1,2018-05-29,23.5875,27.4,20.8375,1.375,2.9125,0.0,80.75,8,2018-05-29
2018-05-29,四国,NB-1,1.0,8190.0,1,1,2018-05-29,22.2,25.7,20.15,0.125,1.025,0.0,75.75,4,2018-05-29
2018-05-29,東北,NB-1,2.0,16380.0,1,1,2018-05-29,20.8875,27.875,13.625,0.0,11.3375,0.0,67.5,8,2018-05-29
2018-05-29,近畿,NB-1,1.0,6890.0,1,1,2018-05-29,22.725,27.675,19.5,0.0,1.5875,0.0,69.625,8,2018-05-29
2018-05-29,関東,NB-1,11.0,94250.0,1,3,2018-05-29,22.855555555555554,27.72222222222222,18.62222222222222,0.0,4.455555555555556,0.0,73.33333333333333,9,2018-05-29
2018-05-30,中部,NB-1,1.0,7800.0,1,1,2018-05-30,19.02,21.973333333333336,16.12666666666667,8.733333333333333,0.1533333333333333,0.0,81.0,15,2018-05-30
2018-05-30,関東,NB-1,2.0,18200.0,1,1,2018-05-30,20.922222222222224,24.88888888888889,17.322222222222223,9.22222222222222,0.1555555555555555,0.0,83.88888888888889,9,2018-05-30
2018-05-31,関東,NB-1,1.0,8190.0,1,1,2018-05-31,19.14444444444445,22.022222222222226,16.41111111111111,2.388888888888889,1.8555555555555556,0.0,85.55555555555556,9,2018-05-31
2018-06-01,中部,NB-1,1.0,8190.0,1,1,2018-06-01,18.53333333333333,23.933333333333334,14.053333333333333,0.0666666666666666,9.46,0.0,70.26666666666667,15,2018-06-01
2018-06-01,北海道,NB-1,2.0,13780.0,1,1,2018-06-01,12.4875,17.0,9.05,0.125,8.6375,0.0,79.25,8,2018-06-01
2018-06-01,関東,NB-1,2.0,15730.0,1,2,2018-06-01,20.61111111111111,25.98888888888889,15.944444444444445,0.1111111111111111,10.977777777777778,0.0,62.888888888888886,9,2018-06-01
2018-06-04,九州沖縄,NB-1,1.0,7839.0,1,1,2018-06-04,24.2875,28.9375,20.225,0.0,8.0375,0.0,66.75,8,2018-06-04
2018-06-04,東北,NB-1,1.0,8190.0,1,1,2018-06-04,21.7625,29.0125,15.65,0.0,12.55,0.0,64.25,8,2018-06-04
2018-06-04,近畿,NB-1,1.0,8190.0,1,1,2018-06-04,23.2,29.25,18.0625,0.0,12.1375,0.0,61.75,8,2018-06-04
2018-06-04,関東,NB-1,6.0,45838.0,1,2,2018-06-04,22.87777777777778,28.78888888888889,17.544444444444444,0.0,12.522222222222222,0.0,64.11111111111111,9,2018-06-04
2018-06-05,九州沖縄,NB-1,2.0,17940.0,1,2,2018-06-05,22.175,24.5875,20.4875,29.625,1.4375,0.0,86.125,8,2018-06-05
2018-06-05,近畿,NB-1,3.0,20670.0,1,1,2018-06-05,21.825,26.325,17.9375,5.75,4.475,0.0,71.0,8,2018-06-05
2018-06-05,関東,NB-1,2.0,16380.0,1,2,2018-06-05,22.766666666666666,27.933333333333334,17.58888888888889,0.0,7.7444444444444445,0.0,69.22222222222223,9,2018-06-05
2018-06-06,中部,NB-1,2.0,15600.0,1,1,2018-06-06,19.15333333333333,21.1,17.493333333333332,18.3,0.0,0.0,88.33333333333333,15,2018-06-06
2018-06-06,近畿,NB-1,2.0,16380.0,1,1,2018-06-06,19.5375,20.9125,18.225,36.25,0.0,0.0,94.375,8,2018-06-06
2018-06-06,関東,NB-1,2.0,15340.0,1,1,2018-06-06,20.51111111111111,23.044444444444444,18.6,9.444444444444445,0.0666666666666666,0.0,89.0,9,2018-06-06
2018-06-07,中部,NB-1,4.0,31200.0,1,1,2018-06-07,22.01333333333333,27.60666666666667,17.873333333333335,1.3666666666666667,9.053333333333336,0.0,77.66666666666667,15,2018-06-07
2018-06-07,関東,NB-1,1.0,7540.0,1,1,2018-06-07,22.811111111111117,28.83333333333333,18.177777777777777,2.1666666666666665,9.38888888888889,0.0,76.22222222222223,9,2018-06-07
2018-06-08,中国,NB-1,1.0,8450.0,1,1,2018-06-08,22.214285714285715,25.25714285714286,19.857142857142858,14.0,0.4857142857142857,0.0,90.28571428571428,7,2018-06-08
2018-06-08,近畿,NB-1,2.0,16380.0,1,2,2018-06-08,22.9625,25.6,20.9125,14.875,0.8375,0.0,87.375,8,2018-06-08
2018-06-08,関東,NB-1,3.0,22620.0,1,1,2018-06-08,23.8,29.022222222222226,18.8,0.8888888888888888,8.277777777777779,0.0,75.77777777777777,9,2018-06-08
2018-06-11,九州沖縄,NB-1,2.0,16029.0,1,2,2018-06-11,22.9375,25.3625,21.0375,20.9375,0.45,0.0,89.5,8,2018-06-11
2018-06-11,東北,NB-1,1.0,8190.0,1,1,2018-06-11,16.9875,19.675,15.15,11.8125,0.925,0.0,88.375,8,2018-06-11
2018-06-11,近畿,NB-1,1.0,7839.0,1,1,2018-06-11,22.525,26.95,20.0375,6.9375,0.6125,0.0,84.5,8,2018-06-11
2018-06-11,関東,NB-1,2.0,17589.0,1,2,2018-06-11,19.200000000000003,20.55555555555556,17.644444444444446,33.27777777777778,0.0,0.0,97.11111111111111,9,2018-06-11
2018-06-12,中国,NB-1,1.0,8190.0,1,1,2018-06-12,19.65714285714285,24.071428571428573,16.057142857142857,7.142857142857143,6.471428571428572,0.0,75.14285714285714,7,2018-06-12
2018-06-12,九州沖縄,NB-1,1.0,8190.0,1,1,2018-06-12,22.75,26.8125,20.075,0.125,9.225,0.0,70.25,8,2018-06-12
2018-06-12,近畿,NB-1,3.0,24570.0,1,1,2018-06-12,20.9375,24.4625,18.3625,0.9375,1.35,0.0,79.375,8,2018-06-12
2018-06-12,関東,NB-1,1.0,8190.0,1,1,2018-06-12,20.3,24.58888888888889,18.12222222222222,3.388888888888889,1.4888888888888887,0.0,87.0,9,2018-06-12
2018-06-13,中部,NB-1,2.0,15600.0,1,1,2018-06-13,19.66,24.686666666666667,16.073333333333334,0.6,7.693333333333332,0.0,70.0,15,2018-06-13
2018-06-13,関東,NB-1,3.0,26390.0,1,1,2018-06-13,21.3,26.344444444444445,17.555555555555557,0.7777777777777778,7.7555555555555555,0.0,71.88888888888889,9,2018-06-13
2018-06-14,東北,NB-1,1.0,8190.0,1,1,2018-06-14,15.5875,20.7875,11.2875,0.0,7.3875,0.0,66.75,8,2018-06-14
2018-06-14,近畿,NB-1,1.0,8190.0,1,1,2018-06-14,20.6125,25.2,15.7875,0.0,6.9875,0.0,66.25,8,2018-06-14
2018-06-14,関東,NB-1,2.0,15730.0,1,2,2018-06-14,20.12222222222222,24.83333333333333,16.466666666666665,0.0555555555555555,5.466666666666666,0.0,70.44444444444444,9,2018-06-14
2018-06-15,関東,NB-1,1.0,8190.0,1,1,2018-06-15,17.444444444444443,19.64444444444445,15.733333333333333,11.0,0.0222222222222222,0.0,93.33333333333331,9,2018-06-15
2018-06-18,東北,NB-1,1.0,8190.0,1,1,2018-06-18,18.7125,23.275,14.5875,0.0,2.6125,0.0,77.375,8,2018-06-18
2018-06-18,近畿,NB-1,1.0,7839.0,1,1,2018-06-18,23.4375,27.8875,20.725,0.1875,3.7125,0.0,70.0,8,2018-06-18
2018-06-18,関東,NB-1,3.0,23569.0,1,2,2018-06-18,19.177777777777777,21.41111111111111,17.322222222222223,1.3333333333333333,0.3222222222222222,0.0,87.88888888888889,9,2018-06-18
2018-06-19,中国,NB-1,3.0,23400.0,1,1,2018-06-19,22.585714285714285,25.685714285714287,20.7,16.785714285714285,0.7857142857142857,0.0,86.28571428571429,7,2018-06-19
2018-06-19,中部,NB-1,3.0,23790.0,1,1,2018-06-19,22.486666666666668,28.42,17.473333333333336,1.0333333333333334,7.1066666666666665,0.0,73.06666666666666,15,2018-06-19
2018-06-19,九州沖縄,NB-1,1.0,8190.0,1,1,2018-06-19,23.4125,25.6,22.175,51.4375,0.025,0.0,91.375,8,2018-06-19
2018-06-19,北海道,NB-1,3.0,23270.0,1,1,2018-06-19,16.6375,22.0625,12.075,0.5,8.9625,0.0,80.875,8,2018-06-19
2018-06-19,東北,NB-1,1.0,8190.0,1,1,2018-06-19,20.75,26.5875,15.95,0.0,8.425,0.0,74.875,8,2018-06-19
2018-06-19,近畿,NB-1,3.0,22620.0,1,1,2018-06-19,22.75,26.375,20.275,4.8125,1.5875,0.0,82.375,8,2018-06-19
2018-06-19,関東,NB-1,1.0,9100.0,1,1,2018-06-19,22.200000000000003,28.022222222222226,17.177777777777777,0.0555555555555555,9.72222222222222,0.0,76.22222222222223,9,2018-06-19
2018-06-20,中部,NB-1,2.0,15600.0,1,1,2018-06-20,20.646666666666665,23.040000000000003,18.96,57.86666666666667,0.18,0.0,92.06666666666666,15,2018-06-20
2018-06-20,近畿,NB-1,1.0,7540.0,1,1,2018-06-20,21.8125,24.2625,20.4,57.875,0.075,0.0,95.625,8,2018-06-20
2018-06-20,関東,NB-1,11.0,90870.0,1,3,2018-06-20,20.288888888888888,21.811111111111117,19.1,28.72222222222222,0.0,0.0,96.33333333333331,9,2018-06-20
2018-06-21,関東,NB-1,2.0,16640.0,1,1,2018-06-21,21.422222222222224,24.38888888888889,18.88888888888889,7.055555555555555,0.4555555555555555,0.0,90.22222222222224,9,2018-06-21
2018-06-22,中部,NB-1,5.0,39000.0,1,1,2018-06-22,22.02,28.66,15.786666666666664,0.0,12.7,0.0,62.93333333333333,15,2018-06-22
2018-06-22,近畿,NB-1,2.0,16380.0,1,1,2018-06-22,23.45,30.025,17.875,0.0,10.5375,0.0,67.125,8,2018-06-22
2018-06-22,関東,NB-1,2.0,18200.0,1,1,2018-06-22,23.322222222222223,28.61111111111111,18.866666666666667,0.0,11.444444444444445,0.0,70.88888888888889,9,2018-06-22
2018-06-24,中部,NB-1,1.0,8190.0,1,1,2018-06-24,22.12,28.206666666666667,17.166666666666668,1.6333333333333333,8.926666666666668,0.0,72.93333333333334,15,2018-06-24
2018-06-25,中国,NB-1,2.0,15639.0,1,1,2018-06-25,24.957142857142856,31.285714285714285,19.12857142857143,0.0,11.042857142857144,0.0,69.57142857142857,7,2018-06-25
2018-06-25,中部,NB-1,1.0,7839.0,1,1,2018-06-25,24.28,30.58,18.44,0.0,12.146666666666668,0.0,67.06666666666666,15,2018-06-25
2018-06-25,東北,NB-1,1.0,8190.0,1,1,2018-06-25,21.625,26.7,16.475,0.125,11.0,0.0,59.0,8,2018-06-25
2018-06-25,近畿,NB-1,1.0,7839.0,1,1,2018-06-25,25.5375,32.025,19.95,0.0,12.525,0.0,67.875,8,2018-06-25
2018-06-25,関東,NB-1,6.0,53040.0,1,2,2018-06-25,25.666666666666668,32.46666666666667,19.544444444444444,0.0,12.666666666666666,0.0,67.66666666666667,9,2018-06-25
2018-06-26,九州沖縄,NB-1,1.0,7839.0,1,1,2018-06-26,26.5375,30.450000000000003,23.2,9.5,2.5,0.0,83.75,8,2018-06-26
2018-06-26,東北,NB-1,1.0,8190.0,1,1,2018-06-26,21.525,27.525,15.1875,0.0,5.775,0.0,72.375,8,2018-06-26
2018-06-26,関東,NB-1,6.0,46540.0,1,2,2018-06-26,25.37777777777778,30.0,21.166666666666668,0.0,8.411111111111111,0.0,74.22222222222223,9,2018-06-26
2018-06-27,中部,NB-1,1.0,8190.0,1,1,2018-06-27,26.526666666666664,30.15333333333333,22.98,3.1,1.82,0.0,72.33333333333333,15,2018-06-27
2018-06-27,北海道,NB-1,1.0,8190.0,1,1,2018-06-27,14.95,17.9125,12.7375,30.25,0.0,0.0,95.0,8,2018-06-27
2018-06-27,近畿,NB-1,1.0,8840.0,1,1,2018-06-27,27.8375,31.425,25.3125,0.1875,3.75,0.0,73.5,8,2018-06-27
2018-06-27,関東,NB-1,5.0,41340.0,1,2,2018-06-27,27.022222222222226,31.84444444444445,23.41111111111111,0.0,6.122222222222223,0.0,74.77777777777777,9,2018-06-27
2018-06-28,中国,NB-1,1.0,7800.0,1,1,2018-06-28,26.2,30.085714285714285,23.214285714285715,15.357142857142858,1.342857142857143,0.0,78.57142857142857,7,2018-06-28
2018-06-29,関東,NB-1,2.0,18200.0,1,1,2018-06-29,27.933333333333334,33.28888888888889,23.444444444444443,0.0,11.711111111111112,0.0,73.22222222222223,9,2018-06-29
2018-07-02,中国,NB-1,8.0,65169.0,1,3,2018-07-02,28.642857142857142,33.15714285714286,24.82857142857143,0.0714285714285714,7.899999999999999,0.0,70.0,7,2018-07-02
2018-07-02,中部,NB-1,7.0,54639.0,1,2,2018-07-02,27.666666666666668,33.10666666666667,23.02,2.1666666666666665,10.48,0.0,69.13333333333334,15,2018-07-02
2018-07-02,北海道,NB-1,1.0,8190.0,1,1,2018-07-02,20.0625,23.9625,17.0,14.3125,2.1625,0.0,91.125,8,2018-07-02
2018-07-02,近畿,NB-1,2.0,16029.0,1,1,2018-07-02,28.45,33.2625,25.3125,1.625,8.0875,0.0,71.5,8,2018-07-02
2018-07-02,関東,NB-1,5.0,37999.0,1,2,2018-07-02,28.4,33.733333333333334,23.477777777777774,0.0,13.122222222222222,0.0,72.11111111111111,9,2018-07-02
2018-07-03,中部,NB-1,1.0,8190.0,1,1,2018-07-03,27.066666666666663,31.90666666666667,23.4,3.733333333333333,7.213333333333334,0.0,69.4,15,2018-07-03
2018-07-03,北海道,NB-1,1.0,8190.0,1,1,2018-07-03,18.875,23.0625,16.2,23.5,0.0875,0.0,96.125,8,2018-07-03
2018-07-03,近畿,NB-1,1.0,8190.0,1,1,2018-07-03,28.0,32.5375,24.4125,0.75,3.5500000000000003,0.0,68.0,8,2018-07-03
2018-07-03,関東,NB-1,6.0,49920.0,1,2,2018-07-03,28.022222222222226,33.166666666666664,24.53333333333333,0.0,10.355555555555556,0.0,71.22222222222223,9,2018-07-03
2018-07-04,中部,NB-1,6.0,46800.0,1,1,2018-07-04,25.66,28.80666666666667,23.040000000000003,16.233333333333334,0.5,0.0,79.26666666666667,15,2018-07-04
2018-07-04,東北,NB-1,1.0,8190.0,1,1,2018-07-04,24.5,27.1125,22.5875,17.125,0.0375,0.0,86.125,8,2018-07-04
2018-07-05,東北,NB-1,1.0,8190.0,1,1,2018-07-05,22.1875,26.2375,18.225,14.75,0.3375,0.0,83.25,8,2018-07-05
2018-07-06,九州沖縄,NB-1,1.0,8190.0,1,1,2018-07-06,25.25,27.0625,23.6,124.875,0.9375,0.0,94.25,8,2018-07-06
2018-07-06,関東,NB-1,2.0,15080.0,1,1,2018-07-06,21.1,24.155555555555555,18.655555555555555,29.77777777777778,0.0,0.0,96.44444444444444,9,2018-07-06
2018-07-09,中国,NB-1,1.0,9750.0,1,1,2018-07-09,27.11428571428572,32.17142857142857,22.74285714285714,0.2142857142857142,9.657142857142857,0.0,75.57142857142857,7,2018-07-09
2018-07-09,中部,NB-1,3.0,24570.0,1,2,2018-07-09,26.433333333333334,31.73333333333333,21.953333333333333,4.533333333333333,9.88,0.0,74.4,15,2018-07-09
2018-07-09,北海道,NB-1,1.0,6890.0,1,1,2018-07-09,14.75,17.35,12.7125,8.5625,0.6,0.0,89.25,8,2018-07-09
2018-07-09,関東,NB-1,5.0,38298.0,1,3,2018-07-09,26.98888888888889,31.811111111111117,23.11111111111111,1.1666666666666667,7.411111111111111,0.0,81.33333333333333,9,2018-07-09
2018-07-10,中部,NB-1,1.0,8190.0,1,1,2018-07-10,26.8,32.29333333333334,22.586666666666662,2.1,9.646666666666668,0.0,76.0,15,2018-07-10
2018-07-10,近畿,NB-1,5.0,36400.0,1,2,2018-07-10,28.05,33.225,23.95,0.0,11.575,0.0,73.25,8,2018-07-10
2018-07-10,関東,NB-1,1.0,8190.0,1,1,2018-07-10,27.766666666666666,32.82222222222222,24.4,7.222222222222222,8.555555555555555,0.0,78.0,9,2018-07-10
2018-07-11,北海道,NB-1,1.0,6890.0,1,1,2018-07-11,16.0875,20.8875,13.2875,23.25,5.3875,0.0,89.125,8,2018-07-11
2018-07-11,関東,NB-1,4.0,32760.0,1,2,2018-07-11,28.188888888888886,33.5,24.03333333333333,0.5,7.155555555555556,0.0,74.66666666666667,9,2018-07-11
2018-07-12,関東,NB-1,2.0,18200.0,1,1,2018-07-12,25.98888888888889,29.8,23.077777777777776,3.7222222222222223,3.0222222222222226,0.0,83.33333333333333,9,2018-07-12
2018-07-13,近畿,NB-1,1.0,7540.0,1,1,2018-07-13,28.9625,33.375,24.9625,0.0,7.8875,0.0,70.75,8,2018-07-13
2018-07-13,関東,NB-1,2.0,18200.0,1,1,2018-07-13,28.522222222222226,33.599999999999994,24.33333333333333,0.0,7.111111111111111,0.0,75.66666666666667,9,2018-07-13
2018-07-17,中国,NB-1,5.0,40170.0,1,3,2018-07-17,29.442857142857143,34.6,24.857142857142858,0.0,11.514285714285714,0.0,71.14285714285714,7,2018-07-17
2018-07-17,中部,NB-1,4.0,31200.0,1,1,2018-07-17,29.07333333333333,34.24,25.42666666666667,0.0,8.92,0.0,72.73333333333333,15,2018-07-17
2018-07-17,関東,NB-1,16.0,134277.0,1,4,2018-07-17,29.577777777777776,34.611111111111114,25.58888888888889,0.0,8.911111111111111,0.0,76.66666666666667,9,2018-07-17
2018-07-18,中国,NB-1,2.0,16380.0,1,1,2018-07-18,29.74285714285714,34.81428571428571,25.228571428571428,0.0,11.742857142857144,0.0,70.71428571428571,7,2018-07-18
2018-07-18,中部,NB-1,3.0,24570.0,1,2,2018-07-18,29.086666666666662,34.373333333333335,25.06,0.0,10.926666666666668,0.0,72.93333333333334,15,2018-07-18
2018-07-18,九州沖縄,NB-1,1.0,8190.0,1,1,2018-07-18,29.45,33.8375,25.7875,0.375,10.4875,0.0,71.5,8,2018-07-18
2018-07-18,北海道,NB-1,3.0,21970.0,1,1,2018-07-18,17.0,20.225,14.8625,0.0625,5.5375,0.0,84.375,8,2018-07-18
2018-07-18,関東,NB-1,4.0,33930.0,1,3,2018-07-18,30.15555555555555,35.34444444444444,26.22222222222222,5.055555555555555,10.366666666666667,0.0,73.77777777777777,9,2018-07-18
2018-07-19,関東,NB-1,1.0,7540.0,1,1,2018-07-19,29.577777777777776,34.37777777777777,26.211111111111112,0.0,10.077777777777778,0.0,75.22222222222223,9,2018-07-19
2018-07-20,中部,NB-1,1.0,8190.0,1,1,2018-07-20,29.293333333333333,34.440000000000005,25.046666666666667,0.1333333333333333,11.0,0.0,71.73333333333333,15,2018-07-20
2018-07-20,近畿,NB-1,2.0,16380.0,1,2,2018-07-20,30.6375,36.0875,27.075,0.0,10.9,0.0,70.125,8,2018-07-20
2018-07-20,関東,NB-1,3.0,24570.0,1,1,2018-07-20,29.67777777777778,34.644444444444446,26.200000000000003,0.0,9.522222222222222,0.0,75.44444444444444,9,2018-07-20
2018-07-23,中部,NB-1,3.0,23400.0,1,1,2018-07-23,30.05333333333333,36.04666666666667,25.326666666666664,0.0,11.013333333333332,0.0,65.26666666666667,15,2018-07-23
2018-07-23,九州沖縄,NB-1,1.0,8190.0,1,1,2018-07-23,29.6625,33.95,26.8625,0.1875,7.975,0.0,78.75,8,2018-07-23
2018-07-23,東北,NB-1,1.0,7839.0,1,1,2018-07-23,26.175,30.175,22.85,7.0625,2.9875,0.0,77.875,8,2018-07-23
2018-07-23,近畿,NB-1,1.0,8190.0,1,1,2018-07-23,31.4125,36.875,27.0625,0.0,11.15,0.0,65.875,8,2018-07-23
2018-07-23,関東,NB-1,3.0,23920.0,1,3,2018-07-23,31.166666666666668,37.7,26.288888888888888,0.0,10.566666666666666,0.0,62.333333333333336,9,2018-07-23
2018-07-24,中部,NB-1,2.0,16380.0,1,1,2018-07-24,29.173333333333336,34.82666666666667,25.03333333333333,0.0,10.28,0.0,67.4,15,2018-07-24
2018-07-24,東北,NB-1,1.0,8190.0,1,1,2018-07-24,25.975,31.55,21.9,0.0,8.0125,0.0,77.375,8,2018-07-24
2018-07-25,関東,NB-1,4.0,32760.0,1,1,2018-07-25,27.933333333333334,32.37777777777777,24.866666666666667,2.2777777777777777,5.755555555555556,0.0,77.77777777777777,9,2018-07-25
2018-07-26,近畿,NB-1,1.0,7540.0,1,1,2018-07-26,30.375,36.025,26.6625,2.5625,9.1375,0.0,69.875,8,2018-07-26
2018-07-26,関東,NB-1,1.0,8190.0,1,1,2018-07-26,25.766666666666666,29.633333333333333,23.477777777777774,0.0,3.911111111111112,0.0,71.77777777777777,9,2018-07-26
2018-07-27,九州沖縄,NB-1,1.0,8190.0,1,1,2018-07-27,29.8125,34.875,26.7,5.9375,8.5375,0.0,74.875,8,2018-07-27
2018-07-27,関東,NB-1,3.0,22620.0,1,1,2018-07-27,25.01111111111111,29.5,22.01111111111111,0.7777777777777778,4.788888888888889,0.0,69.88888888888889,9,2018-07-27
2018-07-30,中部,NB-1,2.0,16380.0,1,1,2018-07-30,28.273333333333333,33.74666666666666,23.673333333333336,3.033333333333333,11.086666666666668,0.0,67.26666666666667,15,2018-07-30
2018-07-30,九州沖縄,NB-1,2.0,15600.0,1,1,2018-07-30,28.1,31.7,25.2625,17.75,4.6625000000000005,0.0,76.125,8,2018-07-30
2018-07-30,東北,NB-1,3.0,24570.0,1,2,2018-07-30,27.75,32.9375,23.9625,0.375,9.6125,0.0,77.0,8,2018-07-30
2018-07-30,近畿,NB-1,3.0,23218.0,1,1,2018-07-30,29.2625,34.2,25.4,0.0625,8.775,0.0,65.375,8,2018-07-30
2018-07-30,関東,NB-1,9.0,73827.0,1,4,2018-07-30,27.677777777777777,32.44444444444444,24.477777777777774,0.7777777777777778,6.733333333333333,0.0,82.22222222222223,9,2018-07-30
2018-07-31,近畿,NB-1,5.0,37700.0,1,1,2018-07-31,29.7875,35.175,25.8375,0.0,11.0125,0.0,66.5,8,2018-07-31
2018-07-31,関東,NB-1,2.0,18200.0,1,1,2018-07-31,28.6,33.766666666666666,24.700000000000003,0.0,9.944444444444445,0.0,77.33333333333333,9,2018-07-31
2018-08-01,中部,NB-1,2.0,16380.0,1,1,2018-08-01,29.066666666666663,34.919999999999995,24.673333333333336,0.0,11.12,0.0,70.26666666666667,15,2018-08-01
2018-08-01,近畿,NB-1,1.0,8840.0,1,1,2018-08-01,29.925,35.225,25.4625,0.0,12.3625,0.0,67.75,8,2018-08-01
2018-08-01,関東,NB-1,10.0,88530.0,1,2,2018-08-01,30.14444444444445,35.67777777777778,25.355555555555554,2.555555555555556,11.477777777777778,0.0,71.88888888888889,9,2018-08-01
2018-08-02,九州沖縄,NB-1,1.0,8190.0,1,1,2018-08-02,29.8,34.35,26.5,6.3125,8.3,0.0,73.375,8,2018-08-02
2018-08-02,北海道,NB-1,2.0,16380.0,1,1,2018-08-02,22.625,27.7375,18.6375,0.0,11.7125,0.0,70.75,8,2018-08-02
2018-08-02,関東,NB-1,5.0,40599.0,1,3,2018-08-02,30.34444444444445,35.75555555555556,26.200000000000003,0.0,9.666666666666666,0.0,68.88888888888889,9,2018-08-02
2018-08-03,中部,NB-1,4.0,31590.0,1,2,2018-08-03,29.09333333333333,35.026666666666664,24.613333333333333,0.0,11.08,0.0,66.86666666666666,15,2018-08-03
2018-08-03,関東,NB-1,6.0,47190.0,1,2,2018-08-03,29.84444444444445,35.21111111111111,26.33333333333333,0.0,10.344444444444443,0.0,69.55555555555556,9,2018-08-03
2018-08-06,中部,NB-1,7.0,55107.0,1,4,2018-08-06,28.58,34.193333333333335,24.57333333333333,8.2,7.573333333333333,0.0,72.46666666666667,15,2018-08-06
2018-08-06,近畿,NB-1,2.0,15379.0,1,2,2018-08-06,30.425,35.425,27.2,0.0625,8.4375,0.0,67.75,8,2018-08-06
2018-08-06,関東,NB-1,4.0,32058.0,1,2,2018-08-06,27.72222222222222,32.75555555555556,23.355555555555554,9.833333333333334,4.7444444444444445,0.0,81.66666666666667,9,2018-08-06
2018-08-07,中国,NB-1,2.0,16900.0,1,1,2018-08-07,28.785714285714285,34.1,24.785714285714285,0.0,11.414285714285716,0.0,64.42857142857143,7,2018-08-07
2018-08-07,中部,NB-1,5.0,41470.0,1,3,2018-08-07,26.48,30.64,23.74,2.333333333333333,2.913333333333333,0.0,73.33333333333333,15,2018-08-07
2018-08-07,四国,NB-1,1.0,8190.0,1,1,2018-08-07,30.3,35.175,26.625,0.0,10.975,0.0,63.25,4,2018-08-07
2018-08-07,近畿,NB-1,1.0,8840.0,1,1,2018-08-07,28.7875,33.7875,25.4125,0.0,8.0875,0.0,61.5,8,2018-08-07
2018-08-07,関東,NB-1,8.0,69160.0,1,3,2018-08-07,22.55555555555556,24.72222222222222,21.166666666666668,10.88888888888889,0.0888888888888888,0.0,92.77777777777776,9,2018-08-07
2018-08-08,中部,NB-1,1.0,9750.0,1,1,2018-08-08,27.22,32.39333333333333,23.1,1.0666666666666669,5.739999999999999,0.0,71.73333333333333,15,2018-08-08
2018-08-08,近畿,NB-1,1.0,6890.0,1,1,2018-08-08,27.075,31.425,23.5125,0.375,6.775,0.0,66.125,8,2018-08-08
2018-08-08,関東,NB-1,5.0,45500.0,1,1,2018-08-08,24.244444444444444,26.688888888888886,21.522222222222226,27.5,0.5666666666666668,0.0,93.0,9,2018-08-08
2018-08-09,中部,NB-1,3.0,23400.0,1,1,2018-08-09,28.453333333333333,33.95333333333333,24.586666666666662,1.1333333333333333,7.206666666666666,0.0,73.26666666666667,15,2018-08-09
2018-08-09,東北,NB-1,3.0,24570.0,1,1,2018-08-09,24.6875,29.1,21.6375,6.875,3.2,0.0,85.75,8,2018-08-09
2018-08-09,近畿,NB-1,1.0,8190.0,1,1,2018-08-09,27.875,31.525,25.325,1.25,1.5499999999999998,0.0,75.375,8,2018-08-09
2018-08-09,関東,NB-1,7.0,60580.0,1,2,2018-08-09,27.211111111111112,31.71111111111111,24.166666666666668,6.0,2.2666666666666666,0.0,83.33333333333333,9,2018-08-09
2018-08-10,近畿,NB-1,2.0,17680.0,1,1,2018-08-10,28.7,32.9625,26.225,0.0625,2.7625,0.0,74.125,8,2018-08-10
2018-08-10,関東,NB-1,3.0,22620.0,1,1,2018-08-10,28.855555555555554,34.08888888888889,25.200000000000003,9.27777777777778,10.11111111111111,0.0,78.77777777777777,9,2018-08-10
2018-08-17,北海道,NB-1,1.0,6890.0,1,1,2018-08-17,15.125,17.85,12.6625,11.5,1.8875,0.0,80.0,8,2018-08-17
2018-08-22,近畿,NB-1,1.0,8190.0,1,1,2018-08-22,31.15,37.0875,26.7625,0.0,11.8125,0.0,57.375,8,2018-08-22
2018-08-23,中国,NB-1,3.0,23400.0,1,2,2018-08-23,30.857142857142858,36.08571428571428,26.385714285714283,3.2142857142857144,6.028571428571429,0.0,61.85714285714285,7,2018-08-23
2018-08-23,中部,NB-1,8.0,60450.0,1,3,2018-08-23,28.486666666666668,33.373333333333335,24.41333333333333,28.433333333333334,6.08,0.0,70.33333333333333,15,2018-08-23
2018-08-23,九州沖縄,NB-1,2.0,16380.0,1,2,2018-08-23,29.8125,34.175,26.8375,4.375,5.4375,0.0,74.875,8,2018-08-23
2018-08-23,北海道,NB-1,2.0,16380.0,1,1,2018-08-23,23.25,28.0125,19.85,0.0,5.475,0.0,73.875,8,2018-08-23
2018-08-23,東北,NB-1,1.0,8190.0,1,1,2018-08-23,29.025,35.9625,23.5125,0.0,11.675,0.0,70.5,8,2018-08-23
2018-08-23,近畿,NB-1,4.0,33410.0,1,2,2018-08-23,29.7875,34.075,25.7375,26.625,5.0375,0.0,67.375,8,2018-08-23
2018-08-23,関東,NB-1,12.0,100230.0,1,3,2018-08-23,28.82222222222222,34.044444444444444,25.27777777777778,7.833333333333333,8.288888888888888,0.0,78.44444444444444,9,2018-08-23
2018-08-27,中国,NB-1,1.0,7839.0,1,1,2018-08-27,29.142857142857142,35.07142857142857,25.0,0.0,9.385714285714286,0.0,69.0,7,2018-08-27
2018-08-27,中部,NB-1,4.0,31356.0,1,3,2018-08-27,27.726666666666667,33.7,23.16,1.3666666666666667,9.24,0.0,70.06666666666666,15,2018-08-27
2018-08-27,九州沖縄,NB-1,3.0,23517.0,1,1,2018-08-27,29.0,33.2,26.2125,1.125,8.8375,0.0,74.875,8,2018-08-27
2018-08-27,関東,NB-1,3.0,23218.0,1,1,2018-08-27,28.12222222222222,34.96666666666667,23.666666666666668,15.11111111111111,9.711111111111112,0.0,76.66666666666667,9,2018-08-27
2018-08-28,中部,NB-1,1.0,8190.0,1,1,2018-08-28,26.246666666666663,30.366666666666667,23.78,6.166666666666667,2.5933333333333333,0.0,79.8,15,2018-08-28
2018-08-28,九州沖縄,NB-1,1.0,8190.0,1,1,2018-08-28,29.012500000000003,33.525,25.6625,4.5625,9.925,0.0,74.75,8,2018-08-28
2018-08-28,北海道,NB-1,1.0,6890.0,1,1,2018-08-28,16.9875,19.9625,15.05,0.5,2.3625000000000003,0.0,83.375,8,2018-08-28
2018-08-28,東北,NB-1,2.0,16380.0,1,1,2018-08-28,21.5625,24.7875,19.0875,26.3125,1.85,0.0,87.5,8,2018-08-28
2018-08-28,近畿,NB-1,1.0,8190.0,1,1,2018-08-28,28.2125,32.375,25.475,5.5625,4.125,0.0,76.875,8,2018-08-28
2018-08-29,東北,NB-1,2.0,16380.0,1,1,2018-08-29,21.275,23.8625,19.2375,6.6875,0.2375,0.0,87.5,8,2018-08-29
2018-08-29,近畿,NB-1,1.0,8190.0,1,1,2018-08-29,28.5875,34.025,25.4125,1.0625,9.3625,0.0,75.875,8,2018-08-29
2018-08-29,関東,NB-1,1.0,7540.0,1,1,2018-08-29,25.55555555555556,28.65555555555555,23.788888888888888,0.6111111111111112,1.2000000000000002,0.0,85.55555555555556,9,2018-08-29
2018-08-30,中国,NB-1,1.0,8450.0,1,1,2018-08-30,28.52857142857143,32.72857142857143,25.24285714285714,1.4285714285714286,5.0,0.0,73.71428571428571,7,2018-08-30
2018-08-30,近畿,NB-1,2.0,14430.0,1,2,2018-08-30,28.925,33.3875,25.2875,0.0,8.737499999999999,0.0,70.0,8,2018-08-30
2018-08-31,四国,NB-1,1.0,8190.0,1,1,2018-08-31,29.25,34.1,26.125,1.375,9.35,0.0,74.25,4,2018-08-31
2018-08-31,近畿,NB-1,1.0,8190.0,1,1,2018-08-31,28.275,33.85,24.8875,16.6875,6.375,0.0,77.0,8,2018-08-31
2018-08-31,関東,NB-1,1.0,8190.0,1,1,2018-08-31,27.422222222222224,34.05555555555556,23.677777777777777,8.444444444444445,8.211111111111112,0.0,79.44444444444444,9,2018-08-31
2018-09-03,中部,NB-1,2.0,15678.0,1,2,2018-09-03,25.38,30.486666666666668,21.37333333333333,9.966666666666669,7.7,0.0,75.26666666666667,15,2018-09-03
2018-09-03,近畿,NB-1,3.0,23868.0,1,2,2018-09-03,27.3,32.6125,22.1625,0.0,9.9,0.0,71.625,8,2018-09-03
2018-09-03,関東,NB-1,6.0,46098.0,1,2,2018-09-03,23.688888888888886,26.844444444444445,21.544444444444444,2.388888888888889,1.3333333333333333,0.0,90.77777777777776,9,2018-09-03
2018-09-04,中国,NB-1,1.0,8190.0,1,1,2018-09-04,26.27142857142857,29.714285714285715,23.25714285714286,39.07142857142857,0.8714285714285713,0.0,81.28571428571429,7,2018-09-04
2018-09-04,東北,NB-1,5.0,41470.0,1,3,2018-09-04,25.3125,29.8,20.6125,10.0,2.4625,0.0,80.875,8,2018-09-04
2018-09-04,近畿,NB-1,1.0,8190.0,1,1,2018-09-04,26.4375,30.0,23.6375,67.125,0.55,0.0,80.875,8,2018-09-04
2018-09-04,関東,NB-1,5.0,39910.0,1,2,2018-09-04,26.25555555555556,30.21111111111111,22.744444444444444,9.833333333333334,0.9222222222222224,0.0,86.66666666666667,9,2018-09-04
2018-09-05,中国,NB-1,1.0,8190.0,1,1,2018-09-05,25.65714285714285,30.37142857142857,21.314285714285717,0.0,9.842857142857143,0.0,66.71428571428571,7,2018-09-05
2018-09-05,北海道,NB-1,1.0,8190.0,1,1,2018-09-05,22.5375,26.4,18.475,18.3125,5.0,0.0,80.125,8,2018-09-05
2018-09-05,関東,NB-1,4.0,33280.0,1,2,2018-09-05,26.87777777777778,32.12222222222223,22.08888888888889,18.22222222222222,8.033333333333333,0.0,78.11111111111111,9,2018-09-05
2018-09-06,中部,NB-1,2.0,15990.0,1,2,2018-09-06,24.953333333333333,29.966666666666665,20.9,1.0,4.760000000000001,0.0,68.4,15,2018-09-06
2018-09-06,関東,NB-1,6.0,54600.0,1,2,2018-09-06,26.55555555555556,31.011111111111116,23.288888888888888,0.0,5.855555555555556,0.0,73.11111111111111,9,2018-09-06
2018-09-07,中部,NB-1,1.0,8190.0,1,1,2018-09-07,24.486666666666668,28.72,21.08,19.1,1.3333333333333333,0.0,82.66666666666667,15,2018-09-07
2018-09-07,近畿,NB-1,1.0,8840.0,1,1,2018-09-07,26.1,29.875,23.2625,27.4375,1.0125,0.0,84.625,8,2018-09-07
2018-09-10,九州沖縄,NB-1,2.0,16380.0,1,1,2018-09-10,24.625,28.325,22.075,1.4375,5.5125,0.0,75.0,8,2018-09-10
2018-09-10,四国,NB-1,1.0,8190.0,1,1,2018-09-10,23.55,27.15,21.6,22.375,2.425,0.0,80.5,4,2018-09-10
2018-09-10,近畿,NB-1,1.0,7839.0,1,1,2018-09-10,22.95,25.4875,20.9375,35.1875,1.1125,0.0,86.875,8,2018-09-10
2018-09-10,関東,NB-1,4.0,33319.0,1,3,2018-09-10,24.177777777777777,28.41111111111111,21.066666666666663,27.11111111111111,1.2444444444444445,0.0,89.44444444444444,9,2018-09-10
2018-09-11,九州沖縄,NB-1,1.0,8190.0,1,1,2018-09-11,25.2125,29.25,22.025,0.1875,4.5125,0.0,72.0,8,2018-09-11
2018-09-11,北海道,NB-1,1.0,8190.0,1,1,2018-09-11,14.4125,19.0125,9.625,0.0,11.1,0.0,70.875,8,2018-09-11
2018-09-11,四国,NB-1,1.0,8190.0,1,1,2018-09-11,24.275,28.675,20.65,0.0,7.425000000000001,0.0,71.5,4,2018-09-11
2018-09-11,近畿,NB-1,3.0,22620.0,1,1,2018-09-11,23.6,27.675,20.2125,0.6875,5.6375,0.0,73.0,8,2018-09-11
2018-09-11,関東,NB-1,3.0,24570.0,1,3,2018-09-11,21.55555555555556,24.72222222222222,19.3,5.277777777777778,2.555555555555556,0.0,77.77777777777777,9,2018-09-11
2018-09-12,中部,NB-1,2.0,15600.0,1,1,2018-09-12,20.51333333333333,23.42,18.57333333333333,14.2,1.2266666666666666,0.0,77.73333333333333,15,2018-09-12
2018-09-12,関東,NB-1,2.0,16380.0,1,1,2018-09-12,20.566666666666663,23.77777777777778,18.12222222222222,0.0555555555555555,3.055555555555556,0.0,70.11111111111111,9,2018-09-12
2018-09-14,中部,NB-1,2.0,16380.0,1,1,2018-09-14,21.92,25.32,19.75333333333333,10.8,1.4533333333333334,0.0,87.13333333333334,15,2018-09-14
2018-09-14,関東,NB-1,2.0,17940.0,1,1,2018-09-14,22.166666666666668,25.05555555555556,20.077777777777776,6.944444444444445,0.5666666666666667,0.0,88.11111111111111,9,2018-09-14
2018-09-18,四国,NB-1,1.0,8190.0,1,1,2018-09-18,25.425,29.225,22.825,0.0,6.949999999999999,0.0,75.0,4,2018-09-18
2018-09-18,近畿,NB-1,2.0,16029.0,1,2,2018-09-18,24.0625,28.975,20.05,0.0625,8.0125,0.0,71.625,8,2018-09-18
2018-09-18,関東,NB-1,2.0,16380.0,1,1,2018-09-18,23.11111111111111,27.788888888888888,19.6,22.88888888888889,5.300000000000001,0.0,81.33333333333333,9,2018-09-18
2018-09-19,中国,NB-1,1.0,8190.0,1,1,2018-09-19,23.82857142857143,28.87142857142857,20.15714285714285,0.0714285714285714,6.871428571428572,0.0,70.28571428571429,7,2018-09-19
2018-09-19,中部,NB-1,5.0,39000.0,1,1,2018-09-19,20.98,27.02,16.2,0.0,9.68,0.0,67.26666666666667,15,2018-09-19
2018-09-19,近畿,NB-1,2.0,16380.0,1,1,2018-09-19,23.7375,29.225,19.525,0.0,9.775,0.0,56.875,8,2018-09-19
2018-09-19,関東,NB-1,4.0,32110.0,1,3,2018-09-19,21.855555555555554,26.677777777777777,18.03333333333333,1.1111111111111112,8.366666666666667,0.0,68.66666666666667,9,2018-09-19
2018-09-20,近畿,NB-1,1.0,8190.0,1,1,2018-09-20,20.125,22.2625,18.7375,24.4375,0.0,0.0,86.0,8,2018-09-20
2018-09-20,関東,NB-1,6.0,51870.0,1,2,2018-09-20,19.51111111111111,23.48888888888889,15.644444444444446,19.05555555555556,0.0222222222222222,0.0,81.11111111111111,9,2018-09-20
2018-09-21,中国,NB-1,1.0,7800.0,1,1,2018-09-21,23.11428571428572,26.385714285714283,20.15714285714285,7.285714285714286,1.4428571428571428,0.0,90.57142857142856,7,2018-09-21
2018-09-21,中部,NB-1,1.0,8450.0,1,1,2018-09-21,19.673333333333336,21.9,17.246666666666666,9.5,0.0866666666666666,0.0,89.2,15,2018-09-21
2018-09-21,四国,NB-1,1.0,9750.0,1,1,2018-09-21,25.0,28.275,22.275,1.75,0.925,0.0,88.75,4,2018-09-21
2018-09-21,東北,NB-1,1.0,8190.0,1,1,2018-09-21,17.6125,21.7625,13.8875,15.375,2.3125,0.0,86.5,8,2018-09-21
2018-09-21,近畿,NB-1,2.0,15080.0,1,1,2018-09-21,22.5625,25.9625,19.8625,11.625,0.725,0.0,90.5,8,2018-09-21
2018-09-25,中国,NB-1,2.0,15600.0,1,1,2018-09-25,21.057142857142857,25.2,18.3,1.4285714285714286,4.471428571428572,0.0,76.57142857142857,7,2018-09-25
2018-09-25,中部,NB-1,5.0,39429.0,1,2,2018-09-25,19.453333333333333,22.040000000000003,17.146666666666665,10.566666666666666,0.0,0.0,87.33333333333333,15,2018-09-25
2018-09-25,東北,NB-1,1.0,8190.0,1,1,2018-09-25,17.3125,20.6,14.1625,10.1875,0.1625,0.0,88.375,8,2018-09-25
2018-09-25,近畿,NB-1,1.0,8190.0,1,1,2018-09-25,21.2875,23.4375,19.25,5.5,0.475,0.0,80.0,8,2018-09-25
2018-09-25,関東,NB-1,5.0,38948.0,1,2,2018-09-25,20.700000000000003,23.744444444444444,18.27777777777778,24.72222222222222,0.0333333333333333,0.0,93.55555555555556,9,2018-09-25
2018-09-26,中部,NB-1,2.0,15990.0,1,1,2018-09-26,18.886666666666667,23.6,15.613333333333332,25.73333333333333,3.22,0.0,80.86666666666666,15,2018-09-26
2018-09-26,九州沖縄,NB-1,1.0,8190.0,1,1,2018-09-26,22.975,25.9625,20.5,2.875,1.525,0.0,72.25,8,2018-09-26
2018-09-26,近畿,NB-1,2.0,17030.0,1,2,2018-09-26,19.9375,24.075,17.5,18.5,2.2,0.0,77.625,8,2018-09-26
2018-09-26,関東,NB-1,5.0,39650.0,1,2,2018-09-26,18.288888888888888,20.5,16.22222222222222,17.333333333333332,0.0,0.0,88.0,9,2018-09-26
2018-09-27,関東,NB-1,5.0,42120.0,1,2,2018-09-27,16.22222222222222,18.200000000000003,14.455555555555556,18.88888888888889,0.1888888888888888,0.0,94.0,9,2018-09-27
2018-09-28,中部,NB-1,5.0,39780.0,1,2,2018-09-28,19.07333333333333,25.10666666666667,13.973333333333333,0.0,9.8,0.0,73.73333333333333,15,2018-09-28
2018-09-28,九州沖縄,NB-1,1.0,8190.0,1,1,2018-09-28,23.4625,28.1625,19.6,5.625,4.95,0.0,71.125,8,2018-09-28
2018-09-28,東北,NB-1,1.0,8190.0,1,1,2018-09-28,17.25,23.2125,13.1625,1.25,7.6,0.0,78.5,8,2018-09-28
2018-10-01,中国,NB-1,1.0,8450.0,1,1,2018-10-01,20.342857142857145,24.514285714285712,16.12857142857143,0.2142857142857142,8.057142857142857,0.0,58.42857142857143,7,2018-10-01
2018-10-01,近畿,NB-1,1.0,8190.0,1,1,2018-10-01,21.575,25.0375,17.6625,1.625,8.525,0.0,61.625,8,2018-10-01
2018-10-01,関東,NB-1,3.0,24570.0,1,3,2018-10-01,26.05555555555556,31.73333333333333,19.844444444444445,15.72222222222222,10.233333333333333,0.0,62.22222222222222,9,2018-10-01
2018-10-02,中国,NB-1,1.0,7800.0,1,1,2018-10-02,18.728571428571428,24.17142857142857,14.228571428571428,0.0,3.814285714285714,0.0,70.71428571428571,7,2018-10-02
2018-10-02,北海道,NB-1,1.0,6890.0,1,1,2018-10-02,14.425,18.0875,10.6,2.75,5.0125,0.0,75.625,8,2018-10-02
2018-10-02,近畿,NB-1,1.0,8190.0,1,1,2018-10-02,19.6875,24.5875,15.1,0.0,7.625,0.0,64.75,8,2018-10-02
2018-10-02,関東,NB-1,5.0,38350.0,1,2,2018-10-02,21.58888888888889,26.91111111111111,16.644444444444446,0.0,10.6,0.0,58.66666666666666,9,2018-10-02
2018-10-03,中部,NB-1,1.0,8190.0,1,1,2018-10-03,19.0,24.65333333333333,14.033333333333331,0.0,7.96,0.0,71.93333333333334,15,2018-10-03
2018-10-03,関東,NB-1,1.0,8190.0,1,1,2018-10-03,20.855555555555554,24.566666666666663,17.322222222222223,0.0,3.1666666666666665,0.0,76.0,9,2018-10-03
2018-10-04,中部,NB-1,2.0,16380.0,1,1,2018-10-04,18.673333333333336,21.366666666666667,15.946666666666664,2.9,0.28,0.0,79.73333333333333,15,2018-10-04
2018-10-04,関東,NB-1,3.0,27300.0,1,1,2018-10-04,20.188888888888886,22.45555555555556,18.48888888888889,0.0,0.5111111111111111,0.0,77.0,9,2018-10-04
2018-10-05,東北,NB-1,1.0,8190.0,1,1,2018-10-05,17.9875,22.5875,13.175,0.1875,3.35,0.0,78.375,8,2018-10-05
2018-10-05,関東,NB-1,2.0,16380.0,1,1,2018-10-05,19.55555555555556,21.45555555555556,17.700000000000003,5.944444444444445,0.0,0.0,87.22222222222223,9,2018-10-05
2018-10-09,中部,NB-1,1.0,7839.0,1,1,2018-10-09,20.166666666666668,25.58,16.146666666666665,0.0,8.18,0.0,74.0,15,2018-10-09
2018-10-09,九州沖縄,NB-1,2.0,15678.0,1,2,2018-10-09,22.4125,26.975,18.025,0.0,8.425,0.0,74.125,8,2018-10-09
2018-10-09,四国,NB-1,1.0,8190.0,1,1,2018-10-09,22.35,26.875,18.375,0.0,8.5,0.0,72.75,4,2018-10-09
2018-10-09,東北,NB-1,3.0,24570.0,1,1,2018-10-09,17.3,22.7125,13.425,0.6875,3.4875,0.0,81.125,8,2018-10-09
2018-10-09,関東,NB-1,1.0,8190.0,1,1,2018-10-09,21.244444444444444,25.422222222222224,18.12222222222222,0.0,5.277777777777778,0.0,79.0,9,2018-10-09
2018-10-10,中部,NB-1,4.0,31200.0,1,1,2018-10-10,19.78,24.1,16.473333333333333,4.566666666666666,2.6266666666666665,0.0,81.06666666666666,15,2018-10-10
2018-10-10,九州沖縄,NB-1,2.0,16380.0,1,2,2018-10-10,22.325,25.275,19.6625,0.25,1.7875,0.0,76.0,8,2018-10-10
2018-10-10,近畿,NB-1,1.0,8840.0,1,1,2018-10-10,20.1,22.525,18.375,6.0,0.2625,0.0,85.375,8,2018-10-10
2018-10-10,関東,NB-1,1.0,8190.0,1,1,2018-10-10,21.322222222222223,25.044444444444444,17.977777777777778,0.2777777777777778,5.333333333333333,0.0,80.33333333333333,9,2018-10-10
2018-10-11,中部,NB-1,1.0,8190.0,1,1,2018-10-11,18.72,21.44,16.8,5.833333333333333,0.76,0.0,88.46666666666667,15,2018-10-11
2018-10-11,近畿,NB-1,1.0,7540.0,1,1,2018-10-11,18.4125,20.1,16.8,5.8125,0.0,0.0,87.25,8,2018-10-11
2018-10-11,関東,NB-1,3.0,22620.0,1,1,2018-10-11,20.766666666666666,22.788888888888888,19.177777777777777,8.277777777777779,0.6333333333333333,0.0,92.44444444444444,9,2018-10-11
2018-10-12,中部,NB-1,2.0,15600.0,1,1,2018-10-12,16.74,20.3,13.6,2.6666666666666665,2.013333333333333,0.0,72.33333333333333,15,2018-10-12
2018-10-15,中国,NB-1,2.0,15600.0,1,1,2018-10-15,18.014285714285712,23.642857142857142,14.228571428571428,0.0,8.22857142857143,0.0,70.71428571428571,7,2018-10-15
2018-10-15,近畿,NB-1,2.0,14430.0,1,2,2018-10-15,18.5625,23.0625,15.7875,0.0625,4.675,0.0,72.125,8,2018-10-15
2018-10-15,関東,NB-1,3.0,22919.0,1,1,2018-10-15,17.422222222222224,20.288888888888888,15.188888888888888,0.0555555555555555,0.3555555555555555,0.0,81.11111111111111,9,2018-10-15
2018-10-16,中国,NB-1,1.0,8190.0,1,1,2018-10-16,17.614285714285714,22.857142857142858,13.514285714285714,0.5,4.4,0.0,72.57142857142857,7,2018-10-16
2018-10-16,中部,NB-1,1.0,8190.0,1,1,2018-10-16,15.86,20.473333333333336,12.106666666666666,0.5333333333333333,2.586666666666667,0.0,76.66666666666667,15,2018-10-16
2018-10-17,近畿,NB-1,1.0,8840.0,1,1,2018-10-17,18.1,22.2125,15.075,1.375,6.4625,0.0,70.0,8,2018-10-17
2018-10-17,関東,NB-1,4.0,34580.0,1,2,2018-10-17,17.444444444444443,21.844444444444445,14.633333333333333,0.6666666666666666,2.8777777777777778,0.0,74.44444444444444,9,2018-10-17
2018-10-18,関東,NB-1,2.0,15600.0,1,1,2018-10-18,16.844444444444445,20.822222222222223,13.833333333333334,0.0,4.955555555555556,0.0,73.88888888888889,9,2018-10-18
2018-10-19,近畿,NB-1,1.0,8840.0,1,1,2018-10-19,17.675,23.3375,13.9375,0.0625,7.962499999999999,0.0,70.875,8,2018-10-19
2018-10-19,関東,NB-1,2.0,16380.0,1,1,2018-10-19,16.344444444444445,19.633333333333333,13.833333333333334,1.0555555555555556,1.0666666666666669,0.0,79.44444444444444,9,2018-10-19
2018-10-22,中部,NB-1,1.0,8190.0,1,1,2018-10-22,14.526666666666667,21.32,8.166666666666666,0.0,9.333333333333334,0.0,66.8,15,2018-10-22
2018-10-22,九州沖縄,NB-1,1.0,7839.0,1,1,2018-10-22,18.4875,24.3625,13.0875,0.375,6.15,0.0,70.0,8,2018-10-22
2018-10-22,四国,NB-1,1.0,8190.0,1,1,2018-10-22,17.2,22.625,11.65,0.0,7.675,0.0,71.5,4,2018-10-22
2018-10-22,近畿,NB-1,2.0,15678.0,1,1,2018-10-22,16.7375,23.175,10.925,0.0,7.9125,0.0,69.25,8,2018-10-22
2018-10-22,関東,NB-1,12.0,101218.0,1,3,2018-10-22,15.766666666666667,21.677777777777777,10.77777777777778,0.0,9.77777777777778,0.0,64.77777777777777,9,2018-10-22
2018-10-23,中部,NB-1,1.0,8190.0,1,1,2018-10-23,15.386666666666668,20.19333333333333,10.773333333333332,3.566666666666667,3.3866666666666663,0.0,69.53333333333333,15,2018-10-23
2018-10-23,四国,NB-1,2.0,16380.0,1,1,2018-10-23,17.675,20.775,15.575,9.375,0.125,0.0,86.75,4,2018-10-23
2018-10-23,関東,NB-1,2.0,16640.0,1,1,2018-10-23,14.788888888888888,17.733333333333334,11.533333333333331,1.7222222222222223,0.7333333333333333,0.0,79.66666666666667,9,2018-10-23
2018-10-24,中国,NB-1,1.0,8450.0,1,1,2018-10-24,17.12857142857143,22.714285714285715,12.457142857142856,1.5,8.014285714285714,0.0,75.71428571428571,7,2018-10-24
2018-10-24,中部,NB-1,1.0,8450.0,1,1,2018-10-24,16.566666666666666,22.21333333333333,12.653333333333334,5.166666666666667,5.733333333333333,0.0,75.6,15,2018-10-24
2018-10-24,東北,NB-1,1.0,8450.0,1,1,2018-10-24,14.5,19.1625,10.8875,5.1875,1.95,0.0,85.0,8,2018-10-24
2018-10-24,近畿,NB-1,1.0,6890.0,1,1,2018-10-24,17.9625,22.9625,14.1875,1.75,6.1375,0.0,74.625,8,2018-10-24
2018-10-24,関東,NB-1,1.0,7540.0,1,1,2018-10-24,17.58888888888889,22.855555555555554,13.77777777777778,6.222222222222222,4.833333333333333,0.0,78.55555555555556,9,2018-10-24
2018-10-25,関東,NB-1,1.0,7540.0,1,1,2018-10-25,17.11111111111111,22.12222222222222,12.8,0.0,9.588888888888889,0.0,65.11111111111111,9,2018-10-25
2018-10-26,中国,NB-1,1.0,7800.0,1,1,2018-10-26,16.3,22.014285714285712,10.0,5.785714285714286,3.457142857142857,0.0,75.57142857142857,7,2018-10-26
2018-10-29,中部,NB-1,3.0,23868.0,1,3,2018-10-29,13.813333333333333,19.38,9.253333333333334,2.7666666666666666,6.046666666666667,0.0,66.73333333333333,15,2018-10-29
2018-10-29,九州沖縄,NB-1,1.0,7839.0,1,1,2018-10-29,18.2375,23.7625,13.35,0.0,8.8,0.0,58.75,8,2018-10-29
2018-10-29,近畿,NB-1,1.0,7839.0,1,1,2018-10-29,15.4375,20.8875,11.1625,0.0,5.9625,0.0,65.0,8,2018-10-29
2018-10-29,関東,NB-1,1.0,7540.0,1,1,2018-10-29,16.788888888888888,22.64444444444445,11.833333333333334,0.0,9.711111111111112,0.0,66.77777777777777,9,2018-10-29
2018-10-30,中部,NB-1,3.0,23400.0,1,1,2018-10-30,13.48,18.586666666666662,9.1,6.133333333333334,5.426666666666667,0.0,66.4,15,2018-10-30
2018-10-30,関東,NB-1,1.0,8190.0,1,1,2018-10-30,16.188888888888886,22.577777777777776,11.044444444444444,0.2222222222222222,9.177777777777775,0.0,62.66666666666666,9,2018-10-30
2018-10-31,近畿,NB-1,1.0,6890.0,1,1,2018-10-31,13.05,16.925,10.5125,0.3125,2.45,0.0,66.875,8,2018-10-31
2018-10-31,関東,NB-1,2.0,17290.0,1,2,2018-10-31,13.81111111111111,19.977777777777774,9.67777777777778,0.0,6.366666666666666,0.0,56.0,9,2018-10-31
2018-11-01,中部,NB-1,2.0,15600.0,1,1,2018-11-01,11.013333333333332,17.233333333333334,6.253333333333333,0.4666666666666667,6.166666666666667,0.0,67.8,15,2018-11-01
2018-11-01,九州沖縄,NB-1,1.0,8190.0,1,1,2018-11-01,15.1,20.0625,11.4125,0.0,6.275,0.0,63.0,8,2018-11-01
2018-11-01,関東,NB-1,1.0,9100.0,1,1,2018-11-01,13.122222222222222,18.855555555555554,7.98888888888889,0.1111111111111111,8.922222222222222,0.0,55.66666666666666,9,2018-11-01
2018-11-02,中部,NB-1,3.0,25090.0,1,2,2018-11-02,11.786666666666669,18.3,6.739999999999999,0.0666666666666666,7.906666666666666,0.0,68.0,15,2018-11-02
2018-11-02,関東,NB-1,2.0,16640.0,1,2,2018-11-02,13.4,19.11111111111111,8.18888888888889,0.0,9.72222222222222,0.0,61.22222222222222,9,2018-11-02
2018-11-05,中部,NB-1,1.0,8190.0,1,1,2018-11-05,15.94,21.040000000000003,11.746666666666666,2.4,4.3133333333333335,0.0,83.33333333333333,15,2018-11-05
2018-11-05,北海道,NB-1,1.0,7839.0,1,1,2018-11-05,9.675,12.3875,6.25,0.9375,2.0125,0.0,82.5,8,2018-11-05
2018-11-05,近畿,NB-1,2.0,15678.0,1,2,2018-11-05,16.825,22.1125,12.075,0.0,7.075,0.0,78.125,8,2018-11-05
2018-11-05,関東,NB-1,10.0,83798.0,1,3,2018-11-05,17.88888888888889,22.355555555555554,14.344444444444443,0.7777777777777778,3.922222222222222,0.0,84.55555555555556,9,2018-11-05
2018-11-06,中国,NB-1,2.0,15990.0,1,2,2018-11-06,15.357142857142858,21.785714285714285,10.457142857142856,0.2142857142857142,7.085714285714286,0.0,75.71428571428571,7,2018-11-06
2018-11-06,近畿,NB-1,2.0,14430.0,1,2,2018-11-06,17.825,22.5375,15.0625,9.5625,4.9875,0.0,76.125,8,2018-11-06
2018-11-06,関東,NB-1,3.0,24180.0,1,3,2018-11-06,17.311111111111114,19.844444444444445,15.677777777777775,20.05555555555556,0.3444444444444444,0.0,94.33333333333331,9,2018-11-06
2018-11-07,中部,NB-1,5.0,39000.0,1,1,2018-11-07,15.573333333333332,20.12,11.946666666666664,0.1333333333333333,5.613333333333333,0.0,76.93333333333334,15,2018-11-07
2018-11-07,関東,NB-1,3.0,23270.0,1,2,2018-11-07,16.733333333333334,19.711111111111112,14.055555555555555,0.2222222222222222,2.022222222222222,0.0,74.66666666666667,9,2018-11-07
2018-11-08,近畿,NB-1,1.0,8840.0,1,1,2018-11-08,17.45,23.025,12.5,0.0,7.5375,0.0,74.125,8,2018-11-08
2018-11-08,関東,NB-1,3.0,23920.0,1,2,2018-11-08,16.22222222222222,19.9,13.011111111111113,0.5555555555555556,4.233333333333333,0.0,75.77777777777777,9,2018-11-08
2018-11-09,中部,NB-1,2.0,19500.0,1,1,2018-11-09,16.606666666666666,19.986666666666668,14.106666666666666,13.4,0.7066666666666667,0.0,85.26666666666667,15,2018-11-09
2018-11-09,関東,NB-1,4.0,35490.0,1,2,2018-11-09,15.933333333333334,17.677777777777777,14.3,8.722222222222221,0.0222222222222222,0.0,93.88888888888889,9,2018-11-09
2018-11-12,中部,NB-1,2.0,15678.0,1,2,2018-11-12,14.02,19.53333333333333,9.7,1.1666666666666667,3.7266666666666666,0.0,75.13333333333334,15,2018-11-12
2018-11-12,関東,NB-1,4.0,33930.0,1,2,2018-11-12,15.566666666666666,19.433333333333334,11.977777777777778,1.1111111111111112,2.844444444444445,0.0,78.88888888888889,9,2018-11-12
2018-11-13,中国,NB-1,1.0,8450.0,1,1,2018-11-13,13.642857142857142,17.47142857142857,10.5,1.0714285714285714,2.157142857142857,0.0,74.57142857142857,7,2018-11-13
2018-11-13,近畿,NB-1,2.0,17680.0,1,1,2018-11-13,14.725,17.5875,11.85,1.1875,0.8,0.0,71.125,8,2018-11-13
2018-11-15,近畿,NB-1,1.0,7839.0,1,1,2018-11-15,12.3625,17.1875,8.525,0.6875,5.3875,0.0,73.0,8,2018-11-15
2018-11-16,東北,NB-1,1.0,8190.0,1,1,2018-11-16,8.3625,14.4375,3.3125,0.9375,5.9375,0.0,72.625,8,2018-11-16
2018-11-19,中部,NB-1,3.0,23400.0,1,1,2018-11-19,11.993333333333334,14.98,8.74,4.233333333333333,0.64,0.0,72.93333333333334,15,2018-11-19
2018-11-19,関東,NB-1,8.0,65546.0,1,3,2018-11-19,13.61111111111111,17.433333333333334,11.077777777777778,4.444444444444445,2.2,0.0,77.33333333333333,9,2018-11-19
2018-11-20,中国,NB-1,1.0,7800.0,1,1,2018-11-20,10.171428571428573,15.7,6.014285714285714,1.0,3.8142857142857145,0.0,73.85714285714286,7,2018-11-20
2018-11-20,四国,NB-1,1.0,8190.0,1,1,2018-11-20,12.0,17.224999999999998,8.25,0.0,8.05,0.0,64.5,4,2018-11-20
2018-11-20,関東,NB-1,6.0,55250.0,1,2,2018-11-20,10.911111111111111,14.866666666666667,7.300000000000001,0.1111111111111111,5.088888888888889,0.0,62.66666666666666,9,2018-11-20
2018-11-21,中部,NB-1,1.0,7800.0,1,1,2018-11-21,9.706666666666669,16.086666666666666,3.9066666666666663,0.3,7.586666666666667,0.0,65.93333333333334,15,2018-11-21
2018-11-21,関東,NB-1,2.0,16380.0,1,2,2018-11-21,10.577777777777778,16.58888888888889,4.566666666666666,1.1666666666666667,9.033333333333331,0.0,67.88888888888889,9,2018-11-21
2018-11-22,中国,NB-1,1.0,7800.0,1,1,2018-11-22,10.014285714285714,13.4,6.614285714285714,8.428571428571429,1.5142857142857142,0.0,75.42857142857143,7,2018-11-22
2018-11-26,中部,NB-1,3.0,25428.0,1,2,2018-11-26,10.54,15.513333333333332,5.6066666666666665,0.1666666666666666,4.18,0.0,73.6,15,2018-11-26
2018-11-26,近畿,NB-1,3.0,24869.0,1,2,2018-11-26,11.4375,16.25,7.15,0.0,2.6125,0.0,79.0,8,2018-11-26
2018-11-27,中部,NB-1,1.0,8190.0,1,1,2018-11-27,12.16,19.03333333333333,6.486666666666666,0.0,8.906666666666666,0.0,69.4,15,2018-11-27
2018-11-27,九州沖縄,NB-1,1.0,8190.0,1,1,2018-11-27,16.125,19.625,13.6375,1.9375,2.1125,0.0,84.5,8,2018-11-27
2018-11-27,近畿,NB-1,3.0,20670.0,1,1,2018-11-27,13.325,18.775,9.1125,0.0,5.8375,0.0,74.5,8,2018-11-27
2018-11-28,近畿,NB-1,3.0,24570.0,1,1,2018-11-28,13.275,17.5875,9.8375,3.3125,2.2,0.0,80.625,8,2018-11-28
2018-11-29,関東,NB-1,3.0,23530.0,1,2,2018-11-29,12.0,15.766666666666667,8.744444444444445,0.4444444444444444,4.977777777777778,0.0,70.33333333333333,9,2018-11-29
2018-11-30,関東,NB-1,1.0,8190.0,1,1,2018-11-30,10.88888888888889,16.0,5.977777777777778,0.0,8.655555555555557,0.0,59.66666666666666,9,2018-11-30
2018-12-03,中部,NB-1,2.0,16380.0,1,1,2018-12-03,12.76,16.2,8.453333333333333,2.6666666666666665,0.4466666666666666,0.0,79.66666666666667,15,2018-12-03
2018-12-03,近畿,NB-1,1.0,8840.0,1,1,2018-12-03,14.325,17.05,11.7,4.625,0.15,0.0,86.5,8,2018-12-03
2018-12-03,関東,NB-1,2.0,15678.0,1,2,2018-12-03,11.8,15.244444444444444,8.133333333333333,0.0555555555555555,0.9888888888888888,0.0,77.11111111111111,9,2018-12-03
2018-12-04,中国,NB-1,2.0,16640.0,1,1,2018-12-04,17.02857142857143,22.27142857142857,13.985714285714286,11.142857142857142,0.8,0.0,89.28571428571429,7,2018-12-04
2018-12-04,九州沖縄,NB-1,1.0,7839.0,1,1,2018-12-04,20.075,25.15,17.2,12.5,1.7,0.0,88.5,8,2018-12-04
2018-12-05,近畿,NB-1,1.0,6890.0,1,1,2018-12-05,14.3625,18.25,10.6125,0.4375,4.0625,0.0,72.75,8,2018-12-05
2018-12-06,中部,NB-1,1.0,7800.0,1,1,2018-12-06,10.606666666666666,13.7,7.473333333333333,5.3,0.3266666666666667,0.0,84.46666666666667,15,2018-12-06
2018-12-06,東北,NB-1,1.0,8190.0,1,1,2018-12-06,2.9125,4.6,1.1875,7.125,0.0,0.75,85.25,8,2018-12-06
2018-12-06,近畿,NB-1,1.0,8190.0,1,1,2018-12-06,11.7625,13.525,9.85,6.9375,0.0125,0.0,85.25,8,2018-12-06
2018-12-06,関東,NB-1,1.0,7540.0,1,1,2018-12-06,10.122222222222222,12.31111111111111,8.366666666666667,10.22222222222222,0.0,0.0,86.88888888888889,9,2018-12-06
2018-12-07,中部,NB-1,3.0,23400.0,1,1,2018-12-07,10.72,14.893333333333334,5.3,3.3666666666666667,1.2866666666666664,0.0,69.0,15,2018-12-07
2018-12-07,近畿,NB-1,1.0,8840.0,1,1,2018-12-07,11.125,14.7125,6.9375,0.0625,0.775,0.0,68.375,8,2018-12-07
2018-12-07,関東,NB-1,5.0,40950.0,1,4,2018-12-07,11.455555555555556,16.27777777777778,8.344444444444443,0.0,1.3222222222222222,0.0,81.77777777777777,9,2018-12-07
2018-12-10,中国,NB-1,1.0,8190.0,1,1,2018-12-10,5.085714285714286,10.828571428571427,1.6714285714285713,0.0714285714285714,4.814285714285715,0.0,75.28571428571429,7,2018-12-10
2018-12-10,関東,NB-1,2.0,16029.0,1,2,2018-12-10,4.777777777777778,9.011111111111113,1.3444444444444443,0.0,4.199999999999999,0.0,56.44444444444444,9,2018-12-10
2018-12-11,中国,NB-1,2.0,16380.0,1,1,2018-12-11,5.014285714285714,8.285714285714286,1.1428571428571428,15.071428571428571,0.0857142857142857,0.0,85.42857142857143,7,2018-12-11
2018-12-11,近畿,NB-1,2.0,16380.0,1,1,2018-12-11,6.2625,10.6125,1.25,5.375,2.25,0.0,78.625,8,2018-12-11
2018-12-12,中国,NB-1,2.0,16900.0,1,1,2018-12-12,7.985714285714286,11.814285714285717,4.457142857142857,5.357142857142857,2.857142857142857,0.0,78.85714285714286,7,2018-12-12
2018-12-12,中部,NB-1,2.0,15600.0,1,1,2018-12-12,7.066666666666666,11.706666666666669,3.653333333333333,11.766666666666667,1.82,0.0,81.06666666666666,15,2018-12-12
2018-12-12,関東,NB-1,1.0,9100.0,1,1,2018-12-12,6.833333333333333,11.31111111111111,2.988888888888889,13.666666666666666,1.2111111111111112,0.0,81.22222222222223,9,2018-12-12
2018-12-13,関東,NB-1,2.0,15730.0,1,2,2018-12-13,6.144444444444444,10.3,2.388888888888889,0.2222222222222222,5.088888888888889,0.0,60.333333333333336,9,2018-12-13
2018-12-14,中国,NB-1,1.0,7800.0,1,1,2018-12-14,5.757142857142857,8.828571428571427,3.128571428571429,5.714285714285714,2.0285714285714285,0.0,76.71428571428571,7,2018-12-14
2018-12-14,九州沖縄,NB-1,1.0,8190.0,1,1,2018-12-14,9.2,12.5375,6.2125,0.0,5.1875,0.0,59.25,8,2018-12-14
2018-12-14,四国,NB-1,1.0,8190.0,1,1,2018-12-14,7.6,10.925,4.6,1.375,4.325,0.0,62.25,4,2018-12-14
2018-12-14,関東,NB-1,4.0,31720.0,1,2,2018-12-14,5.177777777777778,9.72222222222222,1.422222222222222,0.0,7.966666666666667,0.0,56.11111111111112,9,2018-12-14
2018-12-17,中国,NB-1,2.0,15600.0,1,1,2018-12-17,7.928571428571429,11.8,5.4,1.4285714285714286,2.042857142857143,0.0,76.42857142857143,7,2018-12-17
2018-12-17,中部,NB-1,1.0,8190.0,1,1,2018-12-17,7.680000000000001,12.38,4.306666666666667,13.933333333333334,4.226666666666667,0.0,78.13333333333334,15,2018-12-17
2018-12-17,近畿,NB-1,1.0,7839.0,1,1,2018-12-17,9.0875,13.3125,6.6375,7.5,3.575,0.0,77.0,8,2018-12-17
2018-12-17,関東,NB-1,2.0,16380.0,1,2,2018-12-17,7.422222222222222,14.055555555555555,2.433333333333333,2.7222222222222223,4.388888888888889,0.0,74.44444444444444,9,2018-12-17
2018-12-18,中国,NB-1,1.0,8190.0,1,1,2018-12-18,7.1000000000000005,11.114285714285714,3.642857142857143,1.7142857142857142,3.2,0.0,66.28571428571429,7,2018-12-18
2018-12-18,九州沖縄,NB-1,1.0,8190.0,1,1,2018-12-18,10.6625,14.4,7.0375,0.0,5.5375,0.0,57.25,8,2018-12-18
2018-12-18,近畿,NB-1,1.0,8840.0,1,1,2018-12-18,7.75,11.725,4.675,1.875,4.975,0.0,62.75,8,2018-12-18
2018-12-19,中部,NB-1,4.0,31200.0,1,1,2018-12-19,6.266666666666667,10.833333333333334,1.4333333333333331,5.1,4.513333333333334,0.2727272727272727,70.26666666666667,15,2018-12-19
2018-12-19,東北,NB-1,1.0,8190.0,1,1,2018-12-19,2.9625,6.525,0.0249999999999999,7.1875,3.025,1.0,82.0,8,2018-12-19
2018-12-19,近畿,NB-1,1.0,8840.0,1,1,2018-12-19,8.3875,12.975,3.1625,0.0,5.5625,0.0,67.25,8,2018-12-19
2018-12-19,関東,NB-1,6.0,53690.0,1,2,2018-12-19,7.366666666666666,13.255555555555556,1.8666666666666667,0.0,8.733333333333333,0.0,59.77777777777778,9,2018-12-19
2018-12-21,九州沖縄,NB-1,1.0,9750.0,1,1,2018-12-21,14.5125,17.2375,11.6,5.0625,0.1875,0.0,89.5,8,2018-12-21
2018-12-21,関東,NB-1,1.0,9100.0,1,1,2018-12-21,7.688888888888889,13.68888888888889,1.9222222222222225,0.0,8.7,0.0,65.88888888888889,9,2018-12-21
2018-12-25,近畿,NB-1,2.0,16380.0,1,2,2018-12-25,5.85,11.4875,1.4625,0.0,8.6625,0.0,71.25,8,2018-12-25
2018-12-26,中部,NB-1,2.0,16380.0,1,2,2018-12-26,6.026666666666667,10.406666666666666,2.106666666666667,2.7,2.493333333333333,0.0,75.26666666666667,15,2018-12-26
2018-12-26,近畿,NB-1,1.0,8840.0,1,1,2018-12-26,7.5625,10.7125,4.325,0.1875,0.6125,0.0,76.5,8,2018-12-26
2018-12-26,関東,NB-1,2.0,17290.0,1,1,2018-12-26,6.477777777777778,12.766666666666667,0.6333333333333333,0.0,4.277777777777778,0.0,61.11111111111112,9,2018-12-26
2018-12-27,中国,NB-1,1.0,8450.0,1,1,2018-12-27,6.857142857142857,10.985714285714286,3.3285714285714287,1.4285714285714286,4.857142857142857,0.0,60.85714285714285,7,2018-12-27
2018-12-27,中部,NB-1,4.0,31590.0,1,2,2018-12-27,5.72,10.48,1.5333333333333334,2.933333333333333,4.3,0.2727272727272727,67.73333333333333,15,2018-12-27
2019-01-08,中国,NB-1,2.0,15990.0,1,2,2019-01-08,6.6000000000000005,12.342857142857143,1.7857142857142858,0.1428571428571428,6.128571428571428,0.0,63.0,7,2019-01-08
2019-01-08,中部,NB-1,3.0,23400.0,1,1,2019-01-08,4.7,9.506666666666666,0.3399999999999999,2.833333333333333,4.6466666666666665,0.4545454545454545,68.66666666666667,15,2019-01-08
2019-01-08,九州沖縄,NB-1,1.0,8190.0,1,1,2019-01-08,9.5875,13.625,6.4875,0.0,1.5125,0.0,67.875,8,2019-01-08
2019-01-08,近畿,NB-1,1.0,7839.0,1,1,2019-01-08,6.9875,11.875,2.75,0.1875,5.4125,0.0,64.625,8,2019-01-08
2019-01-08,関東,NB-1,2.0,15379.0,1,2,2019-01-08,4.255555555555556,10.711111111111112,-1.0111111111111113,0.0,8.655555555555557,0.0,59.44444444444444,9,2019-01-08
2019-01-09,中部,NB-1,3.0,23790.0,1,1,2019-01-09,2.3400000000000003,5.9,-1.7333333333333334,1.5666666666666669,5.28,1.0,60.66666666666666,15,2019-01-09
2019-01-09,関東,NB-1,3.0,22880.0,1,1,2019-01-09,3.8,7.677777777777777,-0.5,0.0,8.788888888888888,0.0,47.44444444444444,9,2019-01-09
2019-01-10,関東,NB-1,3.0,24830.0,1,3,2019-01-10,1.5555555555555556,6.355555555555556,-2.7666666666666666,0.0,2.7555555555555555,0.0,50.888888888888886,9,2019-01-10
2019-01-11,中国,NB-1,2.0,16900.0,1,1,2019-01-11,6.971428571428571,11.642857142857142,3.457142857142857,0.1428571428571428,1.7142857142857142,0.0,72.71428571428571,7,2019-01-11
2019-01-11,四国,NB-1,1.0,8190.0,1,1,2019-01-11,9.0,13.25,6.0,0.0,3.775,0.0,59.25,4,2019-01-11
2019-01-15,中部,NB-1,2.0,15639.0,1,1,2019-01-15,4.633333333333334,9.78,-0.7666666666666667,2.4,1.2733333333333334,0.0,71.53333333333333,15,2019-01-15
2019-01-15,関東,NB-1,5.0,42120.0,1,2,2019-01-15,4.199999999999999,9.466666666666669,-0.6666666666666666,0.1666666666666666,2.7555555555555555,0.0,72.0,9,2019-01-15
2019-01-16,関東,NB-1,2.0,16380.0,1,2,2019-01-16,5.9,10.988888888888887,1.2111111111111112,0.0,7.422222222222222,0.0,52.888888888888886,9,2019-01-16
2019-01-17,中部,NB-1,1.0,8190.0,1,1,2019-01-17,4.02,9.246666666666666,-0.9933333333333332,3.733333333333333,5.366666666666666,0.3636363636363636,65.2,15,2019-01-17
2019-01-17,近畿,NB-1,1.0,6890.0,1,1,2019-01-17,5.875,10.1375,1.5375,0.875,5.1,0.0,63.25,8,2019-01-17
2019-01-17,関東,NB-1,1.0,8190.0,1,1,2019-01-17,5.866666666666666,12.211111111111112,0.0666666666666666,0.0,9.088888888888889,0.0,48.11111111111112,9,2019-01-17
2019-01-18,近畿,NB-1,1.0,8190.0,1,1,2019-01-18,5.5875,8.525,2.95,0.4375,3.175,0.0,70.625,8,2019-01-18
2019-01-18,関東,NB-1,4.0,33020.0,1,2,2019-01-18,4.977777777777778,9.411111111111111,1.3444444444444443,0.0,9.5,0.0,38.22222222222222,9,2019-01-18
2019-01-21,中部,NB-1,3.0,24050.0,1,2,2019-01-21,3.54,7.546666666666667,0.0199999999999999,3.566666666666667,5.12,2.090909090909091,64.13333333333334,15,2019-01-21
2019-01-21,九州沖縄,NB-1,1.0,8190.0,1,1,2019-01-21,8.6875,12.6625,5.725,0.0,7.7,0.0,56.875,8,2019-01-21
2019-01-21,近畿,NB-1,3.0,24219.0,1,2,2019-01-21,5.8125,9.2,3.05,1.4375,4.0875,0.0,67.125,8,2019-01-21
2019-01-21,関東,NB-1,1.0,9750.0,1,1,2019-01-21,4.800000000000001,9.766666666666667,0.4888888888888889,0.0,9.377777777777778,0.0,41.0,9,2019-01-21
2019-01-22,関東,NB-1,2.0,15080.0,1,1,2019-01-22,3.955555555555556,10.244444444444444,-1.2777777777777777,0.0,8.411111111111111,0.0,51.22222222222222,9,2019-01-22
2019-01-23,中部,NB-1,2.0,15600.0,1,1,2019-01-23,4.1066666666666665,9.826666666666666,-1.3733333333333335,2.933333333333333,5.093333333333334,0.1818181818181818,66.73333333333333,15,2019-01-23
2019-01-23,近畿,NB-1,1.0,8190.0,1,1,2019-01-23,6.6375,12.3375,1.0875,0.125,6.4125,0.0,68.25,8,2019-01-23
2019-01-24,関東,NB-1,1.0,8190.0,1,1,2019-01-24,5.055555555555555,9.566666666666666,1.5666666666666669,0.0,9.0,0.0,41.11111111111112,9,2019-01-24
2019-01-25,九州沖縄,NB-1,1.0,8190.0,1,1,2019-01-25,9.25,15.0375,3.6625,0.0,7.9,0.0,61.0,8,2019-01-25
2019-01-25,四国,NB-1,2.0,16380.0,1,1,2019-01-25,7.050000000000001,12.025,1.5750000000000002,0.0,7.1000000000000005,0.0,57.5,4,2019-01-25
2019-01-25,関東,NB-1,2.0,15080.0,1,1,2019-01-25,4.455555555555556,9.255555555555556,-0.2777777777777778,0.0,5.5,0.0,45.66666666666666,9,2019-01-25
2019-01-28,中国,NB-1,2.0,16029.0,1,2,2019-01-28,5.885714285714285,10.385714285714286,1.6285714285714286,1.2142857142857142,1.085714285714286,0.0,70.14285714285714,7,2019-01-28
2019-01-28,中部,NB-1,1.0,7839.0,1,1,2019-01-28,3.0266666666666664,7.8,-1.686666666666667,4.666666666666667,1.7333333333333334,0.7272727272727273,67.06666666666666,15,2019-01-28
2019-01-28,近畿,NB-1,1.0,8190.0,1,1,2019-01-28,4.825,9.9125,0.5375,1.5,0.6,0.0,75.0,8,2019-01-28
2019-01-28,関東,NB-1,2.0,15730.0,1,2,2019-01-28,5.111111111111111,11.866666666666667,-0.9333333333333332,0.0,5.855555555555556,0.0,50.77777777777778,9,2019-01-28
2019-01-29,九州沖縄,NB-1,1.0,8190.0,1,1,2019-01-29,9.075,14.075,4.3,0.0,8.6375,0.0,62.875,8,2019-01-29
2019-01-29,近畿,NB-1,1.0,8190.0,1,1,2019-01-29,4.6125,7.95,1.6375,0.25,3.1,0.0,63.5,8,2019-01-29
2019-01-29,関東,NB-1,1.0,8190.0,1,1,2019-01-29,5.133333333333334,9.411111111111111,1.0444444444444445,0.0,9.522222222222222,0.0,41.11111111111112,9,2019-01-29
2019-01-30,中部,NB-1,4.0,32500.0,1,2,2019-01-30,3.046666666666667,9.873333333333331,-2.48,0.0,8.653333333333334,0.0,63.53333333333333,15,2019-01-30
2019-01-30,関東,NB-1,1.0,7540.0,1,1,2019-01-30,4.300000000000001,10.355555555555556,-1.4111111111111112,0.0,8.677777777777777,0.0,55.888888888888886,9,2019-01-30
2019-01-31,近畿,NB-1,1.0,8840.0,1,1,2019-01-31,5.05,6.825,3.0375,15.5625,0.0,0.0,82.5,8,2019-01-31
2019-01-31,関東,NB-1,2.0,16380.0,1,1,2019-01-31,4.755555555555556,11.633333333333333,0.0111111111111111,11.055555555555555,1.1777777777777778,0.4444444444444444,69.0,9,2019-01-31
2019-02-01,九州沖縄,NB-1,1.0,8190.0,1,1,2019-02-01,7.725,10.55,5.4125,0.0,4.4875,0.0,57.0,8,2019-02-01
2019-02-04,近畿,NB-1,1.0,8190.0,1,1,2019-02-04,10.025,14.1375,5.6625,1.875,3.075,0.0,75.375,8,2019-02-04
2019-02-04,関東,NB-1,2.0,17589.0,1,2,2019-02-04,11.244444444444444,18.64444444444445,4.966666666666667,0.0,8.533333333333333,0.0,53.55555555555556,9,2019-02-04
2019-02-05,中部,NB-1,5.0,39000.0,1,1,2019-02-05,5.553333333333333,11.193333333333332,1.4733333333333334,0.0,7.586666666666667,0.0,62.46666666666667,15,2019-02-05
2019-02-05,九州沖縄,NB-1,1.0,9750.0,1,1,2019-02-05,10.75,14.975,6.6000000000000005,6.75,2.7625,0.0,74.625,8,2019-02-05
2019-02-05,関東,NB-1,2.0,15730.0,1,2,2019-02-05,6.044444444444444,9.733333333333333,3.644444444444444,0.0,2.1666666666666665,0.0,53.66666666666666,9,2019-02-05
2019-02-06,関東,NB-1,4.0,34320.0,1,2,2019-02-06,6.166666666666667,9.6,3.011111111111111,7.5,0.4888888888888889,0.0,78.66666666666667,9,2019-02-06
2019-02-07,中部,NB-1,1.0,8190.0,1,1,2019-02-07,7.680000000000001,14.646666666666668,1.7333333333333334,1.7333333333333334,4.3,0.0,72.13333333333334,15,2019-02-07
2019-02-07,近畿,NB-1,1.0,8190.0,1,1,2019-02-07,9.3375,13.425,5.1875,0.125,1.275,0.0,82.5,8,2019-02-07
2019-02-08,関東,NB-1,1.0,7540.0,1,1,2019-02-08,4.822222222222222,9.655555555555557,1.3777777777777775,0.0,3.4777777777777774,0.0,43.55555555555556,9,2019-02-08
2019-02-12,関東,NB-1,3.0,24830.0,1,1,2019-02-12,4.755555555555556,10.122222222222222,-0.3444444444444444,0.0,8.011111111111113,0.0,52.44444444444444,9,2019-02-12
2019-02-13,中部,NB-1,2.0,15600.0,1,1,2019-02-13,3.02,7.56,-0.0199999999999999,1.7333333333333334,4.52,1.3636363636363635,69.4,15,2019-02-13
2019-02-13,九州沖縄,NB-1,1.0,8190.0,1,1,2019-02-13,9.9875,14.5375,7.15,4.4375,6.8125,0.0,67.375,8,2019-02-13
2019-02-13,関東,NB-1,1.0,9100.0,1,1,2019-02-13,4.188888888888889,9.1,0.6666666666666665,0.3888888888888889,3.966666666666667,0.0,55.11111111111112,9,2019-02-13
2019-02-14,四国,NB-1,1.0,8190.0,1,1,2019-02-14,6.225,9.2,3.55,0.0,1.45,0.0,55.75,4,2019-02-14
2019-02-14,近畿,NB-1,1.0,8190.0,1,1,2019-02-14,4.175,6.5125,1.925,0.9375,1.7125,0.0,63.375,8,2019-02-14
2019-02-14,関東,NB-1,2.0,18200.0,1,1,2019-02-14,3.433333333333333,7.98888888888889,0.1111111111111111,0.0,7.533333333333333,0.0,42.77777777777778,9,2019-02-14
2019-02-18,中国,NB-1,2.0,15600.0,1,2,2019-02-18,6.128571428571428,12.457142857142856,-0.2428571428571428,0.0,6.700000000000001,0.0,64.57142857142857,7,2019-02-18
2019-02-18,九州沖縄,NB-1,1.0,8190.0,1,1,2019-02-18,9.6,14.2875,4.05,0.5625,4.3125,0.0,67.0,8,2019-02-18
2019-02-18,近畿,NB-1,1.0,7839.0,1,1,2019-02-18,6.0,12.0375,0.3999999999999999,0.0,9.4125,0.0,65.75,8,2019-02-18
2019-02-18,関東,NB-1,3.0,22919.0,1,2,2019-02-18,6.822222222222222,14.055555555555555,-0.7999999999999999,0.0,10.377777777777778,0.0,47.44444444444444,9,2019-02-18
2019-02-19,中部,NB-1,5.0,39780.0,1,2,2019-02-19,7.133333333333334,10.98,3.62,14.5,0.0066666666666666,0.0,79.4,15,2019-02-19
2019-02-19,近畿,NB-1,1.0,8190.0,1,1,2019-02-19,8.975,12.475,5.8,13.3125,0.025,0.0,86.5,8,2019-02-19
2019-02-19,関東,NB-1,2.0,15730.0,1,1,2019-02-19,8.344444444444443,12.033333333333337,4.922222222222222,1.6666666666666667,0.0111111111111111,0.0,71.55555555555556,9,2019-02-19
2019-02-20,中部,NB-1,1.0,8190.0,1,1,2019-02-20,10.293333333333331,15.713333333333331,6.046666666666667,1.9666666666666663,4.253333333333333,0.0,77.4,15,2019-02-20
2019-02-20,九州沖縄,NB-1,1.0,7800.0,1,1,2019-02-20,12.9875,16.025,10.025,0.5,5.0125,0.0,70.5,8,2019-02-20
2019-02-20,近畿,NB-1,1.0,8840.0,1,1,2019-02-20,11.575,15.5125,7.8,0.75,2.4,0.0,78.125,8,2019-02-20
2019-02-20,関東,NB-1,1.0,7800.0,1,1,2019-02-20,11.088888888888889,18.577777777777776,4.733333333333333,4.222222222222222,6.4,0.0,77.55555555555556,9,2019-02-20
2019-02-21,中部,NB-1,1.0,8190.0,1,1,2019-02-21,6.553333333333333,10.653333333333334,3.2133333333333334,0.2,5.3,0.0,63.46666666666667,15,2019-02-21
2019-02-21,北海道,NB-1,1.0,6890.0,1,1,2019-02-21,-0.625,2.3375,-3.2875,0.5,5.15,0.625,76.5,8,2019-02-21
2019-02-22,中国,NB-1,2.0,16380.0,1,1,2019-02-22,7.614285714285714,12.157142857142857,2.7857142857142856,0.0,4.485714285714286,0.0,65.71428571428571,7,2019-02-22
2019-02-22,近畿,NB-1,1.0,7540.0,1,1,2019-02-22,7.9875,12.3875,4.1125,0.0,5.0125,0.0,62.125,8,2019-02-22
2019-02-22,関東,NB-1,1.0,8190.0,1,1,2019-02-22,8.244444444444445,13.766666666666666,2.6444444444444444,0.1111111111111111,7.2444444444444445,0.0,60.66666666666666,9,2019-02-22
2019-02-25,東北,NB-1,2.0,16029.0,1,1,2019-02-25,5.45,13.0875,-0.9625,0.1875,4.8125,0.0,65.5,8,2019-02-25
2019-02-25,関東,NB-1,6.0,52429.0,1,2,2019-02-25,10.844444444444443,17.48888888888889,5.222222222222222,0.0555555555555555,4.833333333333333,0.0,62.55555555555556,9,2019-02-25
2019-02-26,九州沖縄,NB-1,1.0,8190.0,1,1,2019-02-26,12.55,17.8875,7.675,0.0,9.5125,0.0,66.625,8,2019-02-26
2019-02-26,近畿,NB-1,2.0,13780.0,1,1,2019-02-26,8.925,13.5625,4.525,0.0,9.9875,0.0,54.625,8,2019-02-26
2019-02-28,東北,NB-1,2.0,16380.0,1,1,2019-02-28,3.1375,7.1375,-0.2624999999999999,1.1875,1.375,0.0,74.25,8,2019-02-28
2019-02-28,関東,NB-1,3.0,23530.0,1,2,2019-02-28,6.966666666666667,8.488888888888889,5.300000000000001,23.05555555555556,0.0,0.0,87.22222222222223,9,2019-02-28
2019-03-01,中部,NB-1,3.0,24570.0,1,1,2019-03-01,8.22,13.693333333333332,4.3133333333333335,0.1333333333333333,6.413333333333333,0.0,69.4,15,2019-03-01
2019-03-01,四国,NB-1,1.0,8190.0,1,1,2019-03-01,10.75,15.85,6.0,0.0,9.925,0.0,61.25,4,2019-03-01
2019-03-01,東北,NB-1,2.0,16380.0,1,1,2019-03-01,4.525,9.975,-0.1374999999999999,0.5,4.4875,0.0,69.125,8,2019-03-01
2019-03-04,中国,NB-1,1.0,8450.0,1,1,2019-03-04,8.757142857142856,11.55714285714286,5.042857142857143,13.357142857142858,1.414285714285714,0.0,84.85714285714286,7,2019-03-04
2019-03-04,中部,NB-1,5.0,39000.0,1,1,2019-03-04,7.586666666666667,10.233333333333333,5.72,14.4,0.3133333333333333,0.4545454545454545,88.46666666666667,15,2019-03-04
2019-03-04,四国,NB-1,1.0,9750.0,1,1,2019-03-04,10.4,14.925,7.6,9.375,2.15,0.0,79.5,4,2019-03-04
2019-03-04,東北,NB-1,1.0,8190.0,1,1,2019-03-04,4.3375,8.325,0.8375,5.25,1.6375,0.0,78.0,8,2019-03-04
2019-03-04,近畿,NB-1,1.0,7839.0,1,1,2019-03-04,9.05,11.0,7.2625,17.25,0.3125,0.0,85.125,8,2019-03-04
2019-03-04,関東,NB-1,8.0,68679.0,1,2,2019-03-04,7.833333333333333,10.166666666666666,5.666666666666667,23.944444444444443,0.0,0.0,93.88888888888889,9,2019-03-04
2019-03-05,中国,NB-1,2.0,15990.0,1,2,2019-03-05,8.871428571428572,15.9,2.271428571428572,0.0,9.014285714285714,0.0,70.57142857142857,7,2019-03-05
2019-03-05,近畿,NB-1,1.0,8190.0,1,1,2019-03-05,9.95,15.2125,5.275,0.0,9.6625,0.0,61.875,8,2019-03-05
2019-03-05,関東,NB-1,3.0,24570.0,1,2,2019-03-05,9.377777777777778,14.633333333333333,4.522222222222222,0.5,9.177777777777775,0.0,67.66666666666667,9,2019-03-05
2019-03-06,中部,NB-1,5.0,39000.0,1,1,2019-03-06,9.94,15.12,5.666666666666667,6.7,1.5933333333333335,0.0,71.06666666666666,15,2019-03-06
2019-03-06,近畿,NB-1,1.0,8840.0,1,1,2019-03-06,10.3375,15.625,7.65,7.5625,0.675,0.0,71.5,8,2019-03-06
2019-03-06,関東,NB-1,2.0,18850.0,1,2,2019-03-06,10.72222222222222,14.244444444444444,7.48888888888889,1.5555555555555556,0.8444444444444444,0.0,76.77777777777777,9,2019-03-06
2019-03-08,四国,NB-1,1.0,9750.0,1,1,2019-03-08,8.325,13.8,3.5,0.0,10.575,0.0,50.0,4,2019-03-08
2019-03-08,関東,NB-1,4.0,31460.0,1,2,2019-03-08,6.555555555555555,11.511111111111113,2.433333333333333,0.0,10.466666666666669,0.0,48.11111111111112,9,2019-03-08
2019-03-11,近畿,NB-1,2.0,17680.0,1,1,2019-03-11,11.2875,15.0125,7.5125,10.1875,2.0125,0.0,78.625,8,2019-03-11
2019-03-11,関東,NB-1,3.0,23478.0,1,3,2019-03-11,11.522222222222222,16.6,8.3,35.166666666666664,3.1666666666666665,0.0,75.22222222222223,9,2019-03-11
2019-03-12,中国,NB-1,2.0,16380.0,1,1,2019-03-12,9.771428571428572,14.971428571428572,5.857142857142857,4.142857142857143,4.5,0.0,71.57142857142857,7,2019-03-12
2019-03-12,中部,NB-1,1.0,8450.0,1,1,2019-03-12,8.473333333333333,14.393333333333334,3.4066666666666667,1.2666666666666666,5.753333333333333,0.0,68.66666666666667,15,2019-03-12
2019-03-12,九州沖縄,NB-1,1.0,8190.0,1,1,2019-03-12,13.275,17.175,9.9625,1.0625,8.95,0.0,56.125,8,2019-03-12
2019-03-12,四国,NB-1,1.0,8190.0,1,1,2019-03-12,11.55,16.375,6.775,0.375,7.775,0.0,58.5,4,2019-03-12
2019-03-12,近畿,NB-1,2.0,16380.0,1,2,2019-03-12,9.6,15.0125,5.1,0.75,4.8625,0.0,75.125,8,2019-03-12
2019-03-12,関東,NB-1,3.0,26130.0,1,3,2019-03-12,11.411111111111111,17.144444444444446,5.766666666666668,0.0555555555555555,10.133333333333333,0.0,54.333333333333336,9,2019-03-12
2019-03-13,中部,NB-1,3.0,23400.0,1,1,2019-03-13,6.2,11.733333333333333,1.846666666666667,3.533333333333333,5.613333333333333,0.4545454545454545,63.13333333333333,15,2019-03-13
2019-03-13,関東,NB-1,1.0,8190.0,1,1,2019-03-13,10.244444444444444,17.544444444444444,4.633333333333334,0.0,9.744444444444444,0.0,51.55555555555556,9,2019-03-13
2019-03-14,中国,NB-1,1.0,7800.0,1,1,2019-03-14,6.9,12.171428571428573,2.0142857142857142,0.1428571428571428,6.1000000000000005,0.0,57.85714285714285,7,2019-03-14
2019-03-14,近畿,NB-1,1.0,8840.0,1,1,2019-03-14,5.925,10.5125,2.5625,1.25,3.8375,0.0,65.875,8,2019-03-14
2019-03-15,関東,NB-1,3.0,23270.0,1,2,2019-03-15,8.411111111111111,14.033333333333331,1.9666666666666663,0.4444444444444444,9.533333333333331,0.0,50.77777777777778,9,2019-03-15
2019-03-18,近畿,NB-1,4.0,33358.0,1,2,2019-03-18,7.9375,14.4875,1.4625,0.0,9.75,0.0,60.0,8,2019-03-18
2019-03-18,関東,NB-1,8.0,66469.0,1,2,2019-03-18,8.711111111111112,14.166666666666666,2.9000000000000004,0.0,10.61111111111111,0.0,49.888888888888886,9,2019-03-18
2019-03-19,中部,NB-1,1.0,8190.0,1,1,2019-03-19,9.953333333333337,15.753333333333334,5.013333333333334,0.5666666666666667,3.633333333333333,0.0,59.6,15,2019-03-19
2019-03-19,九州沖縄,NB-1,2.0,16380.0,1,1,2019-03-19,13.525,17.7125,10.05,15.375,5.575,0.0,75.0,8,2019-03-19
2019-03-19,北海道,NB-1,1.0,6890.0,1,1,2019-03-19,6.025,11.1375,1.2625,0.0,7.575,0.0,68.75,8,2019-03-19
2019-03-19,東北,NB-1,1.0,8190.0,1,1,2019-03-19,7.725,15.7125,0.8375,0.0,7.9875,0.0,61.875,8,2019-03-19
2019-03-20,中部,NB-1,3.0,23400.0,1,1,2019-03-20,12.12,20.35333333333333,3.653333333333333,0.0,9.873333333333331,0.0,55.6,15,2019-03-20
2019-03-20,関東,NB-1,3.0,27300.0,1,1,2019-03-20,13.7,20.566666666666663,6.644444444444445,0.0,10.844444444444443,0.0,49.888888888888886,9,2019-03-20
2019-03-22,中国,NB-1,3.0,24700.0,1,1,2019-03-22,10.985714285714286,15.414285714285716,6.3,0.0,2.628571428571429,0.0,61.142857142857146,7,2019-03-22
2019-03-22,近畿,NB-1,1.0,7540.0,1,1,2019-03-22,11.1875,16.5375,6.75,0.625,1.2375,0.0,64.875,8,2019-03-22
2019-03-25,中国,NB-1,1.0,7839.0,1,1,2019-03-25,8.914285714285715,13.271428571428572,3.4,0.0,2.071428571428572,0.0,66.71428571428571,7,2019-03-25
2019-03-25,中部,NB-1,3.0,27690.0,1,2,2019-03-25,8.52,15.04,1.1133333333333333,0.0,7.093333333333334,0.0,51.73333333333333,15,2019-03-25
2019-03-25,九州沖縄,NB-1,2.0,16380.0,1,1,2019-03-25,10.55,14.0875,6.8375,5.625,0.525,0.0,70.875,8,2019-03-25
2019-03-25,四国,NB-1,1.0,8190.0,1,1,2019-03-25,9.375,13.475,4.125,0.125,3.55,0.0,61.75,4,2019-03-25
2019-03-25,東北,NB-1,1.0,8190.0,1,1,2019-03-25,6.0375,12.725,-1.4,1.5,5.6625,0.125,63.375,8,2019-03-25
2019-03-25,近畿,NB-1,2.0,15678.0,1,2,2019-03-25,8.8875,14.1375,2.75,0.0,4.7625,0.0,60.875,8,2019-03-25
2019-03-25,関東,NB-1,4.0,31460.0,1,2,2019-03-25,9.18888888888889,14.944444444444445,2.511111111111111,0.0,7.888888888888889,0.0,52.888888888888886,9,2019-03-25
2019-03-26,関東,NB-1,2.0,15730.0,1,2,2019-03-26,11.1,15.933333333333334,6.9,0.6666666666666666,5.355555555555556,0.0,59.333333333333336,9,2019-03-26
2019-03-27,中部,NB-1,3.0,23400.0,1,1,2019-03-27,11.706666666666669,18.473333333333336,3.74,0.6333333333333333,8.4,0.0,47.13333333333333,15,2019-03-27
2019-03-27,北海道,NB-1,1.0,6890.0,1,1,2019-03-27,1.05,4.025,-1.525,1.625,6.2375,1.25,62.375,8,2019-03-27
2019-03-27,東北,NB-1,1.0,8190.0,1,1,2019-03-27,6.225,10.5375,2.4,6.1875,4.675,0.875,56.75,8,2019-03-27
2019-03-27,近畿,NB-1,1.0,8840.0,1,1,2019-03-27,13.35,19.025,6.05,0.0,10.2875,0.0,54.5,8,2019-03-27
2019-03-27,関東,NB-1,3.0,24180.0,1,2,2019-03-27,13.81111111111111,20.12222222222222,6.288888888888889,0.0,10.744444444444444,0.0,36.22222222222222,9,2019-03-27
2019-03-28,近畿,NB-1,1.0,8190.0,1,1,2019-03-28,12.1625,16.375,7.15,0.375,3.275,0.0,61.625,8,2019-03-28
2019-03-28,関東,NB-1,6.0,53040.0,1,2,2019-03-28,12.066666666666666,16.633333333333333,6.9,0.0,5.022222222222222,0.0,46.55555555555556,9,2019-03-28
2019-03-29,中部,NB-1,1.0,8190.0,1,1,2019-03-29,7.78,13.386666666666668,3.2,0.0,5.906666666666666,0.0,55.73333333333333,15,2019-03-29
2019-03-29,近畿,NB-1,2.0,16380.0,1,1,2019-03-29,10.65,16.3,5.8875,0.0,8.225,0.0,54.375,8,2019-03-29
2019-04-01,中国,NB-1,4.0,31980.0,1,2,2019-04-01,6.757142857142857,11.042857142857144,3.314285714285714,3.4285714285714284,4.557142857142858,0.0,64.57142857142857,7,2019-04-01
2019-04-01,四国,NB-1,1.0,8190.0,1,1,2019-04-01,8.35,12.4,5.1,0.375,6.725,0.0,56.5,4,2019-04-01
2019-04-01,近畿,NB-1,1.0,8190.0,1,1,2019-04-01,6.875,11.4,4.0625,3.3125,4.9875,0.0,70.75,8,2019-04-01
2019-04-01,関東,NB-1,5.0,40560.0,1,2,2019-04-01,7.888888888888889,14.255555555555556,3.177777777777778,3.5,6.522222222222222,0.0,59.44444444444444,9,2019-04-01
2019-04-02,中部,NB-1,3.0,24570.0,1,1,2019-04-02,4.486666666666666,9.566666666666666,0.7933333333333333,2.7666666666666666,6.526666666666667,0.2727272727272727,64.06666666666666,15,2019-04-02
2019-04-02,九州沖縄,NB-1,1.0,8190.0,1,1,2019-04-02,11.8625,17.275,6.7,0.0,10.0125,0.0,51.125,8,2019-04-02
2019-04-02,近畿,NB-1,2.0,15730.0,1,2,2019-04-02,6.125,11.2625,2.35,1.375,6.05,0.0,67.375,8,2019-04-02
2019-04-02,関東,NB-1,1.0,8190.0,1,1,2019-04-02,6.666666666666667,12.855555555555556,2.2777777777777777,0.3333333333333333,9.211111111111112,0.0,52.55555555555556,9,2019-04-02
2019-04-03,中国,NB-1,1.0,8450.0,1,1,2019-04-03,8.085714285714285,14.471428571428572,2.157142857142857,0.4285714285714285,10.414285714285716,0.0,58.57142857142857,7,2019-04-03
2019-04-03,近畿,NB-1,2.0,16380.0,1,2,2019-04-03,7.0125,12.575,2.3375,0.375,8.625,0.0,59.375,8,2019-04-03
2019-04-03,関東,NB-1,2.0,16380.0,1,2,2019-04-03,6.822222222222222,12.77777777777778,1.4333333333333331,0.0,10.644444444444444,0.0,43.0,9,2019-04-03
2019-04-04,中部,NB-1,5.0,39390.0,1,1,2019-04-04,8.533333333333333,15.806666666666668,0.7200000000000001,1.1,10.433333333333334,0.0,50.86666666666667,15,2019-04-04
2019-04-04,関東,NB-1,1.0,8190.0,1,1,2019-04-04,9.955555555555556,17.166666666666668,1.8333333333333333,0.0,11.622222222222222,0.0,44.44444444444444,9,2019-04-04
2019-04-05,中国,NB-1,1.0,7800.0,1,1,2019-04-05,13.742857142857144,19.285714285714285,8.171428571428573,0.0,8.257142857142856,0.0,54.57142857142857,7,2019-04-05
2019-04-05,近畿,NB-1,2.0,15730.0,1,2,2019-04-05,13.4375,20.075,6.5375,0.0,10.4125,0.0,52.0,8,2019-04-05
2019-04-08,中部,NB-1,2.0,15990.0,1,2,2019-04-08,11.42,17.313333333333333,7.319999999999999,1.9,5.8,0.0,61.4,15,2019-04-08
2019-04-08,近畿,NB-1,2.0,16380.0,1,2,2019-04-08,13.7125,19.2875,9.8125,8.8125,9.0875,0.0,63.25,8,2019-04-08
2019-04-08,関東,NB-1,8.0,65689.0,1,3,2019-04-08,9.166666666666666,13.066666666666666,5.488888888888889,7.333333333333333,0.5777777777777778,0.0,71.11111111111111,9,2019-04-08
2019-04-09,中国,NB-1,2.0,16380.0,1,2,2019-04-09,11.6,16.642857142857142,5.257142857142857,0.3571428571428571,9.142857142857142,0.0,48.85714285714285,7,2019-04-09
2019-04-09,中部,NB-1,3.0,23400.0,1,1,2019-04-09,9.646666666666668,15.073333333333332,4.746666666666667,0.3333333333333333,10.193333333333332,0.0,48.93333333333333,15,2019-04-09
2019-04-09,北海道,NB-1,1.0,8190.0,1,1,2019-04-09,3.7875,7.6875,0.3875,0.0625,5.825,0.0,68.875,8,2019-04-09
2019-04-09,近畿,NB-1,1.0,6890.0,1,1,2019-04-09,11.4125,16.075,7.0125,0.0,10.775,0.0,46.5,8,2019-04-09
2019-04-09,関東,NB-1,8.0,70980.0,1,2,2019-04-09,9.622222222222222,15.622222222222222,3.966666666666667,0.0,10.255555555555556,0.0,49.888888888888886,9,2019-04-09
2019-04-10,中部,NB-1,2.0,16380.0,1,1,2019-04-10,6.286666666666666,9.1,4.166666666666667,30.33333333333333,0.0,1.4545454545454546,87.06666666666666,15,2019-04-10
2019-04-10,北海道,NB-1,1.0,8190.0,1,1,2019-04-10,4.0875,9.2375,-0.1124999999999999,0.0,9.4875,0.0,64.375,8,2019-04-10
2019-04-10,関東,NB-1,11.0,90480.0,1,2,2019-04-10,5.188888888888889,8.755555555555555,2.955555555555556,23.55555555555556,0.0,0.3333333333333333,85.66666666666667,9,2019-04-10
2019-04-11,九州沖縄,NB-1,1.0,8190.0,1,1,2019-04-11,13.9375,16.725,11.55,0.1875,1.7374999999999998,0.0,65.625,8,2019-04-11
2019-04-12,中部,NB-1,1.0,8190.0,1,1,2019-04-12,8.2,13.333333333333334,4.033333333333333,0.3,5.14,0.0,59.73333333333333,15,2019-04-12
2019-04-12,九州沖縄,NB-1,1.0,8190.0,1,1,2019-04-12,14.6,19.1,11.25,0.25,9.2125,0.0,62.875,8,2019-04-12
2019-04-12,関東,NB-1,4.0,34580.0,1,2,2019-04-12,8.755555555555555,12.3,5.155555555555556,0.0,2.3222222222222224,0.0,53.0,9,2019-04-12
2019-04-15,中国,NB-1,1.0,7839.0,1,1,2019-04-15,12.657142857142857,18.32857142857143,7.457142857142857,0.0714285714285714,10.671428571428573,0.0,59.42857142857143,7,2019-04-15
2019-04-15,中部,NB-1,7.0,55029.0,1,2,2019-04-15,11.946666666666664,16.62666666666667,6.846666666666667,3.2666666666666666,9.246666666666666,0.0,55.333333333333336,15,2019-04-15
2019-04-15,九州沖縄,NB-1,1.0,8190.0,1,1,2019-04-15,15.475,20.6,10.85,0.0,10.5125,0.0,65.125,8,2019-04-15
2019-04-15,近畿,NB-1,1.0,7839.0,1,1,2019-04-15,12.925,17.625,8.2375,0.375,9.7125,0.0,58.125,8,2019-04-15
2019-04-15,関東,NB-1,8.0,62920.0,1,2,2019-04-15,15.02222222222222,21.066666666666663,10.18888888888889,9.944444444444445,9.144444444444444,0.0,54.66666666666666,9,2019-04-15
2019-04-16,中国,NB-1,1.0,8190.0,1,1,2019-04-16,13.471428571428572,21.457142857142856,5.1000000000000005,0.0,11.071428571428571,0.0,53.285714285714285,7,2019-04-16
2019-04-16,中部,NB-1,3.0,23400.0,1,1,2019-04-16,11.773333333333332,19.686666666666667,3.72,0.0,11.913333333333332,0.0,49.73333333333333,15,2019-04-16
2019-04-16,九州沖縄,NB-1,1.0,8190.0,1,1,2019-04-16,16.4875,22.325,10.3625,2.6875,7.675,0.0,61.875,8,2019-04-16
2019-04-16,近畿,NB-1,1.0,7540.0,1,1,2019-04-16,13.1875,20.8875,5.5125,0.0,11.6875,0.0,50.875,8,2019-04-16
2019-04-17,中部,NB-1,2.0,16380.0,1,2,2019-04-17,13.433333333333334,18.58,8.046666666666667,2.833333333333333,3.3399999999999994,0.0,63.46666666666667,15,2019-04-17
2019-04-17,九州沖縄,NB-1,1.0,8190.0,1,1,2019-04-17,18.0875,21.925,14.7875,0.25,4.4,0.0,65.5,8,2019-04-17
2019-04-17,北海道,NB-1,1.0,6890.0,1,1,2019-04-17,12.5625,19.55,5.0,0.0,12.1625,0.0,48.875,8,2019-04-17
2019-04-17,近畿,NB-1,2.0,14430.0,1,2,2019-04-17,15.0,21.5125,10.375,0.6875,4.0125,0.0,61.75,8,2019-04-17
2019-04-17,関東,NB-1,6.0,47450.0,1,1,2019-04-17,14.733333333333333,19.266666666666666,9.866666666666667,0.0,2.4000000000000004,0.0,62.888888888888886,9,2019-04-17
2019-04-18,中部,NB-1,1.0,8190.0,1,1,2019-04-18,15.606666666666666,22.49333333333333,8.68,0.0,10.76,0.0,59.13333333333333,15,2019-04-18
2019-04-18,九州沖縄,NB-1,1.0,8190.0,1,1,2019-04-18,17.9625,23.4125,12.15,0.0,11.1,0.0,70.375,8,2019-04-18
2019-04-18,東北,NB-1,2.0,16380.0,1,1,2019-04-18,14.675,21.95,7.5375,0.0,10.4875,0.0,53.875,8,2019-04-18
2019-04-19,中国,NB-1,1.0,8450.0,1,1,2019-04-19,14.928571428571429,19.75714285714286,10.314285714285717,0.2142857142857142,2.257142857142857,0.0,73.0,7,2019-04-19
2019-04-22,中国,NB-1,2.0,16900.0,1,1,2019-04-22,19.1,24.9,14.214285714285714,0.0,10.2,0.0,63.85714285714285,7,2019-04-22
2019-04-22,中部,NB-1,2.0,16380.0,1,1,2019-04-22,17.013333333333332,23.32,12.26,0.0333333333333333,9.366666666666667,0.0,66.73333333333333,15,2019-04-22
2019-04-22,九州沖縄,NB-1,3.0,23478.0,1,2,2019-04-22,21.075,26.6875,16.825,0.0,6.5,0.0,68.75,8,2019-04-22
2019-04-22,北海道,NB-1,1.0,6890.0,1,1,2019-04-22,8.5875,13.7,4.5375,0.0,9.575,0.0,60.625,8,2019-04-22
2019-04-22,近畿,NB-1,4.0,32708.0,1,3,2019-04-22,19.275,25.0875,14.4125,0.0,9.1375,0.0,63.125,8,2019-04-22
2019-04-22,関東,NB-1,13.0,108316.0,1,4,2019-04-22,18.477777777777774,25.27777777777778,13.855555555555556,0.3333333333333333,8.766666666666667,0.0,66.77777777777777,9,2019-04-22
2019-04-23,中国,NB-1,3.0,25350.0,1,1,2019-04-23,18.742857142857144,25.585714285714285,13.242857142857144,3.071428571428572,3.571428571428572,0.0,68.42857142857143,7,2019-04-23
2019-04-23,中部,NB-1,4.0,35490.0,1,2,2019-04-23,17.66,23.99333333333333,11.34,0.3666666666666666,7.86,0.0,62.266666666666666,15,2019-04-23
2019-04-23,関東,NB-1,6.0,53040.0,1,2,2019-04-23,18.311111111111117,23.355555555555554,14.466666666666663,0.0,9.133333333333333,0.0,59.66666666666666,9,2019-04-23
2019-04-24,中国,NB-1,1.0,8190.0,1,1,2019-04-24,18.9,21.542857142857144,16.728571428571428,16.071428571428573,0.0,0.0,86.85714285714286,7,2019-04-24
2019-04-24,中部,NB-1,7.0,54639.0,1,1,2019-04-24,17.793333333333333,20.113333333333333,15.726666666666668,19.966666666666665,0.0599999999999999,0.0,79.4,15,2019-04-24
2019-04-24,関東,NB-1,13.0,115180.0,1,3,2019-04-24,18.1,20.266666666666666,16.288888888888888,1.9444444444444444,0.0444444444444444,0.0,83.22222222222223,9,2019-04-24
2019-04-25,近畿,NB-1,1.0,8840.0,1,1,2019-04-25,19.2125,22.8375,16.725,0.625,0.875,0.0,84.75,8,2019-04-25
2019-04-25,関東,NB-1,1.0,7540.0,1,1,2019-04-25,20.133333333333333,24.866666666666667,16.288888888888888,3.7222222222222223,3.822222222222222,0.0,86.0,9,2019-04-25
2019-04-26,中国,NB-1,1.0,8450.0,1,1,2019-04-26,15.928571428571429,19.97142857142857,11.185714285714283,6.714285714285714,1.4142857142857144,0.0,80.0,7,2019-04-26
2019-04-26,東北,NB-1,1.0,8190.0,1,1,2019-04-26,7.4875,11.6625,4.9625,12.625,0.0875,0.0,87.75,8,2019-04-26
2019-04-26,近畿,NB-1,1.0,8190.0,1,1,2019-04-26,16.8,21.9375,12.2125,3.8125,2.3125,0.0,79.875,8,2019-04-26
2019-05-01,中国,NB-1,1.0,8190.0,1,1,2019-05-01,16.47142857142857,19.3,14.514285714285714,0.2857142857142857,0.1999999999999999,0.0,84.42857142857143,7,2019-05-01
2019-05-01,近畿,NB-1,5.0,42250.0,1,2,2019-05-01,16.05,17.8,14.7,6.875,0.0,0.0,90.75,8,2019-05-01
2019-05-01,関東,NB-1,4.0,32058.0,1,2,2019-05-01,17.22222222222222,22.72222222222222,14.144444444444444,17.27777777777778,1.933333333333333,0.0,89.22222222222223,9,2019-05-01
2019-05-02,四国,NB-1,1.0,8190.0,1,1,2019-05-02,18.75,24.4,14.225,0.0,12.125,0.0,68.0,4,2019-05-02
2019-05-07,中部,NB-1,2.0,19500.0,1,2,2019-05-07,12.773333333333332,17.853333333333335,8.006666666666666,0.0,11.013333333333332,0.0,51.333333333333336,15,2019-05-07
2019-05-07,九州沖縄,NB-1,1.0,7839.0,1,1,2019-05-07,18.1375,22.675,14.2125,0.4375,10.85,0.0,47.875,8,2019-05-07
2019-05-07,近畿,NB-1,1.0,8840.0,1,1,2019-05-07,13.6625,18.9,9.1125,0.0625,12.95,0.0,47.625,8,2019-05-07
2019-05-07,関東,NB-1,3.0,24219.0,1,2,2019-05-07,14.2,18.666666666666668,9.244444444444444,0.3333333333333333,5.477777777777778,0.0,55.0,9,2019-05-07
2019-05-08,中部,NB-1,1.0,8190.0,1,1,2019-05-08,14.293333333333331,21.87333333333333,5.586666666666667,0.0,12.586666666666668,0.0,43.333333333333336,15,2019-05-08
2019-05-08,東北,NB-1,1.0,8190.0,1,1,2019-05-08,14.5375,20.8625,7.375,0.0625,11.475,0.0,49.75,8,2019-05-08
2019-05-08,近畿,NB-1,2.0,16380.0,1,1,2019-05-08,14.9125,22.7,6.8875,0.0,11.7125,0.0,42.125,8,2019-05-08
2019-05-08,関東,NB-1,3.0,24570.0,1,3,2019-05-08,15.666666666666666,22.75555555555556,6.544444444444445,0.0,13.133333333333333,0.0,46.333333333333336,9,2019-05-08
2019-05-09,中部,NB-1,9.0,70200.0,1,1,2019-05-09,16.653333333333332,22.44,11.166666666666666,0.0,5.486666666666666,0.0,47.46666666666667,15,2019-05-09
2019-05-09,東北,NB-1,3.0,24570.0,1,1,2019-05-09,16.3125,22.9,9.325,0.0,7.3875,0.0,47.5,8,2019-05-09
2019-05-09,関東,NB-1,4.0,34320.0,1,2,2019-05-09,18.03333333333333,22.922222222222224,13.422222222222222,0.0,4.822222222222222,0.0,54.888888888888886,9,2019-05-09
2019-05-10,近畿,NB-1,1.0,8190.0,1,1,2019-05-10,18.9,26.0125,12.2,0.0,11.8625,0.0,60.0,8,2019-05-10
2019-05-10,関東,NB-1,2.0,15080.0,1,1,2019-05-10,19.933333333333334,26.922222222222224,12.411111111111111,0.0,11.72222222222222,0.0,49.333333333333336,9,2019-05-10
2019-05-13,中国,NB-1,1.0,7800.0,1,1,2019-05-13,19.985714285714288,26.75714285714286,13.042857142857144,0.0,11.514285714285714,0.0,61.85714285714285,7,2019-05-13
2019-05-13,九州沖縄,NB-1,1.0,7839.0,1,1,2019-05-13,22.2625,27.6,17.5875,0.0,6.6,0.0,69.75,8,2019-05-13
2019-05-13,四国,NB-1,1.0,8190.0,1,1,2019-05-13,20.575,26.35,14.75,0.0,11.25,0.0,62.0,4,2019-05-13
2019-05-13,東北,NB-1,1.0,8190.0,1,1,2019-05-13,13.375,21.275,5.8125,0.0,12.8125,0.0,63.0,8,2019-05-13
2019-05-13,関東,NB-1,7.0,55328.0,1,4,2019-05-13,17.355555555555554,22.64444444444445,13.044444444444444,0.2222222222222222,7.177777777777779,0.0,65.77777777777777,9,2019-05-13
2019-05-14,中部,NB-1,5.0,39390.0,1,2,2019-05-14,16.64,21.426666666666662,13.993333333333334,13.133333333333333,0.94,0.0,81.66666666666667,15,2019-05-14
2019-05-14,北海道,NB-1,5.0,37050.0,1,1,2019-05-14,12.4,19.3125,5.2875,0.0,13.5125,0.0,61.875,8,2019-05-14
2019-05-14,関東,NB-1,2.0,15730.0,1,2,2019-05-14,17.799999999999997,20.577777777777776,15.688888888888888,2.888888888888889,0.0555555555555555,0.0,79.66666666666667,9,2019-05-14
2019-05-15,中国,NB-1,1.0,8190.0,1,1,2019-05-15,20.057142857142857,26.485714285714288,13.985714285714286,0.0,11.62857142857143,0.0,64.28571428571429,7,2019-05-15
2019-05-15,関東,NB-1,1.0,7540.0,1,1,2019-05-15,18.433333333333334,23.355555555555554,15.011111111111113,0.3888888888888889,5.255555555555556,0.0,73.22222222222223,9,2019-05-15
2019-05-16,中部,NB-1,1.0,7800.0,1,1,2019-05-16,19.326666666666664,25.07333333333333,14.166666666666666,0.1,10.386666666666668,0.0,66.0,15,2019-05-16
2019-05-16,近畿,NB-1,2.0,16380.0,1,2,2019-05-16,21.0375,26.9375,15.775,0.0,10.5375,0.0,63.5,8,2019-05-16
2019-05-16,関東,NB-1,3.0,24570.0,1,2,2019-05-16,19.4,24.9,14.5,0.0,9.833333333333334,0.0,68.33333333333333,9,2019-05-16
2019-05-17,九州沖縄,NB-1,1.0,7800.0,1,1,2019-05-17,23.4,28.2,19.225,1.125,7.4875,0.0,61.875,8,2019-05-17
2019-05-20,九州沖縄,NB-1,1.0,8190.0,1,1,2019-05-20,21.85,26.5375,17.9625,35.375,1.2375,0.0,86.25,8,2019-05-20
2019-05-20,近畿,NB-1,2.0,18200.0,1,1,2019-05-20,21.275,25.0,18.7875,9.5625,1.2125,0.0,67.0,8,2019-05-20
2019-05-20,関東,NB-1,4.0,30459.0,1,2,2019-05-20,19.98888888888889,25.211111111111112,16.055555555555557,0.6666666666666666,4.311111111111111,0.0,70.55555555555556,9,2019-05-20
2019-05-21,中国,NB-1,2.0,16380.0,1,1,2019-05-21,18.785714285714285,23.857142857142858,13.785714285714286,0.5714285714285714,11.028571428571428,0.0,61.285714285714285,7,2019-05-21
2019-05-21,中部,NB-1,1.0,8190.0,1,1,2019-05-21,18.24,23.346666666666668,14.206666666666669,70.1,5.086666666666667,0.0,76.33333333333333,15,2019-05-21
2019-05-21,近畿,NB-1,4.0,33410.0,1,3,2019-05-21,19.8125,24.8125,15.4875,39.375,8.0,0.0,65.0,8,2019-05-21
2019-05-21,関東,NB-1,2.0,16029.0,1,2,2019-05-21,18.98888888888889,21.433333333333334,15.933333333333334,67.66666666666667,0.4,0.0,91.66666666666669,9,2019-05-21
2019-05-22,近畿,NB-1,1.0,6890.0,1,1,2019-05-22,19.4625,26.45,12.45,0.0,12.975,0.0,47.75,8,2019-05-22
2019-05-22,関東,NB-1,5.0,40820.0,1,2,2019-05-22,18.73333333333333,23.83333333333333,14.466666666666663,0.0555555555555555,8.988888888888889,0.0,63.11111111111112,9,2019-05-22
2019-05-23,中部,NB-1,3.0,23400.0,1,1,2019-05-23,19.626666666666665,27.16,12.2,0.0,12.906666666666666,0.0,48.8,15,2019-05-23
2019-05-24,中部,NB-1,2.0,16900.0,1,1,2019-05-24,20.773333333333333,28.16,13.26,0.0,12.94,0.0,49.73333333333333,15,2019-05-24
2019-05-24,北海道,NB-1,1.0,6890.0,1,1,2019-05-24,14.7,20.3375,9.7375,0.0625,13.1625,0.0,69.125,8,2019-05-24
2019-05-24,関東,NB-1,2.0,18200.0,1,1,2019-05-24,21.977777777777774,29.811111111111117,14.58888888888889,0.0,13.088888888888889,0.0,51.0,9,2019-05-24
2019-05-27,中国,NB-1,2.0,16380.0,1,1,2019-05-27,22.185714285714287,27.414285714285715,17.32857142857143,2.5,1.6428571428571428,0.0,60.85714285714285,7,2019-05-27
2019-05-27,中部,NB-1,2.0,16380.0,1,1,2019-05-27,24.226666666666667,31.41333333333333,17.426666666666666,0.0,10.246666666666666,0.0,55.266666666666666,15,2019-05-27
2019-05-27,九州沖縄,NB-1,1.0,7839.0,1,1,2019-05-27,23.4,26.4,21.0375,5.8125,0.375,0.0,70.25,8,2019-05-27
2019-05-27,近畿,NB-1,1.0,7839.0,1,1,2019-05-27,24.3625,31.2875,19.4375,0.0,6.5125,0.0,55.0,8,2019-05-27
2019-05-27,関東,NB-1,7.0,54977.0,1,4,2019-05-27,25.577777777777776,32.43333333333333,18.933333333333334,0.0,12.322222222222225,0.0,56.888888888888886,9,2019-05-27
2019-05-28,中部,NB-1,1.0,8190.0,1,1,2019-05-28,20.126666666666665,23.98,16.693333333333335,16.3,0.2066666666666666,0.0,73.66666666666667,15,2019-05-28
2019-05-28,北海道,NB-1,1.0,8190.0,1,1,2019-05-28,16.4,21.0625,11.85,0.3125,2.3,0.0,73.625,8,2019-05-28
2019-05-28,四国,NB-1,1.0,8190.0,1,1,2019-05-28,21.175,24.1,18.8,17.75,0.15,0.0,86.5,4,2019-05-28
2019-05-28,東北,NB-1,2.0,16380.0,1,2,2019-05-28,20.975,25.75,17.0,0.8125,0.6,0.0,70.625,8,2019-05-28
2019-05-28,近畿,NB-1,2.0,15080.0,1,1,2019-05-28,20.4,23.3125,17.35,24.25,0.0,0.0,86.125,8,2019-05-28
2019-05-28,関東,NB-1,2.0,15080.0,1,1,2019-05-28,23.244444444444444,27.53333333333333,19.744444444444444,0.7777777777777778,1.1333333333333333,0.0,63.22222222222222,9,2019-05-28
2019-05-29,北海道,NB-1,3.0,20670.0,1,1,2019-05-29,13.4,16.875,10.5,14.5625,3.3625,0.0,80.125,8,2019-05-29
2019-05-30,中部,NB-1,3.0,23400.0,1,1,2019-05-30,19.086666666666662,26.14,10.96,0.0,12.4,0.0,52.0,15,2019-05-30
2019-05-30,近畿,NB-1,1.0,8190.0,1,1,2019-05-30,20.6125,27.875,12.575,0.0,12.7125,0.0,49.125,8,2019-05-30
2019-05-30,関東,NB-1,5.0,45500.0,1,1,2019-05-30,20.422222222222224,26.14444444444445,14.544444444444444,0.0,12.72222222222222,0.0,56.0,9,2019-05-30
2019-05-31,九州沖縄,NB-1,1.0,8190.0,1,1,2019-05-31,20.95,24.2125,18.8625,2.875,0.4875,0.0,74.0,8,2019-05-31
2019-05-31,近畿,NB-1,1.0,9750.0,1,1,2019-05-31,20.5125,23.9875,18.1625,0.375,0.1375,0.0,65.75,8,2019-05-31
2019-05-31,関東,NB-1,1.0,7540.0,1,1,2019-05-31,20.8,24.25555555555556,17.8,0.1111111111111111,1.2111111111111112,0.0,71.77777777777777,9,2019-05-31
2019-06-03,中国,NB-1,2.0,15990.0,1,2,2019-06-03,22.75714285714286,28.642857142857142,17.057142857142857,0.0,11.828571428571427,0.0,67.42857142857143,7,2019-06-03
2019-06-03,東北,NB-1,1.0,7839.0,1,1,2019-06-03,21.0,27.775,15.0875,0.0,11.125,0.0,66.5,8,2019-06-03
2019-06-03,近畿,NB-1,2.0,16679.0,1,1,2019-06-03,23.2125,29.0875,18.5625,0.0,10.4375,0.0,66.25,8,2019-06-03
2019-06-03,関東,NB-1,6.0,49400.0,1,3,2019-06-03,22.11111111111111,27.08888888888889,18.544444444444444,0.0,7.899999999999999,0.0,70.88888888888889,9,2019-06-03
2019-06-04,九州沖縄,NB-1,1.0,8190.0,1,1,2019-06-04,24.025,27.5,21.7125,15.5625,1.2125,0.0,84.125,8,2019-06-04
2019-06-04,近畿,NB-1,2.0,17680.0,1,1,2019-06-04,23.8625,29.5,19.6,0.0,7.0,0.0,71.625,8,2019-06-04
2019-06-04,関東,NB-1,2.0,15080.0,1,1,2019-06-04,22.466666666666665,27.91111111111111,17.466666666666665,0.0,8.555555555555555,0.0,71.66666666666667,9,2019-06-04
2019-06-05,中国,NB-1,4.0,32760.0,1,2,2019-06-05,24.25714285714286,29.985714285714288,19.6,0.0,10.757142857142856,0.0,69.28571428571429,7,2019-06-05
2019-06-05,中部,NB-1,6.0,47580.0,1,2,2019-06-05,22.626666666666665,28.066666666666663,19.02,0.0333333333333333,6.173333333333333,0.0,70.6,15,2019-06-05
2019-06-05,北海道,NB-1,1.0,8190.0,1,1,2019-06-05,13.4875,16.0875,11.55,6.875,1.7999999999999998,0.0,91.75,8,2019-06-05
2019-06-05,関東,NB-1,3.0,26130.0,1,3,2019-06-05,22.366666666666667,26.244444444444444,19.155555555555555,0.1111111111111111,2.455555555555556,0.0,74.44444444444444,9,2019-06-05
2019-06-06,中国,NB-1,2.0,16900.0,1,1,2019-06-06,24.557142857142857,31.75714285714286,17.685714285714287,0.6428571428571429,9.87142857142857,0.0,59.71428571428572,7,2019-06-06
2019-06-06,近畿,NB-1,1.0,7540.0,1,1,2019-06-06,24.7375,30.0125,20.05,0.0,10.1625,0.0,60.75,8,2019-06-06
2019-06-06,関東,NB-1,7.0,60580.0,1,2,2019-06-06,24.6,31.244444444444444,18.688888888888886,0.0,11.211111111111112,0.0,66.33333333333333,9,2019-06-06
2019-06-07,中部,NB-1,4.0,31590.0,1,2,2019-06-07,19.28666666666667,21.9,17.34,36.833333333333336,0.0571428571428571,0.0,84.86666666666666,15,2019-06-07
2019-06-07,北海道,NB-1,1.0,6890.0,1,1,2019-06-07,13.3,16.7125,10.9625,0.5,2.275,0.0,87.25,8,2019-06-07
2019-06-07,東北,NB-1,1.0,8190.0,1,1,2019-06-07,17.9,21.725,15.1625,4.1875,1.6375,0.0,85.5,8,2019-06-07
2019-06-07,近畿,NB-1,1.0,8840.0,1,1,2019-06-07,21.7,24.425,18.3,40.8125,0.0625,0.0,85.125,8,2019-06-07
2019-06-07,関東,NB-1,5.0,45500.0,1,1,2019-06-07,20.05555555555556,22.811111111111117,18.322222222222223,19.11111111111111,0.0111111111111111,0.0,90.55555555555556,9,2019-06-07
2019-06-10,中部,NB-1,4.0,34320.0,1,2,2019-06-10,18.026666666666664,21.06,16.333333333333332,17.133333333333333,0.75,0.0,89.46666666666667,15,2019-06-10
2019-06-10,北海道,NB-1,1.0,8190.0,1,1,2019-06-10,13.5,17.15,10.9625,0.125,5.1375,0.0,79.75,8,2019-06-10
2019-06-10,東北,NB-1,4.0,32760.0,1,1,2019-06-10,16.0625,20.2,12.4375,4.9375,4.325,0.0,74.375,8,2019-06-10
2019-06-10,近畿,NB-1,5.0,40599.0,1,1,2019-06-10,20.8,24.7875,18.6375,5.8125,2.1375,0.0,81.0,8,2019-06-10
2019-06-10,関東,NB-1,4.0,31759.0,1,2,2019-06-10,16.344444444444445,17.87777777777778,15.044444444444444,62.61111111111112,0.0,0.0,97.0,9,2019-06-10
2019-06-11,九州沖縄,NB-1,1.0,8190.0,1,1,2019-06-11,22.125,26.175,18.8,1.0,8.5125,0.0,70.625,8,2019-06-11
2019-06-11,北海道,NB-1,1.0,8190.0,1,1,2019-06-11,14.275,18.9,10.775,0.0,6.2125,0.0,76.625,8,2019-06-11
2019-06-11,四国,NB-1,1.0,8190.0,1,1,2019-06-11,21.725,26.175,19.15,1.75,5.625,0.0,72.75,4,2019-06-11
2019-06-11,近畿,NB-1,1.0,8190.0,1,1,2019-06-11,21.2375,25.925,17.975,0.5,4.775,0.0,73.75,8,2019-06-11
2019-06-11,関東,NB-1,1.0,7540.0,1,1,2019-06-11,17.922222222222224,22.422222222222224,14.988888888888887,4.222222222222222,2.1666666666666665,0.0,76.66666666666667,9,2019-06-11
2019-06-12,九州沖縄,NB-1,1.0,8190.0,1,1,2019-06-12,22.575,26.9625,18.8625,0.0,8.5125,0.0,69.25,8,2019-06-12
2019-06-12,近畿,NB-1,1.0,8190.0,1,1,2019-06-12,21.4375,26.4,17.6,0.0,7.9375,0.0,68.25,8,2019-06-12
2019-06-12,関東,NB-1,1.0,9100.0,1,1,2019-06-12,17.98888888888889,21.855555555555554,15.02222222222222,0.7777777777777778,2.0444444444444443,0.0,75.33333333333333,9,2019-06-12
2019-06-13,中部,NB-1,6.0,46800.0,1,1,2019-06-13,20.453333333333333,25.90666666666667,15.053333333333333,0.0,11.753333333333334,0.0,71.33333333333333,15,2019-06-13
2019-06-13,東北,NB-1,1.0,8190.0,1,1,2019-06-13,18.6875,25.4625,11.8,0.0,12.1625,0.0,66.625,8,2019-06-13
2019-06-14,中国,NB-1,3.0,24570.0,1,1,2019-06-14,22.3,26.61428571428572,18.65714285714285,2.9285714285714284,2.128571428571429,0.0,73.14285714285714,7,2019-06-14
2019-06-14,中部,NB-1,1.0,8190.0,1,1,2019-06-14,21.6,26.66,16.753333333333334,7.866666666666666,6.473333333333333,0.0,69.2,15,2019-06-14
2019-06-14,近畿,NB-1,1.0,8190.0,1,1,2019-06-14,22.9,27.4,19.4375,2.25,3.1125,0.0,70.75,8,2019-06-14
2019-06-14,関東,NB-1,4.0,30160.0,1,1,2019-06-14,21.933333333333334,27.044444444444444,17.61111111111111,0.0,7.444444444444445,0.0,69.33333333333333,9,2019-06-14
2019-06-17,九州沖縄,NB-1,1.0,7839.0,1,1,2019-06-17,22.5375,27.225,17.85,2.625,10.0,0.0,72.375,8,2019-06-17
2019-06-17,近畿,NB-1,3.0,23868.0,1,2,2019-06-17,20.65,25.05,16.5875,0.0625,10.6875,0.0,64.875,8,2019-06-17
2019-06-17,関東,NB-1,3.0,22919.0,1,2,2019-06-17,22.477777777777774,27.477777777777774,17.755555555555553,0.0,10.266666666666667,0.0,50.888888888888886,9,2019-06-17
2019-06-18,中部,NB-1,2.0,16380.0,1,1,2019-06-18,20.76,26.28,14.8,0.0,8.72,0.0,67.33333333333333,15,2019-06-18
2019-06-18,九州沖縄,NB-1,1.0,8190.0,1,1,2019-06-18,21.975,24.6625,19.6375,9.125,0.225,0.0,78.125,8,2019-06-18
2019-06-18,北海道,NB-1,1.0,8190.0,1,1,2019-06-18,14.05,19.15,8.25,0.1875,8.5375,0.0,70.375,8,2019-06-18
2019-06-18,四国,NB-1,1.0,8190.0,1,1,2019-06-18,21.925,25.125,18.4,0.0,3.65,0.0,73.0,4,2019-06-18
2019-06-18,近畿,NB-1,1.0,8190.0,1,1,2019-06-18,21.775,26.625,16.8125,0.0,6.2,0.0,65.875,8,2019-06-18
2019-06-18,関東,NB-1,8.0,70070.0,1,2,2019-06-18,22.266666666666666,27.266666666666666,18.05555555555556,1.3333333333333333,7.2444444444444445,0.0,69.0,9,2019-06-18
2019-06-19,中部,NB-1,6.0,46839.0,1,1,2019-06-19,21.57333333333333,26.72,17.0,1.9333333333333331,7.56,0.0,73.06666666666666,15,2019-06-19
2019-06-21,中国,NB-1,1.0,7800.0,1,1,2019-06-21,24.0,29.685714285714287,20.342857142857145,2.357142857142857,4.285714285714286,0.0,74.14285714285714,7,2019-06-21
2019-06-21,中部,NB-1,4.0,31200.0,1,1,2019-06-21,23.086666666666662,29.173333333333336,18.726666666666667,7.6,6.546666666666667,0.0,72.86666666666666,15,2019-06-21
2019-06-21,四国,NB-1,1.0,8190.0,1,1,2019-06-21,24.2,29.0,21.425,2.875,3.3,0.0,74.75,4,2019-06-21
2019-06-21,近畿,NB-1,1.0,6890.0,1,1,2019-06-21,24.475,30.6625,20.775,5.3125,6.225,0.0,70.375,8,2019-06-21
2019-06-21,関東,NB-1,1.0,8190.0,1,1,2019-06-21,23.066666666666663,27.73333333333333,20.166666666666668,5.944444444444445,3.3777777777777778,0.0,83.0,9,2019-06-21
2019-06-24,中国,NB-1,2.0,15600.0,1,2,2019-06-24,21.5,26.37142857142857,17.585714285714285,0.5714285714285714,7.971428571428571,0.0,69.0,7,2019-06-24
2019-06-24,中部,NB-1,1.0,7839.0,1,1,2019-06-24,20.526666666666664,24.686666666666667,17.78666666666667,12.4,3.373333333333333,0.0,81.26666666666667,15,2019-06-24
2019-06-24,九州沖縄,NB-1,2.0,15678.0,1,1,2019-06-24,23.4625,28.0,19.3375,7.375,10.0375,0.0,69.125,8,2019-06-24
2019-06-24,北海道,NB-1,3.0,20670.0,1,1,2019-06-24,14.7125,20.025,10.9375,0.0,11.55,0.0,80.625,8,2019-06-24
2019-06-24,近畿,NB-1,1.0,8840.0,1,1,2019-06-24,23.2125,28.3125,19.2875,0.0,9.4,0.0,63.25,8,2019-06-24
2019-06-24,関東,NB-1,4.0,33670.0,1,2,2019-06-24,19.03333333333333,21.3,17.62222222222222,26.88888888888889,0.4666666666666667,0.0,93.44444444444444,9,2019-06-24
2019-06-25,北海道,NB-1,3.0,24570.0,1,1,2019-06-25,15.2625,20.3375,10.9,0.0,10.75,0.0,84.125,8,2019-06-25
2019-06-25,近畿,NB-1,3.0,25870.0,1,2,2019-06-25,23.9375,30.025,18.125,0.0,13.4125,0.0,62.375,8,2019-06-25
2019-06-25,関東,NB-1,8.0,68770.0,1,3,2019-06-25,21.944444444444443,27.14444444444445,17.077777777777776,0.0,7.944444444444445,0.0,77.77777777777777,9,2019-06-25
2019-06-26,中部,NB-1,3.0,23400.0,1,1,2019-06-26,23.87333333333333,29.24,18.366666666666667,0.0666666666666666,10.133333333333333,0.0,68.46666666666667,15,2019-06-26
2019-06-26,関東,NB-1,1.0,7540.0,1,1,2019-06-26,24.27777777777778,29.61111111111111,19.311111111111117,0.0,11.588888888888889,0.0,73.66666666666667,9,2019-06-26
2019-06-27,中国,NB-1,2.0,15990.0,1,2,2019-06-27,24.985714285714288,28.885714285714283,22.914285714285715,15.357142857142858,0.4714285714285714,0.0,87.0,7,2019-06-27
2019-06-27,中部,NB-1,1.0,9750.0,1,1,2019-06-27,23.986666666666668,26.84,21.38,17.933333333333334,0.3399999999999999,0.0,80.86666666666666,15,2019-06-27
2019-07-01,中部,NB-1,2.0,16380.0,1,2,2019-07-01,23.666666666666668,27.246666666666663,21.22,4.633333333333334,2.0933333333333333,0.0,85.46666666666667,15,2019-07-01
2019-07-01,東北,NB-1,2.0,16380.0,1,2,2019-07-01,21.3625,25.925,18.3375,1.875,2.225,0.0,88.25,8,2019-07-01
2019-07-01,近畿,NB-1,1.0,8840.0,1,1,2019-07-01,24.325,27.2625,22.175,10.875,0.775,0.0,86.75,8,2019-07-01
2019-07-01,関東,NB-1,6.0,48750.0,1,3,2019-07-01,22.77777777777778,25.12222222222222,21.23333333333333,1.5,0.1999999999999999,0.0,94.33333333333331,9,2019-07-01
2019-07-02,中国,NB-1,1.0,8450.0,1,1,2019-07-02,23.842857142857145,27.3,21.642857142857142,0.6428571428571429,1.1857142857142855,0.0,81.57142857142857,7,2019-07-02
2019-07-02,近畿,NB-1,1.0,8190.0,1,1,2019-07-02,24.2125,27.25,22.2125,5.125,0.25,0.0,85.0,8,2019-07-02
2019-07-02,関東,NB-1,2.0,15600.0,1,1,2019-07-02,24.211111111111112,28.022222222222226,21.633333333333333,0.7222222222222222,0.8999999999999999,0.0,87.66666666666667,9,2019-07-02
2019-07-04,中国,NB-1,1.0,8190.0,1,1,2019-07-04,24.52857142857143,29.085714285714285,21.142857142857142,0.4285714285714285,7.814285714285715,0.0,79.71428571428571,7,2019-07-04
2019-07-04,中部,NB-1,5.0,39000.0,1,1,2019-07-04,23.293333333333333,26.986666666666668,20.946666666666665,30.166666666666668,2.46,0.0,87.93333333333334,15,2019-07-04
2019-07-04,九州沖縄,NB-1,2.0,16380.0,1,1,2019-07-04,24.95,29.2375,22.0375,0.5625,4.85,0.0,84.5,8,2019-07-04
2019-07-04,関東,NB-1,4.0,33930.0,1,2,2019-07-04,22.1,24.95555555555556,20.14444444444445,36.333333333333336,0.0888888888888888,0.0,93.33333333333331,9,2019-07-04
2019-07-05,関東,NB-1,6.0,53040.0,1,2,2019-07-05,21.51111111111111,24.244444444444447,19.444444444444443,1.8333333333333333,0.5111111111111111,0.0,84.33333333333333,9,2019-07-05
2019-07-08,中部,NB-1,1.0,8450.0,1,1,2019-07-08,22.87333333333333,26.88,20.25333333333333,3.433333333333333,3.0933333333333333,0.0,78.33333333333333,15,2019-07-08
2019-07-08,九州沖縄,NB-1,3.0,24570.0,1,1,2019-07-08,25.675,29.8875,22.8625,6.0625,4.0,0.0,81.75,8,2019-07-08
2019-07-09,中国,NB-1,1.0,7800.0,1,1,2019-07-09,24.31428571428572,29.085714285714285,21.52857142857143,12.714285714285714,3.0142857142857147,0.0,79.71428571428571,7,2019-07-09
2019-07-09,中部,NB-1,1.0,8190.0,1,1,2019-07-09,21.766666666666666,25.226666666666667,19.99333333333333,10.366666666666667,1.2133333333333336,0.0,83.33333333333333,15,2019-07-09
2019-07-09,四国,NB-1,1.0,8190.0,1,1,2019-07-09,24.1,27.725,21.775,6.25,0.7250000000000001,0.0,85.25,4,2019-07-09
2019-07-09,東北,NB-1,2.0,16380.0,1,1,2019-07-09,18.7125,22.3875,15.675,0.0,4.475,0.0,73.875,8,2019-07-09
2019-07-09,近畿,NB-1,6.0,47840.0,1,2,2019-07-09,23.975,27.2625,22.0125,12.8125,0.5125,0.0,81.25,8,2019-07-09
2019-07-10,九州沖縄,NB-1,1.0,8190.0,1,1,2019-07-10,25.1375,27.6,23.675,26.9375,1.0625,0.0,90.5,8,2019-07-10
2019-07-10,近畿,NB-1,1.0,8190.0,1,1,2019-07-10,25.2625,29.5,22.3125,0.125,3.9,0.0,71.625,8,2019-07-10
2019-07-10,関東,NB-1,1.0,7540.0,1,1,2019-07-10,20.322222222222223,23.688888888888886,17.811111111111114,0.0,3.455555555555556,0.0,77.22222222222223,9,2019-07-10
2019-07-12,関東,NB-1,2.0,15730.0,1,2,2019-07-12,20.166666666666668,22.655555555555555,18.022222222222226,6.277777777777778,0.0777777777777777,0.0,93.33333333333331,9,2019-07-12
2019-07-15,中部,NB-1,1.0,7839.0,1,1,2019-07-15,22.746666666666663,26.10666666666667,20.80666666666667,9.666666666666666,1.086666666666667,0.0,89.4,15,2019-07-15
2019-07-15,東北,NB-1,1.0,7839.0,1,1,2019-07-15,21.925,26.45,18.725,0.375,5.4625,0.0,79.125,8,2019-07-15
2019-07-15,近畿,NB-1,1.0,7839.0,1,1,2019-07-15,24.8,28.7625,21.8125,1.8125,3.7,0.0,78.875,8,2019-07-15
2019-07-16,中部,NB-1,3.0,23400.0,1,1,2019-07-16,22.86,26.23333333333333,20.83333333333333,7.133333333333334,2.2266666666666666,0.0,88.53333333333333,15,2019-07-16
2019-07-16,九州沖縄,NB-1,1.0,8190.0,1,1,2019-07-16,26.5,30.5625,23.4875,0.0625,8.5125,0.0,80.125,8,2019-07-16
2019-07-16,東北,NB-1,1.0,8190.0,1,1,2019-07-16,22.0375,26.3625,18.2875,0.8125,5.45,0.0,79.5,8,2019-07-16
2019-07-16,近畿,NB-1,3.0,24570.0,1,1,2019-07-16,25.6375,30.7375,21.9,2.125,6.5375,0.0,76.25,8,2019-07-16
2019-07-16,関東,NB-1,5.0,40300.0,1,2,2019-07-16,21.01111111111111,23.322222222222223,19.12222222222222,22.33333333333333,0.2777777777777778,0.0,94.44444444444444,9,2019-07-16
2019-07-17,中国,NB-1,1.0,8190.0,1,1,2019-07-17,26.142857142857142,30.8,22.357142857142858,0.0,8.285714285714286,0.0,76.85714285714286,7,2019-07-17
2019-07-17,中部,NB-1,3.0,24570.0,1,2,2019-07-17,24.46,29.273333333333333,20.813333333333333,7.0,8.073333333333332,0.0,82.73333333333333,15,2019-07-17
2019-07-17,九州沖縄,NB-1,1.0,8190.0,1,1,2019-07-17,27.05,30.5375,24.25,1.8125,3.0875,0.0,83.875,8,2019-07-17
2019-07-17,北海道,NB-1,1.0,6890.0,1,1,2019-07-17,19.825,23.725,16.5625,0.75,5.4875,0.0,85.5,8,2019-07-17
2019-07-17,近畿,NB-1,3.0,22620.0,1,1,2019-07-17,26.675,31.375,23.4125,3.1875,7.6,0.0,77.875,8,2019-07-17
2019-07-17,関東,NB-1,5.0,44330.0,1,3,2019-07-17,23.855555555555554,28.64444444444445,20.33333333333333,0.5555555555555556,5.111111111111111,0.0,86.0,9,2019-07-17
2019-07-18,関東,NB-1,2.0,18200.0,1,1,2019-07-18,24.55555555555556,28.22222222222222,21.62222222222222,6.944444444444445,1.3222222222222222,0.0,88.55555555555556,9,2019-07-18
2019-07-19,近畿,NB-1,2.0,17680.0,1,1,2019-07-19,24.325,26.7,22.4125,24.25,0.0,0.0,93.875,8,2019-07-19
2019-07-22,中部,NB-1,4.0,31278.0,1,2,2019-07-22,25.52,28.72,23.34,17.7,1.1266666666666665,0.0,85.2,15,2019-07-22
2019-07-22,近畿,NB-1,2.0,15678.0,1,1,2019-07-22,26.2125,29.1875,24.5,28.125,0.325,0.0,89.0,8,2019-07-22
2019-07-22,関東,NB-1,6.0,48399.0,1,3,2019-07-22,22.688888888888886,24.344444444444445,21.37777777777778,1.0,0.0,0.0,95.44444444444444,9,2019-07-22
2019-07-23,九州沖縄,NB-1,1.0,7800.0,1,1,2019-07-23,28.0125,32.0125,25.5125,0.0625,3.475,0.0,81.875,8,2019-07-23
2019-07-24,中国,NB-1,1.0,8190.0,1,1,2019-07-24,27.457142857142856,31.4,24.25714285714286,0.0,2.8999999999999995,0.0,79.28571428571429,7,2019-07-24
2019-07-24,中部,NB-1,1.0,8190.0,1,1,2019-07-24,26.866666666666667,31.75333333333333,23.273333333333333,0.7,8.833333333333334,0.0,78.33333333333333,15,2019-07-24
2019-07-25,近畿,NB-1,4.0,27560.0,1,1,2019-07-25,28.4625,33.7625,25.2125,9.1875,7.7125,0.0,75.625,8,2019-07-25
2019-07-26,関東,NB-1,1.0,9750.0,1,1,2019-07-26,28.37777777777778,33.41111111111111,24.64444444444445,0.2777777777777778,8.722222222222221,0.0,74.77777777777777,9,2019-07-26
2019-07-29,中部,NB-1,7.0,55146.0,1,2,2019-07-29,27.91333333333333,32.98,24.60666666666667,1.1,6.5,0.0,79.53333333333333,15,2019-07-29
2019-07-29,九州沖縄,NB-1,4.0,32760.0,1,2,2019-07-29,29.25,32.8125,26.9625,3.125,5.8,0.0,80.125,8,2019-07-29
2019-07-29,北海道,NB-1,1.0,8190.0,1,1,2019-07-29,23.9375,29.0375,19.8125,0.375,7.0625,0.0,83.75,8,2019-07-29
2019-07-29,近畿,NB-1,1.0,7839.0,1,1,2019-07-29,29.575,34.35,25.8875,0.0,9.7125,0.0,72.875,8,2019-07-29
2019-07-29,関東,NB-1,4.0,31057.0,1,3,2019-07-29,28.311111111111117,33.46666666666667,25.066666666666663,3.2777777777777777,8.288888888888888,0.0,80.88888888888889,9,2019-07-29
2019-07-30,中国,NB-1,3.0,24830.0,1,2,2019-07-30,29.571428571428573,34.542857142857144,25.557142857142857,0.0,10.514285714285714,0.0,73.71428571428571,7,2019-07-30
2019-07-30,中部,NB-1,3.0,24570.0,1,2,2019-07-30,28.28,33.626666666666665,24.566666666666663,1.5666666666666669,7.946666666666667,0.0,76.93333333333334,15,2019-07-30
2019-07-30,九州沖縄,NB-1,1.0,9750.0,1,1,2019-07-30,29.5375,33.725,26.3625,1.125,8.9875,0.0,78.25,8,2019-07-30
2019-07-30,関東,NB-1,2.0,15600.0,1,1,2019-07-30,29.05555555555556,34.077777777777776,25.044444444444444,0.0,10.144444444444444,0.0,78.77777777777777,9,2019-07-30
2019-07-31,関東,NB-1,1.0,9100.0,1,1,2019-07-31,29.4,34.48888888888889,25.8,2.5,9.344444444444443,0.0,78.88888888888889,9,2019-07-31
2019-08-01,近畿,NB-1,1.0,8840.0,1,1,2019-08-01,30.5375,35.5125,26.5875,0.5625,10.525,0.0,71.125,8,2019-08-01
2019-08-01,関東,NB-1,1.0,8190.0,1,1,2019-08-01,29.688888888888886,35.077777777777776,25.83333333333333,6.111111111111111,9.422222222222222,0.0,77.66666666666667,9,2019-08-01
2019-08-02,中国,NB-1,1.0,8190.0,1,1,2019-08-02,30.042857142857144,35.628571428571426,25.457142857142856,0.0,11.571428571428571,0.0,70.85714285714286,7,2019-08-02
2019-08-02,中部,NB-1,8.0,66300.0,1,1,2019-08-02,28.74,34.026666666666664,25.086666666666662,1.6333333333333333,10.0,0.0,76.86666666666666,15,2019-08-02
2019-08-02,九州沖縄,NB-1,1.0,8190.0,1,1,2019-08-02,29.9375,34.3625,26.3125,5.875,9.1625,0.0,73.25,8,2019-08-02
2019-08-02,関東,NB-1,1.0,8190.0,1,1,2019-08-02,29.877777777777776,34.95555555555556,26.08888888888889,0.1111111111111111,10.488888888888887,0.0,76.44444444444444,9,2019-08-02
2019-08-05,中国,NB-1,1.0,7800.0,1,1,2019-08-05,30.428571428571427,36.0,25.585714285714285,0.0,11.471428571428572,0.0,68.42857142857143,7,2019-08-05
2019-08-05,中部,NB-1,1.0,7800.0,1,1,2019-08-05,29.22,34.24666666666667,25.626666666666665,0.1,10.513333333333332,0.0,72.8,15,2019-08-05
2019-08-05,九州沖縄,NB-1,1.0,7839.0,1,1,2019-08-05,29.8875,34.3625,26.0375,2.6875,9.35,0.0,69.0,8,2019-08-05
2019-08-05,北海道,NB-1,1.0,6890.0,1,1,2019-08-05,22.9625,28.05,19.4875,0.0,7.775,0.0,84.0,8,2019-08-05
2019-08-05,近畿,NB-1,2.0,16380.0,1,1,2019-08-05,30.5625,36.0,26.35,0.0,10.45,0.0,64.125,8,2019-08-05
2019-08-05,関東,NB-1,5.0,38597.0,1,2,2019-08-05,29.377777777777776,34.45555555555556,24.98888888888889,0.0,10.711111111111112,0.0,74.66666666666667,9,2019-08-05
2019-08-06,中国,NB-1,1.0,7800.0,1,1,2019-08-06,28.585714285714285,31.15714285714285,26.357142857142858,8.0,0.3142857142857143,0.0,76.0,7,2019-08-06
2019-08-06,九州沖縄,NB-1,1.0,8190.0,1,1,2019-08-06,27.4,31.1375,24.4125,41.5,2.375,0.0,81.5,8,2019-08-06
2019-08-06,近畿,NB-1,2.0,16380.0,1,2,2019-08-06,30.475,35.225,27.3375,0.0,3.6375,0.0,68.375,8,2019-08-06
2019-08-06,関東,NB-1,10.0,85150.0,1,4,2019-08-06,29.977777777777774,35.55555555555556,26.55555555555556,0.0,9.622222222222222,0.0,74.66666666666667,9,2019-08-06
2019-08-07,中部,NB-1,2.0,16380.0,1,2,2019-08-07,29.07333333333333,34.8,25.32,0.6333333333333333,9.473333333333333,0.0,74.13333333333334,15,2019-08-07
2019-08-07,九州沖縄,NB-1,1.0,8190.0,1,1,2019-08-07,28.9125,33.575,25.6125,3.125,6.8625,0.0,81.25,8,2019-08-07
2019-08-07,東北,NB-1,1.0,8190.0,1,1,2019-08-07,28.4375,34.6375,23.95,0.0,9.375,0.0,73.375,8,2019-08-07
2019-08-07,関東,NB-1,8.0,64480.0,1,4,2019-08-07,29.53333333333333,35.27777777777778,25.966666666666665,0.0,9.377777777777778,0.0,74.77777777777777,9,2019-08-07
2019-08-08,中国,NB-1,1.0,7800.0,1,1,2019-08-08,29.52857142857143,34.72857142857143,25.785714285714285,0.0,9.471428571428572,0.0,70.85714285714286,7,2019-08-08
2019-08-08,中部,NB-1,2.0,16380.0,1,2,2019-08-08,29.066666666666663,34.71333333333334,25.133333333333333,1.4,10.72,0.0,73.33333333333333,15,2019-08-08
2019-08-08,四国,NB-1,2.0,16380.0,1,2,2019-08-08,28.875,33.425,24.875,0.0,11.175,0.0,75.5,4,2019-08-08
2019-08-08,関東,NB-1,2.0,18200.0,1,1,2019-08-08,29.633333333333333,35.266666666666666,25.75555555555556,0.1111111111111111,9.633333333333333,0.0,73.77777777777777,9,2019-08-08
2019-08-09,中国,NB-1,1.0,8450.0,1,1,2019-08-09,28.914285714285715,34.628571428571426,24.571428571428573,0.0,8.485714285714286,0.0,71.85714285714286,7,2019-08-09
2019-08-09,中部,NB-1,3.0,23400.0,1,1,2019-08-09,28.813333333333333,34.233333333333334,24.866666666666667,0.3333333333333333,9.626666666666669,0.0,73.6,15,2019-08-09
2019-08-09,関東,NB-1,4.0,36400.0,1,1,2019-08-09,29.75555555555556,35.65555555555555,25.53333333333333,0.0,10.5,0.0,71.11111111111111,9,2019-08-09
2019-08-13,近畿,NB-1,1.0,7839.0,1,1,2019-08-13,31.262500000000003,36.1125,27.9125,0.0,8.325,0.0,64.5,8,2019-08-13
2019-08-13,関東,NB-1,3.0,23517.0,1,3,2019-08-13,29.188888888888886,34.24444444444444,25.788888888888888,0.8333333333333334,6.188888888888889,0.0,80.11111111111111,9,2019-08-13
2019-08-14,中国,NB-1,1.0,7800.0,1,1,2019-08-14,30.214285714285715,35.785714285714285,27.014285714285712,5.928571428571429,4.828571428571428,0.0,70.57142857142857,7,2019-08-14
2019-08-14,中部,NB-1,2.0,16380.0,1,1,2019-08-14,28.813333333333333,32.846666666666664,26.1,7.4,4.84,0.0,77.46666666666667,15,2019-08-14
2019-08-14,近畿,NB-1,2.0,17680.0,1,1,2019-08-14,30.3125,35.0625,27.575,4.875,4.8500000000000005,0.0,70.625,8,2019-08-14
2019-08-14,関東,NB-1,6.0,49140.0,1,3,2019-08-14,28.133333333333333,31.56666666666667,25.98888888888889,22.166666666666668,3.911111111111112,0.0,87.33333333333333,9,2019-08-14
2019-08-16,関東,NB-1,1.0,7540.0,1,1,2019-08-16,28.38888888888889,31.23333333333333,26.677777777777777,1.3333333333333333,2.1333333333333333,0.0,81.33333333333333,9,2019-08-16
2019-08-19,中国,NB-1,1.0,8450.0,1,1,2019-08-19,26.485714285714288,29.24285714285714,25.02857142857143,4.5,0.1142857142857143,0.0,86.71428571428571,7,2019-08-19
2019-08-19,中部,NB-1,1.0,7839.0,1,1,2019-08-19,27.25333333333333,32.38666666666667,24.466666666666665,6.933333333333334,3.933333333333333,0.0,81.0,15,2019-08-19
2019-08-19,九州沖縄,NB-1,1.0,8190.0,1,1,2019-08-19,26.3375,28.7875,24.6375,11.375,0.2,0.0,86.875,8,2019-08-19
2019-08-19,北海道,NB-1,1.0,6890.0,1,1,2019-08-19,19.1375,22.625,16.425,0.0625,4.1625,0.0,85.375,8,2019-08-19
2019-08-19,四国,NB-1,1.0,8190.0,1,1,2019-08-19,26.225,28.075,24.775,8.0,0.075,0.0,87.75,4,2019-08-19
2019-08-19,近畿,NB-1,3.0,24869.0,1,2,2019-08-19,27.5375,32.1,24.9375,28.375,1.5375,0.0,81.875,8,2019-08-19
2019-08-19,関東,NB-1,4.0,32058.0,1,2,2019-08-19,27.244444444444444,31.37777777777778,24.655555555555555,12.61111111111111,2.2,0.0,82.11111111111111,9,2019-08-19
2019-08-21,中国,NB-1,6.0,49140.0,1,2,2019-08-21,27.757142857142856,31.314285714285717,25.11428571428572,10.642857142857142,1.1428571428571428,0.0,84.42857142857143,7,2019-08-21
2019-08-21,中部,NB-1,5.0,39390.0,1,2,2019-08-21,26.58,31.19333333333333,23.92,7.633333333333334,3.28,0.0,84.8,15,2019-08-21
2019-08-21,九州沖縄,NB-1,1.0,8190.0,1,1,2019-08-21,28.9875,33.075,25.975,0.625,9.0125,0.0,79.25,8,2019-08-21
2019-08-21,四国,NB-1,1.0,8190.0,1,1,2019-08-21,28.75,32.575,26.025,0.125,3.875,0.0,80.0,4,2019-08-21
2019-08-21,近畿,NB-1,3.0,25870.0,1,2,2019-08-21,28.925,33.2125,26.1375,7.9375,4.3375,0.0,79.5,8,2019-08-21
2019-08-21,関東,NB-1,8.0,64350.0,1,3,2019-08-21,26.044444444444444,30.73333333333333,23.22222222222222,14.38888888888889,3.988888888888889,0.0,85.33333333333333,9,2019-08-21
2019-08-23,中部,NB-1,1.0,8190.0,1,1,2019-08-23,24.813333333333333,28.25333333333333,22.453333333333333,23.366666666666667,0.7133333333333333,0.0,85.73333333333333,15,2019-08-23
2019-08-23,近畿,NB-1,1.0,7540.0,1,1,2019-08-23,25.725,28.3875,23.2125,29.0,0.3375,0.0,88.75,8,2019-08-23
2019-08-23,関東,NB-1,1.0,7540.0,1,1,2019-08-23,26.03333333333333,29.133333333333333,23.8,3.388888888888889,0.4555555555555555,0.0,87.88888888888889,9,2019-08-23
2019-08-26,中部,NB-1,1.0,8190.0,1,1,2019-08-26,24.473333333333336,29.82,20.2,0.1,9.833333333333334,0.0,71.66666666666667,15,2019-08-26
2019-08-26,関東,NB-1,6.0,48139.0,1,3,2019-08-26,24.87777777777778,29.06666666666667,21.966666666666665,3.1666666666666665,5.188888888888889,0.0,76.22222222222223,9,2019-08-26
2019-08-27,中部,NB-1,3.0,24180.0,1,2,2019-08-27,23.59333333333333,28.266666666666666,19.973333333333336,13.933333333333334,2.94,0.0,80.13333333333334,15,2019-08-27
2019-08-27,四国,NB-1,1.0,8190.0,1,1,2019-08-27,24.775,26.75,23.025,7.125,0.05,0.0,88.25,4,2019-08-27
2019-08-27,近畿,NB-1,4.0,32760.0,1,2,2019-08-27,24.3,27.3,21.625,14.0625,0.5375,0.0,83.875,8,2019-08-27
2019-08-27,関東,NB-1,1.0,8190.0,1,1,2019-08-27,24.922222222222224,28.75555555555556,22.12222222222222,5.5,2.4444444444444446,0.0,81.77777777777777,9,2019-08-27
2019-08-28,中部,NB-1,3.0,23400.0,1,1,2019-08-28,24.366666666666667,26.99333333333333,21.88,14.066666666666666,0.0133333333333333,0.0,88.33333333333333,15,2019-08-28
2019-08-28,関東,NB-1,2.0,15730.0,1,2,2019-08-28,24.822222222222223,27.244444444444444,22.577777777777776,6.444444444444445,0.1111111111111111,0.0,89.44444444444444,9,2019-08-28
2019-08-29,中国,NB-1,1.0,7800.0,1,1,2019-08-29,24.4,28.11428571428572,22.0,41.57142857142857,0.3857142857142857,0.0,90.85714285714286,7,2019-08-29
2019-08-29,近畿,NB-1,1.0,8190.0,1,1,2019-08-29,27.1625,31.8,24.475,4.875,2.6125,0.0,83.25,8,2019-08-29
2019-08-29,関東,NB-1,2.0,16380.0,1,2,2019-08-29,27.866666666666667,33.13333333333333,24.23333333333333,0.5555555555555556,6.633333333333334,0.0,78.11111111111111,9,2019-08-29
2019-08-30,四国,NB-1,1.0,8190.0,1,1,2019-08-30,25.65,28.75,23.425,9.5,0.4,0.0,88.0,4,2019-08-30
2019-08-30,関東,NB-1,1.0,9750.0,1,1,2019-08-30,25.41111111111111,27.266666666666666,23.83333333333333,6.777777777777778,0.5666666666666667,0.0,88.33333333333333,9,2019-08-30
2019-09-02,中国,NB-1,1.0,7800.0,1,1,2019-09-02,24.942857142857143,28.714285714285715,21.97142857142857,13.214285714285714,1.5142857142857142,0.0,88.28571428571429,7,2019-09-02
2019-09-02,九州沖縄,NB-1,1.0,7839.0,1,1,2019-09-02,26.3375,30.0875,23.9375,4.8125,3.525,0.0,87.5,8,2019-09-02
2019-09-02,四国,NB-1,1.0,8190.0,1,1,2019-09-02,26.7,30.975,23.0,3.75,7.774999999999999,0.0,82.5,4,2019-09-02
2019-09-02,近畿,NB-1,1.0,8190.0,1,1,2019-09-02,26.8875,31.9125,23.0625,1.375,6.6,0.0,78.625,8,2019-09-02
2019-09-02,関東,NB-1,4.0,31668.0,1,3,2019-09-02,26.544444444444444,30.75555555555556,23.133333333333333,0.1666666666666666,6.011111111111111,0.0,78.44444444444444,9,2019-09-02
2019-09-03,中部,NB-1,2.0,16380.0,1,2,2019-09-03,25.28666666666667,30.07333333333333,22.19333333333333,4.4,6.66,0.0,82.6,15,2019-09-03
2019-09-03,九州沖縄,NB-1,1.0,8190.0,1,1,2019-09-03,27.45,32.15,23.8625,5.125,8.35,0.0,82.375,8,2019-09-03
2019-09-03,近畿,NB-1,2.0,17290.0,1,2,2019-09-03,28.075,32.7,24.5875,0.3125,9.3375,0.0,75.625,8,2019-09-03
2019-09-03,関東,NB-1,7.0,61880.0,1,2,2019-09-03,24.788888888888888,27.5,22.288888888888888,6.722222222222222,0.5555555555555556,0.0,86.44444444444444,9,2019-09-03
2019-09-04,中国,NB-1,3.0,23790.0,1,1,2019-09-04,27.4,32.385714285714286,24.014285714285712,0.3571428571428571,6.314285714285715,0.0,79.0,7,2019-09-04
2019-09-04,中部,NB-1,8.0,62400.0,1,1,2019-09-04,24.90666666666667,29.85333333333333,22.146666666666665,12.833333333333334,3.753333333333333,0.0,85.2,15,2019-09-04
2019-09-04,九州沖縄,NB-1,2.0,16380.0,1,1,2019-09-04,27.2625,31.7125,24.6625,6.3125,5.4875,0.0,82.875,8,2019-09-04
2019-09-04,東北,NB-1,1.0,8190.0,1,1,2019-09-04,22.2625,27.825,18.0,1.5,6.6375,0.0,77.625,8,2019-09-04
2019-09-05,近畿,NB-1,1.0,9750.0,1,1,2019-09-05,27.375,32.1125,24.25,3.9375,5.4375,0.0,78.875,8,2019-09-05
2019-09-05,関東,NB-1,1.0,7540.0,1,1,2019-09-05,25.077777777777776,28.58888888888889,22.311111111111117,0.0,2.844444444444445,0.0,80.55555555555556,9,2019-09-05
2019-09-06,中部,NB-1,3.0,23400.0,1,1,2019-09-06,27.1,32.45333333333333,22.746666666666663,3.533333333333333,10.48,0.0,73.53333333333333,15,2019-09-06
2019-09-06,九州沖縄,NB-1,2.0,16380.0,1,1,2019-09-06,28.475,32.4375,25.325,9.6875,3.7875,0.0,76.125,8,2019-09-06
2019-09-06,関東,NB-1,2.0,15990.0,1,1,2019-09-06,27.466666666666665,32.55555555555556,23.044444444444444,0.0,9.644444444444444,0.0,77.88888888888889,9,2019-09-06
2019-09-09,近畿,NB-1,3.0,24518.0,1,2,2019-09-09,29.6,34.0625,26.0125,0.0,11.05,0.0,71.25,8,2019-09-09
2019-09-09,関東,NB-1,5.0,40599.0,1,2,2019-09-09,28.488888888888887,34.17777777777778,24.700000000000003,84.55555555555556,5.377777777777777,0.0,77.66666666666667,9,2019-09-09
2019-09-10,九州沖縄,NB-1,1.0,8190.0,1,1,2019-09-10,29.125,33.1625,25.9875,0.25,9.4125,0.0,79.625,8,2019-09-10
2019-09-10,四国,NB-1,1.0,8190.0,1,1,2019-09-10,29.625,33.825,26.325000000000003,0.0,9.675,0.0,75.25,4,2019-09-10
2019-09-10,東北,NB-1,1.0,8190.0,1,1,2019-09-10,26.7125,31.9375,22.725,0.3125,7.05,0.0,75.375,8,2019-09-10
2019-09-10,近畿,NB-1,1.0,8190.0,1,1,2019-09-10,29.3,34.5125,26.2875,0.375,8.525,0.0,76.125,8,2019-09-10
2019-09-10,関東,NB-1,6.0,50310.0,1,4,2019-09-10,28.75555555555556,34.733333333333334,24.633333333333333,11.22222222222222,9.933333333333334,0.0,75.77777777777777,9,2019-09-10
2019-09-11,東北,NB-1,2.0,16380.0,1,1,2019-09-11,22.6875,26.075,20.0875,16.75,0.9375,0.0,87.625,8,2019-09-11
2019-09-12,中部,NB-1,1.0,8190.0,1,1,2019-09-12,24.226666666666667,28.85333333333333,20.866666666666667,1.8333333333333333,6.846666666666667,0.0,68.73333333333333,15,2019-09-12
2019-09-12,近畿,NB-1,1.0,8840.0,1,1,2019-09-12,25.8875,29.7625,23.275,0.1875,8.175,0.0,62.875,8,2019-09-12
2019-09-12,関東,NB-1,1.0,9100.0,1,1,2019-09-12,24.811111111111117,28.56666666666667,22.1,0.0555555555555555,6.711111111111111,0.0,67.44444444444444,9,2019-09-12
2019-09-13,関東,NB-1,1.0,8190.0,1,1,2019-09-13,21.666666666666668,23.4,19.933333333333334,0.1111111111111111,0.2333333333333333,0.0,72.22222222222223,9,2019-09-13
2019-09-17,九州沖縄,NB-1,2.0,16029.0,1,2,2019-09-17,26.5875,30.725,23.1375,0.0,8.625,0.0,68.25,8,2019-09-17
2019-09-17,四国,NB-1,2.0,16380.0,1,2,2019-09-17,27.05,32.45,22.775,0.0,8.475,0.0,61.0,4,2019-09-17
2019-09-17,東北,NB-1,3.0,24219.0,1,1,2019-09-17,22.65,28.1375,17.3625,0.0,9.55,0.0,68.5,8,2019-09-17
2019-09-17,関東,NB-1,6.0,49400.0,1,3,2019-09-17,25.51111111111111,30.433333333333337,22.422222222222224,0.0,8.844444444444443,0.0,76.55555555555556,9,2019-09-17
2019-09-18,中国,NB-1,1.0,8190.0,1,1,2019-09-18,24.014285714285712,29.9,20.11428571428572,0.0,7.842857142857143,0.0,65.0,7,2019-09-18
2019-09-18,九州沖縄,NB-1,2.0,16029.0,1,2,2019-09-18,26.35,30.55,23.2875,0.25,8.525,0.0,67.25,8,2019-09-18
2019-09-18,関東,NB-1,8.0,68640.0,1,2,2019-09-18,21.48888888888889,25.14444444444445,18.64444444444445,7.055555555555555,0.8999999999999999,0.0,83.77777777777777,9,2019-09-18
2019-09-19,中部,NB-1,2.0,16380.0,1,1,2019-09-19,20.80666666666667,25.686666666666667,16.64,0.8,7.946666666666667,0.0,65.06666666666666,15,2019-09-19
2019-09-19,東北,NB-1,1.0,8190.0,1,1,2019-09-19,18.4625,22.3125,14.675,0.4375,7.775,0.0,55.5,8,2019-09-19
2019-09-19,関東,NB-1,2.0,15730.0,1,2,2019-09-19,21.744444444444444,26.677777777777777,18.05555555555556,0.0,6.877777777777777,0.0,70.55555555555556,9,2019-09-19
2019-09-20,九州沖縄,NB-1,1.0,8190.0,1,1,2019-09-20,21.875,24.475,19.7375,11.75,0.8125,0.0,79.25,8,2019-09-20
2019-09-20,近畿,NB-1,1.0,8190.0,1,1,2019-09-20,20.5875,27.1125,15.8375,4.625,5.875,0.0,71.25,8,2019-09-20
2019-09-20,関東,NB-1,3.0,24570.0,1,2,2019-09-20,22.0,26.433333333333334,18.655555555555555,0.0,7.411111111111111,0.0,64.11111111111111,9,2019-09-20
2019-09-23,九州沖縄,NB-1,1.0,7839.0,1,1,2019-09-23,23.6875,27.8,21.65,2.375,3.5125,0.0,78.5,8,2019-09-23
2019-09-23,近畿,NB-1,1.0,7839.0,1,1,2019-09-23,26.4,30.9375,22.4,3.5,4.3875,0.0,69.875,8,2019-09-23
2019-09-23,関東,NB-1,1.0,7839.0,1,1,2019-09-23,24.522222222222226,29.27777777777778,20.366666666666667,2.833333333333333,3.588888888888889,0.0,87.77777777777777,9,2019-09-23
2019-09-24,中国,NB-1,2.0,15990.0,1,2,2019-09-24,21.014285714285712,25.25714285714286,17.428571428571427,1.2857142857142858,4.071428571428571,0.0,74.0,7,2019-09-24
2019-09-24,中部,NB-1,3.0,23400.0,1,1,2019-09-24,21.58,25.34,18.966666666666665,3.333333333333333,1.7066666666666668,0.0,82.6,15,2019-09-24
2019-09-24,九州沖縄,NB-1,1.0,8190.0,1,1,2019-09-24,23.7,27.6875,20.8,0.0625,8.4625,0.0,70.375,8,2019-09-24
2019-09-24,東北,NB-1,4.0,32760.0,1,2,2019-09-24,21.0,25.3625,16.8875,2.6875,5.5125,0.0,72.0,8,2019-09-24
2019-09-24,近畿,NB-1,2.0,16380.0,1,2,2019-09-24,22.525,25.6875,20.5375,0.0,0.6875,0.0,73.875,8,2019-09-24
2019-09-24,関東,NB-1,11.0,96200.0,1,4,2019-09-24,24.61111111111111,29.33333333333333,21.633333333333333,0.4444444444444444,4.033333333333333,0.0,76.55555555555556,9,2019-09-24
2019-09-25,中国,NB-1,1.0,7800.0,1,1,2019-09-25,20.77142857142857,27.042857142857144,14.885714285714286,0.0,9.44285714285714,0.0,72.57142857142857,7,2019-09-25
2019-09-25,中部,NB-1,2.0,15990.0,1,1,2019-09-25,21.40666666666667,27.066666666666663,16.85333333333333,0.0,9.653333333333334,0.0,70.6,15,2019-09-25
2019-09-25,関東,NB-1,4.0,30810.0,1,2,2019-09-25,23.51111111111111,28.188888888888886,19.711111111111112,0.0,8.844444444444443,0.0,65.33333333333333,9,2019-09-25
2019-09-26,九州沖縄,NB-1,1.0,8190.0,1,1,2019-09-26,24.4875,27.725,21.2625,3.5625,1.9375,0.0,77.375,8,2019-09-26
2019-09-26,関東,NB-1,4.0,32110.0,1,2,2019-09-26,21.51111111111111,26.077777777777776,18.366666666666667,0.0,7.0,0.0,71.44444444444444,9,2019-09-26
2019-09-27,近畿,NB-1,1.0,8190.0,1,1,2019-09-27,25.225,28.775,22.5875,0.0,1.8125,0.0,73.5,8,2019-09-27
2019-09-27,関東,NB-1,2.0,15080.0,1,1,2019-09-27,22.422222222222224,28.14444444444445,17.833333333333332,0.0,9.2,0.0,74.0,9,2019-09-27
2019-09-30,中国,NB-1,1.0,8450.0,1,1,2019-09-30,25.25714285714286,29.814285714285717,22.3,0.0,3.4285714285714284,0.0,82.14285714285714,7,2019-09-30
2019-09-30,中部,NB-1,4.0,31590.0,1,2,2019-09-30,23.87333333333333,29.093333333333337,20.38,1.5333333333333334,6.113333333333333,0.0,78.86666666666666,15,2019-09-30
2019-09-30,近畿,NB-1,7.0,57330.0,1,2,2019-09-30,26.4,30.8625,23.225,0.0,4.625,0.0,73.75,8,2019-09-30
2019-09-30,関東,NB-1,5.0,39910.0,1,1,2019-09-30,24.433333333333334,29.33333333333333,20.688888888888886,0.0,7.933333333333334,0.0,72.0,9,2019-09-30
2019-10-01,中部,NB-1,1.0,8190.0,1,1,2019-10-01,23.53333333333333,29.08,19.686666666666667,1.0666666666666669,8.146666666666667,0.0,75.33333333333333,15,2019-10-01
2019-10-01,関東,NB-1,1.0,9750.0,1,1,2019-10-01,23.566666666666663,29.05555555555556,19.77777777777778,0.0,10.022222222222222,0.0,72.0,9,2019-10-01
2019-10-02,関東,NB-1,1.0,7800.0,1,1,2019-10-02,23.244444444444444,29.11111111111111,18.77777777777778,0.0,9.366666666666667,0.0,72.0,9,2019-10-02
2019-10-03,関東,NB-1,1.0,7800.0,1,1,2019-10-03,23.22222222222222,27.200000000000003,19.477777777777774,0.0,2.6555555555555554,0.0,75.66666666666667,9,2019-10-03
2019-10-04,関東,NB-1,1.0,7800.0,1,1,2019-10-04,24.27777777777778,28.23333333333333,21.188888888888886,7.333333333333333,4.155555555555555,0.0,75.77777777777777,9,2019-10-04
2019-10-07,中部,NB-1,2.0,15678.0,1,1,2019-10-07,19.146666666666665,23.66,15.506666666666666,2.566666666666667,2.453333333333333,0.0,76.4,15,2019-10-07
2019-10-07,東北,NB-1,2.0,15678.0,1,1,2019-10-07,15.9125,19.8125,11.7375,0.8125,1.2625,0.0,84.5,8,2019-10-07
2019-10-07,近畿,NB-1,1.0,8190.0,1,1,2019-10-07,21.3375,27.425,15.4875,0.0,8.7,0.0,69.25,8,2019-10-07
2019-10-07,関東,NB-1,8.0,65325.0,1,5,2019-10-07,19.855555555555554,23.98888888888889,17.022222222222222,5.055555555555555,3.911111111111112,0.0,78.66666666666667,9,2019-10-07
2019-10-08,中国,NB-1,1.0,8190.0,1,1,2019-10-08,20.342857142857145,24.24285714285714,15.94285714285714,5.142857142857143,1.1142857142857143,0.0,77.85714285714286,7,2019-10-08
2019-10-08,中部,NB-1,1.0,8450.0,1,1,2019-10-08,19.933333333333334,22.99333333333333,16.773333333333333,7.066666666666666,0.6733333333333333,0.0,83.8,15,2019-10-08
2019-10-08,近畿,NB-1,4.0,34710.0,1,2,2019-10-08,21.4625,24.3125,18.125,3.1875,0.175,0.0,79.0,8,2019-10-08
2019-10-08,関東,NB-1,1.0,8190.0,1,1,2019-10-08,21.133333333333333,25.355555555555554,17.933333333333334,4.611111111111111,2.188888888888889,0.0,86.66666666666667,9,2019-10-08
2019-10-09,九州沖縄,NB-1,2.0,16380.0,1,1,2019-10-09,20.9375,26.2625,16.3625,0.0,10.0875,0.0,65.625,8,2019-10-09
2019-10-09,関東,NB-1,1.0,7540.0,1,1,2019-10-09,19.688888888888886,24.288888888888888,15.833333333333334,0.0,10.211111111111112,0.0,55.44444444444444,9,2019-10-09
2019-10-14,九州沖縄,NB-1,1.0,7839.0,1,1,2019-10-14,21.175,25.8875,17.3125,0.125,8.775,0.0,68.75,8,2019-10-14
2019-10-14,東北,NB-1,1.0,7839.0,1,1,2019-10-14,13.2625,16.8,9.275,3.0625,1.5875,0.0,85.75,8,2019-10-14
2019-10-14,近畿,NB-1,2.0,15678.0,1,2,2019-10-14,18.5625,21.0875,16.2875,1.4375,0.95,0.0,80.25,8,2019-10-14
2019-10-14,関東,NB-1,2.0,15678.0,1,2,2019-10-14,17.188888888888886,19.655555555555555,15.377777777777778,7.388888888888889,0.0777777777777777,0.0,82.11111111111111,9,2019-10-14
2019-10-15,九州沖縄,NB-1,1.0,8190.0,1,1,2019-10-15,20.7125,24.85,17.5,0.0625,7.7375,0.0,66.0,8,2019-10-15
2019-10-15,四国,NB-1,2.0,16380.0,1,1,2019-10-15,19.475,23.1,16.175,0.0,4.425,0.0,58.75,4,2019-10-15
2019-10-15,関東,NB-1,4.0,31460.0,1,2,2019-10-15,17.72222222222222,21.655555555555555,14.944444444444445,2.2222222222222223,1.6555555555555557,0.0,77.11111111111111,9,2019-10-15
2019-10-16,近畿,NB-1,1.0,8190.0,1,1,2019-10-16,15.9,21.5125,11.3125,0.0,9.3875,0.0,66.125,8,2019-10-16
2019-10-16,関東,NB-1,4.0,33930.0,1,3,2019-10-16,15.677777777777775,18.6,13.633333333333333,0.0,1.7444444444444445,0.0,70.77777777777777,9,2019-10-16
2019-10-17,中部,NB-1,5.0,39390.0,1,1,2019-10-17,15.98,20.28,11.773333333333332,0.6333333333333333,3.2066666666666666,0.0,80.13333333333334,15,2019-10-17
2019-10-17,東北,NB-1,1.0,8190.0,1,1,2019-10-17,11.6375,18.2625,6.025,1.125,6.8125,0.0,77.875,8,2019-10-17
2019-10-17,近畿,NB-1,1.0,8840.0,1,1,2019-10-17,17.725,22.65,12.5875,0.0625,2.275,0.0,73.625,8,2019-10-17
2019-10-17,関東,NB-1,3.0,23920.0,1,2,2019-10-17,16.522222222222222,20.45555555555556,13.166666666666666,0.7777777777777778,3.9,0.0,79.66666666666667,9,2019-10-17
2019-10-18,四国,NB-1,1.0,8190.0,1,1,2019-10-18,20.675,23.25,18.775,44.5,0.0999999999999999,0.0,89.25,4,2019-10-18
2019-10-21,中部,NB-1,1.0,7839.0,1,1,2019-10-21,17.240000000000002,19.78,14.726666666666668,19.03333333333333,0.1333333333333333,0.0,83.13333333333334,15,2019-10-21
2019-10-21,九州沖縄,NB-1,1.0,7839.0,1,1,2019-10-21,21.4625,25.35,18.5125,3.4375,4.725,0.0,73.75,8,2019-10-21
2019-10-21,近畿,NB-1,4.0,32058.0,1,2,2019-10-21,18.1625,20.9375,15.5625,11.375,0.0,0.0,81.75,8,2019-10-21
2019-10-21,関東,NB-1,9.0,76557.0,1,4,2019-10-21,18.344444444444445,20.788888888888888,15.755555555555556,5.611111111111111,0.4777777777777777,0.0,75.88888888888889,9,2019-10-21
2019-10-23,中国,NB-1,1.0,8190.0,1,1,2019-10-23,18.457142857142856,23.11428571428572,14.285714285714286,0.6428571428571429,3.071428571428572,0.0,77.85714285714286,7,2019-10-23
2019-10-23,九州沖縄,NB-1,1.0,9750.0,1,1,2019-10-23,21.0625,24.4,18.725,16.0,1.3375,0.0,81.75,8,2019-10-23
2019-10-23,近畿,NB-1,1.0,7540.0,1,1,2019-10-23,19.5625,24.25,15.4125,0.0,6.425,0.0,74.5,8,2019-10-23
2019-10-23,関東,NB-1,2.0,16380.0,1,2,2019-10-23,18.177777777777777,23.95555555555556,12.77777777777778,0.0,8.855555555555556,0.0,75.44444444444444,9,2019-10-23
2019-10-24,九州沖縄,NB-1,1.0,7800.0,1,1,2019-10-24,20.4875,22.6125,18.8,29.625,1.1625,0.0,87.125,8,2019-10-24
2019-10-24,近畿,NB-1,2.0,17030.0,1,1,2019-10-24,18.575,20.7,16.625,29.125,0.0,0.0,85.625,8,2019-10-24
2019-10-24,関東,NB-1,2.0,18200.0,1,1,2019-10-24,17.700000000000003,19.688888888888886,15.355555555555554,1.1111111111111112,0.2333333333333333,0.0,79.22222222222223,9,2019-10-24
2019-10-25,中部,NB-1,3.0,23400.0,1,1,2019-10-25,15.506666666666666,17.073333333333334,14.213333333333331,48.86666666666667,0.16,0.0,92.73333333333332,15,2019-10-25
2019-10-28,中部,NB-1,1.0,8190.0,1,1,2019-10-28,15.133333333333333,20.866666666666667,10.9,0.0,8.613333333333333,0.0,74.26666666666667,15,2019-10-28
2019-10-28,九州沖縄,NB-1,2.0,16380.0,1,2,2019-10-28,18.2,22.5375,13.9,0.75,6.825,0.0,69.625,8,2019-10-28
2019-10-28,近畿,NB-1,1.0,7839.0,1,1,2019-10-28,17.0375,22.675,12.775,0.0,8.9125,0.0,67.75,8,2019-10-28
2019-10-28,関東,NB-1,1.0,8190.0,1,1,2019-10-28,16.41111111111111,20.444444444444443,13.433333333333334,0.0,6.666666666666667,0.0,69.77777777777777,9,2019-10-28
2019-10-29,近畿,NB-1,1.0,8190.0,1,1,2019-10-29,15.4125,17.425,13.7625,13.1875,0.0875,0.0,89.75,8,2019-10-29
2019-10-29,関東,NB-1,1.0,8190.0,1,1,2019-10-29,14.47777777777778,16.044444444444444,12.477777777777778,10.72222222222222,0.0,0.0,91.66666666666669,9,2019-10-29
2019-10-30,九州沖縄,NB-1,2.0,16380.0,1,1,2019-10-30,18.175,22.975,14.4625,0.0625,7.6,0.0,69.625,8,2019-10-30
2019-10-30,近畿,NB-1,1.0,8190.0,1,1,2019-10-30,16.425,21.725,12.9625,0.0,6.2,0.0,79.375,8,2019-10-30
2019-10-31,関東,NB-1,1.0,7540.0,1,1,2019-10-31,16.322222222222223,20.944444444444443,13.022222222222222,0.0,5.4,0.0,79.77777777777777,9,2019-10-31
2019-11-01,中部,NB-1,2.0,16380.0,1,1,2019-11-01,14.606666666666666,21.686666666666667,9.206666666666669,0.2333333333333333,7.046666666666667,0.0,71.86666666666666,15,2019-11-01
2019-11-01,関東,NB-1,3.0,27300.0,1,1,2019-11-01,16.666666666666668,23.31111111111111,11.22222222222222,0.0,9.822222222222225,0.0,68.77777777777777,9,2019-11-01
2019-11-04,近畿,NB-1,1.0,7839.0,1,1,2019-11-04,14.8625,18.3375,11.5125,0.125,7.337499999999999,0.0,63.5,8,2019-11-04
2019-11-04,関東,NB-1,2.0,15678.0,1,2,2019-11-04,14.22222222222222,19.200000000000003,10.033333333333331,1.3888888888888888,7.655555555555556,0.0,67.88888888888889,9,2019-11-04
2019-11-05,中国,NB-1,1.0,7800.0,1,1,2019-11-05,12.042857142857144,18.928571428571427,6.914285714285716,0.0,9.657142857142857,0.0,70.57142857142857,7,2019-11-05
2019-11-05,中部,NB-1,6.0,47190.0,1,1,2019-11-05,11.66,18.066666666666663,6.706666666666666,0.0,9.206666666666669,0.0,67.8,15,2019-11-05
2019-11-05,九州沖縄,NB-1,4.0,32760.0,1,2,2019-11-05,16.5,21.65,12.5375,0.0,9.1,0.0,63.375,8,2019-11-05
2019-11-05,関東,NB-1,3.0,26390.0,1,2,2019-11-05,12.77777777777778,18.77777777777778,7.311111111111111,0.0,9.977777777777778,0.0,61.55555555555556,9,2019-11-05
2019-11-06,近畿,NB-1,1.0,7540.0,1,1,2019-11-06,12.975,19.4875,7.65,0.0,9.85,0.0,70.375,8,2019-11-06
2019-11-06,関東,NB-1,5.0,39650.0,1,4,2019-11-06,13.655555555555557,20.855555555555554,7.577777777777778,0.0,9.966666666666663,0.0,63.333333333333336,9,2019-11-06
2019-11-08,中国,NB-1,1.0,8190.0,1,1,2019-11-08,14.071428571428571,19.457142857142856,9.914285714285716,0.1428571428571428,6.9,0.0,70.28571428571429,7,2019-11-08
2019-11-08,中部,NB-1,3.0,23400.0,1,1,2019-11-08,11.466666666666669,16.333333333333332,6.5600000000000005,0.0,7.766666666666667,0.0,64.26666666666667,15,2019-11-08
2019-11-08,関東,NB-1,3.0,23270.0,1,1,2019-11-08,13.988888888888887,18.3,10.633333333333333,0.0,8.333333333333334,0.0,58.11111111111112,9,2019-11-08
2019-11-11,九州沖縄,NB-1,1.0,8190.0,1,1,2019-11-11,17.75,22.475,13.5875,3.8125,6.6000000000000005,0.0,67.0,8,2019-11-11
2019-11-11,東北,NB-1,3.0,24219.0,1,2,2019-11-11,8.612499999999999,13.1,3.95,1.8125,2.175,0.0,84.125,8,2019-11-11
2019-11-11,近畿,NB-1,2.0,16380.0,1,1,2019-11-11,14.45,19.975,9.8125,1.5,3.85,0.0,72.375,8,2019-11-11
2019-11-11,関東,NB-1,8.0,65728.0,1,4,2019-11-11,13.11111111111111,17.433333333333334,10.066666666666666,6.444444444444445,2.3,0.0,85.22222222222223,9,2019-11-11
2019-11-12,中部,NB-1,1.0,8190.0,1,1,2019-11-12,13.54,19.41333333333333,8.58,0.8333333333333334,8.52,0.0,68.66666666666667,15,2019-11-12
2019-11-12,関東,NB-1,1.0,8190.0,1,1,2019-11-12,14.633333333333336,21.23333333333333,9.344444444444443,0.0,9.533333333333331,0.0,61.22222222222222,9,2019-11-12
2019-11-13,中国,NB-1,1.0,8190.0,1,1,2019-11-13,15.385714285714286,21.25714285714286,8.9,0.8571428571428571,6.785714285714286,0.0,73.71428571428571,7,2019-11-13
2019-11-13,近畿,NB-1,1.0,6890.0,1,1,2019-11-13,14.9875,20.8,8.5875,0.625,8.2625,0.0,66.625,8,2019-11-13
2019-11-13,関東,NB-1,2.0,15340.0,1,1,2019-11-13,13.066666666666666,17.066666666666666,9.322222222222225,1.1111111111111112,3.0,0.0,65.66666666666667,9,2019-11-13
2019-11-14,九州沖縄,NB-1,1.0,8190.0,1,1,2019-11-14,15.25,18.95,10.025,0.4375,6.95,0.0,59.25,8,2019-11-14
2019-11-14,近畿,NB-1,1.0,8840.0,1,1,2019-11-14,13.55,17.4375,8.1625,3.25,3.5125,0.0,68.125,8,2019-11-14
2019-11-14,関東,NB-1,4.0,33280.0,1,2,2019-11-14,15.066666666666666,21.72222222222222,10.244444444444444,0.1666666666666666,5.666666666666667,0.0,64.33333333333333,9,2019-11-14
2019-11-15,中国,NB-1,1.0,7800.0,1,1,2019-11-15,9.4,15.985714285714286,3.6857142857142855,0.0,9.685714285714283,0.0,67.14285714285714,7,2019-11-15
2019-11-15,中部,NB-1,5.0,40950.0,1,3,2019-11-15,9.626666666666669,15.68,5.3133333333333335,1.5666666666666669,7.473333333333334,0.0,67.73333333333333,15,2019-11-15
2019-11-15,関東,NB-1,2.0,15600.0,1,1,2019-11-15,11.533333333333331,16.288888888888888,7.833333333333333,0.0,7.788888888888888,0.0,65.44444444444444,9,2019-11-15
2019-11-18,中部,NB-1,1.0,7839.0,1,1,2019-11-18,15.6,21.83333333333333,9.3,12.566666666666666,5.0,0.0,70.33333333333333,15,2019-11-18
2019-11-18,四国,NB-1,1.0,8190.0,1,1,2019-11-18,17.825,23.25,12.55,4.75,2.6,0.0,75.75,4,2019-11-18
2019-11-18,近畿,NB-1,1.0,8190.0,1,1,2019-11-18,16.625,22.65,10.3375,9.75,3.8375,0.0,76.0,8,2019-11-18
2019-11-18,関東,NB-1,3.0,27040.0,1,1,2019-11-18,14.18888888888889,19.344444444444445,8.466666666666667,0.8888888888888888,5.733333333333333,0.0,70.88888888888889,9,2019-11-18
2019-11-19,中国,NB-1,3.0,24570.0,1,1,2019-11-19,10.9,14.6,7.957142857142857,0.0714285714285714,2.6714285714285717,0.0,57.57142857142857,7,2019-11-19
2019-11-19,九州沖縄,NB-1,1.0,8190.0,1,1,2019-11-19,13.45,16.2,10.8,0.25,3.4625000000000004,0.0,61.375,8,2019-11-19
2019-11-19,北海道,NB-1,1.0,6890.0,1,1,2019-11-19,2.525,6.9375,-2.2625,0.9375,5.5375,1.75,59.375,8,2019-11-19
2019-11-19,近畿,NB-1,3.0,25220.0,1,2,2019-11-19,12.8375,16.8375,8.8,0.4375,5.8875,0.0,59.375,8,2019-11-19
2019-11-19,関東,NB-1,3.0,23920.0,1,2,2019-11-19,15.1,20.633333333333333,10.77777777777778,7.055555555555555,6.355555555555556,0.0,70.66666666666667,9,2019-11-19
2019-11-20,中部,NB-1,1.0,7800.0,1,1,2019-11-20,8.066666666666666,12.5,4.6,1.3666666666666667,6.013333333333334,0.0,65.6,15,2019-11-20
2019-11-20,関東,NB-1,1.0,8190.0,1,1,2019-11-20,10.333333333333334,14.555555555555555,6.944444444444445,0.0,8.166666666666666,0.0,48.22222222222222,9,2019-11-20
2019-11-21,中部,NB-1,1.0,8190.0,1,1,2019-11-21,7.760000000000001,13.993333333333334,2.993333333333333,0.0,8.013333333333334,0.0,69.4,15,2019-11-21
2019-11-21,関東,NB-1,1.0,7540.0,1,1,2019-11-21,9.38888888888889,15.1,4.766666666666667,0.0,9.1,0.0,55.0,9,2019-11-21
2019-11-22,中国,NB-1,1.0,8190.0,1,1,2019-11-22,9.742857142857144,13.957142857142856,5.114285714285714,0.0,1.0714285714285714,0.0,78.57142857142857,7,2019-11-22
2019-11-25,九州沖縄,NB-1,1.0,8190.0,1,1,2019-11-25,18.575,22.2375,15.9625,0.375,2.8,0.0,82.0,8,2019-11-25
2019-11-25,近畿,NB-1,1.0,8840.0,1,1,2019-11-25,14.4375,17.875,11.8,2.125,0.6,0.0,77.875,8,2019-11-25
2019-11-25,関東,NB-1,1.0,8190.0,1,1,2019-11-25,16.08888888888889,21.466666666666665,11.333333333333334,0.2222222222222222,2.9222222222222225,0.0,80.44444444444444,9,2019-11-25
2019-11-26,中国,NB-1,1.0,7800.0,1,1,2019-11-26,11.857142857142858,15.7,9.142857142857142,0.0,4.842857142857143,0.0,64.42857142857143,7,2019-11-26
2019-11-26,中部,NB-1,1.0,8190.0,1,1,2019-11-26,9.373333333333331,12.38,7.393333333333333,2.533333333333333,2.0933333333333333,0.0,76.0,15,2019-11-26
2019-11-26,九州沖縄,NB-1,1.0,9750.0,1,1,2019-11-26,16.375,19.4,14.175,0.0,4.5375,0.0,70.75,8,2019-11-26
2019-11-26,近畿,NB-1,3.0,23920.0,1,2,2019-11-26,12.175,14.7125,10.0625,0.3125,2.3125,0.0,64.0,8,2019-11-26
2019-11-26,関東,NB-1,2.0,15990.0,1,1,2019-11-26,8.81111111111111,11.733333333333333,7.322222222222223,0.9444444444444444,0.0888888888888888,0.0,78.77777777777777,9,2019-11-26
2019-11-27,中国,NB-1,1.0,8190.0,1,1,2019-11-27,12.042857142857144,16.385714285714286,8.528571428571428,1.3571428571428572,1.8571428571428568,0.0,76.57142857142857,7,2019-11-27
2019-11-27,中部,NB-1,1.0,8190.0,1,1,2019-11-27,10.8,14.96,7.666666666666667,0.8,1.3133333333333332,0.0,83.53333333333333,15,2019-11-27
2019-11-27,近畿,NB-1,3.0,25220.0,1,2,2019-11-27,12.5625,15.675,9.95,0.375,0.725,0.0,77.625,8,2019-11-27
2019-11-27,関東,NB-1,2.0,17290.0,1,2,2019-11-27,9.566666666666666,11.988888888888887,7.577777777777778,1.7222222222222223,0.8111111111111111,0.0,84.22222222222223,9,2019-11-27
2019-11-29,中部,NB-1,3.0,23400.0,1,1,2019-11-29,5.346666666666667,10.446666666666664,1.4200000000000002,1.3666666666666667,6.92,0.0909090909090909,62.8,15,2019-11-29
2019-11-29,四国,NB-1,1.0,8190.0,1,1,2019-11-29,8.3,13.6,3.45,0.0,9.025,0.0,62.5,4,2019-11-29
2019-11-29,関東,NB-1,1.0,7540.0,1,1,2019-11-29,5.166666666666667,10.011111111111113,1.2666666666666666,0.0,8.933333333333334,0.0,56.66666666666666,9,2019-11-29
2019-12-02,近畿,NB-1,2.0,15730.0,1,1,2019-12-02,12.4625,16.05,9.625,15.4375,0.3875,0.0,80.25,8,2019-12-02
2019-12-02,関東,NB-1,2.0,16029.0,1,1,2019-12-02,10.822222222222225,15.58888888888889,6.211111111111111,21.61111111111111,0.7222222222222222,0.0,86.55555555555556,9,2019-12-02
2019-12-03,中部,NB-1,6.0,47190.0,1,2,2019-12-03,8.046666666666667,12.253333333333334,4.513333333333334,2.8666666666666667,5.493333333333334,0.0,68.6,15,2019-12-03
2019-12-03,四国,NB-1,1.0,8190.0,1,1,2019-12-03,9.2,12.325,6.525,0.0,5.475,0.0,54.75,4,2019-12-03
2019-12-03,東北,NB-1,1.0,8190.0,1,1,2019-12-03,4.85,9.8625,1.65,5.3125,2.6,1.5,75.25,8,2019-12-03
2019-12-03,近畿,NB-1,1.0,8190.0,1,1,2019-12-03,8.625,11.675,6.25,0.375,3.4875000000000003,0.0,62.625,8,2019-12-03
2019-12-03,関東,NB-1,3.0,24570.0,1,3,2019-12-03,11.3,16.444444444444443,7.044444444444444,0.0,7.955555555555555,0.0,57.888888888888886,9,2019-12-03
2019-12-06,中部,NB-1,1.0,8190.0,1,1,2019-12-06,4.746666666666667,7.8,2.2133333333333334,2.7666666666666666,1.3733333333333335,0.1818181818181818,70.13333333333334,15,2019-12-06
2019-12-06,関東,NB-1,4.0,34580.0,1,2,2019-12-06,6.7444444444444445,10.122222222222222,3.988888888888889,0.0,1.8111111111111111,0.0,55.333333333333336,9,2019-12-06
2019-12-09,九州沖縄,NB-1,2.0,16380.0,1,1,2019-12-09,9.9625,15.975,4.775,0.0,6.725,0.0,72.25,8,2019-12-09
2019-12-09,四国,NB-1,2.0,16380.0,1,1,2019-12-09,8.875,14.725,4.125,0.0,8.35,0.0,73.25,4,2019-12-09
2019-12-09,関東,NB-1,3.0,26390.0,1,2,2019-12-09,5.988888888888889,9.288888888888888,1.955555555555556,0.2777777777777778,1.2333333333333334,0.0,69.44444444444444,9,2019-12-09
2019-12-10,中国,NB-1,1.0,8450.0,1,1,2019-12-10,9.085714285714284,15.971428571428572,3.928571428571429,0.0,6.971428571428571,0.0,75.85714285714286,7,2019-12-10
2019-12-10,中部,NB-1,2.0,16380.0,1,2,2019-12-10,9.52,16.273333333333333,4.693333333333333,0.2,6.913333333333333,0.0,77.13333333333334,15,2019-12-10
2019-12-10,九州沖縄,NB-1,2.0,15990.0,1,1,2019-12-10,11.9125,18.05,6.6875,0.0,6.7125,0.0,72.125,8,2019-12-10
2019-12-10,近畿,NB-1,1.0,8190.0,1,1,2019-12-10,8.7875,14.4875,3.85,0.0,7.9875,0.0,76.75,8,2019-12-10
2019-12-10,関東,NB-1,3.0,24570.0,1,2,2019-12-10,10.22222222222222,14.233333333333333,6.477777777777778,1.6111111111111112,1.6555555555555557,0.0,83.11111111111111,9,2019-12-10
2019-12-11,中部,NB-1,4.0,31200.0,1,1,2019-12-11,9.333333333333334,14.86,3.933333333333333,0.0,4.44,0.0,75.66666666666667,15,2019-12-11
2019-12-11,東北,NB-1,1.0,8190.0,1,1,2019-12-11,6.325,11.875,1.4125,0.0625,4.1625000000000005,0.0,85.875,8,2019-12-11
2019-12-12,近畿,NB-1,1.0,8840.0,1,1,2019-12-12,8.95,13.0375,5.3625,0.625,3.7875,0.0,70.75,8,2019-12-12
2019-12-13,関東,NB-1,2.0,15730.0,1,1,2019-12-13,6.333333333333333,9.11111111111111,4.144444444444444,0.0,1.3222222222222222,0.0,56.66666666666666,9,2019-12-13
2019-12-16,中部,NB-1,5.0,39078.0,1,2,2019-12-16,6.2,13.193333333333332,0.2599999999999999,0.3,7.273333333333331,0.0,71.4,15,2019-12-16
2019-12-16,近畿,NB-1,1.0,7839.0,1,1,2019-12-16,7.6375,13.9875,2.2125,0.0,8.775,0.0,71.75,8,2019-12-16
2019-12-16,関東,NB-1,4.0,31668.0,1,3,2019-12-16,6.377777777777777,12.255555555555556,1.0333333333333334,0.0,8.877777777777778,0.0,66.11111111111111,9,2019-12-16
2019-12-17,中部,NB-1,1.0,8190.0,1,1,2019-12-17,10.053333333333336,13.833333333333334,5.78,4.333333333333333,0.7799999999999999,0.0,86.8,15,2019-12-17
2019-12-17,九州沖縄,NB-1,1.0,8190.0,1,1,2019-12-17,16.25,19.4625,13.1625,9.3125,1.5875,0.0,93.625,8,2019-12-17
2019-12-17,関東,NB-1,1.0,8190.0,1,1,2019-12-17,8.366666666666667,11.411111111111111,4.766666666666667,3.555555555555556,0.4111111111111111,0.0,85.55555555555556,9,2019-12-17
2019-12-18,関東,NB-1,1.0,7540.0,1,1,2019-12-18,10.577777777777778,17.166666666666668,5.622222222222222,0.0555555555555555,5.055555555555555,0.0,76.11111111111111,9,2019-12-18
2019-12-19,中部,NB-1,3.0,23400.0,1,1,2019-12-19,8.346666666666668,11.46,5.0,0.3,2.6333333333333333,0.0,72.53333333333333,15,2019-12-19
2019-12-20,中国,NB-1,1.0,8190.0,1,1,2019-12-20,7.899999999999999,11.542857142857144,4.6571428571428575,0.5714285714285714,3.6571428571428575,0.0,67.0,7,2019-12-20
2019-12-20,関東,NB-1,1.0,9750.0,1,1,2019-12-20,9.5,15.0,5.711111111111111,0.0555555555555555,7.7666666666666675,0.0,67.22222222222223,9,2019-12-20
2019-12-23,中部,NB-1,3.0,24570.0,1,2,2019-12-23,6.673333333333334,11.306666666666668,3.5,5.6,4.973333333333333,0.4545454545454545,84.4,15,2019-12-23
2019-12-23,九州沖縄,NB-1,2.0,15678.0,1,1,2019-12-23,10.5625,16.4375,5.825,0.0,7.125,0.0,76.375,8,2019-12-23
2019-12-23,近畿,NB-1,3.0,21970.0,1,2,2019-12-23,8.025,12.775,4.1375,0.125,5.8875,0.0,81.875,8,2019-12-23
2019-12-23,関東,NB-1,2.0,16029.0,1,2,2019-12-23,6.722222222222222,11.72222222222222,3.2666666666666666,9.0,5.733333333333333,0.0,83.55555555555556,9,2019-12-23
2019-12-24,関東,NB-1,1.0,7540.0,1,1,2019-12-24,7.022222222222222,11.677777777777775,3.033333333333333,0.0,8.011111111111111,0.0,58.0,9,2019-12-24
2019-12-25,近畿,NB-1,1.0,8450.0,1,1,2019-12-25,8.0375,14.0875,2.9125,0.0,8.2625,0.0,71.125,8,2019-12-25
2019-12-25,関東,NB-1,1.0,8190.0,1,1,2019-12-25,5.144444444444444,9.766666666666667,1.411111111111111,0.0,3.6,0.0,61.55555555555556,9,2019-12-25
2019-12-26,関東,NB-1,10.0,91000.0,1,1,2019-12-26,7.422222222222222,11.066666666666666,3.3777777777777778,0.0,0.1111111111111111,0.0,73.55555555555556,9,2019-12-26
2019-12-27,近畿,NB-1,1.0,8190.0,1,1,2019-12-27,8.4375,11.4375,4.35,5.1875,3.9,0.0,68.625,8,2019-12-27
2020-01-06,中国,NB-1,1.0,8190.0,1,1,2020-01-06,6.071428571428571,10.55714285714286,1.1857142857142855,0.2142857142857142,2.4714285714285715,0.0,71.57142857142857,7,2020-01-06
2020-01-06,中部,NB-1,3.0,23517.0,1,1,2020-01-06,4.453333333333333,9.78,-0.6,0.0,6.7733333333333325,0.0909090909090909,64.4,15,2020-01-06
2020-01-06,九州沖縄,NB-1,1.0,7839.0,1,1,2020-01-06,11.0125,15.0875,6.225,0.0625,1.875,0.0,70.0,8,2020-01-06
2020-01-06,東北,NB-1,1.0,8190.0,1,1,2020-01-06,3.0125,6.25,-0.5874999999999999,0.0,4.0625,0.0,61.0,8,2020-01-06
2020-01-06,近畿,NB-1,1.0,7839.0,1,1,2020-01-06,6.4375,10.575,2.0125,0.0,5.7375,0.0,64.875,8,2020-01-06
2020-01-06,関東,NB-1,6.0,46137.0,1,3,2020-01-06,5.944444444444445,11.511111111111113,0.6888888888888888,0.0,8.377777777777778,0.0,51.77777777777778,9,2020-01-06
2020-01-07,中部,NB-1,2.0,16380.0,1,1,2020-01-07,4.933333333333334,8.753333333333334,1.086666666666667,5.466666666666667,0.7133333333333333,0.3636363636363636,82.0,15,2020-01-07
2020-01-07,九州沖縄,NB-1,1.0,8190.0,1,1,2020-01-07,16.1,19.95,12.2125,3.625,1.4,0.0,78.375,8,2020-01-07
2020-01-07,四国,NB-1,1.0,8190.0,1,1,2020-01-07,10.175,14.575,7.15,1.25,0.625,0.0,81.0,4,2020-01-07
2020-01-07,近畿,NB-1,2.0,17030.0,1,1,2020-01-07,6.475,9.9625,4.2375,4.75,0.0,0.0,85.375,8,2020-01-07
2020-01-07,関東,NB-1,2.0,16380.0,1,2,2020-01-07,4.822222222222222,8.355555555555556,1.655555555555556,3.555555555555556,1.0,0.0,73.44444444444444,9,2020-01-07
2020-01-08,中部,NB-1,1.0,8190.0,1,1,2020-01-08,10.48,16.253333333333334,6.206666666666667,19.933333333333334,2.56,0.0,77.73333333333333,15,2020-01-08
2020-01-09,中部,NB-1,3.0,23400.0,1,1,2020-01-09,8.360000000000001,12.2,4.66,1.7,6.553333333333333,0.0,62.8,15,2020-01-09
2020-01-10,九州沖縄,NB-1,2.0,16380.0,1,1,2020-01-10,10.9125,15.2875,6.9875,0.0,8.35,0.0,62.375,8,2020-01-10
2020-01-10,四国,NB-1,1.0,8190.0,1,1,2020-01-10,9.175,13.225,5.45,0.0,8.95,0.0,53.75,4,2020-01-10
2020-01-10,関東,NB-1,1.0,7540.0,1,1,2020-01-10,7.155555555555556,11.955555555555556,3.566666666666667,0.0555555555555555,6.855555555555555,0.0,61.77777777777778,9,2020-01-10
2020-01-13,九州沖縄,NB-1,1.0,7839.0,1,1,2020-01-13,9.375,13.0625,6.0625,0.0,5.375,0.0,58.5,8,2020-01-13
2020-01-14,東北,NB-1,2.0,16380.0,1,1,2020-01-14,2.2125,6.1875,-0.825,1.125,2.5625,0.625,84.25,8,2020-01-14
2020-01-14,近畿,NB-1,2.0,15990.0,1,1,2020-01-14,6.1000000000000005,10.025,2.15,1.4375,3.3125,0.0,68.625,8,2020-01-14
2020-01-14,関東,NB-1,2.0,15730.0,1,1,2020-01-14,7.866666666666666,12.411111111111111,3.2555555555555555,0.0555555555555555,6.922222222222223,0.0,71.22222222222223,9,2020-01-14
2020-01-15,中部,NB-1,2.0,15600.0,1,1,2020-01-15,5.1066666666666665,9.386666666666668,1.9733333333333332,6.266666666666667,4.42,0.3636363636363636,78.8,15,2020-01-15
2020-01-15,九州沖縄,NB-1,2.0,16380.0,1,1,2020-01-15,7.524999999999999,12.1,3.85,0.0,4.3375,0.0,70.625,8,2020-01-15
2020-01-15,近畿,NB-1,2.0,17030.0,1,2,2020-01-15,6.175,9.6625,3.825,1.375,3.25,0.0,77.375,8,2020-01-15
2020-01-16,九州沖縄,NB-1,1.0,8190.0,1,1,2020-01-16,8.575,11.9875,5.675,3.5,0.8625,0.0,72.375,8,2020-01-16
2020-01-20,中国,NB-1,1.0,7800.0,1,1,2020-01-20,7.757142857142857,11.742857142857144,4.485714285714286,0.2142857142857142,2.8285714285714283,0.0,61.71428571428572,7,2020-01-20
2020-01-20,近畿,NB-1,2.0,14729.0,1,2,2020-01-20,8.45,12.425,4.7625,0.0,3.9625,0.0,59.75,8,2020-01-20
2020-01-20,関東,NB-1,1.0,7540.0,1,1,2020-01-20,7.077777777777778,13.933333333333334,1.3444444444444446,0.0,9.355555555555556,0.0,62.77777777777778,9,2020-01-20
2020-01-21,中部,NB-1,1.0,8190.0,1,1,2020-01-21,4.8533333333333335,8.966666666666667,0.5466666666666667,1.0333333333333334,5.86,0.0,63.53333333333333,15,2020-01-21
2020-01-21,近畿,NB-1,3.0,23270.0,1,2,2020-01-21,6.6,10.125,3.125,1.75,3.925,0.0,66.875,8,2020-01-21
2020-01-21,関東,NB-1,3.0,23270.0,1,2,2020-01-21,6.111111111111111,10.7,2.077777777777777,0.0,9.266666666666666,0.0,51.66666666666666,9,2020-01-21
2020-01-22,近畿,NB-1,2.0,16380.0,1,2,2020-01-22,6.0125,10.0,1.35,1.125,2.4375,0.0,73.25,8,2020-01-22
2020-01-22,関東,NB-1,1.0,8190.0,1,1,2020-01-22,4.222222222222222,8.288888888888888,0.0444444444444444,0.0,2.844444444444444,0.0,61.66666666666666,9,2020-01-22
2020-01-23,中部,NB-1,2.0,15600.0,1,1,2020-01-23,7.56,9.746666666666666,5.38,12.233333333333333,0.0266666666666666,0.0,92.0,15,2020-01-23
2020-01-23,近畿,NB-1,2.0,17680.0,1,1,2020-01-23,9.4,11.6125,6.8500000000000005,21.5,0.0,0.0,94.625,8,2020-01-23
2020-01-24,近畿,NB-1,1.0,9750.0,1,1,2020-01-24,10.5,13.7875,7.824999999999999,0.25,1.0125,0.0,78.5,8,2020-01-24
2020-01-24,関東,NB-1,2.0,15730.0,1,2,2020-01-24,9.144444444444444,14.333333333333334,5.055555555555555,0.0,3.922222222222222,0.0,74.11111111111111,9,2020-01-24
2020-01-27,中国,NB-1,1.0,7800.0,1,1,2020-01-27,8.242857142857144,10.028571428571428,6.442857142857143,16.0,0.0,0.0,77.14285714285714,7,2020-01-27
2020-01-27,東北,NB-1,1.0,8190.0,1,1,2020-01-27,1.7625,5.575,-1.95,0.0,3.925,0.0,62.875,8,2020-01-27
2020-01-27,近畿,NB-1,1.0,7839.0,1,1,2020-01-27,8.35,10.425,6.4375,6.0,0.025,0.0,70.625,8,2020-01-27
2020-01-28,中国,NB-1,1.0,7800.0,1,1,2020-01-28,9.285714285714286,11.771428571428572,7.257142857142857,6.642857142857143,0.3571428571428571,0.0,89.42857142857143,7,2020-01-28
2020-01-28,中部,NB-1,1.0,8190.0,1,1,2020-01-28,7.8,11.18,4.266666666666667,12.2,1.0133333333333332,1.3636363636363635,83.93333333333334,15,2020-01-28
2020-01-28,四国,NB-1,1.0,8190.0,1,1,2020-01-28,10.825,12.575,9.05,11.125,0.025,0.0,90.25,4,2020-01-28
2020-01-28,近畿,NB-1,2.0,17030.0,1,1,2020-01-28,11.5,15.8625,8.2,3.625,2.175,0.0,78.375,8,2020-01-28
2020-01-28,関東,NB-1,1.0,9100.0,1,1,2020-01-28,5.322222222222222,8.288888888888888,1.788888888888889,36.5,0.0,0.8888888888888888,95.11111111111111,9,2020-01-28
2020-01-29,関東,NB-1,1.0,7540.0,1,1,2020-01-29,11.7,17.755555555555553,6.455555555555556,34.05555555555556,6.433333333333334,0.0,78.77777777777777,9,2020-01-29
2020-01-30,関東,NB-1,3.0,23140.0,1,1,2020-01-30,10.88888888888889,17.211111111111112,5.922222222222222,0.0555555555555555,8.944444444444445,0.0,60.77777777777778,9,2020-01-30
2020-02-03,関東,NB-1,3.0,26390.0,1,2,2020-02-03,8.2,14.044444444444444,3.288888888888889,0.0,6.377777777777777,0.0,58.22222222222222,9,2020-02-03
2020-02-04,中国,NB-1,2.0,16380.0,1,2,2020-02-04,5.5,11.8,-0.0142857142857142,0.0,9.314285714285717,0.0,66.71428571428571,7,2020-02-04
2020-02-04,中部,NB-1,5.0,39390.0,1,1,2020-02-04,5.52,10.766666666666667,1.0333333333333334,1.1,8.113333333333333,0.0,58.13333333333333,15,2020-02-04
2020-02-04,四国,NB-1,2.0,16380.0,1,1,2020-02-04,6.65,12.0,2.1500000000000004,0.0,9.875,0.0,58.75,4,2020-02-04
2020-02-04,関東,NB-1,3.0,24570.0,1,1,2020-02-04,7.166666666666667,11.466666666666669,3.1777777777777776,0.0555555555555555,5.7444444444444445,0.0,57.44444444444444,9,2020-02-04
2020-02-05,北海道,NB-1,2.0,13780.0,1,1,2020-02-05,-8.0625,-5.0125,-11.3,5.125,3.1125,8.875,72.5,8,2020-02-05
2020-02-05,近畿,NB-1,1.0,8190.0,1,1,2020-02-05,4.9,10.7875,1.1375,1.25,5.15,0.0,64.625,8,2020-02-05
2020-02-05,関東,NB-1,5.0,43680.0,1,2,2020-02-05,6.377777777777777,14.211111111111112,1.2777777777777777,0.0,8.788888888888888,0.0,55.333333333333336,9,2020-02-05
2020-02-06,中部,NB-1,2.0,15600.0,1,1,2020-02-06,0.0199999999999999,3.54,-3.2,0.9666666666666668,6.44,1.5833333333333333,57.333333333333336,15,2020-02-06
2020-02-06,近畿,NB-1,1.0,8840.0,1,1,2020-02-06,2.125,5.0875,-0.1875,0.75,4.9125,0.4285714285714285,65.125,8,2020-02-06
2020-02-06,関東,NB-1,1.0,8190.0,1,1,2020-02-06,1.788888888888889,5.6,-1.588888888888889,0.0,8.455555555555556,0.0,37.77777777777778,9,2020-02-06
2020-02-07,近畿,NB-1,1.0,6890.0,1,1,2020-02-07,2.75,7.0,-1.025,0.0,4.5125,0.0,63.875,8,2020-02-07
2020-02-07,関東,NB-1,1.0,8190.0,1,1,2020-02-07,1.3888888888888888,6.511111111111111,-3.922222222222222,0.0,7.7666666666666675,0.0,51.22222222222222,9,2020-02-07
2020-02-10,東北,NB-1,1.0,8190.0,1,1,2020-02-10,-1.2625,2.7125,-4.9,1.125,3.3000000000000003,2.375,74.0,8,2020-02-10
2020-02-10,近畿,NB-1,1.0,8190.0,1,1,2020-02-10,3.7125,8.887500000000001,-1.0750000000000002,1.0625,2.6125,0.0,71.25,8,2020-02-10
2020-02-10,関東,NB-1,2.0,16380.0,1,2,2020-02-10,3.322222222222222,8.955555555555556,-2.122222222222222,0.0,7.077777777777778,0.0,53.55555555555556,9,2020-02-10
2020-02-12,近畿,NB-1,1.0,6890.0,1,1,2020-02-12,8.325,14.5125,2.1125,4.8125,3.2375000000000003,0.0,70.875,8,2020-02-12
2020-02-12,関東,NB-1,7.0,54080.0,1,2,2020-02-12,7.333333333333333,14.377777777777778,0.0999999999999999,0.0,8.533333333333333,0.0,54.0,9,2020-02-12
2020-02-13,関東,NB-1,1.0,8190.0,1,1,2020-02-13,11.877777777777778,18.522222222222226,6.533333333333333,2.055555555555556,6.188888888888888,0.0,69.11111111111111,9,2020-02-13
2020-02-14,中部,NB-1,2.0,15600.0,1,1,2020-02-14,9.373333333333331,14.173333333333334,5.673333333333333,0.8666666666666667,1.6266666666666665,0.0,81.86666666666666,15,2020-02-14
2020-02-14,関東,NB-1,4.0,32110.0,1,2,2020-02-14,11.444444444444445,16.244444444444444,6.544444444444444,0.0,3.022222222222222,0.0,76.22222222222223,9,2020-02-14
2020-02-17,中国,NB-1,1.0,8450.0,1,1,2020-02-17,4.6000000000000005,8.142857142857142,1.0571428571428572,2.7857142857142856,2.9857142857142853,1.0,64.57142857142857,7,2020-02-17
2020-02-17,中部,NB-1,2.0,16029.0,1,2,2020-02-17,7.466666666666667,12.146666666666668,2.053333333333333,4.1,5.326666666666667,0.0833333333333333,64.66666666666667,15,2020-02-17
2020-02-17,東北,NB-1,1.0,7839.0,1,1,2020-02-17,5.45,9.625,2.025,5.375,1.8125,0.0,77.125,8,2020-02-17
2020-02-17,関東,NB-1,3.0,23920.0,1,2,2020-02-17,9.877777777777778,14.077777777777778,5.888888888888889,4.5,3.911111111111112,0.0,81.33333333333333,9,2020-02-17
2020-02-18,中部,NB-1,7.0,54600.0,1,1,2020-02-18,3.1933333333333334,6.846666666666667,0.08,4.6,4.78,2.6666666666666665,65.33333333333333,15,2020-02-18
2020-02-18,関東,NB-1,4.0,33930.0,1,2,2020-02-18,6.522222222222222,11.377777777777778,2.3666666666666667,0.5,9.266666666666666,0.0,48.333333333333336,9,2020-02-18
2020-02-20,中部,NB-1,1.0,8190.0,1,1,2020-02-20,5.733333333333333,11.1,0.92,0.8333333333333334,4.84,0.0,71.8,15,2020-02-20
2020-02-20,関東,NB-1,2.0,15080.0,1,1,2020-02-20,8.044444444444444,12.677777777777775,3.1555555555555554,0.1111111111111111,4.377777777777777,0.0,62.66666666666666,9,2020-02-20
2020-02-21,中部,NB-1,3.0,23400.0,1,1,2020-02-21,6.786666666666666,13.72,0.7266666666666666,0.0,8.966666666666667,0.0,67.2,15,2020-02-21
2020-02-21,関東,NB-1,1.0,7540.0,1,1,2020-02-21,8.922222222222222,13.955555555555556,4.088888888888889,0.0555555555555555,9.433333333333334,0.0,63.22222222222222,9,2020-02-21
2020-02-24,中部,NB-1,1.0,7839.0,1,1,2020-02-24,7.14,14.013333333333332,0.84,0.3333333333333333,9.353333333333332,0.0,61.06666666666667,15,2020-02-24
2020-02-24,近畿,NB-1,1.0,7839.0,1,1,2020-02-24,7.6,14.4125,1.525,0.0,10.3125,0.0,62.875,8,2020-02-24
2020-02-25,九州沖縄,NB-1,1.0,8190.0,1,1,2020-02-25,15.3625,20.9375,9.6,4.6875,3.35,0.0,73.625,8,2020-02-25
2020-02-25,近畿,NB-1,1.0,8190.0,1,1,2020-02-25,8.7875,12.525,4.875,4.9375,0.0625,0.0,74.25,8,2020-02-25
2020-02-25,関東,NB-1,1.0,8190.0,1,1,2020-02-25,9.077777777777778,14.066666666666666,4.188888888888889,2.055555555555556,3.6,0.0,69.33333333333333,9,2020-02-25
2020-02-26,中部,NB-1,4.0,31200.0,1,1,2020-02-26,7.466666666666667,10.866666666666667,4.846666666666667,2.533333333333333,2.2666666666666666,0.0,80.26666666666667,15,2020-02-26
2020-02-26,北海道,NB-1,1.0,8190.0,1,1,2020-02-26,-3.5375,0.05,-7.4125,0.0,9.6,0.125,62.875,8,2020-02-26
2020-02-26,近畿,NB-1,1.0,7540.0,1,1,2020-02-26,9.7625,12.775,6.9625,4.9375,1.8125,0.0,75.625,8,2020-02-26
2020-02-27,中部,NB-1,1.0,8190.0,1,1,2020-02-27,4.386666666666667,8.613333333333333,1.1266666666666667,1.6666666666666667,6.206666666666666,0.0833333333333333,64.4,15,2020-02-27
2020-02-27,関東,NB-1,2.0,15990.0,1,2,2020-02-27,5.877777777777777,10.544444444444444,2.2444444444444445,0.0,8.855555555555556,0.0,53.22222222222222,9,2020-02-27
2020-02-28,関東,NB-1,1.0,8190.0,1,1,2020-02-28,5.777777777777778,10.877777777777778,0.2111111111111111,0.0,9.0,0.0,49.0,9,2020-02-28
2020-03-02,中国,NB-1,1.0,7800.0,1,1,2020-03-02,9.1,15.5,4.328571428571428,0.0714285714285714,5.714285714285714,0.0,69.28571428571429,7,2020-03-02
2020-03-02,九州沖縄,NB-1,4.0,32409.0,1,4,2020-03-02,13.1625,17.55,9.9875,0.25,7.300000000000001,0.0,71.25,8,2020-03-02
2020-03-02,近畿,NB-1,3.0,25519.0,1,2,2020-03-02,10.825,16.450000000000003,7.0375,0.125,7.2125,0.0,64.375,8,2020-03-02
2020-03-02,関東,NB-1,3.0,27339.0,1,1,2020-03-02,7.611111111111111,10.377777777777778,6.022222222222222,5.055555555555555,0.0,0.0,87.66666666666667,9,2020-03-02
2020-03-03,中部,NB-1,5.0,39000.0,1,1,2020-03-03,8.266666666666667,13.553333333333336,3.693333333333333,0.6,7.333333333333333,0.0,65.8,15,2020-03-03
2020-03-03,近畿,NB-1,2.0,16380.0,1,1,2020-03-03,9.35,13.8,5.7,0.0,7.3625,0.0,62.25,8,2020-03-03
2020-03-03,関東,NB-1,4.0,32760.0,1,2,2020-03-03,10.422222222222222,16.48888888888889,4.566666666666666,0.0,10.266666666666667,0.0,60.11111111111112,9,2020-03-03
2020-03-04,中国,NB-1,1.0,8190.0,1,1,2020-03-04,8.685714285714285,11.5,6.557142857142857,9.214285714285714,0.0285714285714285,0.0,82.85714285714286,7,2020-03-04
2020-03-04,東北,NB-1,1.0,8190.0,1,1,2020-03-04,3.825,6.925,0.4625,2.5,0.6625000000000001,0.0,84.0,8,2020-03-04
2020-03-04,関東,NB-1,3.0,23920.0,1,1,2020-03-04,8.7,10.466666666666669,7.555555555555555,8.277777777777779,0.0,0.0,84.22222222222223,9,2020-03-04
2020-03-05,中部,NB-1,4.0,31850.0,1,2,2020-03-05,5.753333333333333,9.253333333333332,2.1733333333333333,3.4,5.026666666666667,0.0,64.73333333333333,15,2020-03-05
2020-03-05,九州沖縄,NB-1,1.0,7839.0,1,1,2020-03-05,8.7,12.675,5.7125,1.25,7.8,0.0,53.875,8,2020-03-05
2020-03-05,関東,NB-1,2.0,18200.0,1,1,2020-03-05,8.422222222222222,13.21111111111111,4.9,1.8888888888888888,5.933333333333334,0.0,56.44444444444444,9,2020-03-05
2020-03-06,近畿,NB-1,2.0,16380.0,1,1,2020-03-06,7.075,11.85,2.975,0.0,7.8,0.0,55.625,8,2020-03-06
2020-03-09,中部,NB-1,1.0,8190.0,1,1,2020-03-09,10.913333333333332,18.35333333333333,3.546666666666667,0.0,9.553333333333333,0.0,75.26666666666667,15,2020-03-09
2020-03-09,四国,NB-1,1.0,8190.0,1,1,2020-03-09,11.65,17.075000000000003,5.725,0.75,7.175,0.0,74.75,4,2020-03-09
2020-03-09,東北,NB-1,1.0,8190.0,1,1,2020-03-09,10.1375,16.4375,4.7625,0.0,5.2625,0.0,82.75,8,2020-03-09
2020-03-09,近畿,NB-1,2.0,16380.0,1,1,2020-03-09,11.3875,17.8375,4.7625,0.0,8.2375,0.0,72.625,8,2020-03-09
2020-03-09,関東,NB-1,13.0,105027.0,1,4,2020-03-09,12.933333333333334,19.177777777777777,7.044444444444444,0.1111111111111111,5.711111111111111,0.0,78.0,9,2020-03-09
2020-03-10,中国,NB-1,1.0,7800.0,1,1,2020-03-10,12.542857142857144,15.357142857142858,10.271428571428572,32.07142857142857,0.1285714285714285,0.0,89.14285714285714,7,2020-03-10
2020-03-10,近畿,NB-1,2.0,17030.0,1,2,2020-03-10,13.9,17.3125,11.625,18.625,0.3125,0.0,87.875,8,2020-03-10
2020-03-10,関東,NB-1,3.0,24570.0,1,3,2020-03-10,14.366666666666667,16.72222222222222,12.255555555555556,20.666666666666668,0.0111111111111111,0.0,95.77777777777776,9,2020-03-10
2020-03-12,九州沖縄,NB-1,1.0,8190.0,1,1,2020-03-12,10.85,16.4625,5.125,0.0,8.8375,0.0,63.0,8,2020-03-12
2020-03-12,近畿,NB-1,1.0,8190.0,1,1,2020-03-12,9.025,14.2625,4.4125,0.1875,10.8375,0.0,56.25,8,2020-03-12
2020-03-12,関東,NB-1,1.0,8190.0,1,1,2020-03-12,10.38888888888889,15.288888888888888,5.7444444444444445,0.0,10.244444444444444,0.0,49.888888888888886,9,2020-03-12
2020-03-13,中部,NB-1,2.0,15600.0,1,1,2020-03-13,9.606666666666666,17.08,3.0133333333333336,0.4333333333333333,7.873333333333334,0.0,60.53333333333333,15,2020-03-13
2020-03-16,中部,NB-1,2.0,15990.0,1,2,2020-03-16,4.093333333333333,8.94,0.24,4.166666666666667,5.246666666666667,1.6666666666666667,65.06666666666666,15,2020-03-16
2020-03-16,近畿,NB-1,3.0,24570.0,1,2,2020-03-16,5.2875,9.2625,2.1,4.125,5.375,0.0,69.125,8,2020-03-16
2020-03-16,関東,NB-1,2.0,18200.0,1,1,2020-03-16,6.355555555555556,12.77777777777778,2.488888888888889,0.0555555555555555,7.977777777777778,0.0,57.333333333333336,9,2020-03-16
2020-03-17,中部,NB-1,2.0,16380.0,1,2,2020-03-17,5.653333333333333,12.193333333333332,-1.4666666666666666,3.0,8.033333333333333,0.0,59.06666666666667,15,2020-03-17
2020-03-17,近畿,NB-1,2.0,14430.0,1,2,2020-03-17,7.625,14.0375,0.4,0.0,10.675,0.0,63.5,8,2020-03-17
2020-03-17,関東,NB-1,1.0,8190.0,1,1,2020-03-17,6.855555555555556,12.366666666666667,0.5222222222222223,0.0,9.977777777777778,0.0,49.888888888888886,9,2020-03-17
2020-03-18,中部,NB-1,3.0,23400.0,1,1,2020-03-18,10.226666666666668,16.266666666666666,5.113333333333333,3.6,9.14,0.0,61.0,15,2020-03-18
2020-03-18,近畿,NB-1,1.0,8840.0,1,1,2020-03-18,11.85,17.975,7.05,0.25,8.3375,0.0,64.625,8,2020-03-18
2020-03-18,関東,NB-1,3.0,24830.0,1,2,2020-03-18,11.444444444444445,18.433333333333334,4.711111111111111,0.0,10.622222222222222,0.0,52.66666666666666,9,2020-03-18
2020-03-23,中国,NB-1,3.0,24570.0,1,1,2020-03-23,11.6,17.97142857142857,6.271428571428571,0.0,10.814285714285717,0.0,55.71428571428572,7,2020-03-23
2020-03-23,中部,NB-1,4.0,31200.0,1,1,2020-03-23,9.346666666666666,14.733333333333333,4.8,0.8333333333333334,9.673333333333334,0.0,51.66666666666666,15,2020-03-23
2020-03-23,東北,NB-1,1.0,8190.0,1,1,2020-03-23,5.55,10.0625,1.3125,0.0625,7.875,0.0,51.375,8,2020-03-23
2020-03-23,近畿,NB-1,3.0,22620.0,1,2,2020-03-23,11.6,16.325,7.9625,0.3125,10.7125,0.0,52.625,8,2020-03-23
2020-03-23,関東,NB-1,1.0,9750.0,1,1,2020-03-23,10.18888888888889,14.555555555555555,6.855555555555556,0.1666666666666666,4.833333333333333,0.0,49.888888888888886,9,2020-03-23
2020-03-24,中部,NB-1,1.0,8190.0,1,1,2020-03-24,6.16,10.566666666666666,2.6933333333333334,1.1,7.586666666666667,1.25,53.13333333333333,15,2020-03-24
2020-03-25,四国,NB-1,1.0,8190.0,1,1,2020-03-25,11.175,16.75,4.85,0.0,11.3,0.0,52.5,4,2020-03-25
2020-03-25,近畿,NB-1,1.0,8190.0,1,1,2020-03-25,9.3,15.4,3.6,0.0,11.5625,0.0,54.375,8,2020-03-25
2020-03-25,関東,NB-1,2.0,15080.0,1,1,2020-03-25,8.600000000000001,14.922222222222224,1.7000000000000002,0.0,11.677777777777775,0.0,47.11111111111112,9,2020-03-25
2020-03-26,近畿,NB-1,1.0,8190.0,1,1,2020-03-26,13.1,20.7125,5.3625,0.0,9.3,0.0,55.0,8,2020-03-26
2020-03-26,関東,NB-1,1.0,8190.0,1,1,2020-03-26,12.411111111111111,19.788888888888888,5.666666666666667,0.0,10.544444444444444,0.0,49.44444444444444,9,2020-03-26
2020-03-27,四国,NB-1,1.0,8190.0,1,1,2020-03-27,16.725,19.625,13.725,11.75,0.025,0.0,90.0,4,2020-03-27
2020-03-30,九州沖縄,NB-1,1.0,7839.0,1,1,2020-03-30,13.6375,15.4375,12.0,5.9375,0.625,0.0,79.375,8,2020-03-30
2020-03-30,北海道,NB-1,1.0,6890.0,1,1,2020-03-30,3.6625,9.075,-1.7125,0.0,11.375,0.0,65.625,8,2020-03-30
2020-03-31,中国,NB-1,1.0,7800.0,1,1,2020-03-31,12.55714285714286,17.32857142857143,8.385714285714286,2.2857142857142856,1.3857142857142857,0.0,80.28571428571429,7,2020-03-31
2020-03-31,中部,NB-1,4.0,32760.0,1,1,2020-03-31,10.646666666666668,15.026666666666667,6.14,4.3,3.0733333333333333,0.0,82.73333333333333,15,2020-03-31
2020-03-31,近畿,NB-1,2.0,13780.0,1,1,2020-03-31,13.825,18.7,9.6125,0.125,1.35,0.0,76.25,8,2020-03-31
2020-03-31,関東,NB-1,3.0,23790.0,1,2,2020-03-31,9.344444444444443,12.266666666666667,6.066666666666666,0.0555555555555555,0.5333333333333333,0.0,81.44444444444444,9,2020-03-31
2020-04-01,近畿,NB-1,1.0,8190.0,1,1,2020-04-01,13.4625,15.925,10.3625,31.1875,0.05,0.0,85.75,8,2020-04-01
2020-04-02,近畿,NB-1,2.0,15080.0,1,1,2020-04-02,10.7,14.3125,6.7,1.3125,4.8375,0.0,65.5,8,2020-04-02
2020-04-02,関東,NB-1,2.0,15730.0,1,2,2020-04-02,13.133333333333333,18.522222222222226,7.566666666666666,0.3888888888888889,10.155555555555557,0.0,46.44444444444444,9,2020-04-02
2020-04-03,中部,NB-1,3.0,23400.0,1,1,2020-04-03,10.026666666666667,17.626666666666665,2.6866666666666665,0.0,9.873333333333331,0.0,55.333333333333336,15,2020-04-03
2020-04-03,北海道,NB-1,3.0,20670.0,1,1,2020-04-03,5.6625,11.6875,0.5125,0.0,11.1,0.0,56.5,8,2020-04-03
2020-04-03,関東,NB-1,2.0,18200.0,1,1,2020-04-03,11.711111111111112,17.766666666666666,4.288888888888889,0.0,11.144444444444444,0.0,53.0,9,2020-04-03
2020-04-06,中国,NB-1,1.0,8450.0,1,1,2020-04-06,9.271428571428572,16.285714285714285,2.6142857142857143,0.0,12.028571428571428,0.0,56.57142857142857,7,2020-04-06
2020-04-06,中部,NB-1,2.0,15678.0,1,2,2020-04-06,9.18,15.206666666666669,3.933333333333333,0.0666666666666666,9.226666666666668,0.0,53.73333333333333,15,2020-04-06
2020-04-06,九州沖縄,NB-1,4.0,32409.0,1,2,2020-04-06,12.975,18.6125,7.025,0.0,9.9875,0.0,52.0,8,2020-04-06
2020-04-06,近畿,NB-1,1.0,7839.0,1,1,2020-04-06,10.225,15.1875,5.6375,0.0625,11.0125,0.0,52.375,8,2020-04-06
2020-04-06,関東,NB-1,7.0,59709.0,1,1,2020-04-06,10.822222222222225,17.299999999999997,4.2444444444444445,0.0,11.666666666666666,0.0,49.44444444444444,9,2020-04-06
2020-04-07,中部,NB-1,1.0,7800.0,1,1,2020-04-07,10.113333333333332,17.48,3.393333333333333,0.0,9.86,0.0,51.2,15,2020-04-07
2020-04-07,北海道,NB-1,1.0,8190.0,1,1,2020-04-07,4.925,9.0125,1.375,0.375,3.7375,0.0,75.125,8,2020-04-07
2020-04-07,四国,NB-1,1.0,8190.0,1,1,2020-04-07,12.6,18.525,6.825,0.0,10.75,0.0,52.25,4,2020-04-07
2020-04-07,関東,NB-1,4.0,33020.0,1,3,2020-04-07,11.333333333333334,17.044444444444444,5.688888888888889,0.0,9.11111111111111,0.0,52.66666666666666,9,2020-04-07
2020-04-08,中部,NB-1,3.0,23400.0,1,1,2020-04-08,12.0,19.87333333333333,4.306666666666667,0.4,10.02,0.0,53.86666666666667,15,2020-04-08
2020-04-08,近畿,NB-1,1.0,8190.0,1,1,2020-04-08,13.4,20.65,6.7625,0.0,10.675,0.0,56.5,8,2020-04-08
2020-04-08,関東,NB-1,5.0,40820.0,1,2,2020-04-08,13.4,19.677777777777777,6.388888888888889,0.0,10.833333333333334,0.0,63.11111111111112,9,2020-04-08
2020-04-09,関東,NB-1,2.0,15730.0,1,2,2020-04-09,12.344444444444443,18.266666666666666,7.777777777777778,1.7777777777777777,8.11111111111111,0.0,61.55555555555556,9,2020-04-09
2020-04-10,九州沖縄,NB-1,2.0,16380.0,1,1,2020-04-10,14.5375,19.2375,10.1625,0.0,7.7375,0.0,57.625,8,2020-04-10
2020-04-10,近畿,NB-1,1.0,8190.0,1,1,2020-04-10,10.375,14.8875,6.8875,0.0,7.3375,0.0,52.375,8,2020-04-10
2020-04-13,中部,NB-1,2.0,19500.0,1,1,2020-04-13,8.986666666666668,11.4,7.086666666666667,42.56666666666667,0.18,0.75,86.4,15,2020-04-13
2020-04-13,九州沖縄,NB-1,1.0,7839.0,1,1,2020-04-13,11.475,14.1,9.4125,4.8125,3.775,0.0,65.375,8,2020-04-13
2020-04-13,北海道,NB-1,1.0,7839.0,1,1,2020-04-13,3.1,7.425,-0.5625,0.0,9.6,0.0,72.0,8,2020-04-13
2020-04-13,近畿,NB-1,2.0,15730.0,1,2,2020-04-13,10.125,12.375,8.6,35.5625,0.0125,0.0,86.875,8,2020-04-13
2020-04-13,関東,NB-1,3.0,26039.0,1,2,2020-04-13,8.666666666666666,11.155555555555557,5.955555555555556,66.0,0.2555555555555555,0.0,90.77777777777776,9,2020-04-13
2020-04-14,四国,NB-1,1.0,8190.0,1,1,2020-04-14,13.05,19.25,7.775,0.0,12.1,0.0,49.75,4,2020-04-14
2020-04-14,近畿,NB-1,1.0,7540.0,1,1,2020-04-14,11.625,16.6625,6.9,0.4375,10.7625,0.0,54.875,8,2020-04-14
2020-04-15,中部,NB-1,4.0,31590.0,1,2,2020-04-15,11.833333333333334,20.293333333333333,3.1733333333333333,0.0,10.586666666666668,0.0,52.6,15,2020-04-15
2020-04-16,関東,NB-1,1.0,7540.0,1,1,2020-04-16,11.5,15.72222222222222,8.288888888888888,0.0555555555555555,6.088888888888889,0.0,65.33333333333333,9,2020-04-16
2020-04-17,中国,NB-1,1.0,7800.0,1,1,2020-04-17,14.214285714285714,19.65714285714285,8.057142857142857,8.0,3.471428571428571,0.0,70.71428571428571,7,2020-04-17
2020-04-17,関東,NB-1,1.0,9100.0,1,1,2020-04-17,11.622222222222222,15.944444444444445,7.899999999999999,0.4444444444444444,3.7222222222222223,0.0,64.0,9,2020-04-17
2020-04-20,中国,NB-1,1.0,7800.0,1,1,2020-04-20,14.914285714285716,18.885714285714283,11.857142857142858,14.214285714285714,3.642857142857143,0.0,79.57142857142857,7,2020-04-20
2020-04-20,中部,NB-1,1.0,7839.0,1,1,2020-04-20,12.78,16.5,9.946666666666664,18.7,0.64,0.0,85.13333333333334,15,2020-04-20
2020-04-20,九州沖縄,NB-1,2.0,16380.0,1,1,2020-04-20,17.6125,21.2375,14.7875,3.125,6.300000000000001,0.0,74.375,8,2020-04-20
2020-04-20,関東,NB-1,2.0,15379.0,1,2,2020-04-20,10.177777777777775,11.955555555555556,8.366666666666667,10.0,0.0111111111111111,0.0,91.0,9,2020-04-20
2020-04-22,中国,NB-1,1.0,8190.0,1,1,2020-04-22,11.242857142857144,14.62857142857143,8.4,0.0714285714285714,5.871428571428572,0.0,42.0,7,2020-04-22
2020-04-22,中部,NB-1,1.0,8190.0,1,1,2020-04-22,10.133333333333333,14.733333333333333,5.566666666666666,2.1666666666666665,5.693333333333333,0.0,59.73333333333333,15,2020-04-22
2020-04-22,九州沖縄,NB-1,1.0,8190.0,1,1,2020-04-22,13.475,16.625,11.0125,0.125,9.55,0.0,42.25,8,2020-04-22
2020-04-22,北海道,NB-1,4.0,28860.0,1,1,2020-04-22,5.0875,9.2625,2.2375,1.125,5.425,0.0,60.875,8,2020-04-22
2020-04-22,東北,NB-1,1.0,8190.0,1,1,2020-04-22,7.399999999999999,11.1,4.65,4.25,2.8625,0.0,68.0,8,2020-04-22
2020-04-22,近畿,NB-1,1.0,8840.0,1,1,2020-04-22,11.5375,14.425,8.3,0.0,3.8875,0.0,48.5,8,2020-04-22
2020-04-22,関東,NB-1,6.0,53690.0,1,2,2020-04-22,12.622222222222222,18.077777777777776,8.333333333333334,0.1666666666666666,3.7,0.0,63.0,9,2020-04-22
2020-04-23,中部,NB-1,3.0,23790.0,1,2,2020-04-23,8.606666666666666,14.386666666666668,4.1066666666666665,3.633333333333333,6.346666666666667,0.0,63.2,15,2020-04-23
2020-04-23,近畿,NB-1,1.0,8840.0,1,1,2020-04-23,10.3125,14.9125,6.9125,0.0625,5.8125,0.0,58.5,8,2020-04-23
2020-04-23,関東,NB-1,1.0,7540.0,1,1,2020-04-23,11.511111111111113,17.27777777777778,5.922222222222222,0.2777777777777778,8.755555555555555,0.0,53.333333333333336,9,2020-04-23
2020-04-24,中部,NB-1,1.0,8190.0,1,1,2020-04-24,8.773333333333333,15.22,4.026666666666666,2.466666666666667,6.526666666666666,0.0,66.13333333333334,15,2020-04-24
2020-04-27,中国,NB-1,1.0,8450.0,1,1,2020-04-27,13.385714285714286,19.74285714285714,8.057142857142857,0.0,9.642857142857142,0.0,62.285714285714285,7,2020-04-27
2020-04-27,東北,NB-1,3.0,24570.0,1,1,2020-04-27,9.6,14.6,4.925,0.9375,8.5375,0.0,62.5,8,2020-04-27
2020-04-27,関東,NB-1,4.0,34229.0,1,2,2020-04-27,12.844444444444443,17.366666666666667,9.588888888888889,4.166666666666667,3.122222222222222,0.0,73.77777777777777,9,2020-04-27
2020-04-28,中部,NB-1,1.0,8190.0,1,1,2020-04-28,11.746666666666666,18.173333333333336,6.34,0.0333333333333333,10.113333333333332,0.0,57.66666666666666,15,2020-04-28
2020-04-28,九州沖縄,NB-1,1.0,8190.0,1,1,2020-04-28,16.275,21.225,11.55,0.0,11.0125,0.0,55.75,8,2020-04-28
2020-04-28,北海道,NB-1,1.0,6890.0,1,1,2020-04-28,7.05,12.225,2.5125,0.25,8.4125,0.0,70.75,8,2020-04-28
2020-04-28,近畿,NB-1,3.0,23920.0,1,2,2020-04-28,13.75,19.1,8.95,0.0,10.0875,0.0,50.125,8,2020-04-28
2020-04-28,関東,NB-1,7.0,54990.0,1,2,2020-04-28,12.733333333333333,18.27777777777778,8.566666666666666,1.3333333333333333,6.111111111111111,0.0,73.77777777777777,9,2020-04-28
2020-04-30,中部,NB-1,3.0,23790.0,1,2,2020-04-30,16.526666666666667,24.16,8.826666666666666,0.0,12.273333333333332,0.0,58.266666666666666,15,2020-04-30
2020-04-30,九州沖縄,NB-1,1.0,8190.0,1,1,2020-04-30,18.0,24.125,11.625,0.0,12.35,0.0,64.0,8,2020-04-30
2020-04-30,関東,NB-1,6.0,50310.0,1,3,2020-04-30,17.466666666666665,23.200000000000003,10.955555555555556,0.0,11.5,0.0,66.44444444444444,9,2020-04-30
2020-05-01,関東,NB-1,1.0,8190.0,1,1,2020-05-01,19.133333333333333,25.11111111111111,14.055555555555555,0.0,10.633333333333333,0.0,68.33333333333333,9,2020-05-01
2020-05-07,中国,NB-1,1.0,8450.0,1,1,2020-05-07,16.357142857142858,22.014285714285712,10.928571428571429,0.0,12.44285714285714,0.0,59.0,7,2020-05-07
2020-05-07,中部,NB-1,6.0,47619.0,1,3,2020-05-07,14.82,20.26,9.846666666666666,0.0666666666666666,11.546666666666663,0.0,57.2,15,2020-05-07
2020-05-07,九州沖縄,NB-1,4.0,33969.0,1,1,2020-05-07,20.9125,26.075,16.4375,0.0,11.775,0.0,53.0,8,2020-05-07
2020-05-07,北海道,NB-1,2.0,16380.0,1,1,2020-05-07,7.2375,11.6625,3.4,0.3125,7.5,0.0,79.5,8,2020-05-07
2020-05-07,四国,NB-1,1.0,8190.0,1,1,2020-05-07,18.8,24.175,13.7,0.0,13.05,0.0,44.75,4,2020-05-07
2020-05-07,近畿,NB-1,1.0,7839.0,1,1,2020-05-07,16.4375,22.15,12.2125,0.0,12.1375,0.0,52.5,8,2020-05-07
2020-05-07,関東,NB-1,6.0,47138.0,1,4,2020-05-07,15.755555555555556,20.98888888888889,11.255555555555556,0.7222222222222222,11.866666666666667,0.0,55.11111111111112,9,2020-05-07
2020-05-08,中部,NB-1,7.0,55770.0,1,1,2020-05-08,15.506666666666666,22.8,8.433333333333334,0.0,10.466666666666669,0.0,58.06666666666667,15,2020-05-08
2020-05-08,九州沖縄,NB-1,1.0,8190.0,1,1,2020-05-08,20.625,26.2,14.75,0.0,9.1375,0.0,59.125,8,2020-05-08
2020-05-08,近畿,NB-1,2.0,17030.0,1,1,2020-05-08,17.5125,23.825,10.9,0.0,10.3125,0.0,60.375,8,2020-05-08
2020-05-08,関東,NB-1,1.0,7540.0,1,1,2020-05-08,15.72222222222222,22.05555555555556,9.466666666666669,0.0,11.22222222222222,0.0,50.888888888888886,9,2020-05-08
2020-05-11,中国,NB-1,1.0,7839.0,1,1,2020-05-11,20.24285714285714,25.942857142857143,14.928571428571429,0.0,12.5,0.0,65.42857142857143,7,2020-05-11
2020-05-11,中部,NB-1,4.0,32669.0,1,2,2020-05-11,20.78666666666667,27.40666666666667,15.246666666666666,0.3,10.773333333333332,0.0,63.13333333333333,15,2020-05-11
2020-05-11,九州沖縄,NB-1,2.0,16029.0,1,1,2020-05-11,21.575,27.325,17.225,0.5,10.4125,0.0,70.625,8,2020-05-11
2020-05-11,北海道,NB-1,1.0,8190.0,1,1,2020-05-11,11.3,16.35,7.875,1.9375,4.2,0.0,85.0,8,2020-05-11
2020-05-11,近畿,NB-1,1.0,7839.0,1,1,2020-05-11,21.0,27.0125,16.9,0.25,10.5375,0.0,67.25,8,2020-05-11
2020-05-11,関東,NB-1,10.0,82797.0,1,5,2020-05-11,22.811111111111117,28.466666666666665,18.655555555555555,0.6666666666666666,10.744444444444444,0.0,71.22222222222223,9,2020-05-11
2020-05-12,中部,NB-1,5.0,39000.0,1,1,2020-05-12,19.293333333333333,26.71333333333333,12.213333333333331,0.0,9.053333333333336,0.0,59.66666666666666,15,2020-05-12
2020-05-12,北海道,NB-1,1.0,8190.0,1,1,2020-05-12,13.0,18.7125,7.4125,0.0,10.1875,0.0,70.125,8,2020-05-12
2020-05-12,近畿,NB-1,2.0,15730.0,1,1,2020-05-12,20.4375,27.675,14.5375,0.0,8.9125,0.0,59.75,8,2020-05-12
2020-05-12,関東,NB-1,1.0,8190.0,1,1,2020-05-12,20.311111111111117,24.22222222222222,17.27777777777778,0.0,2.711111111111111,0.0,74.66666666666667,9,2020-05-12
2020-05-13,中部,NB-1,1.0,8190.0,1,1,2020-05-13,18.226666666666667,24.466666666666665,12.1,0.0,10.806666666666668,0.0,53.06666666666667,15,2020-05-13
2020-05-13,東北,NB-1,1.0,8190.0,1,1,2020-05-13,15.3,21.1625,10.2,2.9375,6.6125,0.0,65.875,8,2020-05-13
2020-05-13,近畿,NB-1,1.0,8840.0,1,1,2020-05-13,19.5125,24.625,14.225,0.0,10.95,0.0,52.625,8,2020-05-13
2020-05-13,関東,NB-1,1.0,7540.0,1,1,2020-05-13,20.688888888888886,27.45555555555556,15.97777777777778,0.3888888888888889,11.133333333333333,0.0,59.66666666666666,9,2020-05-13
2020-05-14,関東,NB-1,1.0,7540.0,1,1,2020-05-14,20.23333333333333,26.91111111111111,12.833333333333334,0.0,12.655555555555557,0.0,40.66666666666666,9,2020-05-14
2020-05-15,中国,NB-1,3.0,24570.0,1,1,2020-05-15,18.2,22.77142857142857,14.642857142857142,17.357142857142858,0.2428571428571428,0.0,68.85714285714286,7,2020-05-15
2020-05-15,関東,NB-1,2.0,15678.0,1,1,2020-05-15,21.211111111111112,27.211111111111112,14.72222222222222,0.0,8.366666666666667,0.0,49.888888888888886,9,2020-05-15
2020-05-18,中部,NB-1,3.0,23400.0,1,1,2020-05-18,19.126666666666665,24.026666666666664,15.766666666666667,7.466666666666667,4.0200000000000005,0.0,80.53333333333333,15,2020-05-18
2020-05-18,九州沖縄,NB-1,3.0,24219.0,1,3,2020-05-18,21.65,23.65,20.2125,44.625,0.4375,0.0,94.75,8,2020-05-18
2020-05-18,四国,NB-1,1.0,8190.0,1,1,2020-05-18,20.5,23.325,18.725,44.875,1.05,0.0,89.75,4,2020-05-18
2020-05-18,近畿,NB-1,6.0,52169.0,1,2,2020-05-18,20.2,25.35,16.7,30.5625,2.9125,0.0,83.0,8,2020-05-18
2020-05-18,関東,NB-1,4.0,32370.0,1,1,2020-05-18,18.91111111111111,21.166666666666668,17.533333333333335,1.6666666666666667,0.3222222222222222,0.0,87.33333333333333,9,2020-05-18
2020-05-19,九州沖縄,NB-1,1.0,8190.0,1,1,2020-05-19,20.7125,24.45,17.9,2.3125,7.6875,0.0,66.875,8,2020-05-19
2020-05-19,四国,NB-1,1.0,8190.0,1,1,2020-05-19,21.525,25.675,18.45,0.25,8.225,0.0,66.75,4,2020-05-19
2020-05-19,近畿,NB-1,1.0,6890.0,1,1,2020-05-19,20.3125,26.475,16.85,13.0625,3.475,0.0,75.375,8,2020-05-19
2020-05-19,関東,NB-1,2.0,16380.0,1,1,2020-05-19,17.755555555555556,20.5,14.166666666666666,48.05555555555556,0.0666666666666666,0.0,93.55555555555556,9,2020-05-19
2020-05-21,中部,NB-1,4.0,31980.0,1,2,2020-05-21,15.433333333333334,18.84,13.026666666666667,0.5,1.18,0.0,75.73333333333333,15,2020-05-21
2020-05-21,東北,NB-1,1.0,8190.0,1,1,2020-05-21,10.225,13.2,7.7125,0.625,0.2,0.0,84.25,8,2020-05-21
2020-05-21,近畿,NB-1,1.0,9100.0,1,1,2020-05-21,17.3,21.95,13.55,0.25,6.8625,0.0,66.375,8,2020-05-21
2020-05-21,関東,NB-1,6.0,49010.0,1,2,2020-05-21,12.866666666666667,15.4,10.577777777777778,1.0555555555555556,0.0777777777777777,0.0,85.66666666666667,9,2020-05-21
2020-05-25,中部,NB-1,3.0,23868.0,1,3,2020-05-25,21.166666666666668,26.226666666666667,17.0,1.9333333333333331,5.78,0.0,73.73333333333333,15,2020-05-25
2020-05-25,九州沖縄,NB-1,2.0,15678.0,1,2,2020-05-25,23.075,27.2125,20.0625,0.0625,4.1625,0.0,77.0,8,2020-05-25
2020-05-25,近畿,NB-1,6.0,48737.0,1,2,2020-05-25,22.6125,26.8125,19.25,3.0,5.4875,0.0,69.875,8,2020-05-25
2020-05-26,九州沖縄,NB-1,1.0,8190.0,1,1,2020-05-26,21.525,24.3875,19.0875,2.4375,1.1375,0.0,82.5,8,2020-05-26
2020-05-26,関東,NB-1,3.0,23270.0,1,2,2020-05-26,20.666666666666668,24.844444444444445,18.244444444444444,8.61111111111111,0.6555555555555556,0.0,83.77777777777777,9,2020-05-26
2020-05-27,中部,NB-1,6.0,47970.0,1,2,2020-05-27,20.30666666666667,26.1,16.393333333333334,0.6,7.813333333333333,0.0,68.93333333333334,15,2020-05-27
2020-05-27,東北,NB-1,1.0,8190.0,1,1,2020-05-27,17.4625,22.7875,13.875,5.375,3.675,0.0,75.5,8,2020-05-27
2020-05-27,近畿,NB-1,3.0,23270.0,1,2,2020-05-27,20.8,25.8125,17.325,1.5625,6.675000000000001,0.0,71.5,8,2020-05-27
2020-05-27,関東,NB-1,2.0,16900.0,1,2,2020-05-27,20.98888888888889,25.77777777777778,17.766666666666666,1.7777777777777777,6.2444444444444445,0.0,78.22222222222223,9,2020-05-27
2020-05-29,近畿,NB-1,1.0,8190.0,1,1,2020-05-29,21.05,27.5625,14.475,0.0,12.875,0.0,47.5,8,2020-05-29
2020-05-29,関東,NB-1,3.0,27300.0,1,1,2020-05-29,20.61111111111111,27.288888888888888,14.41111111111111,1.0,12.1,0.0,62.66666666666666,9,2020-05-29
2020-06-01,中国,NB-1,4.0,31239.0,1,2,2020-06-01,21.74285714285714,25.485714285714288,18.74285714285714,0.5,1.0285714285714287,0.0,78.14285714285714,7,2020-06-01
2020-06-01,中部,NB-1,2.0,16029.0,1,2,2020-06-01,20.933333333333334,24.96,17.453333333333333,0.2333333333333333,2.3666666666666667,0.0,73.73333333333333,15,2020-06-01
2020-06-01,近畿,NB-1,4.0,33059.0,1,1,2020-06-01,22.4625,27.025,18.2,0.0,5.4750000000000005,0.0,71.0,8,2020-06-01
2020-06-01,関東,NB-1,7.0,54977.0,1,3,2020-06-01,19.55555555555556,21.61111111111111,17.811111111111114,1.1111111111111112,0.2111111111111111,0.0,86.44444444444444,9,2020-06-01
2020-06-02,中国,NB-1,1.0,8450.0,1,1,2020-06-02,22.25714285714286,27.857142857142858,17.414285714285715,0.0,11.614285714285714,0.0,67.14285714285714,7,2020-06-02
2020-06-02,中部,NB-1,2.0,16380.0,1,1,2020-06-02,22.273333333333333,27.85333333333333,18.366666666666667,0.8666666666666667,9.02,0.0,75.0,15,2020-06-02
2020-06-02,九州沖縄,NB-1,1.0,8190.0,1,1,2020-06-02,23.45,27.975,19.1375,0.0,11.0125,0.0,74.875,8,2020-06-02
2020-06-02,近畿,NB-1,2.0,16380.0,1,2,2020-06-02,23.975,28.8875,20.4125,0.0,10.7125,0.0,67.25,8,2020-06-02
2020-06-02,関東,NB-1,5.0,41860.0,1,3,2020-06-02,22.41111111111111,27.11111111111111,18.466666666666665,0.3888888888888889,4.833333333333333,0.0,81.11111111111111,9,2020-06-02
2020-06-03,中部,NB-1,5.0,39780.0,1,2,2020-06-03,22.30666666666667,28.186666666666667,17.426666666666666,0.0,7.086666666666667,0.0,67.93333333333334,15,2020-06-03
2020-06-03,北海道,NB-1,3.0,20670.0,1,1,2020-06-03,16.6625,22.5375,11.5875,0.0,9.8125,0.0,68.25,8,2020-06-03
2020-06-03,近畿,NB-1,1.0,8190.0,1,1,2020-06-03,23.0125,27.7125,19.0625,0.0,4.7,0.0,68.375,8,2020-06-03
2020-06-03,関東,NB-1,1.0,9100.0,1,1,2020-06-03,23.444444444444443,28.33333333333333,19.655555555555555,0.0,7.155555555555556,0.0,73.11111111111111,9,2020-06-03
2020-06-04,中国,NB-1,1.0,7800.0,1,1,2020-06-04,23.357142857142858,28.9,18.457142857142856,0.0,9.357142857142858,0.0,69.71428571428571,7,2020-06-04
2020-06-04,近畿,NB-1,1.0,8190.0,1,1,2020-06-04,24.05,30.8375,19.1875,0.0,8.95,0.0,66.375,8,2020-06-04
2020-06-04,関東,NB-1,4.0,34580.0,1,2,2020-06-04,23.37777777777778,28.188888888888886,19.61111111111111,0.0,5.711111111111111,0.0,78.55555555555556,9,2020-06-04
2020-06-05,中国,NB-1,1.0,7800.0,1,1,2020-06-05,24.1,29.585714285714285,18.77142857142857,0.0,8.871428571428572,0.0,72.71428571428571,7,2020-06-05
2020-06-05,中部,NB-1,4.0,31590.0,1,2,2020-06-05,23.72,30.14,18.433333333333334,0.0,10.78,0.0,70.46666666666667,15,2020-06-05
2020-06-05,九州沖縄,NB-1,1.0,8190.0,1,1,2020-06-05,25.0875,29.95,21.1875,0.0,7.4875,0.0,78.625,8,2020-06-05
2020-06-05,関東,NB-1,2.0,15730.0,1,2,2020-06-05,24.83333333333333,30.133333333333333,20.266666666666666,0.0,9.711111111111112,0.0,72.0,9,2020-06-05
2020-06-08,中国,NB-1,1.0,7800.0,1,1,2020-06-08,23.52857142857143,30.485714285714288,16.37142857142857,0.0,13.542857142857144,0.0,59.0,7,2020-06-08
2020-06-08,中部,NB-1,5.0,40989.0,1,1,2020-06-08,22.33333333333333,28.41333333333333,16.353333333333335,0.0,12.133333333333333,0.0,67.46666666666667,15,2020-06-08
2020-06-08,九州沖縄,NB-1,1.0,8190.0,1,1,2020-06-08,24.925,30.075,19.9,8.25,9.1875,0.0,70.875,8,2020-06-08
2020-06-08,四国,NB-1,1.0,8190.0,1,1,2020-06-08,24.05,29.7,18.975,0.0,12.725,0.0,64.25,4,2020-06-08
2020-06-08,東北,NB-1,4.0,32760.0,1,3,2020-06-08,19.85,26.4875,14.2125,0.0,10.0,0.0,67.25,8,2020-06-08
2020-06-08,近畿,NB-1,2.0,17940.0,1,1,2020-06-08,23.3375,30.4375,16.212500000000002,0.0,13.55,0.0,58.375,8,2020-06-08
2020-06-08,関東,NB-1,9.0,76908.0,1,3,2020-06-08,22.788888888888888,28.11111111111111,18.577777777777776,0.0,9.77777777777778,0.0,71.55555555555556,9,2020-06-08
2020-06-09,中国,NB-1,3.0,24570.0,1,1,2020-06-09,25.214285714285715,31.857142857142858,18.75714285714286,0.0,12.12857142857143,0.0,59.71428571428572,7,2020-06-09
2020-06-09,中部,NB-1,4.0,37440.0,1,2,2020-06-09,24.32,30.82,18.39333333333333,0.0,11.24,0.0,65.2,15,2020-06-09
2020-06-09,近畿,NB-1,2.0,16380.0,1,1,2020-06-09,24.8,30.3625,20.3125,0.0,9.7,0.0,65.625,8,2020-06-09
2020-06-09,関東,NB-1,8.0,66040.0,1,2,2020-06-09,25.33333333333333,31.41111111111111,19.855555555555554,0.0,12.744444444444444,0.0,68.0,9,2020-06-09
2020-06-10,北海道,NB-1,1.0,8190.0,1,1,2020-06-10,18.8125,24.5375,13.3125,0.0,6.0625,0.0,73.375,8,2020-06-10
2020-06-10,四国,NB-1,1.0,8190.0,1,1,2020-06-10,23.6,27.275,21.25,21.5,1.325,0.0,86.5,4,2020-06-10
2020-06-10,近畿,NB-1,1.0,8190.0,1,1,2020-06-10,24.9875,29.4625,21.325,1.1875,2.9,0.0,73.375,8,2020-06-10
2020-06-10,関東,NB-1,4.0,34580.0,1,1,2020-06-10,25.8,31.55555555555556,21.044444444444444,0.3333333333333333,11.422222222222222,0.0,68.66666666666667,9,2020-06-10
2020-06-11,近畿,NB-1,3.0,25870.0,1,1,2020-06-11,24.15,26.1875,22.625,18.4375,0.1375,0.0,91.25,8,2020-06-11
2020-06-11,関東,NB-1,2.0,18200.0,1,1,2020-06-11,24.73333333333333,30.688888888888886,22.077777777777776,18.666666666666668,4.022222222222222,0.0,84.33333333333333,9,2020-06-11
2020-06-12,北海道,NB-1,2.0,13780.0,1,1,2020-06-12,19.65,24.5625,14.875,0.0,9.575,0.0,63.375,8,2020-06-12
2020-06-12,関東,NB-1,4.0,30810.0,1,2,2020-06-12,25.12222222222222,30.744444444444444,21.677777777777777,4.944444444444445,3.7222222222222223,0.0,83.88888888888889,9,2020-06-12
2020-06-15,中部,NB-1,2.0,15678.0,1,2,2020-06-15,25.186666666666667,30.453333333333333,20.686666666666667,0.5,7.673333333333333,0.0,71.93333333333334,15,2020-06-15
2020-06-15,九州沖縄,NB-1,5.0,40950.0,1,3,2020-06-15,25.35,28.2,23.1,18.6875,3.5875,0.0,83.75,8,2020-06-15
2020-06-15,北海道,NB-1,1.0,7839.0,1,1,2020-06-15,17.2875,21.575,14.225,2.375,3.4,0.0,84.0,8,2020-06-15
2020-06-15,東北,NB-1,2.0,16380.0,1,2,2020-06-15,23.5125,28.6875,19.3375,4.1875,9.35,0.0,70.5,8,2020-06-15
2020-06-15,近畿,NB-1,2.0,16029.0,1,2,2020-06-15,26.1125,30.6375,22.425,0.1875,7.85,0.0,73.375,8,2020-06-15
2020-06-15,関東,NB-1,2.0,15379.0,1,2,2020-06-15,26.05555555555556,32.27777777777778,20.95555555555556,6.333333333333333,7.922222222222222,0.0,73.88888888888889,9,2020-06-15
2020-06-16,中部,NB-1,2.0,16380.0,1,1,2020-06-16,22.86,28.90666666666667,18.19333333333333,0.0,8.360000000000001,0.0,66.2,15,2020-06-16
2020-06-16,北海道,NB-1,2.0,16380.0,1,1,2020-06-16,15.475,19.0625,12.9875,4.25,2.0125,0.0,88.375,8,2020-06-16
2020-06-16,四国,NB-1,1.0,8190.0,1,1,2020-06-16,25.5,30.425,21.75,0.0,9.45,0.0,61.5,4,2020-06-16
2020-06-16,近畿,NB-1,1.0,8840.0,1,1,2020-06-16,24.3625,29.575,20.625,0.0625,8.1,0.0,66.25,8,2020-06-16
2020-06-16,関東,NB-1,2.0,16380.0,1,1,2020-06-16,24.8,30.58888888888889,20.355555555555554,3.8333333333333335,8.288888888888888,0.0,68.55555555555556,9,2020-06-16
2020-06-17,中国,NB-1,1.0,7800.0,1,1,2020-06-17,22.885714285714283,28.285714285714285,17.928571428571427,0.0,6.671428571428572,0.0,65.85714285714286,7,2020-06-17
2020-06-17,中部,NB-1,5.0,39780.0,1,2,2020-06-17,21.87333333333333,27.66,16.62666666666667,0.0,10.806666666666668,0.0,68.2,15,2020-06-17
2020-06-17,関東,NB-1,6.0,52780.0,1,2,2020-06-17,23.03333333333333,28.477777777777774,18.62222222222222,0.0,11.988888888888887,0.0,64.66666666666667,9,2020-06-17
2020-06-18,近畿,NB-1,1.0,8840.0,1,1,2020-06-18,20.325,22.9375,18.125,34.875,0.0,0.0,84.875,8,2020-06-18
2020-06-18,関東,NB-1,5.0,41730.0,1,3,2020-06-18,21.88888888888889,25.166666666666668,19.01111111111111,2.388888888888889,0.3,0.0,79.77777777777777,9,2020-06-18
2020-06-19,中部,NB-1,1.0,8190.0,1,1,2020-06-19,18.94,21.46,17.06,31.766666666666666,0.2,0.0,92.26666666666668,15,2020-06-19
2020-06-19,関東,NB-1,2.0,18200.0,1,1,2020-06-19,18.8,20.4,17.644444444444446,34.77777777777778,0.0,0.0,95.33333333333331,9,2020-06-19
2020-06-22,中国,NB-1,1.0,7800.0,1,1,2020-06-22,24.02857142857143,30.214285714285715,17.742857142857144,0.0,12.8,0.0,69.28571428571429,7,2020-06-22
2020-06-22,中部,NB-1,7.0,55146.0,1,3,2020-06-22,21.486666666666668,25.046666666666667,18.886666666666667,5.033333333333333,0.74,0.0,76.93333333333334,15,2020-06-22
2020-06-22,九州沖縄,NB-1,4.0,32058.0,1,2,2020-06-22,24.9375,30.4,19.8625,2.5,11.625,0.0,73.625,8,2020-06-22
2020-06-22,北海道,NB-1,1.0,7839.0,1,1,2020-06-22,14.525,17.0875,12.1125,2.125,0.925,0.0,86.875,8,2020-06-22
2020-06-22,近畿,NB-1,2.0,15379.0,1,1,2020-06-22,24.525,28.75,21.45,0.0,3.7875,0.0,63.0,8,2020-06-22
2020-06-22,関東,NB-1,5.0,38948.0,1,4,2020-06-22,19.48888888888889,21.077777777777776,17.944444444444443,19.444444444444443,0.0,0.0,91.55555555555556,9,2020-06-22
2020-06-23,中部,NB-1,2.0,16380.0,1,1,2020-06-23,23.10666666666667,28.266666666666666,19.1,0.1666666666666666,7.88,0.0,74.06666666666666,15,2020-06-23
2020-06-23,北海道,NB-1,1.0,8190.0,1,1,2020-06-23,16.6875,21.125,13.9375,0.125,3.8125,0.0,84.0,8,2020-06-23
2020-06-23,四国,NB-1,1.0,8190.0,1,1,2020-06-23,25.875,31.225,20.825,0.0,13.075,0.0,61.25,4,2020-06-23
2020-06-23,東北,NB-1,1.0,8190.0,1,1,2020-06-23,20.8625,26.1,16.2,0.5625,5.487500000000001,0.0,77.625,8,2020-06-23
2020-06-23,近畿,NB-1,2.0,16380.0,1,2,2020-06-23,25.225,31.2625,19.9,0.0,12.675,0.0,61.75,8,2020-06-23
2020-06-23,関東,NB-1,3.0,23530.0,1,2,2020-06-23,21.6,26.0,17.866666666666667,4.333333333333333,1.8111111111111111,0.0,87.0,9,2020-06-23
2020-06-24,中国,NB-1,3.0,24570.0,1,1,2020-06-24,25.728571428571428,31.37142857142857,19.985714285714288,0.0,11.885714285714286,0.0,64.42857142857143,7,2020-06-24
2020-06-24,中部,NB-1,2.0,16029.0,1,2,2020-06-24,24.22,29.25333333333333,20.040000000000003,1.3333333333333333,8.1,0.0,74.8,15,2020-06-24
2020-06-24,九州沖縄,NB-1,2.0,16380.0,1,1,2020-06-24,26.5125,31.5625,22.3375,4.1875,9.875,0.0,72.25,8,2020-06-24
2020-06-25,中部,NB-1,6.0,46800.0,1,1,2020-06-25,24.05333333333333,28.633333333333333,21.08,7.7,2.16,0.0,83.66666666666667,15,2020-06-25
2020-06-25,近畿,NB-1,1.0,8840.0,1,1,2020-06-25,25.175,27.5625,22.975,1.6875,0.925,0.0,80.125,8,2020-06-25
2020-06-25,関東,NB-1,3.0,25480.0,1,2,2020-06-25,20.33333333333333,23.766666666666666,18.0,12.0,0.4,0.0,92.66666666666669,9,2020-06-25
2020-06-26,関東,NB-1,1.0,9750.0,1,1,2020-06-26,23.1,28.177777777777777,19.422222222222224,1.5,3.2,0.0,89.11111111111111,9,2020-06-26
2020-06-29,中部,NB-1,3.0,23478.0,1,2,2020-06-29,23.12,28.326666666666664,18.446666666666665,0.0,8.24,0.0,72.4,15,2020-06-29
2020-06-29,東北,NB-1,1.0,7839.0,1,1,2020-06-29,20.6625,24.95,17.5,2.625,3.6125,0.0,77.75,8,2020-06-29
2020-06-29,近畿,NB-1,6.0,47190.0,1,2,2020-06-29,24.725,29.95,19.2375,0.0,9.575,0.0,65.125,8,2020-06-29
2020-06-29,関東,NB-1,8.0,66339.0,1,2,2020-06-29,24.244444444444444,29.022222222222226,19.4,0.3333333333333333,9.044444444444444,0.0,72.55555555555556,9,2020-06-29
2020-06-30,中国,NB-1,1.0,8190.0,1,1,2020-06-30,24.914285714285715,29.11428571428572,21.642857142857142,21.857142857142858,2.857142857142857,0.0,81.85714285714286,7,2020-06-30
2020-06-30,中部,NB-1,4.0,31590.0,1,1,2020-06-30,22.706666666666667,25.98,20.040000000000003,34.333333333333336,0.1133333333333333,0.0,85.6,15,2020-06-30
2020-06-30,九州沖縄,NB-1,1.0,8190.0,1,1,2020-06-30,25.625,28.3125,23.4375,33.625,1.8625,0.0,84.25,8,2020-06-30
2020-07-01,中部,NB-1,2.0,16380.0,1,1,2020-07-01,23.9,27.793333333333333,20.92,20.4,1.7733333333333334,0.0,85.2,15,2020-07-01
2020-07-01,九州沖縄,NB-1,1.0,9750.0,1,1,2020-07-01,24.4125,28.275,21.325,4.1875,5.7875,0.0,75.5,8,2020-07-01
2020-07-01,近畿,NB-1,1.0,8190.0,1,1,2020-07-01,25.6,29.3375,22.7125,2.5,5.2,0.0,72.0,8,2020-07-01
2020-07-01,関東,NB-1,7.0,58370.0,1,2,2020-07-01,24.655555555555555,27.0,22.288888888888888,19.33333333333333,0.1222222222222222,0.0,89.11111111111111,9,2020-07-01
2020-07-02,中部,NB-1,2.0,16380.0,1,2,2020-07-02,23.03333333333333,27.60666666666667,19.66,2.3666666666666667,6.506666666666666,0.0,76.66666666666667,15,2020-07-02
2020-07-03,中部,NB-1,5.0,39780.0,1,2,2020-07-03,21.326666666666664,24.87333333333333,18.88,18.2,0.7,0.0,85.33333333333333,15,2020-07-03
2020-07-03,九州沖縄,NB-1,2.0,16380.0,1,1,2020-07-03,23.55,26.3375,21.3875,46.0625,0.75,0.0,87.75,8,2020-07-03
2020-07-03,近畿,NB-1,1.0,8190.0,1,1,2020-07-03,21.7625,23.75,20.25,38.375,0.0,0.0,85.875,8,2020-07-03
2020-07-03,関東,NB-1,2.0,16380.0,1,1,2020-07-03,23.200000000000003,27.655555555555555,19.58888888888889,4.833333333333333,1.7555555555555555,0.0,79.88888888888889,9,2020-07-03
2020-07-06,中国,NB-1,1.0,7839.0,1,1,2020-07-06,23.885714285714283,25.75714285714286,22.428571428571427,65.85714285714286,0.0,0.0,93.42857142857144,7,2020-07-06
2020-07-06,中部,NB-1,2.0,16029.0,1,2,2020-07-06,23.07333333333333,24.966666666666665,21.41333333333333,43.833333333333336,0.0,0.0,93.46666666666668,15,2020-07-06
2020-07-06,東北,NB-1,4.0,32760.0,1,3,2020-07-06,21.8125,24.95,19.5,6.0625,1.1625,0.0,92.125,8,2020-07-06
2020-07-06,近畿,NB-1,2.0,15678.0,1,2,2020-07-06,24.7625,26.625,23.3625,40.4375,0.0,0.0,90.75,8,2020-07-06
2020-07-06,関東,NB-1,7.0,55679.0,1,4,2020-07-06,23.88888888888889,26.0,21.87777777777778,21.0,0.1222222222222222,0.0,93.22222222222224,9,2020-07-06
2020-07-07,中部,NB-1,4.0,31590.0,1,1,2020-07-07,24.51333333333333,27.146666666666665,22.56,26.9,0.12,0.0,91.46666666666668,15,2020-07-07
2020-07-07,九州沖縄,NB-1,1.0,8190.0,1,1,2020-07-07,25.7375,28.2625,23.5875,121.75,1.3625,0.0,91.375,8,2020-07-07
2020-07-07,近畿,NB-1,2.0,16380.0,1,1,2020-07-07,25.325,28.1875,23.0,13.4375,0.05,0.0,89.625,8,2020-07-07
2020-07-07,関東,NB-1,5.0,39000.0,1,2,2020-07-07,25.95555555555556,28.466666666666665,23.788888888888888,0.4444444444444444,0.3333333333333333,0.0,87.66666666666667,9,2020-07-07
2020-07-08,中国,NB-1,1.0,8190.0,1,1,2020-07-08,24.571428571428573,29.285714285714285,21.142857142857142,15.714285714285714,6.8,0.0,83.28571428571429,7,2020-07-08
2020-07-08,中部,NB-1,3.0,23400.0,1,1,2020-07-08,23.60666666666667,27.040000000000003,21.086666666666662,46.6,1.6266666666666667,0.0,88.93333333333334,15,2020-07-08
2020-07-08,関東,NB-1,3.0,24570.0,1,3,2020-07-08,24.811111111111117,28.322222222222223,21.98888888888889,16.944444444444443,1.1555555555555557,0.0,87.33333333333333,9,2020-07-08
2020-07-09,東北,NB-1,1.0,8190.0,1,1,2020-07-09,23.45,27.5375,20.225,0.9375,2.5,0.0,83.625,8,2020-07-09
2020-07-10,四国,NB-1,1.0,8190.0,1,1,2020-07-10,25.275,27.825,23.4,65.875,0.2,0.0,92.5,4,2020-07-10
2020-07-10,関東,NB-1,2.0,18200.0,1,1,2020-07-10,24.766666666666666,27.422222222222224,22.266666666666666,0.3333333333333333,0.7111111111111111,0.0,88.88888888888889,9,2020-07-10
2020-07-13,中国,NB-1,5.0,40950.0,1,1,2020-07-13,21.485714285714288,23.928571428571427,19.728571428571428,64.92857142857143,0.0,0.0,93.14285714285714,7,2020-07-13
2020-07-13,中部,NB-1,1.0,8190.0,1,1,2020-07-13,20.666666666666668,23.75333333333333,18.626666666666665,15.633333333333333,0.8866666666666666,0.0,86.06666666666666,15,2020-07-13
2020-07-13,近畿,NB-1,1.0,8190.0,1,1,2020-07-13,20.9625,23.0375,19.5125,22.75,0.0,0.0,90.125,8,2020-07-13
2020-07-13,関東,NB-1,5.0,40599.0,1,3,2020-07-13,20.788888888888888,24.244444444444444,18.866666666666667,5.5,0.6222222222222222,0.0,87.11111111111111,9,2020-07-13
2020-07-14,中国,NB-1,2.0,16380.0,1,1,2020-07-14,23.571428571428573,27.071428571428573,21.2,46.07142857142857,1.7857142857142858,0.0,85.28571428571429,7,2020-07-14
2020-07-14,中部,NB-1,4.0,31200.0,1,1,2020-07-14,22.05333333333333,25.42,19.48,27.933333333333334,0.22,0.0,92.26666666666668,15,2020-07-14
2020-07-14,近畿,NB-1,1.0,6890.0,1,1,2020-07-14,24.1,26.6375,21.575,42.25,0.9375,0.0,89.0,8,2020-07-14
2020-07-14,関東,NB-1,2.0,18200.0,1,1,2020-07-14,21.700000000000003,23.8,19.9,8.777777777777779,0.0111111111111111,0.0,94.11111111111111,9,2020-07-14
2020-07-15,関東,NB-1,1.0,8190.0,1,1,2020-07-15,20.355555555555554,22.977777777777774,17.633333333333333,10.944444444444445,0.0666666666666666,0.0,92.44444444444444,9,2020-07-15
2020-07-16,中部,NB-1,1.0,8190.0,1,1,2020-07-16,22.87333333333333,27.74,19.75333333333333,3.066666666666667,5.8133333333333335,0.0,81.66666666666667,15,2020-07-16
2020-07-16,関東,NB-1,4.0,32370.0,1,2,2020-07-16,20.211111111111112,24.01111111111111,17.355555555555554,1.0,1.1222222222222222,0.0,87.33333333333333,9,2020-07-16
2020-07-17,近畿,NB-1,2.0,17680.0,1,1,2020-07-17,23.725,26.725,21.8125,4.4375,0.4875,0.0,85.375,8,2020-07-17
2020-07-17,関東,NB-1,2.0,18200.0,1,1,2020-07-17,19.633333333333333,21.244444444444444,18.344444444444445,15.27777777777778,0.0,0.0,95.0,9,2020-07-17
2020-07-20,中部,NB-1,2.0,15678.0,1,2,2020-07-20,26.326666666666664,31.03333333333333,22.64,2.1666666666666665,4.193333333333333,0.0,78.86666666666666,15,2020-07-20
2020-07-20,九州沖縄,NB-1,3.0,24570.0,1,1,2020-07-20,29.0375,32.9625,26.0875,1.75,7.2,0.0,80.5,8,2020-07-20
2020-07-20,北海道,NB-1,3.0,20670.0,1,1,2020-07-20,20.55,25.0375,17.2375,0.0,9.55,0.0,84.875,8,2020-07-20
2020-07-20,四国,NB-1,1.0,8190.0,1,1,2020-07-20,28.725,33.0,24.725,0.0,8.774999999999999,0.0,75.0,4,2020-07-20
2020-07-20,東北,NB-1,1.0,8190.0,1,1,2020-07-20,23.775,29.55,19.65,0.0,7.2625,0.0,81.375,8,2020-07-20
2020-07-20,近畿,NB-1,3.0,25129.0,1,2,2020-07-20,28.3375,33.0875,24.5875,0.0,7.2625,0.0,73.375,8,2020-07-20
2020-07-20,関東,NB-1,4.0,32058.0,1,3,2020-07-20,25.433333333333334,30.377777777777776,21.966666666666665,1.9444444444444444,5.133333333333334,0.0,83.33333333333333,9,2020-07-20
2020-07-21,中国,NB-1,1.0,8450.0,1,1,2020-07-21,27.785714285714285,32.1,24.357142857142858,3.928571428571429,4.185714285714286,0.0,78.85714285714286,7,2020-07-21
2020-07-21,中部,NB-1,1.0,8190.0,1,1,2020-07-21,26.466666666666665,31.473333333333336,23.426666666666662,9.9,2.966666666666667,0.0,82.53333333333333,15,2020-07-21
2020-07-21,九州沖縄,NB-1,1.0,8190.0,1,1,2020-07-21,28.9375,32.7875,26.2,5.3125,5.75,0.0,81.375,8,2020-07-21
2020-07-21,東北,NB-1,2.0,16380.0,1,2,2020-07-21,23.375,27.25,20.675,24.125,1.45,0.0,88.375,8,2020-07-21
2020-07-21,近畿,NB-1,3.0,20670.0,1,1,2020-07-21,28.8125,34.3875,25.2375,10.0625,7.5125,0.0,74.875,8,2020-07-21
2020-07-21,関東,NB-1,3.0,23790.0,1,2,2020-07-21,24.25555555555556,27.37777777777778,21.744444444444447,2.611111111111111,0.4555555555555555,0.0,90.22222222222224,9,2020-07-21
2020-07-22,中国,NB-1,2.0,16380.0,1,1,2020-07-22,25.342857142857145,28.65714285714285,22.714285714285715,21.714285714285715,1.5,0.0,84.42857142857143,7,2020-07-22
2020-07-22,中部,NB-1,5.0,39000.0,1,1,2020-07-22,25.84,30.68,22.51333333333333,8.6,7.393333333333333,0.0,79.0,15,2020-07-22
2020-07-22,九州沖縄,NB-1,1.0,8190.0,1,1,2020-07-22,28.525,32.6125,25.875,5.9375,5.525,0.0,80.0,8,2020-07-22
2020-07-22,近畿,NB-1,1.0,8190.0,1,1,2020-07-22,27.4125,31.6125,24.3125,1.0,6.8875,0.0,71.875,8,2020-07-22
2020-07-27,中国,NB-1,2.0,15990.0,1,1,2020-07-27,25.842857142857145,28.65714285714285,23.7,10.214285714285714,0.1571428571428571,0.0,88.85714285714286,7,2020-07-27
2020-07-27,中部,NB-1,4.0,31356.0,1,2,2020-07-27,24.626666666666665,28.03333333333333,21.94,12.566666666666666,0.32,0.0,89.6,15,2020-07-27
2020-07-27,九州沖縄,NB-1,6.0,48789.0,1,2,2020-07-27,26.5,28.6,24.825,46.4375,1.4500000000000002,0.0,91.375,8,2020-07-27
2020-07-27,北海道,NB-1,1.0,7839.0,1,1,2020-07-27,17.3875,20.3,15.2625,6.0,3.5625,0.0,87.125,8,2020-07-27
2020-07-27,東北,NB-1,2.0,16380.0,1,1,2020-07-27,22.9875,26.725,20.95,34.0625,0.925,0.0,93.0,8,2020-07-27
2020-07-27,近畿,NB-1,4.0,32058.0,1,2,2020-07-27,26.025,29.8625,22.825,2.625,0.6625,0.0,85.75,8,2020-07-27
2020-07-27,関東,NB-1,14.0,117156.0,1,4,2020-07-27,25.422222222222224,28.78888888888889,23.155555555555555,2.833333333333333,1.5111111111111113,0.0,89.88888888888889,9,2020-07-27
2020-07-28,中部,NB-1,3.0,25090.0,1,2,2020-07-28,25.466666666666665,28.56,23.16,13.633333333333333,0.6666666666666666,0.0,87.73333333333333,15,2020-07-28
2020-07-28,四国,NB-1,1.0,8190.0,1,1,2020-07-28,27.1,32.15,24.65,10.125,2.35,0.0,87.0,4,2020-07-28
2020-07-28,東北,NB-1,2.0,16900.0,1,1,2020-07-28,21.275,23.1125,19.5,69.0,0.525,0.0,95.375,8,2020-07-28
2020-07-28,近畿,NB-1,2.0,16380.0,1,2,2020-07-28,27.1875,30.8875,24.8875,1.625,1.7875,0.0,84.625,8,2020-07-28
2020-07-28,関東,NB-1,3.0,24570.0,1,1,2020-07-28,25.155555555555555,28.077777777777776,22.655555555555555,4.111111111111111,0.3777777777777777,0.0,92.0,9,2020-07-28
2020-07-29,中部,NB-1,7.0,60450.0,1,1,2020-07-29,24.966666666666665,29.02,22.53333333333333,2.033333333333333,1.82,0.0,86.26666666666667,15,2020-07-29
2020-07-29,北海道,NB-1,5.0,35750.0,1,1,2020-07-29,19.0625,22.7125,16.1875,0.0625,4.5,0.0,83.25,8,2020-07-29
2020-07-29,近畿,NB-1,3.0,20670.0,1,1,2020-07-29,27.0625,31.4375,24.75,5.6875,3.075,0.0,84.0,8,2020-07-29
2020-07-30,近畿,NB-1,1.0,8840.0,1,1,2020-07-30,27.1125,31.8625,24.6625,12.375,4.3875,0.0,85.0,8,2020-07-30
2020-07-30,関東,NB-1,3.0,23530.0,1,2,2020-07-30,22.25555555555556,25.133333333333333,19.633333333333333,0.8333333333333334,0.1555555555555555,0.0,86.55555555555556,9,2020-07-30
2020-08-03,中国,NB-1,1.0,7839.0,1,1,2020-08-03,28.057142857142857,32.44285714285714,24.914285714285715,0.0,3.685714285714286,0.0,75.0,7,2020-08-03
2020-08-03,九州沖縄,NB-1,3.0,24219.0,1,3,2020-08-03,28.625,32.7125,25.525,0.0,7.825,0.0,75.375,8,2020-08-03
2020-08-03,北海道,NB-1,1.0,8190.0,1,1,2020-08-03,22.375,26.3625,19.05,2.5625,6.75,0.0,83.875,8,2020-08-03
2020-08-03,四国,NB-1,2.0,16380.0,1,1,2020-08-03,28.4,32.15,25.95,0.0,3.7,0.0,78.0,4,2020-08-03
2020-08-03,近畿,NB-1,1.0,8840.0,1,1,2020-08-03,28.6375,33.0125,25.45,0.0,4.4375,0.0,74.875,8,2020-08-03
2020-08-03,関東,NB-1,5.0,39299.0,1,2,2020-08-03,26.62222222222222,31.977777777777774,22.08888888888889,0.0,9.066666666666666,0.0,76.44444444444444,9,2020-08-03
2020-08-04,中部,NB-1,8.0,62790.0,1,1,2020-08-04,27.65333333333333,32.85333333333333,23.886666666666667,0.0,7.053333333333333,0.0,75.2,15,2020-08-04
2020-08-04,北海道,NB-1,2.0,16380.0,1,1,2020-08-04,23.1,27.025,20.0375,4.6875,1.6375000000000002,0.0,88.375,8,2020-08-04
2020-08-04,近畿,NB-1,1.0,7540.0,1,1,2020-08-04,28.6875,33.3875,25.3,0.0,5.0,0.0,71.125,8,2020-08-04
2020-08-04,関東,NB-1,6.0,48360.0,1,3,2020-08-04,27.933333333333334,32.81111111111111,23.866666666666667,0.0,10.155555555555557,0.0,76.22222222222223,9,2020-08-04
2020-08-05,中部,NB-1,1.0,8190.0,1,1,2020-08-05,27.87333333333333,33.2,23.62,0.0666666666666666,10.52,0.0,74.13333333333334,15,2020-08-05
2020-08-05,近畿,NB-1,2.0,16900.0,1,2,2020-08-05,28.975,34.1625,25.0,0.0,10.95,0.0,70.5,8,2020-08-05
2020-08-05,関東,NB-1,4.0,35490.0,1,2,2020-08-05,28.744444444444444,33.96666666666667,24.766666666666666,0.0,10.433333333333334,0.0,75.44444444444444,9,2020-08-05
2020-08-06,中部,NB-1,2.0,15600.0,1,1,2020-08-06,28.22,33.526666666666664,23.57333333333333,0.0,9.766666666666667,0.0,72.0,15,2020-08-06
2020-08-06,近畿,NB-1,1.0,7540.0,1,1,2020-08-06,29.0625,34.025,24.8375,0.0,11.3125,0.0,69.375,8,2020-08-06
2020-08-06,関東,NB-1,2.0,16380.0,1,1,2020-08-06,28.433333333333334,33.55555555555556,24.83333333333333,0.0,9.31111111111111,0.0,76.44444444444444,9,2020-08-06
2020-08-07,九州沖縄,NB-1,1.0,8190.0,1,1,2020-08-07,29.45,33.275,26.65,4.0625,4.2250000000000005,0.0,76.125,8,2020-08-07
2020-08-07,近畿,NB-1,3.0,25220.0,1,2,2020-08-07,28.575,32.425,25.975,7.375,3.1375,0.0,74.125,8,2020-08-07
2020-08-07,関東,NB-1,6.0,49660.0,1,2,2020-08-07,29.06666666666667,33.84444444444445,25.433333333333334,0.0,8.344444444444443,0.0,73.44444444444444,9,2020-08-07
2020-08-11,九州沖縄,NB-1,1.0,7839.0,1,1,2020-08-11,28.6875,32.1375,25.8625,16.6875,2.625,0.0,83.5,8,2020-08-11
2020-08-11,近畿,NB-1,4.0,32357.0,1,3,2020-08-11,30.775,35.4,27.8625,3.75,7.7,0.0,71.0,8,2020-08-11
2020-08-11,関東,NB-1,11.0,89258.0,1,4,2020-08-11,30.966666666666665,36.7,26.1,0.0,12.533333333333331,0.0,70.66666666666667,9,2020-08-11
2020-08-12,近畿,NB-1,2.0,17680.0,1,1,2020-08-12,29.8125,34.825,26.7625,2.4375,7.4375,0.0,74.375,8,2020-08-12
2020-08-12,関東,NB-1,2.0,16380.0,1,1,2020-08-12,29.477777777777774,35.2,26.45555555555556,8.11111111111111,8.122222222222222,0.0,77.44444444444444,9,2020-08-12
2020-08-13,中国,NB-1,1.0,8190.0,1,1,2020-08-13,29.62857142857143,33.9,26.414285714285715,0.0714285714285714,7.171428571428572,0.0,76.14285714285714,7,2020-08-13
2020-08-13,関東,NB-1,1.0,7540.0,1,1,2020-08-13,29.466666666666665,35.34444444444444,25.61111111111111,6.444444444444445,8.644444444444444,0.0,75.11111111111111,9,2020-08-13
2020-08-14,近畿,NB-1,1.0,8190.0,1,1,2020-08-14,30.6375,35.75,26.5875,0.0,11.225,0.0,71.0,8,2020-08-14
2020-08-17,九州沖縄,NB-1,2.0,15678.0,1,2,2020-08-17,30.9125,35.525,27.0375,0.0,11.775,0.0,70.25,8,2020-08-17
2020-08-17,東北,NB-1,2.0,16380.0,1,1,2020-08-17,26.125,30.3875,23.2875,3.6875,2.3875,0.0,82.125,8,2020-08-17
2020-08-17,近畿,NB-1,5.0,40807.0,1,3,2020-08-17,31.1375,36.525,26.75,0.0,11.875,0.0,64.0,8,2020-08-17
2020-08-17,関東,NB-1,3.0,23868.0,1,3,2020-08-17,29.811111111111117,35.388888888888886,26.33333333333333,6.555555555555555,6.944444444444445,0.0,75.66666666666667,9,2020-08-17
2020-08-18,中国,NB-1,1.0,8190.0,1,1,2020-08-18,29.15714285714285,34.91428571428572,24.642857142857142,0.0,10.37142857142857,0.0,71.85714285714286,7,2020-08-18
2020-08-18,中部,NB-1,12.0,95940.0,1,4,2020-08-18,28.4,33.53333333333333,24.36,0.8666666666666667,9.753333333333334,0.0,71.06666666666666,15,2020-08-18
2020-08-18,九州沖縄,NB-1,5.0,40950.0,1,2,2020-08-18,30.6375,35.875,26.5625,0.0,12.15,0.0,69.5,8,2020-08-18
2020-08-18,四国,NB-1,1.0,8190.0,1,1,2020-08-18,30.5,35.75,25.8,0.0,12.425,0.0,65.5,4,2020-08-18
2020-08-18,東北,NB-1,1.0,8190.0,1,1,2020-08-18,25.8875,31.05,22.2625,0.0,8.9375,0.0,77.125,8,2020-08-18
2020-08-18,近畿,NB-1,4.0,35360.0,1,1,2020-08-18,30.2375,35.475,26.5625,0.0,10.575,0.0,63.375,8,2020-08-18
2020-08-18,関東,NB-1,3.0,24570.0,1,2,2020-08-18,29.05555555555556,33.666666666666664,25.98888888888889,0.1111111111111111,7.722222222222222,0.0,73.66666666666667,9,2020-08-18
2020-08-19,近畿,NB-1,4.0,37180.0,1,2,2020-08-19,30.1625,36.425,24.95,0.0,12.0875,0.0,63.625,8,2020-08-19
2020-08-19,関東,NB-1,7.0,59540.0,1,2,2020-08-19,28.67777777777778,33.93333333333333,24.91111111111111,0.0,11.022222222222222,0.0,71.55555555555556,9,2020-08-19
2020-08-20,中部,NB-1,5.0,39000.0,1,1,2020-08-20,29.266666666666666,35.28,24.65333333333333,0.0,10.453333333333337,0.0,72.53333333333333,15,2020-08-20
2020-08-20,東北,NB-1,1.0,8190.0,1,1,2020-08-20,27.6125,34.475,22.025,0.0,11.625,0.0,71.5,8,2020-08-20
2020-08-20,近畿,NB-1,4.0,33410.0,1,2,2020-08-20,30.925,36.45,26.9125,0.0,11.4875,0.0,68.625,8,2020-08-20
2020-08-20,関東,NB-1,7.0,61880.0,1,1,2020-08-20,29.466666666666665,35.099999999999994,24.855555555555554,0.0,11.488888888888887,0.0,71.22222222222223,9,2020-08-20
2020-08-24,中国,NB-1,2.0,15990.0,1,2,2020-08-24,28.3,33.9,23.314285714285717,0.0,11.414285714285716,0.0,73.42857142857143,7,2020-08-24
2020-08-24,中部,NB-1,7.0,56160.0,1,4,2020-08-24,27.05333333333333,32.86,22.746666666666663,0.3,9.873333333333331,0.0,75.2,15,2020-08-24
2020-08-24,九州沖縄,NB-1,2.0,16380.0,1,2,2020-08-24,29.2125,33.9875,25.2375,13.0625,9.25,0.0,76.0,8,2020-08-24
2020-08-24,四国,NB-1,1.0,8190.0,1,1,2020-08-24,29.45,34.125,25.325,0.0,10.825,0.0,72.0,4,2020-08-24
2020-08-24,近畿,NB-1,3.0,25480.0,1,2,2020-08-24,29.4375,34.4875,25.5,0.0,10.2125,0.0,70.875,8,2020-08-24
2020-08-24,関東,NB-1,6.0,46436.0,1,3,2020-08-24,27.077777777777776,31.966666666666665,23.58888888888889,0.0,8.655555555555557,0.0,77.77777777777777,9,2020-08-24
2020-08-25,中国,NB-1,2.0,16380.0,1,2,2020-08-25,29.885714285714283,35.528571428571425,24.928571428571427,0.0,10.742857142857144,0.0,69.28571428571429,7,2020-08-25
2020-08-25,中部,NB-1,3.0,23790.0,1,1,2020-08-25,28.22,33.96,23.78,0.1666666666666666,9.486666666666668,0.0,71.4,15,2020-08-25
2020-08-25,北海道,NB-1,1.0,8190.0,1,1,2020-08-25,21.3875,26.0125,18.075,0.25,4.325,0.0,84.625,8,2020-08-25
2020-08-25,近畿,NB-1,1.0,6890.0,1,1,2020-08-25,30.0625,35.425,26.025,0.0,10.5625,0.0,69.0,8,2020-08-25
2020-08-25,関東,NB-1,4.0,33020.0,1,3,2020-08-25,27.27777777777778,32.18888888888889,23.91111111111111,0.0,9.011111111111113,0.0,74.55555555555556,9,2020-08-25
2020-08-26,中部,NB-1,7.0,54600.0,1,1,2020-08-26,28.68,34.266666666666666,24.33333333333333,0.0,10.166666666666666,0.0,70.13333333333334,15,2020-08-26
2020-08-27,中部,NB-1,2.0,15600.0,1,1,2020-08-27,28.793333333333333,33.75333333333334,25.186666666666667,5.3,7.113333333333333,0.0,72.8,15,2020-08-27
2020-08-27,北海道,NB-1,2.0,16380.0,1,1,2020-08-27,23.6875,28.275,20.4125,0.0,7.0,0.0,86.875,8,2020-08-27
2020-08-27,東北,NB-1,4.0,32760.0,1,2,2020-08-27,27.975,33.675,23.4875,0.0,9.1625,0.0,77.5,8,2020-08-27
2020-08-28,中国,NB-1,2.0,16900.0,1,1,2020-08-28,29.885714285714283,35.357142857142854,25.785714285714285,0.0,9.414285714285716,0.0,68.14285714285714,7,2020-08-28
2020-08-28,四国,NB-1,2.0,16029.0,1,1,2020-08-28,29.65,34.6,25.025,0.0,11.35,0.0,71.75,4,2020-08-28
2020-08-28,関東,NB-1,1.0,8190.0,1,1,2020-08-28,29.622222222222224,34.21111111111112,26.066666666666663,0.3333333333333333,7.788888888888888,0.0,77.0,9,2020-08-28
2020-08-31,中部,NB-1,1.0,8190.0,1,1,2020-08-31,27.813333333333333,32.72666666666667,24.74,2.6,6.653333333333333,0.0,78.06666666666666,15,2020-08-31
2020-08-31,近畿,NB-1,6.0,49699.0,1,3,2020-08-31,29.9375,36.15,25.7375,0.8125,9.95,0.0,68.75,8,2020-08-31
2020-08-31,関東,NB-1,10.0,79495.0,1,4,2020-08-31,26.51111111111111,31.511111111111116,22.544444444444444,1.8333333333333333,3.644444444444445,0.0,82.33333333333333,9,2020-08-31
2020-09-01,中国,NB-1,1.0,8190.0,1,1,2020-09-01,29.585714285714285,34.7,25.585714285714285,0.0,10.114285714285714,0.0,72.42857142857143,7,2020-09-01
2020-09-01,中部,NB-1,2.0,16380.0,1,2,2020-09-01,27.05333333333333,31.540000000000003,24.33333333333333,4.2,4.493333333333334,0.0,78.0,15,2020-09-01
2020-09-01,九州沖縄,NB-1,2.0,16380.0,1,1,2020-09-01,29.65,33.725,26.35,12.125,3.975,0.0,75.75,8,2020-09-01
2020-09-01,四国,NB-1,1.0,8190.0,1,1,2020-09-01,30.025,35.175,26.35,0.0,9.75,0.0,72.5,4,2020-09-01
2020-09-01,近畿,NB-1,4.0,34710.0,1,2,2020-09-01,29.5875,34.8625,26.4,1.0625,8.65,0.0,71.875,8,2020-09-01
2020-09-01,関東,NB-1,6.0,49140.0,1,3,2020-09-01,24.788888888888888,27.688888888888886,22.044444444444444,0.8333333333333334,0.2444444444444444,0.0,84.77777777777777,9,2020-09-01
2020-09-02,九州沖縄,NB-1,1.0,8190.0,1,1,2020-09-02,29.55,32.725,26.2125,10.0,2.4375,0.0,76.25,8,2020-09-02
2020-09-02,北海道,NB-1,1.0,6890.0,1,1,2020-09-02,20.0375,23.9125,16.1875,0.375,5.15,0.0,84.25,8,2020-09-02
2020-09-02,関東,NB-1,1.0,8190.0,1,1,2020-09-02,26.766666666666666,31.28888888888889,24.03333333333333,11.555555555555555,2.711111111111111,0.0,90.22222222222224,9,2020-09-02
2020-09-03,中国,NB-1,1.0,9750.0,1,1,2020-09-03,30.628571428571423,34.957142857142856,26.285714285714285,0.0,7.257142857142857,0.0,60.85714285714285,7,2020-09-03
2020-09-03,中部,NB-1,4.0,31200.0,1,1,2020-09-03,28.28,32.98,25.146666666666665,15.233333333333333,3.32,0.0,77.53333333333333,15,2020-09-03
2020-09-03,九州沖縄,NB-1,1.0,7800.0,1,1,2020-09-03,28.5375,32.225,25.8625,3.0,6.9,0.0,72.75,8,2020-09-03
2020-09-03,関東,NB-1,3.0,22620.0,1,1,2020-09-03,28.633333333333333,33.36666666666667,25.966666666666665,7.388888888888889,6.6,0.0,83.11111111111111,9,2020-09-03
2020-09-04,中部,NB-1,2.0,16900.0,1,1,2020-09-04,26.3,30.87333333333333,23.686666666666667,15.966666666666669,3.373333333333333,0.0,84.26666666666667,15,2020-09-04
2020-09-04,近畿,NB-1,1.0,8450.0,1,1,2020-09-04,27.7125,31.725,25.7125,1.8125,2.9125,0.0,79.5,8,2020-09-04
2020-09-07,中国,NB-1,2.0,16380.0,1,2,2020-09-07,29.67142857142857,33.2,26.428571428571427,1.5,5.2,0.0,62.142857142857146,7,2020-09-07
2020-09-07,中部,NB-1,1.0,9750.0,1,1,2020-09-07,27.486666666666668,31.83333333333333,24.16,14.066666666666666,2.353333333333333,0.0,76.86666666666666,15,2020-09-07
2020-09-07,九州沖縄,NB-1,2.0,16380.0,1,2,2020-09-07,27.025,31.25,24.4375,9.625,4.2625,0.0,76.875,8,2020-09-07
2020-09-07,近畿,NB-1,1.0,7839.0,1,1,2020-09-07,28.8375,33.2875,25.175,9.6875,4.55,0.0,71.75,8,2020-09-07
2020-09-07,関東,NB-1,6.0,47736.0,1,4,2020-09-07,27.422222222222224,31.511111111111116,24.577777777777776,6.944444444444445,3.088888888888889,0.0,86.0,9,2020-09-07
2020-09-08,中部,NB-1,2.0,16380.0,1,2,2020-09-08,27.813333333333333,33.13333333333333,23.666666666666668,1.7,8.146666666666667,0.0,70.53333333333333,15,2020-09-08
2020-09-08,九州沖縄,NB-1,1.0,8190.0,1,1,2020-09-08,26.825,31.325,23.075,0.0,8.9375,0.0,73.125,8,2020-09-08
2020-09-08,近畿,NB-1,1.0,6890.0,1,1,2020-09-08,28.7,33.6375,24.5625,0.125,10.0,0.0,62.625,8,2020-09-08
2020-09-08,関東,NB-1,7.0,60580.0,1,2,2020-09-08,28.9,33.78888888888889,25.744444444444444,0.0,9.22222222222222,0.0,76.33333333333333,9,2020-09-08
2020-09-09,中部,NB-1,1.0,8190.0,1,1,2020-09-09,25.346666666666668,31.80666666666667,21.57333333333333,10.866666666666667,6.180000000000001,0.0,77.0,15,2020-09-09
2020-09-09,近畿,NB-1,2.0,15080.0,1,2,2020-09-09,24.675,28.3,22.7,1.8125,0.6875,0.0,75.5,8,2020-09-09
2020-09-09,関東,NB-1,3.0,24570.0,1,3,2020-09-09,28.166666666666668,33.02222222222222,24.522222222222226,0.5555555555555556,9.088888888888889,0.0,74.77777777777777,9,2020-09-09
2020-09-10,中部,NB-1,1.0,8190.0,1,1,2020-09-10,23.72,28.1,21.386666666666667,15.933333333333334,1.1266666666666665,0.0,87.8,15,2020-09-10
2020-09-10,北海道,NB-1,1.0,8190.0,1,1,2020-09-10,21.325,23.775,18.9375,10.4375,0.3249999999999999,0.0,91.125,8,2020-09-10
2020-09-10,近畿,NB-1,1.0,8190.0,1,1,2020-09-10,24.6125,28.3,22.2875,9.375,1.5375,0.0,86.25,8,2020-09-10
2020-09-11,近畿,NB-1,5.0,36400.0,1,1,2020-09-11,25.7125,29.6125,23.2375,9.9375,1.775,0.0,85.125,8,2020-09-11
2020-09-11,関東,NB-1,4.0,32760.0,1,2,2020-09-11,27.544444444444444,32.48888888888889,24.0,2.6666666666666665,6.622222222222223,0.0,79.33333333333333,9,2020-09-11
2020-09-14,中国,NB-1,1.0,7839.0,1,1,2020-09-14,22.214285714285715,27.52857142857143,18.185714285714287,0.5,8.6,0.0,72.71428571428571,7,2020-09-14
2020-09-14,中部,NB-1,6.0,47229.0,1,2,2020-09-14,23.206666666666667,28.086666666666662,19.94,2.2666666666666666,6.366666666666666,0.0,76.53333333333333,15,2020-09-14
2020-09-14,四国,NB-1,1.0,7839.0,1,1,2020-09-14,23.9,28.15,20.575,0.0,8.175,0.0,68.25,4,2020-09-14
2020-09-14,東北,NB-1,1.0,7839.0,1,1,2020-09-14,19.575,23.1,17.2375,19.4375,1.6125,0.0,90.25,8,2020-09-14
2020-09-14,近畿,NB-1,4.0,33189.0,1,3,2020-09-14,23.2125,26.7875,20.35,0.0,6.475,0.0,70.0,8,2020-09-14
2020-09-14,関東,NB-1,14.0,120328.0,1,3,2020-09-14,23.03333333333333,27.03333333333333,20.633333333333333,9.27777777777778,2.077777777777777,0.0,86.11111111111111,9,2020-09-14
2020-09-15,中部,NB-1,7.0,54990.0,1,2,2020-09-15,22.633333333333333,27.74,18.566666666666663,0.0333333333333333,6.86,0.0,75.46666666666667,15,2020-09-15
2020-09-15,九州沖縄,NB-1,3.0,24570.0,1,1,2020-09-15,25.3375,29.4,21.5875,0.0625,6.5,0.0,75.625,8,2020-09-15
2020-09-15,北海道,NB-1,1.0,8190.0,1,1,2020-09-15,17.1875,21.0375,13.65,6.6875,4.2875,0.0,84.25,8,2020-09-15
2020-09-15,近畿,NB-1,4.0,31070.0,1,2,2020-09-15,23.6625,29.4125,18.5375,0.0,11.0125,0.0,67.5,8,2020-09-15
2020-09-15,関東,NB-1,2.0,15340.0,1,1,2020-09-15,23.51111111111111,27.266666666666666,20.83333333333333,1.6111111111111112,3.1666666666666665,0.0,80.77777777777777,9,2020-09-15
2020-09-16,近畿,NB-1,3.0,25870.0,1,1,2020-09-16,24.875,29.1875,21.4,0.0,1.5875,0.0,72.875,8,2020-09-16
2020-09-16,関東,NB-1,7.0,61100.0,1,2,2020-09-16,23.45555555555556,26.811111111111117,20.977777777777774,0.9444444444444444,1.6777777777777778,0.0,82.22222222222223,9,2020-09-16
2020-09-17,中部,NB-1,1.0,8450.0,1,1,2020-09-17,25.05333333333333,29.72,21.88,6.4,2.5,0.0,80.26666666666667,15,2020-09-17
2020-09-17,九州沖縄,NB-1,1.0,8190.0,1,1,2020-09-17,26.0,28.5875,23.8125,27.625,0.8875,0.0,89.625,8,2020-09-17
2020-09-18,近畿,NB-1,4.0,31720.0,1,2,2020-09-18,25.8875,29.525,21.9875,5.9375,0.85,0.0,81.625,8,2020-09-18
2020-09-18,関東,NB-1,4.0,32760.0,1,2,2020-09-18,27.53333333333333,31.522222222222226,24.566666666666663,0.0555555555555555,3.566666666666667,0.0,77.55555555555556,9,2020-09-18
2020-09-23,中部,NB-1,3.0,23868.0,1,2,2020-09-23,22.37333333333333,26.51333333333333,18.92,0.8333333333333334,4.306666666666667,0.0,73.06666666666666,15,2020-09-23
2020-09-23,九州沖縄,NB-1,1.0,8190.0,1,1,2020-09-23,24.8125,28.9,21.2375,0.5,2.975,0.0,71.0,8,2020-09-23
2020-09-23,北海道,NB-1,1.0,8190.0,1,1,2020-09-23,15.9,19.225,13.45,6.625,3.2375,0.0,79.5,8,2020-09-23
2020-09-23,四国,NB-1,1.0,7839.0,1,1,2020-09-23,25.6,30.575,21.1,0.125,5.025,0.0,63.25,4,2020-09-23
2020-09-23,近畿,NB-1,4.0,33800.0,1,1,2020-09-23,24.4875,29.4,20.2,0.0625,5.3375,0.0,66.875,8,2020-09-23
2020-09-23,関東,NB-1,9.0,72189.0,1,3,2020-09-23,20.577777777777776,23.977777777777774,18.9,11.444444444444445,0.4,0.0,90.0,9,2020-09-23
2020-09-24,中部,NB-1,1.0,8190.0,1,1,2020-09-24,23.05333333333333,27.486666666666668,20.266666666666666,0.6,2.5733333333333333,0.0,70.6,15,2020-09-24
2020-09-24,近畿,NB-1,1.0,7540.0,1,1,2020-09-24,24.2625,27.975,21.55,2.25,0.5625,0.0,75.0,8,2020-09-24
2020-09-24,関東,NB-1,11.0,92690.0,1,2,2020-09-24,19.855555555555554,22.322222222222223,18.55555555555556,9.166666666666666,0.1333333333333333,0.0,85.44444444444444,9,2020-09-24
2020-09-25,中部,NB-1,4.0,31200.0,1,1,2020-09-25,20.34,23.006666666666668,19.0,52.86666666666667,0.26,0.0,90.6,15,2020-09-25
2020-09-25,近畿,NB-1,4.0,32110.0,1,1,2020-09-25,21.3625,23.075,20.3,62.8125,0.0125,0.0,94.0,8,2020-09-25
2020-09-25,関東,NB-1,6.0,53690.0,1,1,2020-09-25,19.766666666666666,21.344444444444445,18.1,19.444444444444443,0.0,0.0,93.66666666666669,9,2020-09-25
2020-09-28,中国,NB-1,1.0,8450.0,1,1,2020-09-28,19.985714285714288,25.77142857142857,15.042857142857144,0.1428571428571428,7.514285714285714,0.0,68.14285714285714,7,2020-09-28
2020-09-28,東北,NB-1,2.0,16380.0,1,1,2020-09-28,17.4375,22.3375,12.775,0.375,6.9,0.0,74.875,8,2020-09-28
2020-09-28,関東,NB-1,9.0,75660.0,1,2,2020-09-28,20.744444444444444,26.48888888888889,15.755555555555556,0.0,10.333333333333334,0.0,70.66666666666667,9,2020-09-28
2020-09-29,四国,NB-1,1.0,8190.0,1,1,2020-09-29,21.725,25.525,17.9,0.0,4.125,0.0,73.5,4,2020-09-29
2020-09-29,近畿,NB-1,3.0,25870.0,1,2,2020-09-29,21.4125,26.8625,16.8,0.0,7.5,0.0,72.125,8,2020-09-29
2020-09-29,関東,NB-1,4.0,31460.0,1,3,2020-09-29,19.177777777777777,22.566666666666663,16.533333333333335,0.0,2.522222222222222,0.0,69.33333333333333,9,2020-09-29
2020-09-30,中国,NB-1,1.0,8190.0,1,1,2020-09-30,20.7,24.842857142857145,17.814285714285713,9.428571428571429,2.942857142857143,0.0,81.57142857142857,7,2020-09-30
2020-09-30,中部,NB-1,3.0,23400.0,1,1,2020-09-30,19.56,25.3,14.22,0.0,7.806666666666667,0.0,73.13333333333334,15,2020-09-30
2020-09-30,九州沖縄,NB-1,2.0,16380.0,1,2,2020-09-30,22.275,26.025,19.7,3.0,3.6875,0.0,77.375,8,2020-09-30
2020-09-30,近畿,NB-1,1.0,8840.0,1,1,2020-09-30,21.2,25.25,17.375,8.4375,3.5875,0.0,74.375,8,2020-09-30
2020-09-30,関東,NB-1,1.0,7540.0,1,1,2020-09-30,19.51111111111111,24.688888888888886,14.844444444444443,0.0,9.633333333333333,0.0,69.0,9,2020-09-30
2020-10-01,中部,NB-1,1.0,8190.0,1,1,2020-10-01,19.8,24.60666666666667,16.406666666666666,2.433333333333333,5.973333333333333,0.0,75.33333333333333,15,2020-10-01
2020-10-01,東北,NB-1,1.0,8190.0,1,1,2020-10-01,16.0375,19.9625,13.1125,1.0,1.025,0.0,84.125,8,2020-10-01
2020-10-01,近畿,NB-1,1.0,8190.0,1,1,2020-10-01,21.3125,26.7625,17.525,1.875,9.0125,0.0,70.0,8,2020-10-01
2020-10-01,関東,NB-1,1.0,7800.0,1,1,2020-10-01,19.266666666666666,23.188888888888886,16.655555555555555,1.7222222222222223,2.433333333333333,0.0,82.22222222222223,9,2020-10-01
2020-10-02,中部,NB-1,4.0,31200.0,1,1,2020-10-02,19.8,25.90666666666667,14.5,0.0,9.046666666666663,0.0,73.13333333333334,15,2020-10-02
2020-10-02,北海道,NB-1,1.0,8190.0,1,1,2020-10-02,15.525,18.9,12.8,3.625,3.75,0.0,85.0,8,2020-10-02
2020-10-02,近畿,NB-1,2.0,16380.0,1,1,2020-10-02,21.15,27.175,15.95,0.0,11.025,0.0,69.375,8,2020-10-02
2020-10-02,関東,NB-1,2.0,19500.0,1,1,2020-10-02,20.366666666666667,26.03333333333333,14.8,0.0,10.344444444444443,0.0,71.33333333333333,9,2020-10-02
2020-10-05,中国,NB-1,1.0,7839.0,1,1,2020-10-05,20.057142857142857,24.27142857142857,14.342857142857143,1.2857142857142858,6.771428571428572,0.0,63.71428571428572,7,2020-10-05
2020-10-05,中部,NB-1,6.0,48087.0,1,5,2020-10-05,19.92,24.566666666666663,15.306666666666668,2.033333333333333,3.02,0.0,74.6,15,2020-10-05
2020-10-05,九州沖縄,NB-1,2.0,16029.0,1,2,2020-10-05,22.4875,26.2125,18.475,0.125,7.8375,0.0,64.875,8,2020-10-05
2020-10-05,四国,NB-1,2.0,16029.0,1,1,2020-10-05,22.375,26.75,17.549999999999997,1.625,4.825,0.0,65.75,4,2020-10-05
2020-10-05,東北,NB-1,1.0,8190.0,1,1,2020-10-05,17.525,20.675,14.6,6.5,2.1500000000000004,0.0,75.625,8,2020-10-05
2020-10-05,近畿,NB-1,6.0,47034.0,1,2,2020-10-05,21.2375,25.2625,15.975,0.375,4.3375,0.0,68.75,8,2020-10-05
2020-10-05,関東,NB-1,11.0,86684.0,1,5,2020-10-05,21.177777777777777,25.066666666666663,19.05555555555556,0.1666666666666666,1.7444444444444445,0.0,78.55555555555556,9,2020-10-05
2020-10-06,中国,NB-1,1.0,8450.0,1,1,2020-10-06,17.87142857142857,24.1,13.5,0.0,8.385714285714286,0.0,62.71428571428572,7,2020-10-06
2020-10-06,四国,NB-1,1.0,8190.0,1,1,2020-10-06,20.0,24.9,15.825,0.0,9.375,0.0,52.5,4,2020-10-06
2020-10-06,近畿,NB-1,3.0,25090.0,1,2,2020-10-06,18.6,24.1125,14.45,0.0,6.3375,0.0,60.125,8,2020-10-06
2020-10-06,関東,NB-1,5.0,40300.0,1,2,2020-10-06,19.822222222222223,23.77777777777778,16.48888888888889,0.0,3.744444444444445,0.0,56.888888888888886,9,2020-10-06
2020-10-07,中部,NB-1,4.0,31200.0,1,1,2020-10-07,17.033333333333335,22.166666666666668,13.406666666666666,7.133333333333334,3.2533333333333334,0.0,74.6,15,2020-10-07
2020-10-07,九州沖縄,NB-1,1.0,8190.0,1,1,2020-10-07,22.0875,26.8875,17.5125,0.0,8.95,0.0,58.5,8,2020-10-07
2020-10-07,近畿,NB-1,2.0,15730.0,1,2,2020-10-07,18.9,23.9375,14.475,3.5,3.125,0.0,67.5,8,2020-10-07
2020-10-08,近畿,NB-1,3.0,23920.0,1,2,2020-10-08,16.275,17.725,15.425,36.375,0.0,0.0,91.875,8,2020-10-08
2020-10-09,九州沖縄,NB-1,2.0,16380.0,1,2,2020-10-09,23.125,26.7375,19.875,0.5625,4.4125,0.0,67.5,8,2020-10-09
2020-10-09,近畿,NB-1,3.0,25350.0,1,1,2020-10-09,18.3,19.5375,16.6625,41.5,0.0,0.0,88.75,8,2020-10-09
2020-10-09,関東,NB-1,7.0,61880.0,1,2,2020-10-09,15.266666666666667,16.433333333333334,14.255555555555556,37.94444444444444,0.0,0.0,95.33333333333331,9,2020-10-09
2020-10-12,中部,NB-1,7.0,55029.0,1,3,2020-10-12,21.05333333333333,26.566666666666663,17.10666666666667,0.7333333333333333,5.96,0.0,81.06666666666666,15,2020-10-12
2020-10-12,九州沖縄,NB-1,1.0,7839.0,1,1,2020-10-12,22.6875,26.7,19.6125,0.125,6.725,0.0,72.125,8,2020-10-12
2020-10-12,北海道,NB-1,1.0,7839.0,1,1,2020-10-12,15.6875,18.5,12.225,17.75,1.1875,0.0,87.75,8,2020-10-12
2020-10-12,近畿,NB-1,3.0,24570.0,1,2,2020-10-12,21.725,27.05,17.375,0.0,8.875,0.0,74.25,8,2020-10-12
2020-10-12,関東,NB-1,1.0,8190.0,1,1,2020-10-12,21.211111111111112,24.45555555555556,18.6,0.4444444444444444,1.9888888888888887,0.0,87.11111111111111,9,2020-10-12
2020-10-13,中部,NB-1,1.0,7800.0,1,1,2020-10-13,20.1,24.773333333333333,16.653333333333332,1.3,6.34,0.0,75.66666666666667,15,2020-10-13
2020-10-13,東北,NB-1,1.0,8190.0,1,1,2020-10-13,17.6875,22.0875,13.1375,0.125,3.3875,0.0,75.5,8,2020-10-13
2020-10-13,近畿,NB-1,1.0,8190.0,1,1,2020-10-13,21.1625,25.5875,17.6,0.0,7.55,0.0,66.875,8,2020-10-13
2020-10-13,関東,NB-1,4.0,31070.0,1,2,2020-10-13,21.544444444444444,26.188888888888886,18.22222222222222,0.1111111111111111,4.300000000000001,0.0,79.0,9,2020-10-13
2020-10-14,中部,NB-1,2.0,19500.0,1,1,2020-10-14,18.96,23.92,15.42,0.2,6.366666666666666,0.0,72.6,15,2020-10-14
2020-10-14,四国,NB-1,1.0,7839.0,1,1,2020-10-14,20.95,26.1,16.725,0.0,9.95,0.0,64.5,4,2020-10-14
2020-10-14,関東,NB-1,1.0,7540.0,1,1,2020-10-14,19.666666666666668,22.48888888888889,17.744444444444444,0.1666666666666666,1.2555555555555555,0.0,71.55555555555556,9,2020-10-14
2020-10-15,中部,NB-1,1.0,8190.0,1,1,2020-10-15,16.779999999999998,20.98,12.766666666666667,0.2333333333333333,5.506666666666666,0.0,68.26666666666667,15,2020-10-15
2020-10-15,近畿,NB-1,1.0,8840.0,1,1,2020-10-15,18.575,22.4625,15.175,0.0,9.275,0.0,58.5,8,2020-10-15
2020-10-15,関東,NB-1,2.0,15730.0,1,2,2020-10-15,16.766666666666666,19.522222222222226,14.466666666666663,5.055555555555555,0.0,0.0,80.88888888888889,9,2020-10-15
2020-10-16,中部,NB-1,3.0,23400.0,1,1,2020-10-16,15.553333333333336,20.58,11.673333333333334,0.0,5.46,0.0,64.33333333333333,15,2020-10-16
2020-10-16,近畿,NB-1,1.0,8190.0,1,1,2020-10-16,18.1,22.3875,14.775,0.0,4.2875,0.0,58.0,8,2020-10-16
2020-10-16,関東,NB-1,3.0,23920.0,1,2,2020-10-16,15.411111111111111,18.577777777777776,13.166666666666666,0.0555555555555555,2.622222222222222,0.0,64.33333333333333,9,2020-10-16
2020-10-19,中国,NB-1,1.0,7800.0,1,1,2020-10-19,16.2,22.014285714285712,12.571428571428571,0.0,4.9,0.0,72.0,7,2020-10-19
2020-10-19,中部,NB-1,3.0,23868.0,1,2,2020-10-19,12.286666666666669,15.113333333333332,10.006666666666666,3.0,0.16,0.0,86.66666666666667,15,2020-10-19
2020-10-19,九州沖縄,NB-1,2.0,15678.0,1,2,2020-10-19,19.7625,23.7875,17.0875,0.25,3.5625,0.0,69.625,8,2020-10-19
2020-10-19,近畿,NB-1,2.0,17030.0,1,1,2020-10-19,14.45,17.15,12.525,0.9375,0.275,0.0,85.125,8,2020-10-19
2020-10-19,関東,NB-1,2.0,16029.0,1,2,2020-10-19,13.177777777777775,16.844444444444445,10.3,6.333333333333333,0.3444444444444444,0.0,84.66666666666667,9,2020-10-19
2020-10-20,中国,NB-1,1.0,8190.0,1,1,2020-10-20,16.157142857142855,23.071428571428573,10.314285714285717,0.0,10.12857142857143,0.0,69.14285714285714,7,2020-10-20
2020-10-20,中部,NB-1,1.0,8190.0,1,1,2020-10-20,14.086666666666668,21.12,8.986666666666668,0.1666666666666666,8.066666666666666,0.0,74.46666666666667,15,2020-10-20
2020-10-20,九州沖縄,NB-1,4.0,32760.0,1,3,2020-10-20,19.825,25.1125,15.45,0.0,10.1125,0.0,62.25,8,2020-10-20
2020-10-20,四国,NB-1,1.0,8190.0,1,1,2020-10-20,17.25,23.625,12.25,0.0,9.4,0.0,68.5,4,2020-10-20
2020-10-20,関東,NB-1,2.0,16380.0,1,2,2020-10-20,15.266666666666667,21.133333333333333,10.377777777777778,0.0,7.366666666666666,0.0,73.22222222222223,9,2020-10-20
2020-10-21,中国,NB-1,1.0,8190.0,1,1,2020-10-21,17.857142857142858,24.24285714285714,10.742857142857144,0.0,7.357142857142857,0.0,69.71428571428571,7,2020-10-21
2020-10-21,中部,NB-1,1.0,8190.0,1,1,2020-10-21,15.0,20.69333333333333,8.893333333333334,0.0,8.526666666666667,0.0,69.13333333333334,15,2020-10-21
2020-10-21,近畿,NB-1,2.0,15080.0,1,1,2020-10-21,17.6,23.625,11.5875,0.0,8.375,0.0,67.75,8,2020-10-21
2020-10-21,関東,NB-1,2.0,16900.0,1,2,2020-10-21,15.355555555555554,20.211111111111112,11.733333333333333,0.3333333333333333,7.0,0.0,69.55555555555556,9,2020-10-21
2020-10-22,中部,NB-1,4.0,31200.0,1,1,2020-10-22,16.813333333333336,20.446666666666665,13.76,5.4,0.56,0.0,75.4,15,2020-10-22
2020-10-22,近畿,NB-1,1.0,8840.0,1,1,2020-10-22,19.0,21.425,16.825,7.25,0.6375,0.0,73.5,8,2020-10-22
2020-10-22,関東,NB-1,3.0,24570.0,1,1,2020-10-22,16.677777777777777,20.688888888888886,13.2,0.7777777777777778,1.522222222222222,0.0,76.77777777777777,9,2020-10-22
2020-10-23,中部,NB-1,1.0,8190.0,1,1,2020-10-23,15.813333333333333,18.22,12.553333333333336,35.63333333333333,0.2466666666666666,0.0,90.66666666666669,15,2020-10-23
2020-10-23,近畿,NB-1,2.0,16900.0,1,1,2020-10-23,17.2875,20.225,13.6625,39.6875,1.5875,0.0,81.125,8,2020-10-23
2020-10-23,関東,NB-1,1.0,7540.0,1,1,2020-10-23,16.944444444444443,18.922222222222224,15.2,9.0,0.0,0.0,92.88888888888889,9,2020-10-23
2020-10-26,中国,NB-1,1.0,7800.0,1,1,2020-10-26,14.642857142857142,21.52857142857143,9.242857142857144,0.0,10.185714285714283,0.0,70.85714285714286,7,2020-10-26
2020-10-26,中部,NB-1,4.0,32058.0,1,2,2020-10-26,13.606666666666666,20.32,8.493333333333334,0.0,7.866666666666666,0.0,70.86666666666666,15,2020-10-26
2020-10-26,九州沖縄,NB-1,3.0,27339.0,1,2,2020-10-26,17.3625,23.1625,12.1625,0.0,9.6125,0.0,68.625,8,2020-10-26
2020-10-26,近畿,NB-1,2.0,17680.0,1,1,2020-10-26,15.05,21.1,10.3,0.0,9.1,0.0,68.5,8,2020-10-26
2020-10-26,関東,NB-1,8.0,65026.0,1,3,2020-10-26,15.47777777777778,22.11111111111111,9.655555555555557,0.0,8.2,0.0,65.0,9,2020-10-26
2020-10-27,中部,NB-1,5.0,40950.0,1,3,2020-10-27,13.573333333333332,20.133333333333333,8.860000000000001,0.0,8.386666666666667,0.0,73.06666666666666,15,2020-10-27
2020-10-27,九州沖縄,NB-1,1.0,8190.0,1,1,2020-10-27,17.975,23.8875,12.65,0.0,9.7875,0.0,71.5,8,2020-10-27
2020-10-27,東北,NB-1,1.0,8190.0,1,1,2020-10-27,11.125,17.65,6.2,0.0625,6.7,0.0,79.625,8,2020-10-27
2020-10-27,近畿,NB-1,6.0,48490.0,1,2,2020-10-27,15.1375,21.5125,10.1,0.0,9.9375,0.0,67.0,8,2020-10-27
2020-10-27,関東,NB-1,3.0,25480.0,1,1,2020-10-27,15.9,20.37777777777778,11.977777777777778,0.0,5.333333333333333,0.0,67.22222222222223,9,2020-10-27
2020-10-28,中部,NB-1,5.0,39000.0,1,1,2020-10-28,13.566666666666666,19.35333333333333,8.4,0.2,4.6466666666666665,0.0,72.4,15,2020-10-28
2020-10-28,近畿,NB-1,2.0,17680.0,1,1,2020-10-28,15.1125,20.225,10.1125,0.0,3.025,0.0,71.25,8,2020-10-28
2020-10-28,関東,NB-1,4.0,36400.0,1,1,2020-10-28,16.188888888888886,20.38888888888889,12.233333333333333,0.0,4.822222222222222,0.0,73.22222222222223,9,2020-10-28
2020-10-29,四国,NB-1,1.0,8190.0,1,1,2020-10-29,17.325,22.5,13.125,0.0,9.125,0.0,67.0,4,2020-10-29
2020-10-29,関東,NB-1,10.0,86450.0,1,2,2020-10-29,16.27777777777778,21.677777777777777,11.966666666666669,0.0,9.366666666666667,0.0,60.66666666666666,9,2020-10-29
2020-10-30,九州沖縄,NB-1,3.0,24570.0,1,1,2020-10-30,18.6,22.575,15.4125,0.0,7.1875,0.0,60.5,8,2020-10-30
2020-10-30,近畿,NB-1,2.0,15730.0,1,1,2020-10-30,13.875,17.8625,10.55,0.125,6.3875,0.0,61.5,8,2020-10-30
2020-11-02,中国,NB-1,2.0,15600.0,1,1,2020-11-02,15.542857142857144,18.014285714285712,12.9,23.0,0.0,0.0,92.28571428571428,7,2020-11-02
2020-11-02,中部,NB-1,3.0,24219.0,1,2,2020-11-02,14.44,17.5,11.36,16.1,0.4466666666666666,0.0,86.6,15,2020-11-02
2020-11-02,九州沖縄,NB-1,1.0,7839.0,1,1,2020-11-02,18.125,20.25,15.9,14.875,1.1375,0.0,90.375,8,2020-11-02
2020-11-02,四国,NB-1,2.0,16029.0,1,2,2020-11-02,17.125,19.075,15.675,32.625,0.0,0.0,95.0,4,2020-11-02
2020-11-02,東北,NB-1,3.0,24570.0,1,1,2020-11-02,12.9875,15.4125,10.5625,11.5,0.05,0.0,87.25,8,2020-11-02
2020-11-02,近畿,NB-1,1.0,8190.0,1,1,2020-11-02,15.8,17.3625,14.2125,27.5,0.0125,0.0,90.125,8,2020-11-02
2020-11-02,関東,NB-1,8.0,63414.0,1,4,2020-11-02,15.344444444444443,19.866666666666667,12.033333333333331,4.055555555555555,1.6555555555555557,0.0,82.77777777777777,9,2020-11-02
2020-11-04,中国,NB-1,1.0,8190.0,1,1,2020-11-04,10.4,15.785714285714286,5.942857142857143,0.1428571428571428,7.371428571428572,0.0,63.42857142857143,7,2020-11-04
2020-11-04,中部,NB-1,4.0,37440.0,1,2,2020-11-04,9.72,14.626666666666669,6.133333333333334,4.233333333333333,6.173333333333333,0.0,67.2,15,2020-11-04
2020-11-04,九州沖縄,NB-1,2.0,16380.0,1,1,2020-11-04,13.275,18.175,9.125,0.0,9.7625,0.0,57.5,8,2020-11-04
2020-11-04,近畿,NB-1,3.0,24570.0,1,3,2020-11-04,11.4875,16.3125,7.975,0.25,7.6875,0.0,60.25,8,2020-11-04
2020-11-05,中部,NB-1,4.0,31200.0,1,1,2020-11-05,10.28,17.09333333333333,5.026666666666667,0.2666666666666666,8.053333333333333,0.0,71.4,15,2020-11-05
2020-11-05,九州沖縄,NB-1,2.0,16380.0,1,2,2020-11-05,14.6875,20.8,8.5875,0.1875,7.6,0.0,66.75,8,2020-11-05
2020-11-05,近畿,NB-1,2.0,17030.0,1,2,2020-11-05,11.5875,17.7125,6.4625,0.0,9.125,0.0,66.0,8,2020-11-05
2020-11-05,関東,NB-1,6.0,50570.0,1,2,2020-11-05,12.5,19.266666666666666,6.755555555555556,0.0,9.488888888888887,0.0,61.11111111111112,9,2020-11-05
2020-11-06,近畿,NB-1,1.0,8190.0,1,1,2020-11-06,14.2125,19.9875,10.15,0.0,3.75,0.0,70.0,8,2020-11-06
2020-11-06,関東,NB-1,7.0,60580.0,1,2,2020-11-06,12.211111111111112,16.12222222222222,8.822222222222223,0.0,0.4555555555555556,0.0,73.11111111111111,9,2020-11-06
2020-11-09,中部,NB-1,3.0,23868.0,1,1,2020-11-09,10.446666666666664,14.953333333333337,6.4,2.933333333333333,6.086666666666667,0.0,64.66666666666667,15,2020-11-09
2020-11-09,九州沖縄,NB-1,5.0,39897.0,1,3,2020-11-09,14.6125,18.85,10.475,0.0,8.6625,0.0,57.5,8,2020-11-09
2020-11-09,関東,NB-1,13.0,111436.0,1,4,2020-11-09,12.666666666666666,17.38888888888889,8.544444444444444,0.7222222222222222,5.777777777777778,0.0,49.333333333333336,9,2020-11-09
2020-11-10,中部,NB-1,7.0,54990.0,1,2,2020-11-10,8.766666666666667,14.0,5.066666666666666,3.8,5.966666666666667,0.0,70.8,15,2020-11-10
2020-11-10,九州沖縄,NB-1,2.0,16380.0,1,1,2020-11-10,13.3625,18.6125,9.0625,0.0,6.3375,0.0,62.875,8,2020-11-10
2020-11-10,近畿,NB-1,3.0,25870.0,1,1,2020-11-10,10.8875,15.075,7.6375,0.5625,5.025,0.0,70.0,8,2020-11-10
2020-11-10,関東,NB-1,1.0,8190.0,1,1,2020-11-10,10.5,15.744444444444444,6.377777777777777,0.0,8.277777777777779,0.0,56.77777777777778,9,2020-11-10
2020-11-11,関東,NB-1,3.0,25740.0,1,2,2020-11-11,9.977777777777778,15.5,5.5888888888888895,0.0,8.555555555555555,0.0,57.44444444444444,9,2020-11-11
2020-11-12,中部,NB-1,1.0,8190.0,1,1,2020-11-12,9.626666666666669,15.72,4.453333333333333,0.0,7.613333333333333,0.0,73.0,15,2020-11-12
2020-11-13,中部,NB-1,2.0,16380.0,1,1,2020-11-13,12.113333333333332,19.15333333333333,6.333333333333333,0.1666666666666666,7.526666666666667,0.0,73.6,15,2020-11-13
2020-11-13,九州沖縄,NB-1,1.0,8190.0,1,1,2020-11-13,15.85,21.95,10.65,0.5,8.6625,0.0,71.5,8,2020-11-13
2020-11-13,東北,NB-1,2.0,16380.0,1,1,2020-11-13,7.925,15.225,0.8500000000000001,2.1875,6.3125,0.0,79.0,8,2020-11-13
2020-11-13,近畿,NB-1,2.0,16380.0,1,1,2020-11-13,13.5125,18.225,9.8375,0.0,2.525,0.0,79.25,8,2020-11-13
2020-11-13,関東,NB-1,8.0,69420.0,1,3,2020-11-13,12.677777777777775,19.0,7.566666666666666,0.0,8.966666666666667,0.0,71.33333333333333,9,2020-11-13
2020-11-16,中部,NB-1,8.0,63180.0,1,2,2020-11-16,14.666666666666666,20.946666666666665,9.32,0.6,7.426666666666667,0.0,71.26666666666667,15,2020-11-16
2020-11-16,九州沖縄,NB-1,1.0,7839.0,1,1,2020-11-16,19.75,23.6875,16.6625,0.125,2.6875,0.0,76.25,8,2020-11-16
2020-11-16,近畿,NB-1,1.0,7839.0,1,1,2020-11-16,15.9375,21.475,11.475,0.0,7.075,0.0,78.25,8,2020-11-16
2020-11-16,関東,NB-1,7.0,55926.0,1,3,2020-11-16,14.41111111111111,21.64444444444445,8.155555555555557,0.0,9.333333333333334,0.0,67.0,9,2020-11-16
2020-11-17,中部,NB-1,4.0,31200.0,1,1,2020-11-17,13.546666666666663,20.040000000000003,7.786666666666666,0.0,8.713333333333333,0.0,70.4,15,2020-11-17
2020-11-17,九州沖縄,NB-1,1.0,8190.0,1,1,2020-11-17,20.4,24.85,17.475,0.0625,5.7,0.0,78.125,8,2020-11-17
2020-11-17,関東,NB-1,1.0,7800.0,1,1,2020-11-17,14.044444444444444,19.8,9.455555555555556,0.0,9.344444444444443,0.0,65.66666666666667,9,2020-11-17
2020-11-18,中部,NB-1,1.0,8190.0,1,1,2020-11-18,16.166666666666668,22.78,10.613333333333337,0.0,7.713333333333334,0.0,71.73333333333333,15,2020-11-18
2020-11-18,九州沖縄,NB-1,2.0,16380.0,1,1,2020-11-18,21.15,26.0875,16.9375,0.0,6.925,0.0,74.75,8,2020-11-18
2020-11-18,関東,NB-1,6.0,48360.0,1,3,2020-11-18,14.666666666666666,21.0,8.633333333333333,0.0,8.333333333333334,0.0,76.0,9,2020-11-18
2020-11-19,中部,NB-1,3.0,23400.0,1,1,2020-11-19,18.90666666666667,24.28666666666667,13.946666666666664,0.4333333333333333,5.993333333333334,0.0,71.4,15,2020-11-19
2020-11-20,中国,NB-1,4.0,32760.0,1,1,2020-11-20,18.47142857142857,22.27142857142857,14.157142857142857,1.9285714285714288,1.5,0.0,72.42857142857143,7,2020-11-20
2020-11-20,中部,NB-1,1.0,8190.0,1,1,2020-11-20,18.206666666666667,22.85333333333333,14.066666666666666,10.666666666666666,0.6666666666666666,0.0,82.66666666666667,15,2020-11-20
2020-11-20,関東,NB-1,2.0,15080.0,1,1,2020-11-20,19.45555555555556,22.38888888888889,16.266666666666666,0.1111111111111111,0.5222222222222223,0.0,78.33333333333333,9,2020-11-20
2020-11-24,中国,NB-1,1.0,8190.0,1,1,2020-11-24,11.242857142857144,16.87142857142857,7.042857142857143,0.0,5.342857142857143,0.0,77.28571428571429,7,2020-11-24
2020-11-24,中部,NB-1,2.0,16029.0,1,1,2020-11-24,9.906666666666666,15.586666666666668,5.086666666666667,0.0,7.98,0.0,66.53333333333333,15,2020-11-24
2020-11-24,九州沖縄,NB-1,2.0,16380.0,1,1,2020-11-24,14.6375,19.1375,10.4125,0.0,4.9750000000000005,0.0,72.125,8,2020-11-24
2020-11-24,近畿,NB-1,2.0,16900.0,1,1,2020-11-24,11.1875,16.075,6.9125000000000005,0.0,8.375,0.0,69.0,8,2020-11-24
2020-11-24,関東,NB-1,4.0,31109.0,1,2,2020-11-24,11.255555555555556,14.6,8.377777777777778,0.0,3.0444444444444443,0.0,60.333333333333336,9,2020-11-24
2020-11-25,中部,NB-1,1.0,8190.0,1,1,2020-11-25,10.88,16.793333333333333,6.173333333333333,0.0666666666666666,5.286666666666666,0.0,72.33333333333333,15,2020-11-25
2020-11-25,東北,NB-1,1.0,8190.0,1,1,2020-11-25,6.7375,10.675,3.1625,0.5,1.95,0.0,81.875,8,2020-11-25
2020-11-25,関東,NB-1,1.0,7800.0,1,1,2020-11-25,10.666666666666666,12.6,9.077777777777778,2.1666666666666665,0.0444444444444444,0.0,88.55555555555556,9,2020-11-25
2020-11-26,近畿,NB-1,1.0,8840.0,1,1,2020-11-26,12.0125,17.5625,6.5875,0.125,6.275,0.0,75.5,8,2020-11-26
2020-11-26,関東,NB-1,1.0,8190.0,1,1,2020-11-26,11.966666666666669,17.233333333333334,7.855555555555556,0.0555555555555555,6.522222222222222,0.0,79.11111111111111,9,2020-11-26
2020-11-27,中国,NB-1,1.0,8190.0,1,1,2020-11-27,13.042857142857144,17.12857142857143,8.928571428571429,0.8571428571428571,2.5142857142857147,0.0,74.42857142857143,7,2020-11-27
2020-11-27,近畿,NB-1,1.0,8190.0,1,1,2020-11-27,13.8375,17.85,9.8125,0.5625,6.85,0.0,68.5,8,2020-11-27
2020-11-27,関東,NB-1,1.0,8190.0,1,1,2020-11-27,10.955555555555556,12.844444444444443,9.133333333333333,0.4444444444444444,0.4222222222222222,0.0,79.11111111111111,9,2020-11-27
2020-11-30,中部,NB-1,1.0,7839.0,1,1,2020-11-30,7.939999999999999,12.98,4.046666666666667,4.633333333333334,4.26,0.0,74.2,15,2020-11-30
2020-11-30,九州沖縄,NB-1,2.0,16380.0,1,1,2020-11-30,10.6875,13.5375,7.775,0.0,1.2625,0.0,64.5,8,2020-11-30
2020-11-30,近畿,NB-1,4.0,34190.0,1,3,2020-11-30,9.5875,14.125,5.925,0.125,4.65,0.0,69.75,8,2020-11-30
2020-11-30,関東,NB-1,5.0,40599.0,1,2,2020-11-30,9.244444444444444,15.211111111111112,3.866666666666666,0.1111111111111111,7.811111111111111,0.0,69.88888888888889,9,2020-11-30
2020-12-01,中国,NB-1,2.0,16380.0,1,1,2020-12-01,8.685714285714285,14.428571428571429,4.1,1.0714285714285714,6.057142857142858,0.0,69.0,7,2020-12-01
2020-12-01,中部,NB-1,1.0,8190.0,1,1,2020-12-01,7.586666666666667,13.426666666666668,3.6133333333333337,1.1333333333333333,6.5,0.0,73.8,15,2020-12-01
2020-12-01,関東,NB-1,5.0,38350.0,1,1,2020-12-01,9.366666666666667,14.555555555555555,4.688888888888889,0.0,8.522222222222222,0.0,65.55555555555556,9,2020-12-01
2020-12-02,中国,NB-1,1.0,8190.0,1,1,2020-12-02,9.257142857142856,15.685714285714283,4.385714285714286,0.8571428571428571,6.714285714285714,0.0,76.14285714285714,7,2020-12-02
2020-12-03,関東,NB-1,2.0,15080.0,1,1,2020-12-03,8.122222222222222,10.7,5.699999999999999,0.0555555555555555,0.5555555555555556,0.0,86.55555555555556,9,2020-12-03
2020-12-04,関東,NB-1,1.0,7540.0,1,1,2020-12-04,8.355555555555556,13.155555555555557,4.422222222222222,0.0,8.022222222222222,0.0,59.11111111111112,9,2020-12-04
2020-12-07,中国,NB-1,1.0,7839.0,1,1,2020-12-07,9.128571428571428,14.842857142857143,3.442857142857143,0.0,4.742857142857143,0.0,73.28571428571429,7,2020-12-07
2020-12-07,中部,NB-1,2.0,16380.0,1,1,2020-12-07,8.82,15.006666666666666,3.22,1.0666666666666669,5.953333333333333,0.0,73.86666666666666,15,2020-12-07
2020-12-07,四国,NB-1,1.0,8190.0,1,1,2020-12-07,11.05,16.75,6.15,0.0,6.375,0.0,70.25,4,2020-12-07
2020-12-07,近畿,NB-1,4.0,31356.0,1,2,2020-12-07,9.5625,15.375,4.125,0.0,7.575,0.0,71.625,8,2020-12-07
2020-12-07,関東,NB-1,4.0,31057.0,1,3,2020-12-07,9.22222222222222,15.933333333333334,3.511111111111111,0.0,8.677777777777777,0.0,73.66666666666667,9,2020-12-07
2020-12-08,中国,NB-1,3.0,24570.0,1,1,2020-12-08,9.2,13.62857142857143,5.257142857142857,0.0,3.4857142857142853,0.0,63.57142857142857,7,2020-12-08
2020-12-08,九州沖縄,NB-1,1.0,8190.0,1,1,2020-12-08,11.875,15.3375,8.675,1.8125,4.525,0.0,66.375,8,2020-12-08
2020-12-08,近畿,NB-1,1.0,8840.0,1,1,2020-12-08,10.2,14.3625,6.8125,0.0625,5.325,0.0,67.75,8,2020-12-08
2020-12-08,関東,NB-1,4.0,32370.0,1,3,2020-12-08,10.288888888888888,16.211111111111112,5.055555555555555,0.0,7.311111111111111,0.0,64.11111111111111,9,2020-12-08
2020-12-09,近畿,NB-1,1.0,7540.0,1,1,2020-12-09,8.85,13.425,5.8125,0.0,5.2875,0.0,72.0,8,2020-12-09
2020-12-10,九州沖縄,NB-1,2.0,16380.0,1,1,2020-12-10,11.8625,17.475,6.875,1.4375,4.275,0.0,72.85714285714286,8,2020-12-10
2020-12-14,中国,NB-1,2.0,15600.0,1,1,2020-12-14,5.842857142857143,9.471428571428572,2.8000000000000003,9.785714285714286,1.7714285714285711,0.0,65.28571428571429,7,2020-12-14
2020-12-14,近畿,NB-1,3.0,24479.0,1,2,2020-12-14,7.675,10.825,4.5875,1.0,1.7,0.0,65.75,8,2020-12-14
2020-12-14,関東,NB-1,3.0,23270.0,1,1,2020-12-14,7.077777777777778,11.511111111111113,2.9,0.0,2.977777777777778,0.0,59.55555555555556,9,2020-12-14
2020-12-15,九州沖縄,NB-1,1.0,8190.0,1,1,2020-12-15,5.5625,8.4875,3.5,0.0,4.7875,0.0,54.875,8,2020-12-15
2020-12-15,四国,NB-1,2.0,16380.0,1,1,2020-12-15,4.800000000000001,7.925,2.8,0.0,6.0,0.0,47.75,4,2020-12-15
2020-12-15,近畿,NB-1,1.0,7540.0,1,1,2020-12-15,4.1125,7.275,2.1125,6.0,3.5375,0.4285714285714285,63.0,8,2020-12-15
2020-12-15,関東,NB-1,1.0,7540.0,1,1,2020-12-15,4.355555555555556,10.544444444444444,-0.011111111111111,0.0,8.155555555555557,0.0,53.11111111111112,9,2020-12-15
2020-12-16,中国,NB-1,1.0,8190.0,1,1,2020-12-16,2.4857142857142853,6.028571428571429,0.0714285714285713,5.928571428571429,4.671428571428572,3.6,64.42857142857143,7,2020-12-16
2020-12-16,中部,NB-1,1.0,8190.0,1,1,2020-12-16,1.5933333333333335,4.733333333333333,-0.4866666666666666,11.233333333333333,3.1133333333333337,4.833333333333333,72.13333333333334,15,2020-12-16
2020-12-16,関東,NB-1,1.0,8190.0,1,1,2020-12-16,3.211111111111111,8.988888888888889,-1.0111111111111108,0.0,7.711111111111112,0.0,51.77777777777778,9,2020-12-16
2020-12-17,中部,NB-1,3.0,23400.0,1,1,2020-12-17,1.6266666666666665,5.3533333333333335,-1.2399999999999998,3.8666666666666663,5.62,1.4166666666666667,70.06666666666666,15,2020-12-17
2020-12-17,関東,NB-1,1.0,7800.0,1,1,2020-12-17,2.9222222222222225,8.422222222222222,-1.5444444444444445,0.0,8.911111111111111,0.0,50.66666666666666,9,2020-12-17
2020-12-18,中部,NB-1,2.0,16640.0,1,1,2020-12-18,3.046666666666667,7.966666666666667,-1.6933333333333331,7.533333333333333,5.173333333333334,0.1666666666666666,72.33333333333333,15,2020-12-18
2020-12-18,関東,NB-1,1.0,7540.0,1,1,2020-12-18,4.644444444444444,11.3,-1.4444444444444444,0.0,8.755555555555555,0.0,54.888888888888886,9,2020-12-18
2020-12-21,九州沖縄,NB-1,4.0,32760.0,1,1,2020-12-21,7.837499999999999,11.95,4.2,0.3125,5.512499999999999,0.0,58.5,8,2020-12-21
2020-12-21,四国,NB-1,1.0,7839.0,1,1,2020-12-21,6.025,11.025,2.0,0.0,7.925000000000001,0.0,55.25,4,2020-12-21
2020-12-21,近畿,NB-1,1.0,7839.0,1,1,2020-12-21,4.975,9.5,1.6875,0.25,5.0,0.0,70.5,8,2020-12-21
2020-12-21,関東,NB-1,4.0,33618.0,1,4,2020-12-21,3.844444444444445,10.155555555555557,-1.5777777777777775,0.0,9.233333333333333,0.0,49.0,9,2020-12-21
2020-12-23,中国,NB-1,1.0,8190.0,1,1,2020-12-23,6.1000000000000005,12.114285714285714,1.3285714285714287,0.0,6.8,0.0,71.14285714285714,7,2020-12-23
2020-12-23,中部,NB-1,5.0,39390.0,1,1,2020-12-23,5.1066666666666665,11.206666666666669,0.5133333333333334,1.9666666666666663,6.593333333333334,0.0,69.73333333333333,15,2020-12-23
2020-12-23,九州沖縄,NB-1,2.0,16380.0,1,1,2020-12-23,9.25,14.7625,3.925,5.1875,6.0125,0.0,70.0,8,2020-12-23
2020-12-23,近畿,NB-1,2.0,16380.0,1,2,2020-12-23,6.325,12.0,2.1375,0.0,6.825,0.0,69.375,8,2020-12-23
2020-12-23,関東,NB-1,2.0,18200.0,1,1,2020-12-23,6.533333333333333,13.72222222222222,-0.0333333333333333,0.0,9.11111111111111,0.0,56.44444444444444,9,2020-12-23
2020-12-24,東北,NB-1,1.0,8190.0,1,1,2020-12-24,5.525,9.975,1.3,7.4375,2.5875,0.0,78.0,8,2020-12-24
2020-12-24,近畿,NB-1,1.0,8190.0,1,1,2020-12-24,6.3375,9.1125,3.075,1.6875,0.05,0.0,83.375,8,2020-12-24
2020-12-25,四国,NB-1,1.0,8190.0,1,1,2020-12-25,7.475,11.0,3.425,0.0,6.325,0.0,61.0,4,2020-12-25
2020-12-28,中国,NB-1,2.0,16250.0,1,2,2020-12-28,8.757142857142856,15.242857142857144,4.6000000000000005,4.214285714285714,7.614285714285715,0.0,81.71428571428571,7,2020-12-28
2020-12-28,九州沖縄,NB-1,1.0,8190.0,1,1,2020-12-28,12.9875,17.6875,8.9875,0.5,6.975,0.0,78.375,8,2020-12-28
2020-12-28,近畿,NB-1,1.0,7839.0,1,1,2020-12-28,8.0875,12.9125,5.325,5.5625,4.3,0.0,84.25,8,2020-12-28
2021-01-05,東北,NB-1,1.0,8190.0,1,1,2021-01-05,-1.7625,0.9125,-3.75,2.0625,1.2125,3.625,87.0,8,2021-01-05
2021-01-05,近畿,NB-1,3.0,23868.0,1,3,2021-01-05,4.9625,8.875,1.625,0.0,1.5499999999999998,0.0,71.625,8,2021-01-05
2021-01-05,関東,NB-1,6.0,47489.0,1,3,2021-01-05,5.011111111111111,9.655555555555557,0.8777777777777778,0.0,2.7444444444444445,0.0,68.77777777777777,9,2021-01-05
2021-01-06,九州沖縄,NB-1,2.0,16380.0,1,2,2021-01-06,6.9875,9.425,5.125,0.0625,2.225,0.0,59.625,8,2021-01-06
2021-01-06,関東,NB-1,1.0,8190.0,1,1,2021-01-06,4.588888888888889,6.933333333333334,2.1555555555555554,0.1666666666666666,1.0222222222222224,0.0,70.55555555555556,9,2021-01-06
2021-01-07,関東,NB-1,1.0,7800.0,1,1,2021-01-07,5.544444444444444,12.266666666666667,1.0666666666666669,0.0555555555555555,7.455555555555557,0.0,48.55555555555556,9,2021-01-07
2021-01-08,東北,NB-1,1.0,8190.0,1,1,2021-01-08,-4.6375,-2.4375,-6.7125,4.0625,1.5125,5.25,81.375,8,2021-01-08
2021-01-08,近畿,NB-1,2.0,17030.0,1,2,2021-01-08,-0.7375,2.8,-3.1625,0.0,6.0,0.0,50.25,8,2021-01-08
2021-01-08,関東,NB-1,1.0,8190.0,1,1,2021-01-08,1.3111111111111111,6.222222222222222,-2.588888888888889,0.0,7.444444444444445,0.0,45.44444444444444,9,2021-01-08
2021-01-12,中国,NB-1,4.0,32370.0,1,2,2021-01-12,2.914285714285714,7.1571428571428575,0.0142857142857142,2.0,2.185714285714286,0.0,80.57142857142857,7,2021-01-12
2021-01-12,中部,NB-1,1.0,8190.0,1,1,2021-01-12,1.64,3.84,-0.8066666666666665,4.066666666666666,0.0733333333333333,1.0833333333333333,85.8,15,2021-01-12
2021-01-12,九州沖縄,NB-1,1.0,8190.0,1,1,2021-01-12,5.975,9.6625,3.2375,2.6875,2.75,0.0,75.375,8,2021-01-12
2021-01-12,東北,NB-1,3.0,24570.0,1,1,2021-01-12,-1.3,1.1375,-4.025,2.6875,1.125,2.875,88.25,8,2021-01-12
2021-01-12,近畿,NB-1,5.0,42250.0,1,2,2021-01-12,2.6375,5.35,0.4625,2.8125,0.5875,0.5714285714285714,86.25,8,2021-01-12
2021-01-12,関東,NB-1,8.0,63219.0,1,4,2021-01-12,2.988888888888889,5.988888888888889,-0.0333333333333333,1.8333333333333333,0.6888888888888889,0.0,74.0,9,2021-01-12
2021-01-13,中部,NB-1,1.0,8190.0,1,1,2021-01-13,2.6533333333333333,7.893333333333333,-1.3733333333333335,2.1333333333333333,6.0,0.0,78.2,15,2021-01-13
2021-01-13,近畿,NB-1,1.0,8840.0,1,1,2021-01-13,3.95,9.675,-0.4125,0.0,7.6,0.0,73.5,8,2021-01-13
2021-01-13,関東,NB-1,2.0,15080.0,1,1,2021-01-13,4.766666666666667,11.677777777777775,-1.1333333333333335,0.0,9.3,0.0,66.66666666666667,9,2021-01-13
2021-01-14,近畿,NB-1,1.0,8190.0,1,1,2021-01-14,6.65,13.5875,1.2875,0.0,7.925,0.0,73.875,8,2021-01-14
2021-01-15,中部,NB-1,1.0,7800.0,1,1,2021-01-15,5.1466666666666665,11.846666666666666,-0.2333333333333333,0.0,7.753333333333333,0.0,72.06666666666666,15,2021-01-15
2021-01-15,九州沖縄,NB-1,1.0,8190.0,1,1,2021-01-15,11.75,18.225,5.9125,0.0,8.275,0.0,76.0,8,2021-01-15
2021-01-18,中国,NB-1,1.0,8190.0,1,1,2021-01-18,2.6142857142857143,7.057142857142857,-1.5714285714285714,5.142857142857143,3.728571428571428,2.4,74.28571428571429,7,2021-01-18
2021-01-18,九州沖縄,NB-1,3.0,23400.0,1,1,2021-01-18,7.1,11.225,2.3,0.1875,3.5375,0.0,57.75,8,2021-01-18
2021-01-18,近畿,NB-1,1.0,8450.0,1,1,2021-01-18,3.875,7.925,-0.1749999999999999,0.3125,7.7625,0.0,61.0,8,2021-01-18
2021-01-18,関東,NB-1,3.0,24219.0,1,3,2021-01-18,3.2,8.333333333333334,-0.588888888888889,0.0,4.911111111111111,0.0,68.55555555555556,9,2021-01-18
2021-01-19,四国,NB-1,1.0,8190.0,1,1,2021-01-19,5.275,8.85,1.675,0.0,7.35,0.0,53.25,4,2021-01-19
2021-01-19,関東,NB-1,1.0,8190.0,1,1,2021-01-19,3.3666666666666667,7.911111111111111,-0.7333333333333333,0.0,9.266666666666667,0.0,44.11111111111112,9,2021-01-19
2021-01-21,関東,NB-1,1.0,7540.0,1,1,2021-01-21,4.066666666666666,10.933333333333334,-1.9222222222222225,0.0,8.722222222222221,0.0,58.0,9,2021-01-21
2021-01-22,中部,NB-1,1.0,8190.0,1,1,2021-01-22,6.226666666666668,10.753333333333332,1.7533333333333334,1.8666666666666667,1.8133333333333328,0.0,79.4,15,2021-01-22
2021-01-22,近畿,NB-1,2.0,17680.0,1,1,2021-01-22,8.025,9.6125,6.125,5.0625,0.0,0.0,91.125,8,2021-01-22
2021-01-22,関東,NB-1,1.0,7839.0,1,1,2021-01-22,7.544444444444445,14.955555555555556,0.211111111111111,0.0,7.577777777777778,0.0,54.77777777777778,9,2021-01-22
2021-01-25,中国,NB-1,3.0,23478.0,1,2,2021-01-25,7.771428571428571,13.714285714285714,3.2428571428571438,0.0,8.014285714285714,0.0,72.71428571428571,7,2021-01-25
2021-01-25,九州沖縄,NB-1,5.0,40950.0,1,1,2021-01-25,11.95,17.2125,7.575,0.0,7.5,0.0,68.875,8,2021-01-25
2021-01-25,近畿,NB-1,3.0,24739.0,1,1,2021-01-25,9.1875,13.5,5.5,0.0,7.475,0.0,72.625,8,2021-01-25
2021-01-25,関東,NB-1,3.0,24570.0,1,1,2021-01-25,7.388888888888889,13.477777777777778,2.988888888888889,0.5,8.600000000000001,0.0,71.44444444444444,9,2021-01-25
2021-01-26,中部,NB-1,1.0,8190.0,1,1,2021-01-26,7.02,12.7,0.7200000000000001,5.8,4.66,0.0,74.93333333333334,15,2021-01-26
2021-01-26,近畿,NB-1,3.0,22620.0,1,1,2021-01-26,10.4625,16.7,4.0875,8.5,5.325,0.0,76.75,8,2021-01-26
2021-01-26,関東,NB-1,3.0,25740.0,1,2,2021-01-26,7.1,11.733333333333333,1.3777777777777775,0.1111111111111111,3.922222222222222,0.0,72.44444444444444,9,2021-01-26
2021-01-27,中部,NB-1,2.0,19500.0,1,1,2021-01-27,8.413333333333334,12.746666666666666,4.3933333333333335,12.233333333333333,2.68,0.0,79.26666666666667,15,2021-01-27
2021-01-27,近畿,NB-1,1.0,8840.0,1,1,2021-01-27,10.8125,13.925,7.3125,4.3125,2.55,0.0,71.75,8,2021-01-27
2021-01-27,関東,NB-1,2.0,15080.0,1,1,2021-01-27,9.633333333333333,16.0,5.633333333333334,2.888888888888889,2.4222222222222225,0.0,70.77777777777777,9,2021-01-27
2021-01-28,中部,NB-1,1.0,7800.0,1,1,2021-01-28,5.2733333333333325,8.4,2.506666666666667,1.5,0.4333333333333333,0.1666666666666666,75.66666666666667,15,2021-01-28
2021-02-01,中国,NB-1,1.0,8190.0,1,1,2021-02-01,8.37142857142857,12.785714285714286,2.242857142857143,10.857142857142858,0.3999999999999999,0.0,75.57142857142857,7,2021-02-01
2021-02-01,九州沖縄,NB-1,2.0,16029.0,1,2,2021-02-01,13.125,18.2625,7.325,16.0,2.2125,0.0,72.125,8,2021-02-01
2021-02-01,四国,NB-1,1.0,8190.0,1,1,2021-02-01,9.625,14.275,3.6,1.875,0.7,0.0,72.0,4,2021-02-01
2021-02-01,関東,NB-1,3.0,24219.0,1,1,2021-02-01,5.288888888888889,11.644444444444444,-0.2333333333333332,0.0,5.077777777777778,0.0,61.66666666666666,9,2021-02-01
2021-02-02,中部,NB-1,3.0,24570.0,1,2,2021-02-02,6.626666666666667,11.813333333333333,1.48,18.166666666666668,3.786666666666666,0.6666666666666666,73.53333333333333,15,2021-02-02
2021-02-02,東北,NB-1,1.0,8190.0,1,1,2021-02-02,1.8625,8.1625,-3.0375,7.0,1.9125,4.375,77.375,8,2021-02-02
2021-02-02,近畿,NB-1,1.0,6890.0,1,1,2021-02-02,8.275,13.6875,2.8625,8.9375,6.0375,0.0,69.25,8,2021-02-02
2021-02-02,関東,NB-1,2.0,16380.0,1,2,2021-02-02,8.255555555555555,16.422222222222224,2.8777777777777778,6.666666666666667,4.966666666666667,0.0,65.66666666666667,9,2021-02-02
2021-02-03,中部,NB-1,4.0,31200.0,1,1,2021-02-03,2.933333333333333,6.213333333333334,0.36,3.8333333333333335,5.08,1.5833333333333333,62.86666666666667,15,2021-02-03
2021-02-04,中部,NB-1,2.0,16380.0,1,1,2021-02-04,3.086666666666667,6.946666666666667,-0.5866666666666666,2.3,3.793333333333333,1.0,64.46666666666667,15,2021-02-04
2021-02-04,近畿,NB-1,1.0,8840.0,1,1,2021-02-04,4.8625,9.85,0.5375,0.8125,3.45,0.0,63.875,8,2021-02-04
2021-02-04,関東,NB-1,2.0,15080.0,1,1,2021-02-04,5.4,12.355555555555556,-0.5111111111111111,0.0,9.366666666666667,0.0,46.66666666666666,9,2021-02-04
2021-02-05,中部,NB-1,1.0,9750.0,1,1,2021-02-05,4.386666666666667,9.946666666666664,-0.7666666666666667,0.5,7.58,0.25,62.8,15,2021-02-05
2021-02-05,九州沖縄,NB-1,4.0,32760.0,1,2,2021-02-05,8.9625,14.025,3.0875,0.1875,5.6,0.0,67.375,8,2021-02-05
2021-02-08,九州沖縄,NB-1,1.0,8190.0,1,1,2021-02-08,10.15,14.275,6.3,0.0,9.1,0.0,55.0,8,2021-02-08
2021-02-08,近畿,NB-1,1.0,8190.0,1,1,2021-02-08,5.5375,9.3625,2.1875,2.625,3.2875,0.0,72.375,8,2021-02-08
2021-02-08,関東,NB-1,5.0,41457.0,1,3,2021-02-08,5.055555555555555,9.966666666666669,0.9333333333333332,0.0,5.088888888888889,0.0,44.44444444444444,9,2021-02-08
2021-02-09,中部,NB-1,5.0,39390.0,1,1,2021-02-09,1.4266666666666663,5.54,-2.06,1.5333333333333334,6.319999999999999,1.8333333333333333,60.2,15,2021-02-09
2021-02-09,近畿,NB-1,1.0,7839.0,1,1,2021-02-09,3.425,6.7375,0.3875,2.0625,4.4,2.4285714285714284,69.5,8,2021-02-09
2021-02-09,関東,NB-1,4.0,34580.0,1,1,2021-02-09,3.2444444444444445,8.399999999999999,-1.2555555555555555,0.0,10.066666666666666,0.0,38.22222222222222,9,2021-02-09
2021-02-10,中部,NB-1,1.0,8190.0,1,1,2021-02-10,3.966666666666667,9.886666666666668,-1.346666666666667,0.9333333333333332,6.626666666666666,0.0,64.86666666666666,15,2021-02-10
2021-02-12,中部,NB-1,3.0,24570.0,1,1,2021-02-12,6.52,12.64,1.5266666666666666,0.0,3.2333333333333334,0.0,64.53333333333333,15,2021-02-12
2021-02-12,四国,NB-1,1.0,8190.0,1,1,2021-02-12,10.1,14.825,6.55,0.0,4.2,0.0,64.75,4,2021-02-12
2021-02-12,関東,NB-1,5.0,43030.0,1,2,2021-02-12,6.5888888888888895,11.677777777777775,1.8000000000000005,0.0,3.577777777777778,0.0,58.0,9,2021-02-12
2021-02-15,中部,NB-1,2.0,15600.0,1,1,2021-02-15,10.273333333333332,13.993333333333334,7.413333333333333,43.06666666666667,0.8533333333333334,0.0,83.13333333333334,15,2021-02-15
2021-02-15,四国,NB-1,1.0,8190.0,1,1,2021-02-15,13.35,17.45,9.875,25.25,3.475,0.0,75.5,4,2021-02-15
2021-02-15,近畿,NB-1,3.0,24219.0,1,3,2021-02-15,12.6125,15.65,9.4375,31.875,1.05,0.0,80.5,8,2021-02-15
2021-02-15,関東,NB-1,5.0,40599.0,1,1,2021-02-15,11.244444444444444,14.58888888888889,8.544444444444444,51.333333333333336,0.4666666666666667,0.0,84.22222222222223,9,2021-02-15
2021-02-16,中部,NB-1,1.0,8190.0,1,1,2021-02-16,5.260000000000001,8.966666666666667,2.1666666666666665,3.466666666666667,5.260000000000001,0.8333333333333334,57.4,15,2021-02-16
2021-02-16,九州沖縄,NB-1,1.0,8190.0,1,1,2021-02-16,9.5,13.3125,6.824999999999999,0.75,9.0625,0.0,55.75,8,2021-02-16
2021-02-16,近畿,NB-1,1.0,8840.0,1,1,2021-02-16,7.425000000000001,10.4625,4.9375,0.0,7.6,0.0,46.5,8,2021-02-16
2021-02-16,関東,NB-1,1.0,7800.0,1,1,2021-02-16,9.677777777777775,14.11111111111111,4.933333333333334,0.0,10.066666666666666,0.0,38.44444444444444,9,2021-02-16
2021-02-17,中部,NB-1,2.0,15600.0,1,1,2021-02-17,1.7,5.226666666666668,-1.86,9.1,3.6,8.5,63.73333333333333,15,2021-02-17
2021-02-17,関東,NB-1,2.0,18200.0,1,1,2021-02-17,5.51111111111111,11.9,0.3888888888888889,0.0,7.699999999999999,0.0,44.44444444444444,9,2021-02-17
2021-02-18,中部,NB-1,1.0,9750.0,1,1,2021-02-18,0.2333333333333332,4.0,-2.64,5.066666666666666,4.36,4.666666666666667,65.86666666666666,15,2021-02-18
2021-02-18,近畿,NB-1,2.0,16380.0,1,2,2021-02-18,1.4,5.475,-1.4875,3.0,5.4625,3.857142857142857,65.25,8,2021-02-18
2021-02-18,関東,NB-1,3.0,26000.0,1,2,2021-02-18,3.188888888888889,8.455555555555556,-1.5,0.0,8.88888888888889,0.0,39.0,9,2021-02-18
2021-02-19,近畿,NB-1,1.0,8190.0,1,1,2021-02-19,3.8625,8.15,0.7875,0.25,4.2375,0.1428571428571428,69.0,8,2021-02-19
2021-02-19,関東,NB-1,2.0,18200.0,1,1,2021-02-19,5.544444444444444,11.744444444444444,-0.4666666666666667,0.0,10.533333333333331,0.0,46.0,9,2021-02-19
2021-02-22,中部,NB-1,6.0,56940.0,1,2,2021-02-22,12.98,20.19333333333333,6.206666666666666,0.6666666666666666,9.826666666666666,0.0,53.06666666666667,15,2021-02-22
2021-02-22,九州沖縄,NB-1,8.0,65169.0,1,3,2021-02-22,16.8625,23.0,11.0,0.0,7.4375,0.0,70.375,8,2021-02-22
2021-02-22,北海道,NB-1,2.0,16380.0,1,1,2021-02-22,-2.3125,0.4125,-5.9625,0.8125,3.975,1.875,75.75,8,2021-02-22
2021-02-22,四国,NB-1,1.0,8190.0,1,1,2021-02-22,14.25,21.075,7.3,0.0,9.7,0.0,63.75,4,2021-02-22
2021-02-22,近畿,NB-1,1.0,7839.0,1,1,2021-02-22,13.6625,20.425,6.55,0.0,10.2875,0.0,62.75,8,2021-02-22
2021-02-22,関東,NB-1,5.0,39598.0,1,3,2021-02-22,13.622222222222222,21.633333333333333,6.166666666666667,0.0,10.333333333333334,0.0,54.11111111111112,9,2021-02-22
2021-02-24,東北,NB-1,3.0,24570.0,1,2,2021-02-24,-1.6375,1.2375,-3.45,2.25,4.6875,4.875,67.75,8,2021-02-24
2021-02-24,近畿,NB-1,1.0,8840.0,1,1,2021-02-24,5.4,9.9125,2.3625,0.0,9.125,0.0,52.25,8,2021-02-24
2021-02-24,関東,NB-1,4.0,31590.0,1,2,2021-02-24,5.222222222222222,10.533333333333331,1.6444444444444446,0.0,10.044444444444444,0.0,37.44444444444444,9,2021-02-24
2021-02-25,中部,NB-1,3.0,23400.0,1,1,2021-02-25,4.246666666666667,10.486666666666668,-1.7333333333333334,0.0,8.38,0.0,54.8,15,2021-02-25
2021-02-25,近畿,NB-1,1.0,7540.0,1,1,2021-02-25,6.325,12.15,0.3624999999999999,0.0,8.725,0.0,51.125,8,2021-02-25
2021-02-25,関東,NB-1,3.0,26130.0,1,2,2021-02-25,5.533333333333333,11.322222222222225,-0.2777777777777777,0.0,9.077777777777778,0.0,46.55555555555556,9,2021-02-25
2021-02-26,中国,NB-1,5.0,40950.0,1,1,2021-02-26,6.7,9.357142857142858,4.857142857142857,8.5,0.0714285714285714,0.0,80.71428571428571,7,2021-02-26
2021-02-26,北海道,NB-1,3.0,20670.0,1,1,2021-02-26,-5.1875,-1.4375,-9.125,2.75,6.525,5.0,70.25,8,2021-02-26
2021-02-26,近畿,NB-1,1.0,8190.0,1,1,2021-02-26,7.1625,8.925,5.325,2.875,0.0,0.0,67.5,8,2021-02-26
2021-02-26,関東,NB-1,1.0,7839.0,1,1,2021-02-26,7.177777777777777,11.211111111111112,3.466666666666667,0.0,0.0111111111111111,0.0,48.333333333333336,9,2021-02-26
2021-03-01,九州沖縄,NB-1,2.0,15639.0,1,1,2021-03-01,17.5625,22.2875,12.8375,0.6875,4.8375,0.0,76.625,8,2021-03-01
2021-03-01,四国,NB-1,1.0,8190.0,1,1,2021-03-01,14.425,20.075,9.225,1.625,4.4,0.0,74.0,4,2021-03-01
2021-03-01,近畿,NB-1,2.0,16029.0,1,2,2021-03-01,13.5875,19.7375,6.575,0.0,8.475,0.0,63.25,8,2021-03-01
2021-03-01,関東,NB-1,3.0,24219.0,1,2,2021-03-01,10.6,17.711111111111112,2.955555555555556,0.1111111111111111,7.466666666666667,0.0,61.66666666666666,9,2021-03-01
2021-03-02,中部,NB-1,3.0,23790.0,1,2,2021-03-02,9.746666666666666,17.033333333333335,3.26,22.166666666666668,0.36,0.1666666666666666,78.46666666666667,15,2021-03-02
2021-03-02,九州沖縄,NB-1,1.0,8190.0,1,1,2021-03-02,12.2375,18.9,8.175,17.625,2.775,0.0,73.875,8,2021-03-02
2021-03-02,近畿,NB-1,5.0,41600.0,1,2,2021-03-02,9.9375,16.6125,4.15,29.25,0.4375,0.0,77.5,8,2021-03-02
2021-03-02,関東,NB-1,7.0,58500.0,1,4,2021-03-02,12.11111111111111,18.58888888888889,6.466666666666667,12.22222222222222,0.3666666666666666,0.0,77.33333333333333,9,2021-03-02
2021-03-03,関東,NB-1,1.0,8190.0,1,1,2021-03-03,6.466666666666667,10.833333333333334,3.1666666666666665,0.0,10.88888888888889,0.0,44.888888888888886,9,2021-03-03
2021-03-04,中国,NB-1,1.0,7800.0,1,1,2021-03-04,8.957142857142857,15.014285714285714,1.157142857142857,1.6428571428571428,4.571428571428571,0.0,69.42857142857143,7,2021-03-04
2021-03-04,中部,NB-1,3.0,23400.0,1,1,2021-03-04,8.52,14.52,2.3466666666666662,1.1666666666666667,5.52,0.0,63.46666666666667,15,2021-03-04
2021-03-04,東北,NB-1,1.0,8190.0,1,1,2021-03-04,3.425,10.0375,-4.1,0.0,9.15,0.0,67.625,8,2021-03-04
2021-03-04,近畿,NB-1,1.0,8190.0,1,1,2021-03-04,9.7125,16.0625,2.325,0.0,5.8625,0.0,66.375,8,2021-03-04
2021-03-05,九州沖縄,NB-1,2.0,16380.0,1,1,2021-03-05,15.45,19.175,13.1125,12.625,3.8125,0.0,84.5,8,2021-03-05
2021-03-05,近畿,NB-1,1.0,8190.0,1,1,2021-03-05,11.975,14.1,10.05,7.0625,0.1875,0.0,84.875,8,2021-03-05
2021-03-05,関東,NB-1,1.0,8190.0,1,1,2021-03-05,11.144444444444444,16.08888888888889,6.855555555555556,1.5555555555555556,3.2555555555555555,0.0,76.22222222222223,9,2021-03-05
2021-03-08,近畿,NB-1,1.0,8840.0,1,1,2021-03-08,8.0375,12.2125,4.8375,1.6875,3.6375,0.0,70.375,8,2021-03-08
2021-03-08,関東,NB-1,7.0,59150.0,1,3,2021-03-08,7.066666666666666,9.177777777777775,5.044444444444444,4.055555555555555,0.3333333333333333,0.0,78.77777777777777,9,2021-03-08
2021-03-09,東北,NB-1,1.0,8190.0,1,1,2021-03-09,3.3875,10.25,-3.375,0.0,10.1875,0.0,68.0,8,2021-03-09
2021-03-09,関東,NB-1,1.0,8190.0,1,1,2021-03-09,9.133333333333333,13.455555555555556,4.755555555555556,0.0555555555555555,3.8333333333333335,0.0,68.44444444444444,9,2021-03-09
2021-03-10,近畿,NB-1,1.0,7540.0,1,1,2021-03-10,9.5875,15.775,5.0,0.0,9.225,0.0,61.5,8,2021-03-10
2021-03-10,関東,NB-1,2.0,15600.0,1,1,2021-03-10,10.988888888888887,18.355555555555554,5.644444444444444,0.0,10.366666666666667,0.0,48.66666666666666,9,2021-03-10
2021-03-11,中部,NB-1,3.0,23400.0,1,1,2021-03-11,7.92,15.513333333333332,1.0,0.0,10.0,0.0,61.73333333333333,15,2021-03-11
2021-03-11,近畿,NB-1,1.0,8190.0,1,1,2021-03-11,8.5625,15.7375,1.625,0.0,9.925,0.0,56.5,8,2021-03-11
2021-03-11,関東,NB-1,3.0,22620.0,1,1,2021-03-11,8.733333333333333,15.0,2.2,0.0,10.81111111111111,0.0,50.44444444444444,9,2021-03-11
2021-03-12,四国,NB-1,1.0,8190.0,1,1,2021-03-12,11.725,15.775,9.075,24.0,0.1999999999999999,0.0,81.0,4,2021-03-12
2021-03-12,関東,NB-1,2.0,15730.0,1,1,2021-03-12,11.61111111111111,16.255555555555556,6.633333333333334,0.8333333333333334,1.2888888888888888,0.0,63.11111111111112,9,2021-03-12
2021-03-15,九州沖縄,NB-1,1.0,7839.0,1,1,2021-03-15,13.6,19.2,7.8125,0.0,9.8375,0.0,66.625,8,2021-03-15
2021-03-15,四国,NB-1,2.0,15678.0,1,1,2021-03-15,12.0,17.950000000000003,6.9,0.0,9.425,0.0,62.0,4,2021-03-15
2021-03-15,東北,NB-1,2.0,16380.0,1,1,2021-03-15,7.9625,12.85,3.1,0.125,8.125,0.0,61.5,8,2021-03-15
2021-03-15,関東,NB-1,9.0,79170.0,1,2,2021-03-15,11.344444444444443,18.166666666666668,5.344444444444445,0.0,10.655555555555557,0.0,44.11111111111112,9,2021-03-15
2021-03-16,九州沖縄,NB-1,3.0,24570.0,1,1,2021-03-16,16.8,21.0375,12.3,4.375,2.275,0.0,78.75,8,2021-03-16
2021-03-16,関東,NB-1,4.0,30420.0,1,1,2021-03-16,13.022222222222222,20.14444444444445,5.522222222222222,0.0,7.6,0.0,53.22222222222222,9,2021-03-16
2021-03-17,中部,NB-1,3.0,25350.0,1,1,2021-03-17,9.366666666666667,14.84,4.366666666666666,0.0,9.2,0.0,59.86666666666667,15,2021-03-17
2021-03-17,近畿,NB-1,1.0,8190.0,1,1,2021-03-17,10.875,15.75,6.225,0.0,9.525,0.0,61.625,8,2021-03-17
2021-03-17,関東,NB-1,1.0,8190.0,1,1,2021-03-17,12.033333333333331,17.9,7.322222222222223,0.0,10.266666666666667,0.0,45.0,9,2021-03-17
2021-03-18,中国,NB-1,1.0,9750.0,1,1,2021-03-18,10.114285714285714,16.7,4.042857142857143,0.0,11.0,0.0,65.57142857142857,7,2021-03-18
2021-03-18,関東,NB-1,1.0,7839.0,1,1,2021-03-18,11.088888888888889,17.41111111111111,4.355555555555556,0.0,11.0,0.0,49.0,9,2021-03-18
2021-03-19,中部,NB-1,3.0,23400.0,1,1,2021-03-19,9.753333333333334,16.98,3.8733333333333335,0.0,9.333333333333334,0.0,62.66666666666666,15,2021-03-19
2021-03-19,近畿,NB-1,1.0,8190.0,1,1,2021-03-19,11.9375,19.075,6.3,0.0,10.1625,0.0,53.75,8,2021-03-19
2021-03-19,関東,NB-1,3.0,23270.0,1,2,2021-03-19,11.744444444444444,17.155555555555555,8.122222222222222,0.0555555555555555,6.566666666666666,0.0,59.22222222222222,9,2021-03-19
2021-03-22,中部,NB-1,2.0,16380.0,1,1,2021-03-22,8.84,12.986666666666668,4.233333333333333,1.0333333333333334,6.546666666666667,0.0,59.46666666666667,15,2021-03-22
2021-03-22,九州沖縄,NB-1,8.0,64467.0,1,3,2021-03-22,10.9,14.2875,8.075,0.0,6.875,0.0,50.875,8,2021-03-22
2021-03-22,四国,NB-1,1.0,7839.0,1,1,2021-03-22,10.4,14.375,6.45,0.0,6.9,0.0,53.25,4,2021-03-22
2021-03-22,東北,NB-1,1.0,8190.0,1,1,2021-03-22,6.65,10.125,3.1,1.5625,3.8625,0.0,63.125,8,2021-03-22
2021-03-22,近畿,NB-1,4.0,31707.0,1,1,2021-03-22,9.1375,13.3875,5.9125,0.875,5.075,0.0,66.375,8,2021-03-22
2021-03-22,関東,NB-1,7.0,62439.0,1,2,2021-03-22,11.411111111111111,16.244444444444444,6.377777777777777,0.6111111111111112,2.2,0.0,55.22222222222222,9,2021-03-22
2021-03-23,近畿,NB-1,2.0,17030.0,1,2,2021-03-23,9.05,15.1125,3.45,0.0,11.0375,0.0,62.625,8,2021-03-23
2021-03-23,関東,NB-1,3.0,23270.0,1,2,2021-03-23,9.833333333333334,15.211111111111112,3.9,0.0,11.233333333333333,0.0,51.11111111111112,9,2021-03-23
2021-03-24,中部,NB-1,1.0,7800.0,1,1,2021-03-24,11.34,19.386666666666667,3.36,0.0,10.78,0.0,58.93333333333333,15,2021-03-24
2021-03-24,九州沖縄,NB-1,1.0,8190.0,1,1,2021-03-24,14.0,19.2625,7.775,1.5625,7.1125,0.0,66.5,8,2021-03-24
2021-03-24,近畿,NB-1,1.0,8190.0,1,1,2021-03-24,12.5375,19.675,5.2,0.0,10.5125,0.0,63.5,8,2021-03-24
2021-03-26,中国,NB-1,1.0,8190.0,1,1,2021-03-26,13.042857142857144,20.857142857142858,5.957142857142857,0.0,10.285714285714286,0.0,55.142857142857146,7,2021-03-26
2021-03-26,北海道,NB-1,1.0,6890.0,1,1,2021-03-26,3.65,6.9875,0.675,2.4375,3.475,0.25,81.375,8,2021-03-26
2021-03-29,中国,NB-1,1.0,7800.0,1,1,2021-03-29,15.328571428571427,21.014285714285712,10.157142857142857,0.0,8.1,0.0,74.28571428571429,7,2021-03-29
2021-03-29,中部,NB-1,3.0,23400.0,1,1,2021-03-29,16.053333333333335,23.12,11.706666666666669,8.466666666666667,8.686666666666667,0.0,73.73333333333333,15,2021-03-29
2021-03-29,九州沖縄,NB-1,2.0,16380.0,1,1,2021-03-29,16.8875,22.925,12.1,0.0,6.8,0.0,79.625,8,2021-03-29
2021-03-29,近畿,NB-1,4.0,35490.0,1,1,2021-03-29,16.2375,21.7375,12.5875,0.0625,8.0125,0.0,74.0,8,2021-03-29
2021-03-29,関東,NB-1,6.0,47840.0,1,2,2021-03-29,17.5,23.23333333333333,12.844444444444443,28.38888888888889,8.88888888888889,0.0,78.88888888888889,9,2021-03-29
2021-03-30,九州沖縄,NB-1,1.0,7800.0,1,1,2021-03-30,17.1,21.9,13.725,1.0625,3.975,0.0,77.0,8,2021-03-30
2021-03-30,北海道,NB-1,1.0,8190.0,1,1,2021-03-30,8.262500000000001,12.8625,4.3375,0.25,6.8125,0.0,70.625,8,2021-03-30
2021-03-30,近畿,NB-1,3.0,26520.0,1,1,2021-03-30,15.425,21.6125,10.7125,0.0,5.55,0.0,66.875,8,2021-03-30
2021-03-30,関東,NB-1,2.0,16900.0,1,2,2021-03-30,17.144444444444446,21.41111111111111,13.966666666666669,0.1666666666666666,2.8666666666666667,0.0,73.44444444444444,9,2021-03-30
2021-03-31,中国,NB-1,1.0,8190.0,1,1,2021-03-31,13.014285714285714,20.042857142857144,6.057142857142857,0.0,10.685714285714283,0.0,59.71428571428572,7,2021-03-31
2021-03-31,近畿,NB-1,1.0,6890.0,1,1,2021-03-31,14.075,20.5625,8.725,0.0,11.3,0.0,53.375,8,2021-03-31
2021-04-01,中部,NB-1,5.0,39000.0,1,1,2021-04-01,13.0,19.946666666666665,7.14,0.0333333333333333,10.106666666666666,0.0,65.0,15,2021-04-01
2021-04-02,中国,NB-1,1.0,7800.0,1,1,2021-04-02,17.442857142857143,24.957142857142856,9.914285714285716,0.0,9.171428571428573,0.0,56.285714285714285,7,2021-04-02
2021-04-02,中部,NB-1,2.0,16380.0,1,2,2021-04-02,15.126666666666669,21.14,9.953333333333337,0.0333333333333333,8.0,0.0,64.86666666666666,15,2021-04-02
2021-04-02,九州沖縄,NB-1,1.0,8190.0,1,1,2021-04-02,20.3125,24.0625,17.1125,3.0,1.6125,0.0,66.625,8,2021-04-02
2021-04-02,近畿,NB-1,1.0,7540.0,1,1,2021-04-02,17.325,23.6125,12.0,0.0,7.85,0.0,60.5,8,2021-04-02
2021-04-02,関東,NB-1,5.0,44330.0,1,3,2021-04-02,15.22222222222222,19.288888888888888,12.533333333333331,0.0,3.1555555555555554,0.0,63.888888888888886,9,2021-04-02
2021-04-05,中国,NB-1,1.0,7839.0,1,1,2021-04-05,11.642857142857142,16.142857142857142,7.2,0.6428571428571429,7.871428571428572,0.0,57.142857142857146,7,2021-04-05
2021-04-05,中部,NB-1,2.0,16029.0,1,2,2021-04-05,11.186666666666666,15.973333333333333,6.513333333333334,3.933333333333333,4.8933333333333335,0.0,72.4,15,2021-04-05
2021-04-05,近畿,NB-1,1.0,7839.0,1,1,2021-04-05,11.5875,14.975,8.5875,0.3125,7.35,0.0,62.25,8,2021-04-05
2021-04-05,関東,NB-1,3.0,27040.0,1,2,2021-04-05,13.2,17.355555555555554,8.088888888888889,7.222222222222222,1.011111111111111,0.0,79.0,9,2021-04-05
2021-04-06,中部,NB-1,4.0,31590.0,1,1,2021-04-06,10.1,16.113333333333333,4.406666666666666,1.8,7.773333333333331,0.0,65.53333333333333,15,2021-04-06
2021-04-06,東北,NB-1,1.0,8190.0,1,1,2021-04-06,7.1625,12.925,2.6125,0.0,8.075,0.0,60.875,8,2021-04-06
2021-04-06,近畿,NB-1,1.0,8190.0,1,1,2021-04-06,11.1375,16.45,7.012499999999999,2.9375,3.025,0.0,71.125,8,2021-04-06
2021-04-06,関東,NB-1,1.0,8190.0,1,1,2021-04-06,10.233333333333333,14.688888888888888,6.022222222222222,0.0,4.466666666666667,0.0,62.888888888888886,9,2021-04-06
2021-04-07,北海道,NB-1,1.0,8190.0,1,1,2021-04-07,3.775,8.3875,0.1374999999999999,0.125,7.324999999999999,0.0,67.375,8,2021-04-07
2021-04-07,近畿,NB-1,2.0,17030.0,1,1,2021-04-07,13.1375,19.2625,8.225,0.125,11.3625,0.0,61.0,8,2021-04-07
2021-04-07,関東,NB-1,4.0,30160.0,1,1,2021-04-07,12.67777777777778,18.95555555555556,7.566666666666666,0.0,10.455555555555556,0.0,58.22222222222222,9,2021-04-07
2021-04-09,関東,NB-1,1.0,8190.0,1,1,2021-04-09,10.877777777777776,16.811111111111114,6.288888888888889,0.0,7.888888888888889,0.0,46.888888888888886,9,2021-04-09
2021-04-12,中国,NB-1,1.0,8190.0,1,1,2021-04-12,14.685714285714289,21.67142857142857,7.057142857142857,5.142857142857143,4.471428571428572,0.0,64.0,7,2021-04-12
2021-04-12,中部,NB-1,5.0,42900.0,1,1,2021-04-12,13.613333333333337,20.086666666666662,6.426666666666667,0.5666666666666667,8.973333333333333,0.0,58.86666666666667,15,2021-04-12
2021-04-12,九州沖縄,NB-1,2.0,16029.0,1,1,2021-04-12,17.8,21.975,13.9375,6.3125,1.5375,0.0,75.75,8,2021-04-12
2021-04-12,東北,NB-1,1.0,7839.0,1,1,2021-04-12,11.0875,19.175,2.025,0.0,11.5,0.0,59.5,8,2021-04-12
2021-04-12,近畿,NB-1,2.0,15678.0,1,2,2021-04-12,15.6875,21.7125,9.025,0.0,6.9125,0.0,59.25,8,2021-04-12
2021-04-12,関東,NB-1,3.0,26039.0,1,2,2021-04-12,14.0,19.73333333333333,7.811111111111111,0.0,9.522222222222222,0.0,57.0,9,2021-04-12
2021-04-13,中部,NB-1,5.0,39000.0,1,1,2021-04-13,14.713333333333336,17.686666666666667,11.766666666666667,8.433333333333334,0.36,0.0,74.86666666666666,15,2021-04-13
2021-04-13,九州沖縄,NB-1,1.0,8190.0,1,1,2021-04-13,18.1625,21.825,15.45,14.8125,4.25,0.0,83.625,8,2021-04-13
2021-04-13,四国,NB-1,1.0,8190.0,1,1,2021-04-13,16.55,19.65,14.425,25.625,0.175,0.0,86.75,4,2021-04-13
2021-04-13,関東,NB-1,1.0,8190.0,1,1,2021-04-13,15.344444444444443,19.744444444444444,11.933333333333334,0.8888888888888888,0.6666666666666666,0.0,75.22222222222223,9,2021-04-13
2021-04-14,近畿,NB-1,1.0,8190.0,1,1,2021-04-14,13.825,19.425,8.1875,3.4375,3.25,0.0,75.125,8,2021-04-14
2021-04-14,関東,NB-1,3.0,23790.0,1,2,2021-04-14,15.044444444444444,20.41111111111111,8.255555555555555,15.444444444444445,0.7333333333333333,0.0,83.33333333333333,9,2021-04-14
2021-04-15,中部,NB-1,1.0,8190.0,1,1,2021-04-15,9.926666666666668,15.913333333333332,3.893333333333333,0.0,9.246666666666666,0.0,56.93333333333333,15,2021-04-15
2021-04-15,東北,NB-1,1.0,8190.0,1,1,2021-04-15,7.525,13.6375,1.275,0.0,10.25,0.0,54.375,8,2021-04-15
2021-04-15,関東,NB-1,1.0,8190.0,1,1,2021-04-15,10.622222222222222,15.744444444444444,5.644444444444444,0.1666666666666666,10.0,0.0,48.11111111111112,9,2021-04-15
2021-04-16,関東,NB-1,1.0,8190.0,1,1,2021-04-16,13.27777777777778,18.288888888888888,7.800000000000001,0.0,2.7666666666666666,0.0,62.0,9,2021-04-16
2021-04-19,中国,NB-1,1.0,7839.0,1,1,2021-04-19,12.714285714285714,19.7,5.057142857142857,0.0,12.1,0.0,63.71428571428572,7,2021-04-19
2021-04-19,中部,NB-1,5.0,39897.0,1,2,2021-04-19,12.026666666666667,18.52,5.746666666666667,0.0333333333333333,10.96,0.0,54.2,15,2021-04-19
2021-04-19,九州沖縄,NB-1,5.0,40248.0,1,2,2021-04-19,14.75,21.1125,8.4,0.0,11.625,0.0,59.25,8,2021-04-19
2021-04-19,四国,NB-1,1.0,7839.0,1,1,2021-04-19,13.9,20.2,7.175,0.0,12.275,0.0,56.25,4,2021-04-19
2021-04-19,東北,NB-1,3.0,24219.0,1,2,2021-04-19,11.275,14.9375,7.6,2.375,4.0125,0.0,59.875,8,2021-04-19
2021-04-19,近畿,NB-1,5.0,39195.0,1,3,2021-04-19,12.6,18.7125,6.3125,0.0,11.05,0.0,62.375,8,2021-04-19
2021-04-19,関東,NB-1,1.0,7839.0,1,1,2021-04-19,14.933333333333334,20.8,9.7,0.0,12.088888888888889,0.0,40.77777777777778,9,2021-04-19
2021-04-21,中国,NB-1,1.0,8450.0,1,1,2021-04-21,16.742857142857144,24.97142857142857,9.042857142857144,0.0,12.12857142857143,0.0,56.285714285714285,7,2021-04-21
2021-04-21,中部,NB-1,12.0,93600.0,1,1,2021-04-21,15.053333333333333,22.23333333333333,8.546666666666665,0.0,12.086666666666668,0.0,51.86666666666667,15,2021-04-21
2021-04-21,九州沖縄,NB-1,2.0,16380.0,1,1,2021-04-21,18.825,25.975,12.2625,1.1875,9.825,0.0,59.875,8,2021-04-21
2021-04-21,近畿,NB-1,2.0,15080.0,1,1,2021-04-21,17.325,24.425,10.6125,0.0,12.1125,0.0,47.625,8,2021-04-21
2021-04-21,関東,NB-1,1.0,8190.0,1,1,2021-04-21,17.344444444444445,23.41111111111111,11.566666666666666,0.0,12.566666666666666,0.0,41.77777777777778,9,2021-04-21
2021-04-23,中国,NB-1,2.0,16250.0,1,2,2021-04-23,16.77142857142857,23.071428571428573,11.62857142857143,0.0,4.0,0.0,53.71428571428572,7,2021-04-23
2021-04-26,中国,NB-1,1.0,7800.0,1,1,2021-04-26,12.914285714285716,18.585714285714285,6.728571428571429,0.0,12.271428571428572,0.0,48.57142857142857,7,2021-04-26
2021-04-26,中部,NB-1,1.0,7839.0,1,1,2021-04-26,10.78,16.966666666666665,5.42,0.0,11.493333333333334,0.0,44.73333333333333,15,2021-04-26
2021-04-26,九州沖縄,NB-1,2.0,16029.0,1,2,2021-04-26,17.0625,22.375,12.6125,0.0,12.375,0.0,50.5,8,2021-04-26
2021-04-26,北海道,NB-1,3.0,23517.0,1,1,2021-04-26,3.9,7.9,0.3125,0.0625,11.7875,0.0,54.25,8,2021-04-26
2021-04-26,東北,NB-1,1.0,8190.0,1,1,2021-04-26,7.625,12.6,3.625,0.0625,10.825,0.0,49.5,8,2021-04-26
2021-04-26,近畿,NB-1,6.0,49699.0,1,2,2021-04-26,12.725,18.475,8.05,0.0,12.25,0.0,42.625,8,2021-04-26
2021-04-26,関東,NB-1,9.0,71253.0,1,3,2021-04-26,12.055555555555555,17.72222222222222,7.7444444444444445,0.0,12.755555555555556,0.0,36.0,9,2021-04-26
2021-04-27,近畿,NB-1,2.0,16380.0,1,2,2021-04-27,14.775,21.7375,6.55,0.0,11.05,0.0,53.625,8,2021-04-27
2021-04-27,関東,NB-1,1.0,7540.0,1,1,2021-04-27,13.22222222222222,19.27777777777778,6.266666666666667,0.0,9.977777777777778,0.0,55.0,9,2021-04-27
2021-04-28,中国,NB-1,2.0,19500.0,1,1,2021-04-28,16.428571428571427,19.8,14.428571428571429,11.214285714285714,0.2857142857142857,0.0,84.71428571428571,7,2021-04-28
2021-04-28,中部,NB-1,1.0,8190.0,1,1,2021-04-28,15.36,19.60666666666667,11.4,6.266666666666667,0.7266666666666667,0.0,73.26666666666667,15,2021-04-28
2021-04-28,近畿,NB-1,1.0,8190.0,1,1,2021-04-28,16.400000000000002,18.8625,14.3125,15.875,0.05,0.0,85.875,8,2021-04-28
2021-04-28,関東,NB-1,1.0,8190.0,1,1,2021-04-28,16.855555555555554,22.05555555555556,10.533333333333331,0.0,5.9,0.0,63.888888888888886,9,2021-04-28
2021-05-06,中国,NB-1,1.0,7800.0,1,1,2021-05-06,16.84285714285714,23.77142857142857,9.9,0.0,11.87142857142857,0.0,62.85714285714285,7,2021-05-06
2021-05-06,中部,NB-1,2.0,16380.0,1,1,2021-05-06,17.84,24.386666666666667,12.1,1.0333333333333334,10.993333333333334,0.0,66.66666666666667,15,2021-05-06
2021-05-06,九州沖縄,NB-1,1.0,7839.0,1,1,2021-05-06,19.0625,25.475,12.15,0.0625,10.875,0.0,60.625,8,2021-05-06
2021-05-06,四国,NB-1,3.0,24570.0,1,1,2021-05-06,17.7,23.65,11.325,0.0,12.1,0.0,65.0,4,2021-05-06
2021-05-06,東北,NB-1,1.0,8190.0,1,1,2021-05-06,16.625,22.75,10.8625,0.25,12.2,0.0,52.0,8,2021-05-06
2021-05-06,近畿,NB-1,2.0,16029.0,1,1,2021-05-06,17.9,24.2875,11.8625,0.0,11.625,0.0,65.5,8,2021-05-06
2021-05-06,関東,NB-1,7.0,58448.0,1,4,2021-05-06,18.577777777777776,24.1,14.655555555555557,3.2777777777777777,7.677777777777777,0.0,69.22222222222223,9,2021-05-06
2021-05-07,中部,NB-1,7.0,55770.0,1,2,2021-05-07,16.14,20.24,12.546666666666663,3.3666666666666667,0.82,0.0,73.66666666666667,15,2021-05-07
2021-05-07,九州沖縄,NB-1,2.0,16380.0,1,1,2021-05-07,19.2375,22.1375,17.3625,2.6875,3.25,0.0,81.75,8,2021-05-07
2021-05-07,東北,NB-1,1.0,8190.0,1,1,2021-05-07,15.7125,22.0875,9.4,0.0,4.2375,0.0,60.0,8,2021-05-07
2021-05-07,関東,NB-1,2.0,18200.0,1,1,2021-05-07,17.188888888888886,20.33333333333333,14.5,1.3333333333333333,0.9333333333333332,0.0,78.77777777777777,9,2021-05-07
2021-05-10,中国,NB-1,1.0,8190.0,1,1,2021-05-10,16.842857142857145,23.87142857142857,9.842857142857143,0.2857142857142857,8.2,0.0,57.85714285714285,7,2021-05-10
2021-05-10,九州沖縄,NB-1,3.0,23517.0,1,1,2021-05-10,20.9625,26.35,15.575,1.3125,9.9625,0.0,66.25,8,2021-05-10
2021-05-10,北海道,NB-1,3.0,20670.0,1,1,2021-05-10,7.6875,11.6375,5.425,1.75,2.55,0.0,81.875,8,2021-05-10
2021-05-10,四国,NB-1,1.0,7839.0,1,1,2021-05-10,18.85,24.975,12.725,0.0,10.0,0.0,45.75,4,2021-05-10
2021-05-10,東北,NB-1,1.0,7839.0,1,1,2021-05-10,14.125,17.85,10.9,1.0625,5.4125,0.0,55.75,8,2021-05-10
2021-05-10,近畿,NB-1,3.0,24128.0,1,1,2021-05-10,17.325,24.1625,10.5875,0.0625,9.175,0.0,51.875,8,2021-05-10
2021-05-10,関東,NB-1,10.0,85397.0,1,4,2021-05-10,19.31111111111111,25.433333333333334,13.377777777777778,0.0,10.377777777777778,0.0,40.888888888888886,9,2021-05-10
2021-05-11,中国,NB-1,1.0,8190.0,1,1,2021-05-11,17.97142857142857,22.585714285714285,14.12857142857143,0.2142857142857142,2.7285714285714286,0.0,67.0,7,2021-05-11
2021-05-11,中部,NB-1,6.0,47580.0,1,3,2021-05-11,15.853333333333332,21.206666666666667,12.0,0.3666666666666666,6.226666666666668,0.0,66.2,15,2021-05-11
2021-05-11,北海道,NB-1,2.0,13780.0,1,1,2021-05-11,6.6125,10.2625,3.725,0.5,6.0125,0.0,77.5,8,2021-05-11
2021-05-11,関東,NB-1,2.0,15080.0,1,1,2021-05-11,16.98888888888889,20.022222222222226,14.577777777777776,0.0,2.622222222222222,0.0,55.44444444444444,9,2021-05-11
2021-05-12,北海道,NB-1,1.0,6890.0,1,1,2021-05-12,7.1625,11.9,2.9125,0.0,9.675,0.0,76.875,8,2021-05-12
2021-05-12,近畿,NB-1,3.0,25480.0,1,2,2021-05-12,16.925,21.025,13.25,5.8125,0.425,0.0,76.0,8,2021-05-12
2021-05-13,九州沖縄,NB-1,1.0,8190.0,1,1,2021-05-13,21.6875,25.725,19.05,0.25,2.2875,0.0,84.5,8,2021-05-13
2021-05-13,関東,NB-1,1.0,8190.0,1,1,2021-05-13,16.455555555555556,18.72222222222222,14.433333333333334,4.833333333333333,0.0,0.0,86.55555555555556,9,2021-05-13
2021-05-14,東北,NB-1,1.0,8190.0,1,1,2021-05-14,17.825,24.4625,12.65,0.625,7.95,0.0,71.875,8,2021-05-14
2021-05-17,中部,NB-1,3.0,23400.0,1,1,2021-05-17,20.34,24.51333333333333,16.78,31.4,0.2066666666666666,0.0,92.06666666666666,15,2021-05-17
2021-05-17,近畿,NB-1,1.0,9100.0,1,1,2021-05-17,22.125,25.262500000000003,19.525,25.3125,0.025,0.0,92.125,8,2021-05-17
2021-05-17,関東,NB-1,2.0,15678.0,1,2,2021-05-17,21.788888888888888,24.87777777777778,18.58888888888889,1.0555555555555556,0.2666666666666666,0.0,86.88888888888889,9,2021-05-17
2021-05-18,東北,NB-1,2.0,16380.0,1,1,2021-05-18,17.875,22.9,14.2125,4.3125,5.3125,0.0,75.75,8,2021-05-18
2021-05-18,近畿,NB-1,4.0,32890.0,1,1,2021-05-18,20.8875,24.625,19.1625,3.0,0.5,0.0,87.125,8,2021-05-18
2021-05-18,関東,NB-1,1.0,8190.0,1,1,2021-05-18,19.55555555555556,23.133333333333333,16.366666666666667,4.333333333333333,0.7555555555555555,0.0,91.55555555555556,9,2021-05-18
2021-05-19,関東,NB-1,2.0,16380.0,1,2,2021-05-19,17.177777777777777,18.288888888888888,15.88888888888889,10.0,0.0,0.0,97.66666666666669,9,2021-05-19
2021-05-20,中部,NB-1,1.0,8190.0,1,1,2021-05-20,17.80666666666667,21.52,14.946666666666664,23.8,0.7066666666666667,0.0,89.13333333333334,15,2021-05-20
2021-05-20,東北,NB-1,1.0,8190.0,1,1,2021-05-20,18.4625,24.2875,13.5375,2.0,7.5875,0.0,73.125,8,2021-05-20
2021-05-21,九州沖縄,NB-1,1.0,8190.0,1,1,2021-05-21,20.85,23.6,18.1375,7.125,1.1125,0.0,80.625,8,2021-05-21
2021-05-21,関東,NB-1,3.0,24570.0,1,3,2021-05-21,20.711111111111112,23.744444444444444,17.255555555555556,7.055555555555555,0.0555555555555555,0.0,93.22222222222224,9,2021-05-21
2021-05-24,中部,NB-1,2.0,16029.0,1,2,2021-05-24,19.040000000000003,25.86,14.22,1.1,2.3266666666666667,0.0,73.66666666666667,15,2021-05-24
2021-05-24,九州沖縄,NB-1,2.0,16029.0,1,1,2021-05-24,20.0,22.825,17.75,14.75,2.2125000000000004,0.0,89.375,8,2021-05-24
2021-05-24,近畿,NB-1,1.0,8450.0,1,1,2021-05-24,19.1625,24.25,16.2125,4.0625,0.3249999999999999,0.0,80.375,8,2021-05-24
2021-05-24,関東,NB-1,2.0,15730.0,1,2,2021-05-24,21.066666666666663,26.577777777777776,15.733333333333333,0.0,5.122222222222223,0.0,71.0,9,2021-05-24
2021-05-25,四国,NB-1,1.0,8190.0,1,1,2021-05-25,21.25,26.375,16.35,0.0,7.675,0.0,70.5,4,2021-05-25
2021-05-25,関東,NB-1,2.0,17550.0,1,1,2021-05-25,21.75555555555556,27.633333333333333,16.966666666666665,1.6111111111111112,8.666666666666666,0.0,66.55555555555556,9,2021-05-25
2021-05-27,中部,NB-1,1.0,7839.0,1,1,2021-05-27,15.226666666666668,17.673333333333336,13.233333333333333,37.93333333333333,0.0533333333333333,0.0,88.13333333333334,15,2021-05-27
2021-05-27,近畿,NB-1,3.0,26520.0,1,1,2021-05-27,16.375,18.8125,14.0875,37.25,0.0,0.0,89.0,8,2021-05-27
2021-05-27,関東,NB-1,1.0,7800.0,1,1,2021-05-27,16.688888888888886,19.33333333333333,15.033333333333337,30.77777777777778,0.0,0.0,89.88888888888889,9,2021-05-27
2021-05-28,中国,NB-1,1.0,8190.0,1,1,2021-05-28,20.142857142857142,26.1,14.485714285714286,3.642857142857143,9.242857142857144,0.0,71.57142857142857,7,2021-05-28
2021-05-28,関東,NB-1,1.0,9750.0,1,1,2021-05-28,20.11111111111111,26.077777777777776,14.455555555555556,0.0,6.088888888888889,0.0,75.0,9,2021-05-28
2021-05-31,中部,NB-1,1.0,7839.0,1,1,2021-05-31,18.486666666666668,24.386666666666667,13.266666666666667,0.2333333333333333,9.993333333333334,0.0,69.73333333333333,15,2021-05-31
2021-05-31,近畿,NB-1,3.0,24219.0,1,2,2021-05-31,20.8375,27.175,14.5,0.0,12.5375,0.0,58.125,8,2021-05-31
2021-05-31,関東,NB-1,1.0,9750.0,1,1,2021-05-31,19.8,25.01111111111111,15.922222222222224,9.333333333333334,7.877777777777778,0.0,70.0,9,2021-05-31
2021-06-01,九州沖縄,NB-1,2.0,16380.0,1,1,2021-06-01,24.2875,29.6125,19.425,0.0,11.0625,0.0,65.625,8,2021-06-01
2021-06-01,関東,NB-1,2.0,16380.0,1,1,2021-06-01,19.91111111111111,25.0,15.166666666666666,3.055555555555556,10.044444444444444,0.0,72.77777777777777,9,2021-06-01
2021-06-02,中部,NB-1,3.0,23400.0,1,1,2021-06-02,21.15333333333333,25.87333333333333,17.21333333333333,0.0,5.760000000000001,0.0,68.46666666666667,15,2021-06-02
2021-06-02,関東,NB-1,2.0,16380.0,1,1,2021-06-02,21.51111111111111,25.88888888888889,17.755555555555556,0.0,4.555555555555555,0.0,70.88888888888889,9,2021-06-02
2021-06-03,九州沖縄,NB-1,1.0,8190.0,1,1,2021-06-03,22.6625,24.2125,21.0875,49.375,1.0375,0.0,91.0,8,2021-06-03
2021-06-04,九州沖縄,NB-1,2.0,16380.0,1,1,2021-06-04,22.3625,25.05,20.2125,34.0625,0.9875,0.0,90.625,8,2021-06-04
2021-06-04,関東,NB-1,4.0,32110.0,1,2,2021-06-04,20.822222222222223,23.188888888888886,18.64444444444445,20.27777777777778,0.0,0.0,92.44444444444444,9,2021-06-04
2021-06-07,関東,NB-1,4.0,32110.0,1,3,2021-06-07,23.23333333333333,28.73333333333333,19.51111111111111,0.0,4.022222222222222,0.0,70.44444444444444,9,2021-06-07
2021-06-08,中国,NB-1,1.0,8190.0,1,1,2021-06-08,23.75714285714286,30.15714285714285,18.085714285714285,0.0,9.87142857142857,0.0,70.14285714285714,7,2021-06-08
2021-06-08,中部,NB-1,1.0,8190.0,1,1,2021-06-08,22.226666666666667,28.246666666666663,16.913333333333334,0.0,6.933333333333334,0.0,65.46666666666667,15,2021-06-08
2021-06-08,近畿,NB-1,2.0,16380.0,1,1,2021-06-08,24.5125,30.45,18.825,0.0,10.1125,0.0,61.5,8,2021-06-08
2021-06-08,関東,NB-1,1.0,7540.0,1,1,2021-06-08,23.55555555555556,30.04444444444444,18.3,0.3333333333333333,7.911111111111111,0.0,69.0,9,2021-06-08
2021-06-09,中部,NB-1,1.0,8190.0,1,1,2021-06-09,21.80666666666667,27.90666666666667,16.0,0.0,12.493333333333334,0.0,66.13333333333334,15,2021-06-09
2021-06-09,近畿,NB-1,1.0,8190.0,1,1,2021-06-09,24.3875,30.4375,18.8,0.0,12.9625,0.0,59.875,8,2021-06-09
2021-06-09,関東,NB-1,2.0,15080.0,1,1,2021-06-09,23.677777777777777,30.0,18.077777777777776,0.0,13.344444444444443,0.0,59.55555555555556,9,2021-06-09
2021-06-10,中部,NB-1,1.0,8190.0,1,1,2021-06-10,23.34,29.59333333333333,17.04,0.0,13.04,0.0,63.0,15,2021-06-10
2021-06-10,九州沖縄,NB-1,1.0,9750.0,1,1,2021-06-10,26.225,30.75,22.4625,0.25,8.1125,0.0,69.875,8,2021-06-10
2021-06-10,近畿,NB-1,1.0,8190.0,1,1,2021-06-10,24.7125,31.450000000000003,19.25,0.0,13.0875,0.0,63.125,8,2021-06-10
2021-06-11,中部,NB-1,3.0,23400.0,1,1,2021-06-11,23.273333333333333,28.613333333333333,18.613333333333333,0.0,9.26,0.0,63.46666666666667,15,2021-06-11
2021-06-11,近畿,NB-1,2.0,16380.0,1,2,2021-06-11,24.225,28.8125,20.3375,0.0,5.7625,0.0,61.875,8,2021-06-11
2021-06-14,中国,NB-1,1.0,8190.0,1,1,2021-06-14,23.87142857142857,28.285714285714285,20.957142857142856,5.071428571428571,4.185714285714286,0.0,80.85714285714286,7,2021-06-14
2021-06-14,中部,NB-1,2.0,16380.0,1,1,2021-06-14,21.57333333333333,25.953333333333333,18.746666666666663,7.033333333333333,3.5933333333333333,0.0,83.6,15,2021-06-14
2021-06-14,九州沖縄,NB-1,1.0,7839.0,1,1,2021-06-14,25.0625,28.7625,22.45,6.25,7.3875,0.0,81.875,8,2021-06-14
2021-06-14,東北,NB-1,2.0,16380.0,1,2,2021-06-14,21.825,27.8125,17.9,2.8125,6.725,0.0,79.625,8,2021-06-14
2021-06-14,近畿,NB-1,1.0,7540.0,1,1,2021-06-14,23.9,28.725,20.1625,11.0625,8.675,0.0,76.25,8,2021-06-14
2021-06-14,関東,NB-1,5.0,39897.0,1,3,2021-06-14,21.844444444444445,25.05555555555556,19.633333333333336,8.777777777777779,0.8111111111111111,0.0,85.88888888888889,9,2021-06-14
2021-06-15,中国,NB-1,2.0,16380.0,1,1,2021-06-15,23.67142857142857,27.542857142857144,20.75714285714286,2.642857142857143,3.1714285714285717,0.0,81.28571428571429,7,2021-06-15
2021-06-15,近畿,NB-1,1.0,8450.0,1,1,2021-06-15,24.1375,29.6625,21.0,6.5625,5.7875,0.0,76.5,8,2021-06-15
2021-06-15,関東,NB-1,2.0,15730.0,1,2,2021-06-15,22.655555555555555,28.322222222222223,18.566666666666663,0.8333333333333334,8.38888888888889,0.0,79.11111111111111,9,2021-06-15
2021-06-16,中部,NB-1,2.0,16380.0,1,2,2021-06-16,20.90666666666667,24.96,18.49333333333333,12.433333333333334,2.1533333333333333,0.0,85.6,15,2021-06-16
2021-06-16,近畿,NB-1,1.0,9100.0,1,1,2021-06-16,21.65,23.225,20.3375,14.375,0.0,0.0,89.25,8,2021-06-16
2021-06-16,関東,NB-1,1.0,7540.0,1,1,2021-06-16,21.87777777777778,26.05555555555556,19.311111111111117,22.666666666666668,2.2555555555555555,0.0,82.0,9,2021-06-16
2021-06-18,中国,NB-1,2.0,16380.0,1,1,2021-06-18,21.442857142857143,22.857142857142858,20.085714285714285,27.928571428571427,0.0,0.0,91.71428571428572,7,2021-06-18
2021-06-18,中部,NB-1,1.0,8190.0,1,1,2021-06-18,21.57333333333333,25.69333333333333,17.413333333333334,0.8666666666666667,3.0200000000000005,0.0,76.8,15,2021-06-18
2021-06-18,近畿,NB-1,1.0,8190.0,1,1,2021-06-18,22.3375,24.675,19.775,3.375,0.525,0.0,79.125,8,2021-06-18
2021-06-18,関東,NB-1,1.0,7540.0,1,1,2021-06-18,22.133333333333333,26.9,17.355555555555554,0.0,8.7,0.0,72.55555555555556,9,2021-06-18
2021-06-21,中部,NB-1,2.0,16029.0,1,2,2021-06-21,21.73333333333333,28.28,16.113333333333333,0.0666666666666666,9.14,0.0,68.33333333333333,15,2021-06-21
2021-06-21,九州沖縄,NB-1,2.0,15990.0,1,1,2021-06-21,25.15,30.35,19.9625,1.25,9.15,0.0,67.5,8,2021-06-21
2021-06-21,北海道,NB-1,1.0,8190.0,1,1,2021-06-21,13.625,17.9375,10.9625,3.8125,3.625,0.0,84.25,8,2021-06-21
2021-06-21,近畿,NB-1,6.0,50960.0,1,2,2021-06-21,23.55,30.6125,17.625,0.0,10.7375,0.0,64.375,8,2021-06-21
2021-06-21,関東,NB-1,2.0,16029.0,1,2,2021-06-21,22.133333333333333,26.855555555555554,17.6,1.5,6.711111111111111,0.0,73.0,9,2021-06-21
2021-06-22,中部,NB-1,2.0,16640.0,1,2,2021-06-22,21.7,26.2,18.21333333333333,3.7,2.9,0.0,76.6,15,2021-06-22
2021-06-22,東北,NB-1,1.0,8190.0,1,1,2021-06-22,20.75,25.8625,17.1625,1.125,3.8625,0.0,80.125,8,2021-06-22
2021-06-22,関東,NB-1,3.0,26390.0,1,1,2021-06-22,22.666666666666668,27.08888888888889,19.33333333333333,0.0,2.333333333333333,0.0,76.33333333333333,9,2021-06-22
2021-06-23,東北,NB-1,1.0,8190.0,1,1,2021-06-23,19.4125,22.2375,17.25,8.5625,0.25,0.0,88.625,8,2021-06-23
2021-06-23,近畿,NB-1,1.0,8190.0,1,1,2021-06-23,23.4125,29.05,20.175,0.5625,7.775,0.0,69.75,8,2021-06-23
2021-06-23,関東,NB-1,2.0,18200.0,1,1,2021-06-23,21.688888888888886,24.977777777777774,19.53333333333333,7.611111111111111,0.9666666666666666,0.0,81.44444444444444,9,2021-06-23
2021-06-24,中国,NB-1,1.0,9750.0,1,1,2021-06-24,22.9,27.842857142857145,18.428571428571427,0.0,10.1,0.0,74.14285714285714,7,2021-06-24
2021-06-24,中部,NB-1,3.0,23400.0,1,1,2021-06-24,21.71333333333333,26.633333333333333,17.926666666666666,0.5,8.3,0.0,77.4,15,2021-06-24
2021-06-24,近畿,NB-1,1.0,7839.0,1,1,2021-06-24,23.45,28.6625,19.3,0.0,7.8,0.0,72.0,8,2021-06-24
2021-06-24,関東,NB-1,1.0,7800.0,1,1,2021-06-24,21.844444444444445,26.288888888888888,18.91111111111111,11.11111111111111,4.222222222222222,0.0,81.77777777777777,9,2021-06-24
2021-06-28,中国,NB-1,1.0,7800.0,1,1,2021-06-28,23.914285714285715,28.67142857142857,20.014285714285712,1.9285714285714288,4.271428571428571,0.0,77.85714285714286,7,2021-06-28
2021-06-28,中部,NB-1,1.0,8190.0,1,1,2021-06-28,22.9,28.16,18.84,4.033333333333333,6.366666666666666,0.0,79.0,15,2021-06-28
2021-06-28,九州沖縄,NB-1,2.0,16029.0,1,1,2021-06-28,24.75,28.1625,22.475,21.8125,2.2,0.0,83.375,8,2021-06-28
2021-06-28,四国,NB-1,1.0,8190.0,1,1,2021-06-28,23.125,26.475,20.9,6.375,0.775,0.0,86.0,4,2021-06-28
2021-06-28,近畿,NB-1,2.0,15678.0,1,2,2021-06-28,23.975,28.375,20.5625,1.0625,4.35,0.0,75.0,8,2021-06-28
2021-06-28,関東,NB-1,2.0,15678.0,1,2,2021-06-28,23.744444444444444,28.477777777777774,19.73333333333333,1.1111111111111112,8.477777777777778,0.0,74.33333333333333,9,2021-06-28
2021-06-29,中国,NB-1,1.0,7800.0,1,1,2021-06-29,24.11428571428572,28.214285714285715,20.7,5.0,4.571428571428571,0.0,77.71428571428571,7,2021-06-29
2021-06-29,中部,NB-1,1.0,8190.0,1,1,2021-06-29,22.726666666666667,27.613333333333333,19.76,11.766666666666667,3.56,0.0,83.06666666666666,15,2021-06-29
2021-06-29,九州沖縄,NB-1,2.0,16380.0,1,2,2021-06-29,25.875,29.9125,22.45,26.625,8.425,0.0,78.25,8,2021-06-29
2021-06-29,四国,NB-1,1.0,8190.0,1,1,2021-06-29,24.9,29.775,20.8,2.0,8.975,0.0,79.75,4,2021-06-29
2021-06-29,近畿,NB-1,1.0,8190.0,1,1,2021-06-29,23.8125,28.6,20.65,5.75,4.4875,0.0,80.25,8,2021-06-29
2021-06-29,関東,NB-1,3.0,26390.0,1,2,2021-06-29,21.72222222222222,26.95555555555556,18.844444444444445,38.77777777777778,1.4333333333333331,0.0,87.44444444444444,9,2021-06-29
2021-06-30,関東,NB-1,3.0,24570.0,1,1,2021-06-30,20.700000000000003,23.288888888888888,18.55555555555556,2.4444444444444446,0.2666666666666666,0.0,86.55555555555556,9,2021-06-30
2021-07-01,関東,NB-1,1.0,7540.0,1,1,2021-07-01,21.08888888888889,23.355555555555554,19.72222222222222,41.66666666666666,0.0555555555555555,0.0,93.55555555555556,9,2021-07-01
2021-07-02,中国,NB-1,3.0,24570.0,1,1,2021-07-02,26.014285714285712,30.685714285714287,23.314285714285717,0.3571428571428571,3.814285714285714,0.0,81.85714285714286,7,2021-07-02
2021-07-02,関東,NB-1,3.0,25480.0,1,3,2021-07-02,21.255555555555556,22.933333333333334,20.066666666666663,62.11111111111112,0.1,0.0,98.11111111111111,9,2021-07-02
2021-07-05,中部,NB-1,2.0,16380.0,1,2,2021-07-05,24.506666666666668,28.49333333333333,21.92,16.0,1.413333333333333,0.0,88.33333333333333,15,2021-07-05
2021-07-05,九州沖縄,NB-1,2.0,15678.0,1,2,2021-07-05,29.0,32.9875,26.525,1.4375,6.5625,0.0,77.5,8,2021-07-05
2021-07-05,東北,NB-1,1.0,7839.0,1,1,2021-07-05,21.525,25.6375,18.45,9.5,0.3875,0.0,90.625,8,2021-07-05
2021-07-05,近畿,NB-1,3.0,23517.0,1,1,2021-07-05,27.1875,30.2125,25.0375,8.0625,0.7875,0.0,81.25,8,2021-07-05
2021-07-05,関東,NB-1,9.0,76089.0,1,5,2021-07-05,22.01111111111111,25.27777777777778,19.64444444444445,5.111111111111111,0.3777777777777777,0.0,94.55555555555556,9,2021-07-05
2021-07-06,中国,NB-1,1.0,8190.0,1,1,2021-07-06,27.228571428571428,30.52857142857143,24.47142857142857,1.8571428571428568,0.3428571428571428,0.0,78.42857142857143,7,2021-07-06
2021-07-06,中部,NB-1,2.0,16380.0,1,2,2021-07-06,24.540000000000003,27.51333333333333,22.366666666666667,7.9,0.2066666666666666,0.0,87.0,15,2021-07-06
2021-07-06,九州沖縄,NB-1,1.0,8190.0,1,1,2021-07-06,29.0,32.6875,26.5125,0.5,4.325,0.0,77.125,8,2021-07-06
2021-07-06,北海道,NB-1,1.0,8190.0,1,1,2021-07-06,17.6875,20.55,15.8125,4.8125,0.625,0.0,90.125,8,2021-07-06
2021-07-06,関東,NB-1,4.0,34190.0,1,3,2021-07-06,24.62222222222222,28.211111111111112,21.83333333333333,0.4444444444444444,0.3333333333333333,0.0,87.33333333333333,9,2021-07-06
2021-07-07,関東,NB-1,1.0,8190.0,1,1,2021-07-07,25.166666666666668,29.622222222222224,22.711111111111112,1.3333333333333333,2.4000000000000004,0.0,86.0,9,2021-07-07
2021-07-08,近畿,NB-1,1.0,8190.0,1,1,2021-07-08,24.9125,27.4375,23.3,45.5,0.1875,0.0,93.625,8,2021-07-08
2021-07-09,中部,NB-1,6.0,47970.0,1,2,2021-07-09,24.453333333333333,28.006666666666668,22.39333333333333,20.8,0.9866666666666666,0.0,92.0,15,2021-07-09
2021-07-09,東北,NB-1,2.0,16380.0,1,1,2021-07-09,22.625,25.2,20.7375,14.75,1.9375,0.0,88.75,8,2021-07-09
2021-07-09,近畿,NB-1,1.0,8840.0,1,1,2021-07-09,26.2125,29.425,24.3375,9.125,1.675,0.0,88.0,8,2021-07-09
2021-07-12,近畿,NB-1,2.0,16679.0,1,2,2021-07-12,25.3625,29.8875,22.7,2.75,1.7,0.0,81.0,8,2021-07-12
2021-07-12,関東,NB-1,2.0,18200.0,1,1,2021-07-12,24.9,30.95555555555556,20.855555555555554,7.222222222222222,7.866666666666666,0.0,83.11111111111111,9,2021-07-12
2021-07-13,中部,NB-1,2.0,15600.0,1,1,2021-07-13,24.886666666666667,30.613333333333333,21.006666666666668,6.2,7.913333333333333,0.0,81.13333333333334,15,2021-07-13
2021-07-13,近畿,NB-1,2.0,15730.0,1,2,2021-07-13,25.95,31.125,21.975,1.5625,7.3125,0.0,78.0,8,2021-07-13
2021-07-14,関東,NB-1,7.0,62140.0,1,2,2021-07-14,24.58888888888889,28.766666666666666,22.133333333333333,9.0,3.1333333333333333,0.0,84.44444444444444,9,2021-07-14
2021-07-16,中部,NB-1,3.0,23400.0,1,1,2021-07-16,26.066666666666663,31.3,21.5,6.1,7.180000000000001,0.0,76.73333333333333,15,2021-07-16
2021-07-16,北海道,NB-1,2.0,13780.0,1,1,2021-07-16,21.825,27.2625,17.6,0.0,10.7,0.0,83.875,8,2021-07-16
2021-07-19,中部,NB-1,3.0,24219.0,1,2,2021-07-19,27.986666666666668,33.34666666666667,23.506666666666668,0.0666666666666666,11.846666666666666,0.0,73.8,15,2021-07-19
2021-07-19,東北,NB-1,1.0,7839.0,1,1,2021-07-19,28.4375,35.125,22.525,0.0,13.2375,0.0,68.0,8,2021-07-19
2021-07-19,関東,NB-1,4.0,31707.0,1,2,2021-07-19,28.67777777777778,34.2,24.344444444444445,0.0,11.244444444444444,0.0,73.77777777777777,9,2021-07-19
2021-07-20,中国,NB-1,3.0,24570.0,1,1,2021-07-20,28.24285714285714,33.57142857142857,23.057142857142857,0.0,13.014285714285714,0.0,72.14285714285714,7,2021-07-20
2021-07-20,中部,NB-1,2.0,16640.0,1,2,2021-07-20,27.846666666666668,33.02,23.673333333333336,0.0,10.626666666666669,0.0,73.6,15,2021-07-20
2021-07-20,近畿,NB-1,1.0,7540.0,1,1,2021-07-20,28.6875,34.2125,25.025,0.0,10.525,0.0,71.5,8,2021-07-20
2021-07-20,関東,NB-1,7.0,56420.0,1,2,2021-07-20,28.466666666666665,33.888888888888886,24.55555555555556,0.0,9.744444444444444,0.0,73.11111111111111,9,2021-07-20
2021-07-21,中部,NB-1,3.0,23400.0,1,1,2021-07-21,27.53333333333333,32.96,23.57333333333333,0.1333333333333333,10.646666666666668,0.0,73.53333333333333,15,2021-07-21
2021-07-21,関東,NB-1,3.0,26390.0,1,1,2021-07-21,28.23333333333333,33.900000000000006,24.177777777777777,0.0,10.5,0.0,70.88888888888889,9,2021-07-21
2021-07-26,九州沖縄,NB-1,1.0,8190.0,1,1,2021-07-26,28.75,33.0625,25.375,1.0,8.0875,0.0,70.25,8,2021-07-26
2021-07-26,東北,NB-1,1.0,7839.0,1,1,2021-07-26,25.85,30.9375,22.2125,0.1875,9.6625,0.0,70.5,8,2021-07-26
2021-07-26,近畿,NB-1,8.0,67548.0,1,3,2021-07-26,29.0625,34.475,24.9,0.0,9.275,0.0,64.625,8,2021-07-26
2021-07-26,関東,NB-1,6.0,46189.0,1,2,2021-07-26,26.8,30.83333333333333,23.75555555555556,0.9444444444444444,6.177777777777778,0.0,69.55555555555556,9,2021-07-26
2021-07-27,中部,NB-1,5.0,39000.0,1,1,2021-07-27,25.9,29.37333333333333,23.28,2.2,2.313333333333333,0.0,77.86666666666666,15,2021-07-27
2021-07-27,九州沖縄,NB-1,1.0,8190.0,1,1,2021-07-27,28.7875,34.0875,24.5125,0.0,11.125,0.0,70.875,8,2021-07-27
2021-07-27,東北,NB-1,1.0,8450.0,1,1,2021-07-27,24.1125,28.7375,21.675,6.0,3.25,0.0,82.625,8,2021-07-27
2021-07-27,近畿,NB-1,2.0,15730.0,1,2,2021-07-27,28.9,33.8,25.2625,0.0,6.575,0.0,65.875,8,2021-07-27
2021-07-27,関東,NB-1,1.0,9100.0,1,1,2021-07-27,25.266666666666666,29.43333333333333,21.944444444444443,14.61111111111111,2.533333333333333,0.0,80.44444444444444,9,2021-07-27
2021-07-28,近畿,NB-1,2.0,15730.0,1,2,2021-07-28,27.9625,32.5125,24.6125,1.375,6.05,0.0,70.25,8,2021-07-28
2021-07-28,関東,NB-1,1.0,8190.0,1,1,2021-07-28,26.966666666666665,32.65555555555555,22.9,19.05555555555556,8.566666666666666,0.0,78.11111111111111,9,2021-07-28
2021-07-29,中部,NB-1,2.0,16640.0,1,2,2021-07-29,26.486666666666668,31.76,23.30666666666667,15.766666666666667,5.006666666666666,0.0,78.4,15,2021-07-29
2021-07-29,近畿,NB-1,1.0,8840.0,1,1,2021-07-29,28.425,33.375,25.0375,2.0,7.475,0.0,72.625,8,2021-07-29
2021-07-29,関東,NB-1,2.0,17940.0,1,2,2021-07-29,26.844444444444445,31.88888888888889,23.966666666666665,13.72222222222222,4.477777777777778,0.0,82.0,9,2021-07-29
2021-07-30,九州沖縄,NB-1,2.0,16380.0,1,1,2021-07-30,28.975,33.975,25.0875,0.0,10.6125,0.0,71.625,8,2021-07-30
2021-07-30,関東,NB-1,1.0,8190.0,1,1,2021-07-30,26.33333333333333,30.688888888888886,23.91111111111111,9.61111111111111,4.866666666666666,0.0,84.66666666666667,9,2021-07-30
2021-08-02,中部,NB-1,3.0,23868.0,1,2,2021-08-02,28.30666666666667,33.64,24.03333333333333,1.1,10.306666666666668,0.0,70.66666666666667,15,2021-08-02
2021-08-02,東北,NB-1,2.0,16029.0,1,1,2021-08-02,27.7,33.5625,22.9375,0.0,10.425,0.0,77.75,8,2021-08-02
2021-08-02,近畿,NB-1,3.0,24518.0,1,2,2021-08-02,29.4625,34.65,25.575,0.0,9.525,0.0,67.125,8,2021-08-02
2021-08-02,関東,NB-1,8.0,70629.0,1,2,2021-08-02,28.177777777777777,32.93333333333333,25.14444444444445,1.6666666666666667,6.388888888888889,0.0,78.88888888888889,9,2021-08-02
2021-08-03,四国,NB-1,1.0,8190.0,1,1,2021-08-03,28.725,33.6,24.8,0.0,8.15,0.0,72.25,4,2021-08-03
2021-08-03,近畿,NB-1,2.0,16380.0,1,1,2021-08-03,27.4875,31.0875,24.9625,19.375,1.125,0.0,82.125,8,2021-08-03
2021-08-03,関東,NB-1,3.0,24180.0,1,2,2021-08-03,29.05555555555556,33.611111111111114,25.544444444444444,1.6111111111111112,8.711111111111112,0.0,77.44444444444444,9,2021-08-03
2021-08-04,中部,NB-1,1.0,8190.0,1,1,2021-08-04,28.83333333333333,34.24666666666667,24.76,0.3333333333333333,11.46,0.0,73.4,15,2021-08-04
2021-08-04,九州沖縄,NB-1,1.0,7800.0,1,1,2021-08-04,29.6,34.2125,25.9375,1.875,8.5875,0.0,74.5,8,2021-08-04
2021-08-05,北海道,NB-1,1.0,8190.0,1,1,2021-08-05,25.3875,30.4125,21.5125,0.5,8.2,0.0,83.5,8,2021-08-05
2021-08-05,関東,NB-1,3.0,25740.0,1,2,2021-08-05,28.944444444444443,34.43333333333334,24.311111111111117,0.0,11.733333333333333,0.0,72.66666666666667,9,2021-08-05
2021-08-06,関東,NB-1,1.0,8190.0,1,1,2021-08-06,28.9,34.17777777777778,24.58888888888889,0.0,10.677777777777775,0.0,73.55555555555556,9,2021-08-06
2021-08-10,中部,NB-1,2.0,16380.0,1,2,2021-08-10,26.726666666666667,31.040000000000003,23.38,10.033333333333331,6.533333333333333,0.0,71.93333333333334,15,2021-08-10
2021-08-10,九州沖縄,NB-1,1.0,8190.0,1,1,2021-08-10,27.3125,31.6875,24.0375,2.5,5.275,0.0,79.25,8,2021-08-10
2021-08-10,近畿,NB-1,4.0,32708.0,1,2,2021-08-10,27.2125,31.6,24.2375,1.125,6.2875,0.0,70.875,8,2021-08-10
2021-08-10,関東,NB-1,8.0,70070.0,1,2,2021-08-10,30.077777777777776,35.644444444444446,25.822222222222223,0.0,11.8,0.0,61.11111111111112,9,2021-08-10
2021-08-11,中部,NB-1,3.0,24180.0,1,2,2021-08-11,25.76,30.30666666666667,22.07333333333333,0.6,5.306666666666667,0.0,75.26666666666667,15,2021-08-11
2021-08-12,中国,NB-1,1.0,8190.0,1,1,2021-08-12,23.642857142857142,25.485714285714288,22.37142857142857,42.0,0.0857142857142857,0.0,92.71428571428572,7,2021-08-12
2021-08-12,関東,NB-1,1.0,8190.0,1,1,2021-08-12,25.05555555555556,28.37777777777778,22.700000000000003,9.666666666666666,1.0,0.0,84.88888888888889,9,2021-08-12
2021-08-13,北海道,NB-1,1.0,8190.0,1,1,2021-08-13,16.7,21.175,13.1,0.0,8.7875,0.0,73.625,8,2021-08-13
2021-08-13,近畿,NB-1,1.0,8190.0,1,1,2021-08-13,24.5125,26.1875,22.9375,56.0625,0.0,0.0,94.125,8,2021-08-13
2021-08-16,四国,NB-1,1.0,7839.0,1,1,2021-08-16,24.7,26.45,23.425,3.125,0.1,0.0,87.75,4,2021-08-16
2021-08-16,東北,NB-1,1.0,8190.0,1,1,2021-08-16,20.15,23.25,17.725,0.0625,1.575,0.0,82.25,8,2021-08-16
2021-08-16,近畿,NB-1,2.0,15678.0,1,1,2021-08-16,24.625,27.6625,22.5125,0.3125,0.275,0.0,82.5,8,2021-08-16
2021-08-16,関東,NB-1,1.0,7839.0,1,1,2021-08-16,21.14444444444445,23.08888888888889,19.51111111111111,2.0,0.0,0.0,93.44444444444444,9,2021-08-16
2021-08-17,中部,NB-1,2.0,16380.0,1,2,2021-08-17,23.08,25.766666666666666,21.086666666666662,33.63333333333333,0.3333333333333333,0.0,91.8,15,2021-08-17
2021-08-17,九州沖縄,NB-1,1.0,8190.0,1,1,2021-08-17,24.95,26.7,23.575,66.875,0.7625,0.0,94.0,8,2021-08-17
2021-08-17,関東,NB-1,5.0,45500.0,1,1,2021-08-17,23.133333333333333,25.62222222222222,20.87777777777778,8.833333333333334,0.3666666666666666,0.0,94.77777777777776,9,2021-08-17
2021-08-18,中部,NB-1,4.0,31200.0,1,1,2021-08-18,24.473333333333336,28.040000000000003,22.226666666666667,20.933333333333334,1.66,0.0,88.33333333333333,15,2021-08-18
2021-08-18,近畿,NB-1,1.0,7540.0,1,1,2021-08-18,25.3625,29.65,23.125,33.375,2.1875,0.0,87.375,8,2021-08-18
2021-08-18,関東,NB-1,1.0,7800.0,1,1,2021-08-18,25.977777777777774,29.766666666666666,23.700000000000003,4.555555555555555,5.211111111111112,0.0,85.66666666666667,9,2021-08-18
2021-08-19,中国,NB-1,2.0,16380.0,1,1,2021-08-19,25.11428571428572,29.014285714285712,22.714285714285715,8.428571428571429,2.9285714285714284,0.0,84.42857142857143,7,2021-08-19
2021-08-23,中部,NB-1,8.0,69498.0,1,4,2021-08-23,26.18,30.59333333333333,23.166666666666668,4.966666666666667,4.046666666666667,0.0,80.73333333333333,15,2021-08-23
2021-08-23,北海道,NB-1,2.0,16380.0,1,1,2021-08-23,18.8625,21.5,17.0875,6.25,2.2,0.0,90.125,8,2021-08-23
2021-08-23,近畿,NB-1,2.0,17290.0,1,1,2021-08-23,27.475,31.3375,24.975,2.25,3.4125,0.0,81.25,8,2021-08-23
2021-08-23,関東,NB-1,2.0,16640.0,1,2,2021-08-23,26.6,30.17777777777778,23.866666666666667,4.277777777777778,4.166666666666667,0.0,82.22222222222223,9,2021-08-23
2021-08-24,中部,NB-1,4.0,31850.0,1,2,2021-08-24,25.626666666666665,29.773333333333333,22.546666666666667,3.1333333333333333,1.606666666666667,0.0,80.4,15,2021-08-24
2021-08-24,近畿,NB-1,2.0,15080.0,1,1,2021-08-24,27.575,31.275,25.075,0.75,1.725,0.0,77.5,8,2021-08-24
2021-08-25,関東,NB-1,1.0,8190.0,1,1,2021-08-25,27.922222222222224,32.333333333333336,25.08888888888889,0.5,4.7,0.0,81.22222222222223,9,2021-08-25
2021-08-26,中部,NB-1,1.0,8190.0,1,1,2021-08-26,28.113333333333333,33.95333333333333,24.08,0.2,7.553333333333333,0.0,77.06666666666666,15,2021-08-26
2021-08-27,中国,NB-1,1.0,8190.0,1,1,2021-08-27,27.61428571428572,32.15714285714286,23.74285714285714,0.4285714285714285,6.371428571428572,0.0,79.14285714285714,7,2021-08-27
2021-08-27,関東,NB-1,1.0,8190.0,1,1,2021-08-27,29.33333333333333,33.93333333333333,26.03333333333333,2.611111111111111,8.577777777777778,0.0,75.11111111111111,9,2021-08-27
2021-08-30,中部,NB-1,2.0,16380.0,1,1,2021-08-30,27.4,32.54,23.486666666666668,2.0,7.4,0.0,74.46666666666667,15,2021-08-30
2021-08-30,近畿,NB-1,2.0,16029.0,1,2,2021-08-30,29.1375,34.025,25.6,1.5,8.45,0.0,70.625,8,2021-08-30
2021-08-30,関東,NB-1,8.0,69368.0,1,3,2021-08-30,28.522222222222226,33.72222222222222,24.677777777777777,6.333333333333333,9.477777777777778,0.0,76.0,9,2021-08-30
2021-08-31,近畿,NB-1,1.0,8190.0,1,1,2021-08-31,28.325,32.625,25.2625,0.0,7.725,0.0,66.125,8,2021-08-31
2021-09-01,中部,NB-1,5.0,39000.0,1,1,2021-09-01,23.673333333333336,26.88,20.94,13.9,0.9533333333333334,0.0,81.06666666666666,15,2021-09-01
2021-09-01,近畿,NB-1,5.0,37050.0,1,1,2021-09-01,27.0625,30.9375,23.9375,1.3125,1.3875,0.0,73.375,8,2021-09-01
2021-09-02,中国,NB-1,2.0,16380.0,1,1,2021-09-02,24.3,26.442857142857143,22.74285714285714,32.57142857142857,0.0428571428571428,0.0,90.85714285714286,7,2021-09-02
2021-09-02,中部,NB-1,1.0,8190.0,1,1,2021-09-02,22.83333333333333,25.726666666666667,20.55333333333333,21.1,0.5399999999999999,0.0,88.46666666666667,15,2021-09-02
2021-09-02,東北,NB-1,1.0,8190.0,1,1,2021-09-02,19.8125,24.5125,15.8,2.5625,5.4125,0.0,80.375,8,2021-09-02
2021-09-03,中部,NB-1,1.0,8190.0,1,1,2021-09-03,21.793333333333333,24.51333333333333,20.126666666666665,10.733333333333333,0.4266666666666667,0.0,89.93333333333334,15,2021-09-03
2021-09-03,関東,NB-1,1.0,8190.0,1,1,2021-09-03,20.211111111111112,22.0,19.14444444444445,10.27777777777778,0.0222222222222222,0.0,94.66666666666669,9,2021-09-03
2021-09-06,中国,NB-1,1.0,7800.0,1,1,2021-09-06,24.728571428571428,29.357142857142858,21.285714285714285,2.4285714285714284,6.785714285714286,0.0,72.85714285714286,7,2021-09-06
2021-09-06,近畿,NB-1,3.0,25129.0,1,2,2021-09-06,25.15,30.2,21.65,0.0,8.375,0.0,68.375,8,2021-09-06
2021-09-06,関東,NB-1,7.0,59150.0,1,2,2021-09-06,19.8,21.88888888888889,18.177777777777777,5.833333333333333,0.7333333333333333,0.0,84.22222222222223,9,2021-09-06
2021-09-07,中部,NB-1,4.0,31200.0,1,1,2021-09-07,21.62,26.28,17.566666666666666,4.033333333333333,5.98,0.0,74.06666666666666,15,2021-09-07
2021-09-07,近畿,NB-1,1.0,9100.0,1,1,2021-09-07,24.4375,28.75,20.0875,0.0,5.4125,0.0,71.25,8,2021-09-07
2021-09-07,関東,NB-1,3.0,26390.0,1,1,2021-09-07,20.288888888888888,24.53333333333333,16.72222222222222,0.0555555555555555,5.877777777777777,0.0,71.0,9,2021-09-07
2021-09-09,北海道,NB-1,1.0,8190.0,1,1,2021-09-09,18.55,21.8625,15.5875,12.25,3.15,0.0,87.0,8,2021-09-09
2021-09-09,関東,NB-1,1.0,8190.0,1,1,2021-09-09,20.966666666666665,24.48888888888889,18.311111111111117,14.88888888888889,1.7555555555555555,0.0,93.55555555555556,9,2021-09-09
2021-09-10,中部,NB-1,3.0,23400.0,1,1,2021-09-10,23.866666666666667,29.2,19.5,0.0,8.333333333333334,0.0,77.6,15,2021-09-10
2021-09-10,近畿,NB-1,1.0,8450.0,1,1,2021-09-10,25.1625,30.8875,19.9625,0.0,9.825,0.0,70.625,8,2021-09-10
2021-09-10,関東,NB-1,1.0,7540.0,1,1,2021-09-10,24.48888888888889,29.84444444444445,20.355555555555554,0.0,8.366666666666667,0.0,79.0,9,2021-09-10
2021-09-13,中国,NB-1,2.0,15990.0,1,2,2021-09-13,24.27142857142857,27.52857142857143,21.97142857142857,1.4166666666666667,0.9428571428571428,0.0,80.0,7,2021-09-13
2021-09-13,中部,NB-1,1.0,7839.0,1,1,2021-09-13,22.633333333333333,27.83333333333333,18.78666666666667,0.0,6.8,0.0,72.53333333333333,15,2021-09-13
2021-09-13,近畿,NB-1,3.0,24570.0,1,1,2021-09-13,24.3125,28.0125,21.2875,0.0,2.85,0.0,72.375,8,2021-09-13
2021-09-13,関東,NB-1,3.0,23517.0,1,3,2021-09-13,24.45555555555556,29.511111111111116,20.75555555555556,0.0,7.933333333333334,0.0,69.0,9,2021-09-13
2021-09-14,九州沖縄,NB-1,1.0,8190.0,1,1,2021-09-14,23.9375,25.3,22.7625,34.9375,0.6625,0.0,92.0,8,2021-09-14
2021-09-14,関東,NB-1,1.0,8190.0,1,1,2021-09-14,22.366666666666667,24.866666666666667,19.73333333333333,6.555555555555555,0.2777777777777778,0.0,79.66666666666667,9,2021-09-14
2021-09-15,近畿,NB-1,2.0,13780.0,1,1,2021-09-15,23.275,28.0125,20.175,3.75,3.6,0.0,79.25,8,2021-09-15
2021-09-15,関東,NB-1,1.0,8190.0,1,1,2021-09-15,22.744444444444444,27.88888888888889,19.577777777777776,1.9444444444444444,6.699999999999999,0.0,79.11111111111111,9,2021-09-15
2021-09-16,中部,NB-1,1.0,8190.0,1,1,2021-09-16,22.44,27.26,18.366666666666667,1.8333333333333333,6.3133333333333335,0.0,73.6,15,2021-09-16
2021-09-16,東北,NB-1,2.0,16380.0,1,1,2021-09-16,18.425,22.4375,15.5375,1.4375,4.5,0.0,75.5,8,2021-09-16
2021-09-16,近畿,NB-1,1.0,9750.0,1,1,2021-09-16,23.4375,27.5875,19.2375,0.0,2.4375,0.0,74.75,8,2021-09-16
2021-09-17,中部,NB-1,3.0,23400.0,1,1,2021-09-17,22.5,25.793333333333333,20.22,13.733333333333333,1.0066666666666666,0.0,77.33333333333333,15,2021-09-17
2021-09-17,九州沖縄,NB-1,1.0,8190.0,1,1,2021-09-17,26.5,29.7625,23.9,13.5625,1.4625,0.0,86.0,8,2021-09-17
2021-09-17,近畿,NB-1,1.0,8190.0,1,1,2021-09-17,23.675,25.55,22.2,17.75,0.0375,0.0,83.25,8,2021-09-17
2021-09-21,中国,NB-1,4.0,32370.0,1,2,2021-09-21,25.8,31.085714285714285,20.5,0.0,8.242857142857144,0.0,67.85714285714286,7,2021-09-21
2021-09-21,中部,NB-1,1.0,7800.0,1,1,2021-09-21,23.24,28.313333333333333,18.773333333333333,5.1,8.106666666666666,0.0,67.13333333333334,15,2021-09-21
2021-09-21,近畿,NB-1,6.0,49400.0,1,2,2021-09-21,25.15,29.9125,21.425,0.0,8.1125,0.0,68.125,8,2021-09-21
2021-09-21,関東,NB-1,8.0,63869.0,1,4,2021-09-21,22.11111111111111,27.33333333333333,17.366666666666667,0.0,9.18888888888889,0.0,74.66666666666667,9,2021-09-21
2021-09-22,中国,NB-1,1.0,7800.0,1,1,2021-09-22,25.442857142857143,29.6,21.542857142857144,4.142857142857143,6.628571428571428,0.0,75.28571428571429,7,2021-09-22
2021-09-22,中部,NB-1,1.0,8190.0,1,1,2021-09-22,23.466666666666665,28.74,19.69333333333333,16.766666666666666,2.74,0.0,83.13333333333334,15,2021-09-22
2021-09-22,関東,NB-1,1.0,8190.0,1,1,2021-09-22,24.666666666666668,29.45555555555556,19.655555555555555,1.0555555555555556,6.422222222222222,0.0,80.55555555555556,9,2021-09-22
2021-09-24,中部,NB-1,1.0,8190.0,1,1,2021-09-24,21.92,27.32,17.646666666666665,0.1666666666666666,8.346666666666668,0.0,71.8,15,2021-09-24
2021-09-24,九州沖縄,NB-1,1.0,8190.0,1,1,2021-09-24,24.5,28.85,20.4625,0.0,8.95,0.0,69.125,8,2021-09-24
2021-09-24,関東,NB-1,1.0,8190.0,1,1,2021-09-24,24.33333333333333,29.0,20.25555555555556,0.0,8.711111111111112,0.0,65.0,9,2021-09-24
2021-09-27,中部,NB-1,2.0,16900.0,1,1,2021-09-27,20.60666666666667,25.8,16.466666666666665,0.6785714285714286,8.713333333333333,0.0,74.93333333333334,15,2021-09-27
2021-09-27,東北,NB-1,2.0,16380.0,1,1,2021-09-27,17.7125,23.2875,13.1125,0.0,6.7,0.0,74.75,8,2021-09-27
2021-09-27,近畿,NB-1,1.0,8190.0,1,1,2021-09-27,22.8375,28.5125,18.275,0.0,9.65,0.0,69.0,8,2021-09-27
2021-09-27,関東,NB-1,3.0,23530.0,1,1,2021-09-27,20.066666666666663,24.188888888888886,16.87777777777778,0.0,4.355555555555556,0.0,74.11111111111111,9,2021-09-27
2021-09-28,九州沖縄,NB-1,1.0,8190.0,1,1,2021-09-28,26.2875,30.175,23.6625,5.3125,2.7375,0.0,75.75,8,2021-09-28
2021-09-28,近畿,NB-1,1.0,8190.0,1,1,2021-09-28,23.6375,27.4375,20.025,0.0,1.6250000000000002,0.0,71.625,8,2021-09-28
2021-09-28,関東,NB-1,3.0,23270.0,1,2,2021-09-28,20.72222222222222,25.23333333333333,17.244444444444444,0.0,4.077777777777778,0.0,74.33333333333333,9,2021-09-28
2021-09-29,北海道,NB-1,1.0,6890.0,1,1,2021-09-29,17.6,21.3125,14.2875,0.5625,6.1375,0.0,78.625,8,2021-09-29
2021-09-29,近畿,NB-1,3.0,20670.0,1,1,2021-09-29,25.05,29.3375,22.1375,0.0,4.55,0.0,68.875,8,2021-09-29
2021-09-29,関東,NB-1,1.0,8190.0,1,1,2021-09-29,21.37777777777778,26.166666666666668,17.12222222222222,0.0,5.088888888888889,0.0,77.77777777777777,9,2021-09-29
2021-09-30,九州沖縄,NB-1,2.0,16380.0,1,1,2021-09-30,26.4625,30.675,23.5625,0.0625,6.6375,0.0,73.25,8,2021-09-30
2021-09-30,関東,NB-1,1.0,9100.0,1,1,2021-09-30,22.8,27.766666666666666,18.933333333333334,2.9444444444444446,4.166666666666667,0.0,80.77777777777777,9,2021-09-30
2021-10-01,中部,NB-1,4.0,31200.0,1,1,2021-10-01,21.633333333333333,24.406666666666663,19.433333333333334,3.966666666666667,0.1933333333333333,0.0,82.86666666666666,15,2021-10-01
2021-10-01,九州沖縄,NB-1,1.0,8190.0,1,1,2021-10-01,25.8625,30.2375,22.475,0.0,8.7625,0.0,71.75,8,2021-10-01
2021-10-01,関東,NB-1,4.0,32760.0,1,2,2021-10-01,19.355555555555554,22.022222222222226,17.455555555555556,79.83333333333333,0.0,0.0,90.66666666666669,9,2021-10-01
2021-10-04,中部,NB-1,1.0,7839.0,1,1,2021-10-04,22.486666666666668,28.83333333333333,17.466666666666665,0.0357142857142857,9.253333333333334,0.0,70.46666666666667,15,2021-10-04
2021-10-04,九州沖縄,NB-1,2.0,16029.0,1,2,2021-10-04,25.3,30.875,20.5,0.0,9.975,0.0,63.125,8,2021-10-04
2021-10-04,四国,NB-1,1.0,7839.0,1,1,2021-10-04,23.575,29.7,17.65,0.0,10.55,0.0,67.75,4,2021-10-04
2021-10-04,近畿,NB-1,5.0,41509.0,1,2,2021-10-04,24.0,30.0125,18.7,0.0,10.2875,0.0,70.125,8,2021-10-04
2021-10-04,関東,NB-1,10.0,80106.0,1,4,2021-10-04,23.01111111111111,28.622222222222224,17.922222222222224,0.0,9.866666666666667,0.0,73.33333333333333,9,2021-10-04
2021-10-05,中部,NB-1,2.0,16380.0,1,2,2021-10-05,22.35333333333333,28.8,17.5,0.0357142857142857,9.34,0.0,70.46666666666667,15,2021-10-05
2021-10-05,関東,NB-1,4.0,33280.0,1,2,2021-10-05,23.422222222222224,28.422222222222224,19.11111111111111,0.0,9.144444444444444,0.0,73.77777777777777,9,2021-10-05
2021-10-06,中部,NB-1,1.0,8190.0,1,1,2021-10-06,21.25333333333333,26.793333333333333,16.693333333333335,2.392857142857143,7.166666666666667,0.0,73.86666666666666,15,2021-10-06
2021-10-06,東北,NB-1,1.0,8190.0,1,1,2021-10-06,17.675,22.5625,13.85,0.75,4.025,0.0,76.875,8,2021-10-06
2021-10-06,関東,NB-1,5.0,45500.0,1,1,2021-10-06,22.188888888888886,27.866666666666667,18.41111111111111,0.4444444444444444,8.044444444444444,0.0,73.77777777777777,9,2021-10-06
2021-10-07,中部,NB-1,3.0,23400.0,1,1,2021-10-07,21.826666666666664,26.773333333333333,17.613333333333333,1.7142857142857142,5.78,0.0,77.33333333333333,15,2021-10-07
2021-10-08,近畿,NB-1,1.0,7540.0,1,1,2021-10-08,24.525,30.0,20.5625,0.0,8.85,0.0,72.125,8,2021-10-08
2021-10-08,関東,NB-1,1.0,9750.0,1,1,2021-10-08,23.344444444444445,29.011111111111116,18.688888888888886,0.1666666666666666,8.899999999999999,0.0,76.77777777777777,9,2021-10-08
2021-10-11,中部,NB-1,1.0,7839.0,1,1,2021-10-11,22.37333333333333,28.86,17.88,0.1785714285714285,7.253333333333333,0.0,75.33333333333333,15,2021-10-11
2021-10-11,東北,NB-1,1.0,8190.0,1,1,2021-10-11,19.325,25.2625,15.8125,6.4375,2.5625,0.0,83.375,8,2021-10-11
2021-10-11,近畿,NB-1,2.0,16679.0,1,2,2021-10-11,24.5,28.875,21.275,0.5,3.15,0.0,75.625,8,2021-10-11
2021-10-11,関東,NB-1,6.0,47034.0,1,4,2021-10-11,23.433333333333334,28.422222222222224,18.711111111111112,0.0,9.655555555555557,0.0,77.88888888888889,9,2021-10-11
2021-10-12,関東,NB-1,1.0,8190.0,1,1,2021-10-12,20.27777777777778,22.75555555555556,18.188888888888886,0.7222222222222222,0.0,0.0,87.55555555555556,9,2021-10-12
2021-10-13,中部,NB-1,3.0,23400.0,1,1,2021-10-13,19.633333333333333,22.4,17.84,15.1,0.32,0.0,90.53333333333332,15,2021-10-13
2021-10-13,四国,NB-1,1.0,8190.0,1,1,2021-10-13,24.775,28.35,22.725,0.125,3.65,0.0,79.75,4,2021-10-13
2021-10-13,近畿,NB-1,1.0,8190.0,1,1,2021-10-13,23.3625,26.5,21.525,0.625,1.8375,0.0,76.0,8,2021-10-13
2021-10-13,関東,NB-1,1.0,7800.0,1,1,2021-10-13,17.322222222222223,18.666666666666668,16.255555555555556,14.666666666666666,0.0,0.0,93.0,9,2021-10-13
2021-10-15,中部,NB-1,2.0,15600.0,1,1,2021-10-15,19.5,25.12,15.066666666666666,0.0,7.766666666666667,0.0,76.13333333333334,15,2021-10-15
2021-10-15,九州沖縄,NB-1,1.0,8190.0,1,1,2021-10-15,23.85,28.9125,19.5,0.0,10.3625,0.0,70.75,8,2021-10-15
2021-10-15,近畿,NB-1,1.0,8190.0,1,1,2021-10-15,21.4125,27.15,16.8875,0.0,10.2375,0.0,68.75,8,2021-10-15
2021-10-15,関東,NB-1,3.0,25740.0,1,2,2021-10-15,20.41111111111111,25.0,15.844444444444443,0.0,7.833333333333333,0.0,77.33333333333333,9,2021-10-15
2021-10-18,中部,NB-1,1.0,8190.0,1,1,2021-10-18,12.813333333333333,17.10666666666667,8.786666666666667,0.1333333333333333,5.3,0.0,66.66666666666667,15,2021-10-18
2021-10-18,近畿,NB-1,3.0,25220.0,1,2,2021-10-18,15.225,19.1375,11.3,0.0,5.15,0.0,60.875,8,2021-10-18
2021-10-18,関東,NB-1,1.0,7839.0,1,1,2021-10-18,12.966666666666669,17.644444444444446,8.544444444444444,0.0,8.488888888888889,0.0,62.333333333333336,9,2021-10-18
2021-10-19,中部,NB-1,8.0,63960.0,1,4,2021-10-19,14.433333333333334,19.33333333333333,10.786666666666669,5.466666666666667,3.7266666666666666,0.0,77.8,15,2021-10-19
2021-10-19,近畿,NB-1,2.0,17030.0,1,1,2021-10-19,15.9875,20.55,13.175,1.8125,2.7375,0.0,74.25,8,2021-10-19
2021-10-19,関東,NB-1,8.0,72540.0,1,3,2021-10-19,13.522222222222222,16.299999999999997,11.122222222222222,2.833333333333333,0.0222222222222222,0.0,75.22222222222223,9,2021-10-19
2021-10-20,関東,NB-1,1.0,8190.0,1,1,2021-10-20,15.355555555555554,21.48888888888889,10.533333333333331,1.7777777777777777,9.68888888888889,0.0,62.888888888888886,9,2021-10-20
2021-10-21,近畿,NB-1,1.0,7540.0,1,1,2021-10-21,13.3875,17.675,10.05,0.0625,3.125,0.0,67.375,8,2021-10-21
2021-10-22,中部,NB-1,1.0,8190.0,1,1,2021-10-22,12.486666666666668,17.026666666666667,8.78,0.7,3.993333333333333,0.0,72.4,15,2021-10-22
2021-10-22,関東,NB-1,1.0,8190.0,1,1,2021-10-22,11.61111111111111,14.044444444444444,10.155555555555557,10.0,0.0,0.0,84.88888888888889,9,2021-10-22
2021-10-25,中部,NB-1,6.0,47970.0,1,2,2021-10-25,12.513333333333332,15.026666666666667,9.813333333333333,18.53333333333333,0.1733333333333333,0.0,84.13333333333334,15,2021-10-25
2021-10-25,近畿,NB-1,1.0,8190.0,1,1,2021-10-25,13.7625,15.3875,12.325,27.3125,0.0,0.0,88.125,8,2021-10-25
2021-10-25,関東,NB-1,6.0,50609.0,1,3,2021-10-25,13.755555555555556,17.61111111111111,9.155555555555557,5.111111111111111,1.8111111111111111,0.0,72.44444444444444,9,2021-10-25
2021-10-26,近畿,NB-1,1.0,8190.0,1,1,2021-10-26,15.9375,21.35,12.1,1.375,5.5875,0.0,78.375,8,2021-10-26
2021-10-26,関東,NB-1,2.0,18200.0,1,1,2021-10-26,15.1,20.4,11.4,22.5,4.622222222222223,0.0,81.55555555555556,9,2021-10-26
2021-10-28,東北,NB-1,2.0,16380.0,1,1,2021-10-28,12.7375,18.375,8.3875,1.5,4.65,0.0,74.5,8,2021-10-28
2021-10-28,近畿,NB-1,1.0,8190.0,1,1,2021-10-28,16.4,21.7,11.4,0.0,8.05,0.0,65.625,8,2021-10-28
2021-10-28,関東,NB-1,2.0,16380.0,1,1,2021-10-28,16.200000000000003,22.211111111111112,11.833333333333334,1.6666666666666667,8.211111111111112,0.0,68.11111111111111,9,2021-10-28
2021-10-29,関東,NB-1,2.0,18200.0,1,1,2021-10-29,14.27777777777778,19.41111111111111,9.788888888888888,0.0,9.155555555555557,0.0,56.333333333333336,9,2021-10-29
2021-11-01,中部,NB-1,1.0,8190.0,1,1,2021-11-01,14.88,20.72,9.926666666666668,0.0,5.42,0.0,79.33333333333333,15,2021-11-01
2021-11-01,近畿,NB-1,2.0,15678.0,1,2,2021-11-01,17.0375,22.8875,12.3375,0.0,7.4,0.0,75.625,8,2021-11-01
2021-11-01,関東,NB-1,5.0,42419.0,1,2,2021-11-01,15.988888888888887,20.633333333333333,11.511111111111113,1.4444444444444444,3.3777777777777778,0.0,82.0,9,2021-11-01
2021-11-02,中国,NB-1,1.0,8190.0,1,1,2021-11-02,15.12857142857143,21.228571428571428,10.5,0.2142857142857142,6.814285714285715,0.0,72.42857142857143,7,2021-11-02
2021-11-02,中部,NB-1,2.0,16380.0,1,2,2021-11-02,14.913333333333334,20.84,10.76,0.7,6.1,0.0,74.26666666666667,15,2021-11-02
2021-11-02,関東,NB-1,2.0,15730.0,1,2,2021-11-02,16.91111111111111,21.4,13.622222222222222,0.3888888888888889,5.655555555555555,0.0,76.66666666666667,9,2021-11-02
2021-11-04,東北,NB-1,1.0,8190.0,1,1,2021-11-04,12.25,17.8125,7.9875,0.1875,6.4375,0.0,74.125,8,2021-11-04
2021-11-04,関東,NB-1,6.0,48360.0,1,3,2021-11-04,14.9,20.25555555555556,9.933333333333334,0.0,8.977777777777778,0.0,60.333333333333336,9,2021-11-04
2021-11-05,中部,NB-1,2.0,15639.0,1,2,2021-11-05,12.793333333333331,19.40666666666667,7.913333333333333,0.3,8.139999999999999,0.0,70.13333333333334,15,2021-11-05
2021-11-08,中部,NB-1,1.0,7839.0,1,1,2021-11-08,16.14,21.25333333333333,10.513333333333332,3.0,6.14,0.0,66.8,15,2021-11-08
2021-11-08,九州沖縄,NB-1,1.0,8190.0,1,1,2021-11-08,17.875,22.075,14.7375,11.1875,0.15,0.0,81.375,8,2021-11-08
2021-11-08,近畿,NB-1,4.0,33969.0,1,2,2021-11-08,18.6375,23.35,14.1,3.0625,3.0375,0.0,66.25,8,2021-11-08
2021-11-08,関東,NB-1,2.0,15678.0,1,2,2021-11-08,16.033333333333335,20.98888888888889,12.3,1.4444444444444444,5.588888888888889,0.0,77.44444444444444,9,2021-11-08
2021-11-09,中国,NB-1,1.0,8190.0,1,1,2021-11-09,13.085714285714284,16.3,9.185714285714283,5.785714285714286,0.7142857142857143,0.0,73.28571428571429,7,2021-11-09
2021-11-09,中部,NB-1,1.0,8190.0,1,1,2021-11-09,14.486666666666668,18.40666666666667,11.553333333333336,30.133333333333333,0.9133333333333332,0.0,86.0,15,2021-11-09
2021-11-09,四国,NB-1,2.0,16380.0,1,2,2021-11-09,15.275,18.725,11.8,8.125,2.4000000000000004,0.0,67.5,4,2021-11-09
2021-11-09,近畿,NB-1,2.0,16380.0,1,1,2021-11-09,14.8625,18.4625,11.5875,23.1875,0.0125,0.0,82.125,8,2021-11-09
2021-11-09,関東,NB-1,2.0,15730.0,1,2,2021-11-09,16.522222222222222,19.14444444444445,14.133333333333333,42.66666666666666,0.1,0.0,94.0,9,2021-11-09
2021-11-10,中部,NB-1,3.0,23400.0,1,1,2021-11-10,11.96,16.16,8.873333333333333,11.1,5.38,0.0,66.66666666666667,15,2021-11-10
2021-11-10,近畿,NB-1,1.0,7540.0,1,1,2021-11-10,13.0,17.037499999999998,9.7375,1.25,4.2375,0.0,64.0,8,2021-11-10
2021-11-10,関東,NB-1,2.0,16380.0,1,1,2021-11-10,15.47777777777778,20.27777777777778,10.833333333333334,0.0555555555555555,7.388888888888889,0.0,60.22222222222222,9,2021-11-10
2021-11-11,近畿,NB-1,2.0,17680.0,1,1,2021-11-11,12.475,16.575,9.125,3.875,3.675,0.0,70.0,8,2021-11-11
2021-11-11,関東,NB-1,1.0,8190.0,1,1,2021-11-11,14.077777777777776,20.1,9.077777777777778,0.0,9.833333333333334,0.0,55.888888888888886,9,2021-11-11
2021-11-12,中部,NB-1,1.0,8190.0,1,1,2021-11-12,10.1,15.08,6.626666666666666,13.333333333333334,4.693333333333333,0.0,68.2,15,2021-11-12
2021-11-12,九州沖縄,NB-1,2.0,15678.0,1,1,2021-11-12,13.0875,16.775,9.875,2.4375,4.3,0.0,68.25,8,2021-11-12
2021-11-12,近畿,NB-1,2.0,16380.0,1,1,2021-11-12,11.1875,16.2375,7.7625,1.1875,4.2875,0.0,67.625,8,2021-11-12
2021-11-12,関東,NB-1,1.0,8190.0,1,1,2021-11-12,13.566666666666666,19.92222222222222,8.38888888888889,0.0,9.233333333333333,0.0,55.333333333333336,9,2021-11-12
2021-11-15,中国,NB-1,2.0,16380.0,1,1,2021-11-15,12.8,19.714285714285715,7.7,0.0,6.285714285714286,0.0,73.42857142857143,7,2021-11-15
2021-11-15,中部,NB-1,1.0,8190.0,1,1,2021-11-15,11.58,18.19333333333333,6.113333333333333,1.0666666666666669,7.04,0.0,72.06666666666666,15,2021-11-15
2021-11-15,近畿,NB-1,1.0,7839.0,1,1,2021-11-15,13.0125,19.175,7.5625,0.0,8.375,0.0,73.5,8,2021-11-15
2021-11-15,関東,NB-1,1.0,8190.0,1,1,2021-11-15,13.3,20.266666666666666,7.322222222222223,0.0,9.67777777777778,0.0,63.22222222222222,9,2021-11-15
2021-11-16,中部,NB-1,2.0,16380.0,1,1,2021-11-16,11.12,16.84,6.36,0.7,5.6066666666666665,0.0,74.26666666666667,15,2021-11-16
2021-11-16,関東,NB-1,1.0,8190.0,1,1,2021-11-16,13.055555555555555,17.91111111111111,9.244444444444444,0.5,5.1,0.0,67.88888888888889,9,2021-11-16
2021-11-17,近畿,NB-1,1.0,8840.0,1,1,2021-11-17,12.7125,18.2,8.7,0.0,8.625,0.0,70.375,8,2021-11-17
2021-11-18,関東,NB-1,1.0,8190.0,1,1,2021-11-18,11.877777777777778,16.522222222222222,8.077777777777778,0.0,3.266666666666667,0.0,74.88888888888889,9,2021-11-18
2021-11-19,九州沖縄,NB-1,2.0,16380.0,1,2,2021-11-19,15.1875,21.55,10.0125,0.75,7.9625,0.0,66.0,8,2021-11-19
2021-11-19,近畿,NB-1,4.0,32760.0,1,1,2021-11-19,12.5625,18.6875,8.025,0.0,8.7625,0.0,71.375,8,2021-11-19
2021-11-22,中国,NB-1,2.0,16029.0,1,2,2021-11-22,12.842857142857143,15.642857142857142,8.942857142857143,24.214285714285715,0.0,0.0,78.71428571428571,7,2021-11-22
2021-11-22,中部,NB-1,1.0,8190.0,1,1,2021-11-22,13.3,16.646666666666665,10.053333333333336,28.33333333333333,0.0866666666666666,0.0,84.86666666666666,15,2021-11-22
2021-11-22,近畿,NB-1,3.0,23868.0,1,2,2021-11-22,13.95,16.9875,10.875,28.5,0.0,0.0,84.75,8,2021-11-22
2021-11-22,関東,NB-1,4.0,31759.0,1,4,2021-11-22,13.844444444444443,16.766666666666666,11.877777777777778,17.444444444444443,0.0111111111111111,0.0,93.55555555555556,9,2021-11-22
2021-11-24,近畿,NB-1,2.0,16380.0,1,1,2021-11-24,9.725,13.0875,6.7,0.125,4.6875,0.0,59.75,8,2021-11-24
2021-11-24,関東,NB-1,2.0,15730.0,1,2,2021-11-24,10.31111111111111,16.266666666666666,5.288888888888888,0.0,9.411111111111111,0.0,52.44444444444444,9,2021-11-24
2021-11-25,中国,NB-1,1.0,8450.0,1,1,2021-11-25,12.357142857142858,17.17142857142857,8.157142857142857,0.3571428571428571,3.985714285714285,0.0,64.0,7,2021-11-25
2021-11-25,中部,NB-1,4.0,31590.0,1,1,2021-11-25,9.68,14.926666666666668,5.266666666666667,6.2,4.973333333333334,0.0,67.13333333333334,15,2021-11-25
2021-11-25,九州沖縄,NB-1,1.0,8190.0,1,1,2021-11-25,13.85,19.3125,9.3375,0.0,4.7375,0.0,68.0,8,2021-11-25
2021-11-29,中部,NB-1,1.0,7839.0,1,1,2021-11-29,6.08,13.306666666666668,0.5533333333333333,0.0,7.653333333333333,0.0,68.4,15,2021-11-29
2021-11-29,九州沖縄,NB-1,1.0,7839.0,1,1,2021-11-29,12.4125,18.7125,6.8500000000000005,1.0625,8.3,0.0,70.625,8,2021-11-29
2021-11-29,四国,NB-1,2.0,16380.0,1,1,2021-11-29,9.6,15.925,4.2,0.0,8.85,0.0,71.5,4,2021-11-29
2021-11-29,近畿,NB-1,1.0,8840.0,1,1,2021-11-29,8.075,15.025,2.6875,0.0,9.1875,0.0,69.75,8,2021-11-29
2021-11-29,関東,NB-1,7.0,58097.0,1,4,2021-11-29,6.822222222222222,12.72222222222222,2.0,0.0,8.044444444444444,0.0,64.55555555555556,9,2021-11-29
2021-11-30,九州沖縄,NB-1,1.0,8190.0,1,1,2021-11-30,14.3375,20.425,9.175,24.375,1.825,0.0,81.125,8,2021-11-30
2021-11-30,関東,NB-1,2.0,17290.0,1,2,2021-11-30,9.344444444444443,15.755555555555556,2.055555555555556,1.4444444444444444,8.144444444444444,0.0,67.55555555555556,9,2021-11-30
2021-12-01,中部,NB-1,4.0,31239.0,1,2,2021-12-01,10.186666666666667,16.14,4.8133333333333335,29.466666666666665,4.06,0.0,67.73333333333333,15,2021-12-01
2021-12-01,九州沖縄,NB-1,1.0,8190.0,1,1,2021-12-01,10.7875,13.2625,7.9375,0.0625,3.0875,0.0,53.125,8,2021-12-01
2021-12-01,近畿,NB-1,1.0,8840.0,1,1,2021-12-01,10.0125,13.95,5.3,15.875,4.425,0.0,59.0,8,2021-12-01
2021-12-01,関東,NB-1,2.0,17290.0,1,2,2021-12-01,13.9,19.711111111111112,7.977777777777778,40.0,5.722222222222222,0.0,66.77777777777777,9,2021-12-01
2021-12-02,関東,NB-1,2.0,16380.0,1,1,2021-12-02,8.955555555555556,13.433333333333334,4.966666666666667,0.0555555555555555,9.377777777777778,0.0,47.66666666666666,9,2021-12-02
2021-12-03,中部,NB-1,1.0,8190.0,1,1,2021-12-03,7.313333333333333,13.573333333333332,1.8133333333333328,2.5,7.606666666666666,0.0,66.2,15,2021-12-03
2021-12-03,近畿,NB-1,2.0,16380.0,1,1,2021-12-03,8.35,13.875,3.5875,0.125,7.35,0.0,72.125,8,2021-12-03
2021-12-03,関東,NB-1,1.0,7800.0,1,1,2021-12-03,9.344444444444443,15.88888888888889,4.111111111111111,0.1111111111111111,8.555555555555555,0.0,61.333333333333336,9,2021-12-03
2021-12-06,関東,NB-1,4.0,32409.0,1,3,2021-12-06,8.377777777777778,10.966666666666669,4.711111111111111,1.0,0.2222222222222222,0.0,73.44444444444444,9,2021-12-06
2021-12-07,中部,NB-1,2.0,16380.0,1,2,2021-12-07,9.846666666666666,11.733333333333333,8.04,20.433333333333334,0.06,0.0,94.06666666666666,15,2021-12-07
2021-12-07,近畿,NB-1,1.0,7540.0,1,1,2021-12-07,11.225,12.8875,9.6875,24.3125,0.1375,0.0,89.625,8,2021-12-07
2021-12-07,関東,NB-1,9.0,80080.0,1,2,2021-12-07,11.7,14.944444444444445,8.755555555555555,11.0,0.6111111111111112,0.0,85.77777777777777,9,2021-12-07
2021-12-08,関東,NB-1,1.0,8190.0,1,1,2021-12-08,9.68888888888889,11.233333333333333,8.466666666666667,37.833333333333336,0.0,0.0,89.44444444444444,9,2021-12-08
2021-12-10,中部,NB-1,2.0,15600.0,1,1,2021-12-10,8.166666666666666,14.16,4.253333333333333,0.0,5.946666666666667,0.0,78.33333333333333,15,2021-12-10
2021-12-13,中国,NB-1,5.0,40950.0,1,1,2021-12-13,7.928571428571429,11.328571428571427,4.085714285714286,1.9285714285714288,1.6285714285714286,0.0,70.71428571428571,7,2021-12-13
2021-12-13,中部,NB-1,1.0,8190.0,1,1,2021-12-13,6.713333333333334,10.573333333333332,2.286666666666666,1.8666666666666667,5.7,0.0,62.73333333333333,15,2021-12-13
2021-12-13,近畿,NB-1,2.0,16380.0,1,1,2021-12-13,8.3625,11.6375,4.7,2.0625,5.7625,0.0,67.75,8,2021-12-13
2021-12-13,関東,NB-1,4.0,34229.0,1,3,2021-12-13,8.466666666666665,12.677777777777775,3.9444444444444446,0.0,8.944444444444445,0.0,50.55555555555556,9,2021-12-13
2021-12-14,中部,NB-1,1.0,8190.0,1,1,2021-12-14,5.02,11.213333333333331,0.3199999999999999,0.0,7.773333333333331,0.0,69.4,15,2021-12-14
2021-12-15,中部,NB-1,4.0,31590.0,1,2,2021-12-15,6.886666666666667,12.866666666666667,1.9266666666666663,2.2666666666666666,5.673333333333333,0.0,70.33333333333333,15,2021-12-15
2021-12-15,九州沖縄,NB-1,1.0,8190.0,1,1,2021-12-15,11.15,16.8625,6.0375,0.0,7.3,0.0,69.5,8,2021-12-15
2021-12-15,東北,NB-1,1.0,8190.0,1,1,2021-12-15,4.6375,9.7875,0.3,4.9375,2.4,0.0,81.875,8,2021-12-15
2021-12-15,近畿,NB-1,1.0,8190.0,1,1,2021-12-15,8.2,14.025,3.65,0.0,6.55,0.0,71.875,8,2021-12-15
2021-12-15,関東,NB-1,1.0,8190.0,1,1,2021-12-15,7.133333333333334,14.4,1.2444444444444445,0.0,9.022222222222222,0.0,69.66666666666667,9,2021-12-15
2021-12-16,中国,NB-1,1.0,8190.0,1,1,2021-12-16,9.528571428571428,12.928571428571429,5.685714285714286,15.357142857142858,1.3714285714285717,0.0,87.28571428571429,7,2021-12-16
2021-12-16,中部,NB-1,1.0,8190.0,1,1,2021-12-16,8.326666666666666,13.84,3.08,2.4,4.34,0.0,72.8,15,2021-12-16
2021-12-16,近畿,NB-1,3.0,24570.0,1,2,2021-12-16,10.125,15.675,4.3875,6.75,4.325,0.0,77.125,8,2021-12-16
2021-12-16,関東,NB-1,1.0,9750.0,1,1,2021-12-16,8.422222222222222,14.488888888888887,2.5444444444444443,0.0,6.711111111111112,0.0,68.88888888888889,9,2021-12-16
2021-12-17,中部,NB-1,1.0,8190.0,1,1,2021-12-17,7.439999999999999,12.373333333333331,0.8599999999999999,27.8,1.9066666666666667,1.5833333333333333,82.46666666666667,15,2021-12-17
2021-12-17,関東,NB-1,1.0,8190.0,1,1,2021-12-17,8.977777777777778,14.8,4.277777777777778,9.61111111111111,2.177777777777778,0.0,76.88888888888889,9,2021-12-17
2021-12-20,中部,NB-1,3.0,24570.0,1,1,2021-12-20,4.413333333333333,9.313333333333333,0.3866666666666666,2.8666666666666667,5.626666666666667,0.0833333333333333,75.53333333333333,15,2021-12-20
2021-12-20,近畿,NB-1,1.0,7839.0,1,1,2021-12-20,7.075,11.4625,3.8,0.0,5.875,0.0,64.625,8,2021-12-20
2021-12-20,関東,NB-1,5.0,42068.0,1,2,2021-12-20,5.5,11.61111111111111,-0.3444444444444445,0.0,9.133333333333333,0.0,62.888888888888886,9,2021-12-20
2021-12-22,中部,NB-1,4.0,31590.0,1,1,2021-12-22,5.826666666666667,10.913333333333332,1.8133333333333328,0.6333333333333333,4.96,0.0,69.66666666666667,15,2021-12-22
2021-12-22,九州沖縄,NB-1,1.0,8190.0,1,1,2021-12-22,11.85,17.6125,7.1625,4.4375,7.9375,0.0,74.5,8,2021-12-22
2021-12-22,関東,NB-1,2.0,15600.0,1,1,2021-12-22,7.355555555555556,12.622222222222224,3.1,0.0,8.344444444444443,0.0,54.77777777777778,9,2021-12-22
2021-12-23,中部,NB-1,1.0,8190.0,1,1,2021-12-23,4.74,10.226666666666668,-0.0066666666666666,0.1666666666666666,7.806666666666667,0.0,65.33333333333333,15,2021-12-23
2021-12-23,九州沖縄,NB-1,1.0,8190.0,1,1,2021-12-23,11.075,17.05,6.2375,1.125,8.1375,0.0,74.375,8,2021-12-23
2021-12-23,近畿,NB-1,1.0,8190.0,1,1,2021-12-23,6.8875,11.7875,2.7375000000000003,0.0,8.2,0.0,68.625,8,2021-12-23
2021-12-24,東北,NB-1,1.0,8190.0,1,1,2021-12-24,1.3125,4.3625,-1.1,2.625,2.65,3.5,85.25,8,2021-12-24
2021-12-24,近畿,NB-1,1.0,8190.0,1,1,2021-12-24,8.35,13.275,3.2,2.6875,4.775,0.0,78.0,8,2021-12-24
2021-12-24,関東,NB-1,1.0,8190.0,1,1,2021-12-24,7.288888888888888,12.833333333333334,1.9666666666666663,0.1111111111111111,8.333333333333334,0.0,64.0,9,2021-12-24
2021-12-27,中部,NB-1,2.0,16029.0,1,2,2021-12-27,-0.0066666666666666,3.46,-3.3266666666666667,9.233333333333333,4.213333333333334,4.666666666666667,73.6,15,2021-12-27
2021-12-27,近畿,NB-1,1.0,8190.0,1,1,2021-12-27,2.225,5.325,-0.65,3.0,4.5,5.285714285714286,65.125,8,2021-12-27
2021-12-27,関東,NB-1,10.0,82316.0,1,4,2021-12-27,1.6333333333333333,7.211111111111112,-3.288888888888889,0.0,8.677777777777779,0.0,44.888888888888886,9,2021-12-27
2021-12-28,関東,NB-1,1.0,8190.0,1,1,2021-12-28,2.7,8.166666666666666,-1.7555555555555555,0.0,9.2,0.0,52.77777777777778,9,2021-12-28
2022-01-05,九州沖縄,NB-1,1.0,7839.0,1,1,2022-01-05,8.65,12.1375,4.6875,1.375,0.6375,0.0,69.5,8,2022-01-05
2022-01-05,関東,NB-1,4.0,33969.0,1,3,2022-01-05,2.911111111111111,7.666666666666667,-1.4555555555555555,0.0,9.233333333333333,0.0,42.55555555555556,9,2022-01-05
2022-01-06,九州沖縄,NB-1,1.0,7800.0,1,1,2022-01-06,10.0875,14.1875,6.6,2.9375,4.4875,0.0,76.375,8,2022-01-06
2022-01-06,関東,NB-1,4.0,31980.0,1,3,2022-01-06,0.3888888888888889,3.577777777777778,-2.033333333333333,3.888888888888889,0.4333333333333333,3.555555555555556,70.77777777777777,9,2022-01-06
2022-01-07,中国,NB-1,1.0,8190.0,1,1,2022-01-07,5.285714285714286,9.9,1.4142857142857144,0.1428571428571428,5.371428571428572,0.0,66.42857142857143,7,2022-01-07
2022-01-11,中部,NB-1,1.0,8190.0,1,1,2022-01-11,4.793333333333334,7.953333333333333,1.6266666666666665,13.366666666666667,0.2,0.5,82.73333333333333,15,2022-01-11
2022-01-11,九州沖縄,NB-1,2.0,16029.0,1,2,2022-01-11,7.7875,11.5,5.0125,6.0,2.1,0.0,67.25,8,2022-01-11
2022-01-11,北海道,NB-1,2.0,16380.0,1,1,2022-01-11,-2.6375,1.75,-8.9375,11.8125,2.1,6.875,81.375,8,2022-01-11
2022-01-11,東北,NB-1,1.0,8190.0,1,1,2022-01-11,-0.2249999999999999,4.25,-4.1125,10.25,0.0,2.75,88.875,8,2022-01-11
2022-01-11,近畿,NB-1,5.0,36348.0,1,2,2022-01-11,5.225,8.0625,2.3625,8.25,0.2875,0.1428571428571428,78.0,8,2022-01-11
2022-01-11,関東,NB-1,5.0,39910.0,1,1,2022-01-11,5.822222222222222,8.133333333333333,3.966666666666667,9.5,0.1777777777777777,0.0,85.33333333333333,9,2022-01-11
2022-01-12,近畿,NB-1,3.0,25220.0,1,1,2022-01-12,3.2375,5.7375,1.4875,2.0,2.45,1.0,71.625,8,2022-01-12
2022-01-12,関東,NB-1,4.0,30160.0,1,1,2022-01-12,4.388888888888889,7.655555555555556,1.1888888888888889,0.0,9.233333333333333,0.0,44.66666666666666,9,2022-01-12
2022-01-13,関東,NB-1,3.0,24219.0,1,2,2022-01-13,3.922222222222222,10.144444444444444,-0.3,0.0,6.811111111111111,0.2222222222222222,51.44444444444444,9,2022-01-13
2022-01-14,九州沖縄,NB-1,1.0,8190.0,1,1,2022-01-14,5.7375,9.9625,2.275,0.0,7.925,0.0,55.625,8,2022-01-14
2022-01-14,関東,NB-1,2.0,16380.0,1,1,2022-01-14,3.155555555555556,7.711111111111112,-0.9666666666666666,0.0,9.355555555555556,0.0,44.0,9,2022-01-14
2022-01-17,近畿,NB-1,3.0,24219.0,1,2,2022-01-17,5.7875,9.575,2.4125,0.8125,4.025,0.2857142857142857,61.75,8,2022-01-17
2022-01-18,中国,NB-1,2.0,16380.0,1,1,2022-01-18,3.042857142857143,6.057142857142857,0.3,2.857142857142857,2.242857142857143,1.0,69.28571428571429,7,2022-01-18
2022-01-18,関東,NB-1,1.0,8190.0,1,1,2022-01-18,3.244444444444445,7.622222222222222,-0.1222222222222222,0.0,8.755555555555555,0.0,44.66666666666666,9,2022-01-18
2022-01-20,中部,NB-1,5.0,40170.0,1,2,2022-01-20,0.8066666666666668,4.953333333333333,-2.493333333333333,7.166666666666667,3.753333333333333,6.0,74.06666666666666,15,2022-01-20
2022-01-20,九州沖縄,NB-1,1.0,8190.0,1,1,2022-01-20,7.325,10.925,4.3125,0.1875,5.0875,0.0,59.125,8,2022-01-20
2022-01-20,関東,NB-1,1.0,8190.0,1,1,2022-01-20,2.6666666666666665,8.533333333333333,-2.3,0.0,8.477777777777778,0.1111111111111111,55.22222222222222,9,2022-01-20
2022-01-21,関東,NB-1,1.0,8190.0,1,1,2022-01-21,2.111111111111111,6.544444444444444,-1.4555555555555555,0.0,8.144444444444444,0.0,47.0,9,2022-01-21
2022-01-24,近畿,NB-1,1.0,8190.0,1,1,2022-01-24,5.6625,8.924999999999999,2.4375,0.3125,3.9625,0.0,71.375,8,2022-01-24
2022-01-24,関東,NB-1,1.0,7540.0,1,1,2022-01-24,5.644444444444444,10.38888888888889,1.2555555555555555,0.1111111111111111,6.955555555555556,0.0,55.44444444444444,9,2022-01-24
2022-01-25,中部,NB-1,1.0,8190.0,1,1,2022-01-25,3.26,8.053333333333333,-1.0533333333333332,0.1,4.846666666666667,0.0,70.06666666666666,15,2022-01-25
2022-01-25,関東,NB-1,2.0,18200.0,1,1,2022-01-25,3.711111111111111,7.944444444444445,-0.9222222222222224,0.2222222222222222,5.666666666666667,0.0,58.77777777777778,9,2022-01-25
2022-01-27,関東,NB-1,1.0,9100.0,1,1,2022-01-27,5.566666666666666,11.22222222222222,0.6888888888888889,0.0,7.944444444444445,0.0,56.55555555555556,9,2022-01-27
2022-01-28,近畿,NB-1,2.0,16380.0,1,1,2022-01-28,5.075,10.2125,1.0375,0.1875,4.45,0.0,72.5,8,2022-01-28
2022-01-28,関東,NB-1,1.0,8190.0,1,1,2022-01-28,5.266666666666667,10.344444444444443,1.3777777777777778,0.0,6.322222222222222,0.0,46.66666666666666,9,2022-01-28
2022-01-31,中部,NB-1,2.0,16380.0,1,1,2022-01-31,2.2266666666666666,7.446666666666667,-1.78,0.1333333333333333,7.073333333333333,0.0833333333333333,60.86666666666667,15,2022-01-31
2022-01-31,九州沖縄,NB-1,1.0,7839.0,1,1,2022-01-31,7.9,12.375,3.875,0.0,8.475,0.0,57.875,8,2022-01-31
2022-01-31,四国,NB-1,1.0,8190.0,1,1,2022-01-31,6.225,11.05,1.875,0.0,7.324999999999999,0.0,56.25,4,2022-01-31
2022-01-31,近畿,NB-1,1.0,7839.0,1,1,2022-01-31,4.1375,8.5625,0.9125,0.3125,4.325,0.0,68.875,8,2022-01-31
2022-02-01,中部,NB-1,3.0,24570.0,1,2,2022-02-01,2.94,8.653333333333334,-2.2133333333333334,2.433333333333333,6.260000000000001,1.1666666666666667,63.93333333333333,15,2022-02-01
2022-02-01,関東,NB-1,2.0,16380.0,1,1,2022-02-01,4.522222222222222,10.4,-1.0888888888888888,0.0,9.088888888888889,0.0,47.11111111111112,9,2022-02-01
2022-02-02,中部,NB-1,2.0,15600.0,1,1,2022-02-02,3.28,7.319999999999999,-0.1066666666666667,3.3,6.026666666666667,0.5,64.8,15,2022-02-02
2022-02-04,九州沖縄,NB-1,1.0,8190.0,1,1,2022-02-04,7.737500000000001,11.3625,4.9375,0.3125,6.9125,0.0,55.625,8,2022-02-04
2022-02-04,関東,NB-1,1.0,7540.0,1,1,2022-02-04,4.2444444444444445,9.166666666666666,0.411111111111111,0.0,5.155555555555555,0.0,51.333333333333336,9,2022-02-04
2022-02-07,九州沖縄,NB-1,4.0,31707.0,1,2,2022-02-07,7.2125,10.9125,3.325,0.0,2.525,0.0,58.625,8,2022-02-07
2022-02-07,関東,NB-1,1.0,7540.0,1,1,2022-02-07,2.966666666666667,8.777777777777779,-2.2444444444444445,0.0,9.833333333333334,0.0,43.22222222222222,9,2022-02-07
2022-02-08,中部,NB-1,2.0,15600.0,1,1,2022-02-08,2.94,7.966666666666667,-0.6066666666666666,1.0666666666666669,3.9066666666666663,0.25,69.8,15,2022-02-08
2022-02-08,関東,NB-1,4.0,36400.0,1,1,2022-02-08,4.222222222222222,8.955555555555556,0.1999999999999999,0.0,4.577777777777778,0.0,54.44444444444444,9,2022-02-08
2022-02-09,近畿,NB-1,2.0,16380.0,1,1,2022-02-09,5.05,10.075,1.125,0.3125,7.6375,0.0,66.375,8,2022-02-09
2022-02-09,関東,NB-1,1.0,9100.0,1,1,2022-02-09,5.199999999999999,10.244444444444444,0.4000000000000001,0.0,8.977777777777778,0.0,51.44444444444444,9,2022-02-09
2022-02-10,中国,NB-1,2.0,16380.0,1,1,2022-02-10,5.885714285714286,10.242857142857144,2.8428571428571425,1.3571428571428572,3.8857142857142857,0.0,73.57142857142857,7,2022-02-10
2022-02-10,九州沖縄,NB-1,2.0,15600.0,1,1,2022-02-10,9.8375,13.1125,7.475,1.375,1.5375,0.0,73.375,8,2022-02-10
2022-02-10,関東,NB-1,1.0,7540.0,1,1,2022-02-10,2.6666666666666665,4.977777777777778,0.9333333333333332,18.11111111111111,0.0,2.2222222222222223,87.33333333333333,9,2022-02-10
2022-02-14,中国,NB-1,1.0,8190.0,1,1,2022-02-14,6.542857142857143,11.6,2.571428571428572,0.0714285714285714,5.528571428571429,0.0,72.71428571428571,7,2022-02-14
2022-02-14,中部,NB-1,1.0,8190.0,1,1,2022-02-14,4.046666666666667,7.993333333333334,0.94,0.4333333333333333,4.819999999999999,0.5,73.06666666666666,15,2022-02-14
2022-02-14,九州沖縄,NB-1,4.0,32409.0,1,1,2022-02-14,10.95,15.325,7.987500000000001,2.125,5.3,0.0,69.375,8,2022-02-14
2022-02-14,近畿,NB-1,1.0,8190.0,1,1,2022-02-14,6.375,10.5625,2.7875,0.0,4.9625,0.0,66.375,8,2022-02-14
2022-02-14,関東,NB-1,3.0,23868.0,1,2,2022-02-14,4.144444444444444,8.377777777777778,0.977777777777778,3.8333333333333335,4.577777777777778,0.3333333333333333,74.22222222222223,9,2022-02-14
2022-02-15,中部,NB-1,1.0,8190.0,1,1,2022-02-15,4.98,9.82,0.3466666666666667,4.366666666666666,2.686666666666667,0.0833333333333333,74.33333333333333,15,2022-02-15
2022-02-16,九州沖縄,NB-1,1.0,8190.0,1,1,2022-02-16,6.2125,9.2375,4.1375,0.0,3.9875,0.0,54.25,8,2022-02-16
2022-02-17,関東,NB-1,2.0,16380.0,1,2,2022-02-17,3.3666666666666667,8.722222222222221,-0.5555555555555556,0.0,8.477777777777778,0.0,39.0,9,2022-02-17
2022-02-18,中部,NB-1,2.0,15600.0,1,1,2022-02-18,2.246666666666667,7.680000000000001,-2.3400000000000003,2.033333333333333,6.793333333333334,1.8333333333333333,67.2,15,2022-02-18
2022-02-21,中国,NB-1,1.0,7839.0,1,1,2022-02-21,2.157142857142857,6.3,-0.7571428571428571,0.4285714285714285,5.957142857142857,1.0,60.57142857142857,7,2022-02-21
2022-02-21,九州沖縄,NB-1,1.0,7839.0,1,1,2022-02-21,5.1875,9.1875,1.6875,0.0,6.9750000000000005,0.0,49.875,8,2022-02-21
2022-02-21,関東,NB-1,3.0,24570.0,1,2,2022-02-21,2.9444444444444446,7.433333333333334,-0.2777777777777778,0.0,9.122222222222222,0.0,38.44444444444444,9,2022-02-21
2022-02-22,近畿,NB-1,2.0,15730.0,1,1,2022-02-22,2.7875,7.5625,-0.4,1.5,5.8125,2.2857142857142856,60.125,8,2022-02-22
2022-02-22,関東,22SJ-3,9.0,183600.0,6,6,2022-02-22,2.966666666666667,8.788888888888888,-1.8444444444444448,0.0,8.677777777777777,0.0,46.44444444444444,9,2022-02-22
2022-02-24,中国,NB-1,1.0,7800.0,1,1,2022-02-24,2.128571428571429,7.1000000000000005,-1.4714285714285713,1.0,6.6571428571428575,1.6,67.57142857142857,7,2022-02-24
2022-02-24,中部,NB-1,3.0,23400.0,1,1,2022-02-24,0.8933333333333333,6.046666666666667,-3.333333333333333,0.9666666666666668,7.793333333333334,1.3333333333333333,63.4,15,2022-02-24
2022-02-24,近畿,NB-1,2.0,16380.0,1,2,2022-02-24,2.6125,7.1,-0.475,0.875,5.55,1.5714285714285714,66.5,8,2022-02-24
2022-02-25,関東,NB-1,2.0,18200.0,1,1,2022-02-25,5.300000000000001,12.477777777777778,-1.8666666666666667,0.0,10.822222222222225,0.0,40.77777777777778,9,2022-02-25
2022-02-28,中国,NB-1,1.0,7800.0,1,1,2022-02-28,7.257142857142857,14.957142857142856,-0.3857142857142857,0.0,9.142857142857142,0.0,58.142857142857146,7,2022-02-28
2022-02-28,中部,NB-1,2.0,16380.0,1,1,2022-02-28,6.153333333333333,13.06,-0.0466666666666667,0.2333333333333333,8.333333333333334,0.0833333333333333,60.4,15,2022-02-28
2022-02-28,関東,NB-1,9.0,73008.0,1,3,2022-02-28,8.377777777777778,15.166666666666666,1.6333333333333333,0.0,9.966666666666669,0.0,45.333333333333336,9,2022-02-28
2022-03-01,中部,NB-1,5.0,39780.0,1,2,2022-03-01,5.986666666666666,12.053333333333333,0.7,3.1333333333333333,1.913333333333333,0.0,74.46666666666667,15,2022-03-01
2022-03-01,九州沖縄,NB-1,2.0,15600.0,1,1,2022-03-01,12.875,16.75,9.425,6.875,1.35,0.0,79.375,8,2022-03-01
2022-03-01,近畿,NB-1,2.0,15730.0,1,1,2022-03-01,6.3375,9.25,3.0625,11.25,0.1,0.0,83.0,8,2022-03-01
2022-03-01,関東,NB-1,2.0,16380.0,1,2,2022-03-01,9.544444444444444,16.188888888888886,3.188888888888889,0.0,6.955555555555556,0.0,58.11111111111112,9,2022-03-01
2022-03-02,近畿,NB-1,3.0,24570.0,1,1,2022-03-02,8.6,12.7875,5.85,0.3125,3.0625,0.0,83.0,8,2022-03-02
2022-03-02,関東,NB-1,1.0,8190.0,1,1,2022-03-02,10.055555555555555,15.288888888888888,5.566666666666666,0.6111111111111112,7.455555555555555,0.0,57.66666666666666,9,2022-03-02
2022-03-03,中国,NB-1,1.0,8190.0,1,1,2022-03-03,7.271428571428571,13.671428571428573,1.4285714285714286,0.0,7.514285714285714,0.0,63.85714285714285,7,2022-03-03
2022-03-03,中部,NB-1,1.0,8190.0,1,1,2022-03-03,6.153333333333333,12.626666666666669,0.8733333333333333,0.7666666666666667,6.986666666666666,0.0,63.2,15,2022-03-03
2022-03-04,中国,NB-1,1.0,8450.0,1,1,2022-03-04,6.942857142857143,12.485714285714286,0.5571428571428572,0.0,4.442857142857143,0.0,67.71428571428571,7,2022-03-04
2022-03-04,中部,NB-1,3.0,23400.0,1,1,2022-03-04,5.673333333333333,11.54,-0.0733333333333332,0.0,7.74,0.0,56.46666666666667,15,2022-03-04
2022-03-07,中部,NB-1,6.0,48880.0,1,3,2022-03-07,4.22,9.306666666666668,-0.1733333333333334,0.2333333333333333,6.153333333333333,0.0,59.8,15,2022-03-07
2022-03-07,九州沖縄,NB-1,1.0,8190.0,1,1,2022-03-07,8.525,12.6625,4.9875,3.0625,2.475,0.0,55.375,8,2022-03-07
2022-03-07,四国,NB-1,1.0,7839.0,1,1,2022-03-07,6.675,11.1,2.575,0.0,5.525,0.0,49.5,4,2022-03-07
2022-03-07,関東,NB-1,11.0,93847.0,1,3,2022-03-07,6.888888888888889,12.266666666666666,2.055555555555556,0.0,10.033333333333331,0.0,41.0,9,2022-03-07
2022-03-08,中部,NB-1,1.0,8190.0,1,1,2022-03-08,4.94,11.38,-0.4533333333333333,0.0,9.593333333333334,0.0,61.4,15,2022-03-08
2022-03-08,四国,NB-1,1.0,8190.0,1,1,2022-03-08,7.5,13.675,1.9,0.0,10.175,0.0,56.75,4,2022-03-08
2022-03-08,関東,NB-1,1.0,8190.0,1,1,2022-03-08,6.211111111111111,9.68888888888889,3.288888888888889,0.4444444444444444,2.2222222222222223,0.0,67.22222222222223,9,2022-03-08
2022-03-09,中部,NB-1,1.0,8190.0,1,1,2022-03-09,5.973333333333333,12.693333333333332,0.2999999999999999,0.0,7.686666666666666,0.0,59.73333333333333,15,2022-03-09
2022-03-09,関東,NB-1,1.0,8190.0,1,1,2022-03-09,7.466666666666667,12.755555555555556,3.477777777777778,0.0,8.244444444444445,0.0,58.0,9,2022-03-09
2022-03-10,関東,NB-1,2.0,18200.0,1,1,2022-03-10,7.955555555555555,13.977777777777778,1.8666666666666665,0.0,10.122222222222222,0.0,57.55555555555556,9,2022-03-10
2022-03-11,中部,22SJ-3,3.0,61200.0,3,3,2022-03-11,9.746666666666666,18.0,1.8266666666666669,0.0,9.373333333333331,0.0,54.93333333333333,15,2022-03-11
2022-03-11,関東,NB-1,4.0,32370.0,1,1,2022-03-11,10.955555555555556,17.544444444444444,4.144444444444444,0.0,9.711111111111112,0.0,59.77777777777778,9,2022-03-11
2022-03-14,中部,NB-1,1.0,8190.0,1,1,2022-03-14,14.2,19.826666666666664,10.06,7.033333333333333,6.36,0.0,75.0,15,2022-03-14
2022-03-14,九州沖縄,NB-1,1.0,7839.0,1,1,2022-03-14,19.4875,24.2375,15.9375,1.375,4.425,0.0,81.125,8,2022-03-14
2022-03-14,近畿,NB-1,7.0,58760.0,1,2,2022-03-14,15.825,20.4875,12.8875,7.625,5.5,0.0,79.75,8,2022-03-14
2022-03-15,中部,NB-1,3.0,23400.0,1,1,2022-03-15,13.033333333333331,18.86,7.0,4.4,7.0600000000000005,0.0,65.33333333333333,15,2022-03-15
2022-03-15,九州沖縄,NB-1,1.0,8190.0,1,1,2022-03-15,17.9125,22.6875,13.275,0.125,9.025,0.0,68.125,8,2022-03-15
2022-03-15,近畿,22SJ-3,3.0,56100.0,3,3,2022-03-15,15.025,19.4875,9.25,0.0625,8.2125,0.0,65.875,8,2022-03-15
2022-03-15,近畿,NB-1,2.0,16380.0,1,2,2022-03-15,15.025,19.4875,9.25,0.0625,8.2125,0.0,65.875,8,2022-03-15
2022-03-16,東北,NB-1,1.0,8190.0,1,1,2022-03-16,6.262499999999999,11.4125,1.925,0.3125,5.325,0.0,72.625,8,2022-03-16
2022-03-16,関東,NB-1,2.0,15730.0,1,1,2022-03-16,12.32222222222222,18.88888888888889,7.0,0.0,6.355555555555556,0.0,65.11111111111111,9,2022-03-16
2022-03-17,中国,NB-1,1.0,8450.0,1,1,2022-03-17,12.328571428571427,17.885714285714286,7.671428571428571,0.2857142857142857,4.2,0.0,64.85714285714286,7,2022-03-17
2022-03-17,中部,22SJ-3,4.0,81600.0,4,4,2022-03-17,10.62,15.893333333333334,6.233333333333333,0.0,4.726666666666668,0.0,62.73333333333333,15,2022-03-17
2022-03-17,関東,NB-1,1.0,8190.0,1,1,2022-03-17,12.8,18.844444444444445,7.577777777777778,0.4444444444444444,6.2444444444444445,0.0,58.0,9,2022-03-17
2022-03-18,中部,NB-1,2.0,15600.0,1,1,2022-03-18,7.760000000000001,9.586666666666668,6.153333333333333,38.43333333333333,0.0,0.8333333333333334,88.0,15,2022-03-18
2022-03-18,北海道,NB-1,1.0,8190.0,1,1,2022-03-18,0.1624999999999999,3.1875,-2.5375,0.375,7.0375,0.375,76.625,8,2022-03-18
2022-03-18,東北,22SJ-3,4.0,81600.0,4,4,2022-03-18,1.8375,5.2125,-0.3624999999999999,15.5625,0.775,2.375,82.875,8,2022-03-18
2022-03-18,近畿,NB-1,1.0,8190.0,1,1,2022-03-18,10.225,12.0875,8.3125,32.625,0.0,0.0,83.5,8,2022-03-18
2022-03-18,関東,NB-1,1.0,8190.0,1,1,2022-03-18,5.122222222222223,9.844444444444443,3.011111111111111,34.388888888888886,0.0,0.0,90.0,9,2022-03-18
2022-03-22,中国,NB-1,2.0,15600.0,1,1,2022-03-22,8.385714285714286,13.2,5.357142857142857,11.428571428571429,3.242857142857143,0.0,76.85714285714286,7,2022-03-22
2022-03-22,中部,NB-1,3.0,24570.0,1,2,2022-03-22,5.013333333333334,7.953333333333333,1.913333333333333,10.0,1.3333333333333333,2.0,82.73333333333333,15,2022-03-22
2022-03-22,北海道,NB-1,2.0,13780.0,1,1,2022-03-22,1.475,5.2625,-3.0,1.0,7.0375,0.625,67.75,8,2022-03-22
2022-03-22,東北,22SJ-3,1.0,20400.0,1,1,2022-03-22,1.425,5.4875,-2.175,2.75,3.425,2.0,72.375,8,2022-03-22
2022-03-22,近畿,NB-1,1.0,8190.0,1,1,2022-03-22,7.0625,10.2875,5.0125,14.625,2.1625,0.0,78.25,8,2022-03-22
2022-03-22,関東,22SJ-3,1.0,23800.0,1,1,2022-03-22,3.6333333333333337,8.755555555555555,0.9222222222222224,16.77777777777778,0.0,0.4444444444444444,90.0,9,2022-03-22
2022-03-22,関東,NB-1,2.0,15730.0,1,2,2022-03-22,3.6333333333333337,8.755555555555555,0.9222222222222224,16.77777777777778,0.0,0.4444444444444444,90.0,9,2022-03-22
2022-03-23,九州沖縄,NB-1,2.0,16380.0,1,2,2022-03-23,10.7875,12.8875,7.8625,6.875,0.65,0.0,81.0,8,2022-03-23
2022-03-23,東北,NB-1,1.0,9750.0,1,1,2022-03-23,2.65,8.2125,-3.775,0.0,5.9125,0.0,64.75,8,2022-03-23
2022-03-23,関東,NB-1,1.0,7800.0,1,1,2022-03-23,4.966666666666667,9.711111111111112,0.0666666666666666,0.5,6.311111111111111,0.0,63.333333333333336,9,2022-03-23
2022-03-24,九州沖縄,NB-1,1.0,8190.0,1,1,2022-03-24,11.7625,17.825,5.9125,0.0,9.7375,0.0,73.5,8,2022-03-24
2022-03-24,四国,22SJ-3,4.0,81600.0,4,4,2022-03-24,10.95,16.875,5.6,0.0,10.125,0.0,70.5,4,2022-03-24
2022-03-24,四国,NB-1,2.0,16380.0,1,2,2022-03-24,10.95,16.875,5.6,0.0,10.125,0.0,70.5,4,2022-03-24
2022-03-24,近畿,NB-1,3.0,23270.0,1,1,2022-03-24,9.7,14.925,5.1125,0.0625,8.1125,0.0,72.125,8,2022-03-24
2022-03-24,関東,NB-1,3.0,23920.0,1,2,2022-03-24,7.966666666666667,14.555555555555555,1.7777777777777777,0.7222222222222222,9.0625,0.0,70.77777777777777,9,2022-03-24
2022-03-25,中部,NB-1,1.0,8190.0,1,1,2022-03-25,10.613333333333332,17.966666666666665,2.793333333333333,0.0,9.24,0.0,59.73333333333333,15,2022-03-25
2022-03-25,近畿,NB-1,1.0,7540.0,1,1,2022-03-25,12.425,19.5875,5.225,0.0,8.6875,0.0,62.875,8,2022-03-25
2022-03-25,関東,22SJ-3,6.0,122400.0,6,6,2022-03-25,10.966666666666669,17.0,3.988888888888889,0.0,10.088888888888889,0.0,58.66666666666666,9,2022-03-25
2022-03-25,関東,NB-1,6.0,53040.0,1,2,2022-03-25,10.966666666666669,17.0,3.988888888888889,0.0,10.088888888888889,0.0,58.66666666666666,9,2022-03-25
2022-03-28,中部,NB-1,4.0,31200.0,1,1,2022-03-28,10.086666666666668,14.533333333333331,6.62,0.3,6.306666666666667,0.0,54.53333333333333,15,2022-03-28
2022-03-28,九州沖縄,NB-1,1.0,8190.0,1,1,2022-03-28,14.4,17.1625,12.2375,0.25,0.75,0.0,60.375,8,2022-03-28
2022-03-28,近畿,NB-1,1.0,9100.0,1,1,2022-03-28,10.9375,14.1625,7.85,0.0,6.125,0.0,50.125,8,2022-03-28
2022-03-28,関東,22SJ-3,1.0,23800.0,1,1,2022-03-28,12.18888888888889,16.966666666666665,9.177777777777775,0.0,7.233333333333332,0.0,51.333333333333336,9,2022-03-28
2022-03-29,関東,NB-1,1.0,8190.0,1,1,2022-03-29,9.344444444444443,11.066666666666666,7.433333333333334,0.7222222222222222,0.0,0.0,61.22222222222222,9,2022-03-29
2022-03-30,関東,NB-1,5.0,43940.0,1,2,2022-03-30,13.944444444444445,20.133333333333333,7.666666666666667,0.0,4.7444444444444445,0.0,75.22222222222223,9,2022-03-30
2022-03-31,中部,NB-1,3.0,23400.0,1,1,2022-03-31,12.326666666666666,17.72666666666667,7.553333333333333,4.0,2.493333333333333,0.0,76.66666666666667,15,2022-03-31
2022-03-31,関東,NB-1,1.0,8190.0,1,1,2022-03-31,14.4,21.14444444444445,8.777777777777779,4.944444444444445,4.522222222222222,0.0,76.22222222222223,9,2022-03-31
2022-04-01,近畿,NB-1,2.0,16380.0,1,1,2022-04-01,8.8875,12.75,6.1875,1.375,8.8,0.0,47.5,8,2022-04-01
2022-04-04,中国,NB-1,4.0,32370.0,1,3,2022-04-04,10.714285714285714,17.642857142857142,4.442857142857143,0.0,10.757142857142856,0.0,62.71428571428572,7,2022-04-04
2022-04-04,中部,NB-1,1.0,8190.0,1,1,2022-04-04,10.133333333333333,15.16,6.693333333333333,6.233333333333333,4.286666666666666,0.0,78.8,15,2022-04-04
2022-04-04,九州沖縄,NB-1,1.0,8190.0,1,1,2022-04-04,13.7,19.925,7.7375,0.0,11.1625,0.0,51.625,8,2022-04-04
2022-04-04,四国,NB-1,2.0,15678.0,1,1,2022-04-04,13.175,19.3,8.25,0.0,10.8,0.0,60.25,4,2022-04-04
2022-04-04,関東,22SJ-3,2.0,40800.0,2,2,2022-04-04,9.044444444444444,10.933333333333334,7.077777777777778,43.72222222222222,0.0,0.0,92.77777777777776,9,2022-04-04
2022-04-04,関東,NB-1,4.0,31707.0,1,3,2022-04-04,9.044444444444444,10.933333333333334,7.077777777777778,43.72222222222222,0.0,0.0,92.77777777777776,9,2022-04-04
2022-04-05,中部,NB-1,1.0,8190.0,1,1,2022-04-05,11.966666666666669,18.83333333333333,5.986666666666666,0.0,9.74,0.0,68.93333333333334,15,2022-04-05
2022-04-05,九州沖縄,22SJ-3,3.0,61200.0,3,3,2022-04-05,14.15,20.2875,6.9375,0.0,9.325,0.0,52.625,8,2022-04-05
2022-04-05,九州沖縄,NB-1,2.0,16380.0,1,1,2022-04-05,14.15,20.2875,6.9375,0.0,9.325,0.0,52.625,8,2022-04-05
2022-04-05,近畿,NB-1,2.0,16380.0,1,1,2022-04-05,12.275,19.25,5.4625,0.0,10.6,0.0,55.375,8,2022-04-05
2022-04-05,関東,NB-1,3.0,24570.0,1,2,2022-04-05,12.288888888888888,17.688888888888886,7.899999999999999,1.2777777777777777,5.366666666666666,0.0,77.66666666666667,9,2022-04-05
2022-04-06,中国,NB-1,1.0,8190.0,1,1,2022-04-06,14.257142857142856,20.685714285714287,8.67142857142857,0.0,11.157142857142857,0.0,55.71428571428572,7,2022-04-06
2022-04-06,九州沖縄,NB-1,3.0,24570.0,1,1,2022-04-06,16.2625,21.425,12.0625,0.0,10.0,0.0,57.125,8,2022-04-06
2022-04-06,近畿,22SJ-3,1.0,23800.0,1,1,2022-04-06,14.775,20.95,9.55,0.0,10.5375,0.0,54.875,8,2022-04-06
2022-04-06,近畿,NB-1,1.0,8190.0,1,1,2022-04-06,14.775,20.95,9.55,0.0,10.5375,0.0,54.875,8,2022-04-06
2022-04-06,関東,NB-1,8.0,64610.0,1,3,2022-04-06,15.08888888888889,21.07777777777778,10.577777777777778,0.0,8.133333333333333,0.0,70.11111111111111,9,2022-04-06
2022-04-07,四国,NB-1,2.0,16380.0,1,1,2022-04-07,15.4,21.125,9.6,0.0,11.05,0.0,59.0,4,2022-04-07
2022-04-07,関東,NB-1,2.0,15990.0,1,2,2022-04-07,13.27777777777778,17.08888888888889,9.866666666666667,0.0,4.655555555555555,0.0,68.88888888888889,9,2022-04-07
2022-04-08,近畿,NB-1,1.0,8190.0,1,1,2022-04-08,14.6875,19.9,9.9625,0.1875,11.25,0.0,56.125,8,2022-04-08
2022-04-08,関東,NB-1,3.0,24570.0,1,1,2022-04-08,14.688888888888888,20.8,9.288888888888888,0.0,11.8,0.0,53.77777777777778,9,2022-04-08
2022-04-11,中国,NB-1,2.0,16029.0,1,2,2022-04-11,18.057142857142857,23.442857142857143,12.828571428571427,0.0,4.757142857142857,0.0,65.42857142857143,7,2022-04-11
2022-04-11,中部,NB-1,8.0,63063.0,1,6,2022-04-11,17.933333333333334,25.166666666666668,11.84,0.0,7.7266666666666675,0.0,58.06666666666667,15,2022-04-11
2022-04-11,九州沖縄,NB-1,4.0,31356.0,1,3,2022-04-11,18.425,21.8625,15.9,15.1875,2.225,0.0,82.125,8,2022-04-11
2022-04-11,四国,NB-1,4.0,31707.0,1,2,2022-04-11,17.65,22.25,13.3,0.0,4.525,0.0,70.25,4,2022-04-11
2022-04-11,東北,NB-1,2.0,16029.0,1,2,2022-04-11,17.0125,26.1375,8.15,0.0,10.4875,0.0,54.0,8,2022-04-11
2022-04-11,近畿,NB-1,10.0,80093.0,1,3,2022-04-11,18.3125,23.9,13.7,0.0,5.4,0.0,63.0,8,2022-04-11
2022-04-11,関東,NB-1,29.0,233636.0,1,7,2022-04-11,18.64444444444445,24.95555555555556,13.155555555555557,0.0,8.988888888888889,0.0,67.33333333333333,9,2022-04-11
2022-04-12,九州沖縄,NB-1,2.0,16380.0,1,1,2022-04-12,20.625,26.05,17.45,1.0625,6.6125,0.0,84.875,8,2022-04-12
2022-04-12,北海道,NB-1,2.0,16380.0,1,1,2022-04-12,8.725,15.9875,4.8,1.75,4.875,0.0,83.625,8,2022-04-12
2022-04-12,東北,NB-1,1.0,8190.0,1,1,2022-04-12,17.3,25.5625,8.9,0.0,11.7875,0.0,56.0,8,2022-04-12
2022-04-12,関東,NB-1,1.0,7800.0,1,1,2022-04-12,19.744444444444444,25.77777777777778,14.455555555555556,0.0,11.544444444444444,0.0,66.22222222222223,9,2022-04-12
2022-04-13,近畿,NB-1,1.0,8840.0,1,1,2022-04-13,20.1875,26.675,17.0375,0.0,5.3375,0.0,75.125,8,2022-04-13
2022-04-13,関東,NB-1,3.0,24570.0,1,2,2022-04-13,20.41111111111111,26.55555555555556,14.266666666666667,0.1666666666666666,10.9,0.0,69.0,9,2022-04-13
2022-04-14,九州沖縄,NB-1,1.0,8190.0,1,1,2022-04-14,18.6,20.8375,16.8125,26.75,1.05,0.0,88.25,8,2022-04-14
2022-04-14,関東,NB-1,2.0,16380.0,1,1,2022-04-14,12.522222222222222,18.744444444444444,9.344444444444443,2.111111111111111,0.0,0.0,85.11111111111111,9,2022-04-14
2022-04-15,北海道,NB-1,1.0,8190.0,1,1,2022-04-15,4.0625,7.575,1.45,0.0,3.85,0.0,73.0,8,2022-04-15
2022-04-15,近畿,NB-1,1.0,8840.0,1,1,2022-04-15,15.1375,17.7125,12.5625,7.0,0.05,0.0,81.25,8,2022-04-15
2022-04-15,関東,NB-1,1.0,9750.0,1,1,2022-04-15,10.2,12.022222222222222,8.577777777777778,16.38888888888889,0.0,0.0,94.22222222222224,9,2022-04-15
2022-04-18,中部,NB-1,4.0,31590.0,1,2,2022-04-18,12.526666666666667,16.54,8.84,9.466666666666669,1.2666666666666666,0.0,84.2,15,2022-04-18
2022-04-18,九州沖縄,NB-1,1.0,8190.0,1,1,2022-04-18,16.287499999999998,21.425,11.725,0.0,1.825,0.0,58.75,8,2022-04-18
2022-04-18,近畿,NB-1,2.0,17030.0,1,1,2022-04-18,15.95,21.3375,11.1125,0.0,3.9625,0.0,64.625,8,2022-04-18
2022-04-18,関東,NB-1,1.0,8190.0,1,1,2022-04-18,13.466666666666669,16.91111111111111,10.644444444444444,21.05555555555556,1.2000000000000002,0.0,84.22222222222223,9,2022-04-18
2022-04-19,中国,NB-1,1.0,8190.0,1,1,2022-04-19,15.014285714285714,22.485714285714288,8.185714285714285,0.0,10.842857142857143,0.0,52.0,7,2022-04-19
2022-04-19,中部,NB-1,1.0,8190.0,1,1,2022-04-19,13.386666666666668,19.52,8.333333333333334,0.1,10.073333333333332,0.0,67.6,15,2022-04-19
2022-04-19,近畿,NB-1,2.0,17680.0,1,1,2022-04-19,15.775,21.7625,9.9375,0.0,11.9125,0.0,46.875,8,2022-04-19
2022-04-20,中部,NB-1,5.0,39000.0,1,1,2022-04-20,14.62,21.38,7.546666666666667,0.4,10.326666666666666,0.0,63.06666666666667,15,2022-04-20
2022-04-20,関東,NB-1,1.0,8190.0,1,1,2022-04-20,12.466666666666669,14.52222222222222,9.944444444444445,3.8333333333333335,0.0333333333333333,0.0,79.0,9,2022-04-20
2022-04-22,中部,NB-1,2.0,16380.0,1,2,2022-04-22,17.413333333333334,23.766666666666666,12.746666666666666,3.433333333333333,8.620000000000001,0.0,76.2,15,2022-04-22
2022-04-22,東北,22SJ-3,2.0,40800.0,2,2,2022-04-22,15.5625,20.275,11.825,3.6875,3.625,0.0,75.25,8,2022-04-22
2022-04-22,近畿,NB-1,3.0,24570.0,1,1,2022-04-22,17.9625,22.9625,14.7875,0.125,8.575,0.0,76.375,8,2022-04-22
2022-04-22,関東,NB-1,2.0,17290.0,1,2,2022-04-22,19.577777777777776,26.177777777777777,13.833333333333334,20.944444444444443,10.622222222222222,0.0,76.55555555555556,9,2022-04-22
2022-04-25,九州沖縄,NB-1,1.0,7839.0,1,1,2022-04-25,21.2125,26.225,16.725,0.0,7.5125,0.0,82.5,8,2022-04-25
2022-04-25,四国,NB-1,1.0,8190.0,1,1,2022-04-25,19.575,24.4,16.475,0.125,5.275,0.0,84.0,4,2022-04-25
2022-04-25,近畿,NB-1,3.0,23517.0,1,2,2022-04-25,20.3875,26.375,16.0875,0.0625,8.9625,0.0,76.75,8,2022-04-25
2022-04-25,関東,NB-1,4.0,32370.0,1,2,2022-04-25,19.566666666666663,26.866666666666667,12.477777777777778,0.0,11.522222222222222,0.0,73.0,9,2022-04-25
2022-04-26,中部,NB-1,6.0,47580.0,1,1,2022-04-26,19.886666666666667,23.51333333333333,16.386666666666667,16.133333333333333,0.24,0.0,83.33333333333333,15,2022-04-26
2022-04-26,北海道,NB-1,1.0,8190.0,1,1,2022-04-26,10.775,15.9,5.6,0.875,4.075,0.0,74.0,8,2022-04-26
2022-04-26,近畿,NB-1,2.0,15730.0,1,2,2022-04-26,21.1375,24.025,17.7125,21.9375,0.075,0.0,84.125,8,2022-04-26
2022-04-26,関東,NB-1,1.0,7540.0,1,1,2022-04-26,19.91111111111111,22.677777777777777,16.77777777777778,1.5,0.0888888888888888,0.0,87.11111111111111,9,2022-04-26
2022-04-27,中部,NB-1,5.0,39390.0,1,2,2022-04-27,18.07333333333333,23.086666666666662,12.793333333333331,16.433333333333334,1.8,0.0,81.0,15,2022-04-27
2022-04-28,近畿,NB-1,1.0,7540.0,1,1,2022-04-28,17.5,23.8875,11.625,0.0,9.4,0.0,61.125,8,2022-04-28
2022-04-28,関東,NB-1,10.0,85150.0,1,4,2022-04-28,15.855555555555554,19.03333333333333,13.088888888888889,0.0,2.6333333333333333,0.0,60.66666666666666,9,2022-04-28
2022-05-02,中部,NB-1,3.0,24570.0,1,3,2022-05-02,12.193333333333332,18.80666666666667,6.726666666666668,0.3333333333333333,8.413333333333334,0.0,64.26666666666667,15,2022-05-02
2022-05-02,九州沖縄,NB-1,2.0,15678.0,1,2,2022-05-02,16.9625,22.0625,12.05,1.4375,7.6375,0.0,60.125,8,2022-05-02
2022-05-02,四国,NB-1,1.0,8190.0,1,1,2022-05-02,15.825,21.775,9.8,0.0,11.35,0.0,51.0,4,2022-05-02
2022-05-02,近畿,NB-1,2.0,16029.0,1,2,2022-05-02,13.1125,19.975,7.6875,0.4375,9.0125,0.0,65.625,8,2022-05-02
2022-05-02,関東,NB-1,2.0,17589.0,1,1,2022-05-02,13.255555555555556,19.077777777777776,8.744444444444445,3.555555555555556,7.233333333333332,0.0,69.55555555555556,9,2022-05-02
2022-05-06,中国,NB-1,2.0,15990.0,1,2,2022-05-06,19.885714285714283,25.585714285714285,13.885714285714286,0.0,8.414285714285715,0.0,63.142857142857146,7,2022-05-06
2022-05-06,中部,NB-1,6.0,47190.0,1,1,2022-05-06,18.52,24.526666666666664,12.846666666666666,0.0,8.1,0.0,62.46666666666667,15,2022-05-06
2022-05-06,九州沖縄,NB-1,1.0,8190.0,1,1,2022-05-06,20.5625,23.3,18.2,19.1875,1.05,0.0,80.625,8,2022-05-06
2022-05-06,四国,NB-1,1.0,8190.0,1,1,2022-05-06,20.0,24.875,15.925,0.0,4.375,0.0,67.5,4,2022-05-06
2022-05-06,近畿,NB-1,2.0,17030.0,1,1,2022-05-06,19.5875,25.25,14.775,0.0,8.175,0.0,61.25,8,2022-05-06
2022-05-06,関東,NB-1,4.0,34580.0,1,2,2022-05-06,19.155555555555555,24.45555555555556,14.577777777777776,0.0,8.722222222222221,0.0,70.0,9,2022-05-06
2022-05-09,中国,NB-1,3.0,24570.0,1,1,2022-05-09,16.214285714285715,20.5,12.55714285714286,0.0714285714285714,2.957142857142857,0.0,60.285714285714285,7,2022-05-09
2022-05-09,中部,NB-1,2.0,16380.0,1,2,2022-05-09,12.9,16.446666666666665,10.086666666666668,5.166666666666667,1.16,0.0,74.86666666666666,15,2022-05-09
2022-05-09,九州沖縄,NB-1,2.0,16029.0,1,2,2022-05-09,20.1875,23.9125,18.0,0.0625,2.3875,0.0,73.25,8,2022-05-09
2022-05-09,北海道,NB-1,1.0,8190.0,1,1,2022-05-09,11.1625,15.9,5.525,0.0,10.575,0.0,50.875,8,2022-05-09
2022-05-09,東北,NB-1,1.0,8190.0,1,1,2022-05-09,12.3375,17.9,7.4125,1.125,6.7875,0.0,60.75,8,2022-05-09
2022-05-09,近畿,NB-1,2.0,14729.0,1,1,2022-05-09,14.1875,17.025,11.5875,0.375,0.1875,0.0,61.0,8,2022-05-09
2022-05-09,関東,NB-1,12.0,100828.0,1,3,2022-05-09,13.511111111111113,16.344444444444445,11.322222222222225,8.666666666666666,0.0555555555555555,0.0,82.11111111111111,9,2022-05-09
2022-05-10,中部,NB-1,1.0,8190.0,1,1,2022-05-10,14.813333333333333,21.25333333333333,8.553333333333335,0.3,9.013333333333332,0.0,68.13333333333334,15,2022-05-10
2022-05-10,九州沖縄,NB-1,3.0,24570.0,1,2,2022-05-10,20.65,24.775,17.625,0.625,2.1625,0.0,70.25,8,2022-05-10
2022-05-10,北海道,NB-1,1.0,6890.0,1,1,2022-05-10,13.1375,20.45,6.3875,0.0,12.825,0.0,52.875,8,2022-05-10
2022-05-10,近畿,NB-1,2.0,15080.0,1,1,2022-05-10,16.775000000000002,23.1,9.7875,0.0,7.4875,0.0,65.25,8,2022-05-10
2022-05-10,関東,NB-1,3.0,24180.0,1,2,2022-05-10,15.811111111111112,22.01111111111111,10.044444444444444,0.5,11.211111111111112,0.0,64.11111111111111,9,2022-05-10
2022-05-11,中部,NB-1,4.0,31200.0,1,1,2022-05-11,17.766666666666666,23.15333333333333,12.306666666666668,0.2666666666666666,4.433333333333334,0.0,62.8,15,2022-05-11
2022-05-11,近畿,NB-1,1.0,8840.0,1,1,2022-05-11,19.5625,24.725,16.0125,1.1875,3.475,0.0,69.875,8,2022-05-11
2022-05-12,中部,NB-1,2.0,16380.0,1,1,2022-05-12,18.58,23.28,14.806666666666668,10.233333333333333,2.8466666666666662,0.0,76.2,15,2022-05-12
2022-05-12,関東,NB-1,1.0,9100.0,1,1,2022-05-12,19.3,24.200000000000003,15.422222222222224,1.4444444444444444,3.055555555555556,0.0,79.11111111111111,9,2022-05-12
2022-05-13,中部,NB-1,4.0,31200.0,1,1,2022-05-13,18.71333333333333,21.633333333333333,16.36,26.6,0.6866666666666668,0.0,91.93333333333334,15,2022-05-13
2022-05-13,九州沖縄,NB-1,2.0,16380.0,1,1,2022-05-13,20.775,21.8375,19.6,36.75,0.0,0.0,96.5,8,2022-05-13
2022-05-13,近畿,NB-1,1.0,8450.0,1,1,2022-05-13,19.7875,21.7625,17.9875,17.625,0.1,0.0,92.75,8,2022-05-13
2022-05-13,関東,NB-1,1.0,7540.0,1,1,2022-05-13,18.688888888888886,20.53333333333333,17.055555555555557,29.83333333333333,0.0,0.0,97.0,9,2022-05-13
2022-05-16,中部,NB-1,2.0,16289.0,1,2,2022-05-16,15.113333333333332,19.24,11.506666666666666,0.2666666666666666,1.4400000000000002,0.0,72.6,15,2022-05-16
2022-05-16,北海道,NB-1,1.0,8190.0,1,1,2022-05-16,13.05,18.725,7.8125,0.0,12.8625,0.0,58.5,8,2022-05-16
2022-05-16,近畿,NB-1,1.0,7839.0,1,1,2022-05-16,17.025,21.2875,13.175,0.0,1.2999999999999998,0.0,64.75,8,2022-05-16
2022-05-16,関東,NB-1,4.0,32409.0,1,2,2022-05-16,14.466666666666663,16.255555555555556,13.333333333333334,12.333333333333334,0.0,0.0,91.88888888888889,9,2022-05-16
2022-05-17,近畿,NB-1,2.0,15730.0,1,1,2022-05-17,17.275,21.95,14.175,0.0,1.925,0.0,68.875,8,2022-05-17
2022-05-17,関東,NB-1,3.0,23270.0,1,2,2022-05-17,15.633333333333333,18.03333333333333,13.422222222222222,0.5,0.0,0.0,86.55555555555556,9,2022-05-17
2022-05-18,近畿,NB-1,1.0,8190.0,1,1,2022-05-18,19.2,26.5625,12.325,0.0,11.9375,0.0,54.625,8,2022-05-18
2022-05-19,中国,NB-1,1.0,8190.0,1,1,2022-05-19,19.97142857142857,26.914285714285715,12.55714285714286,0.0,9.6,0.0,50.42857142857143,7,2022-05-19
2022-05-19,中部,NB-1,1.0,8190.0,1,1,2022-05-19,19.293333333333337,26.586666666666662,11.913333333333332,0.0,9.566666666666666,0.0,55.46666666666667,15,2022-05-19
2022-05-19,北海道,NB-1,1.0,8190.0,1,1,2022-05-19,12.65,17.6,8.45,0.625,4.975,0.0,77.75,8,2022-05-19
2022-05-19,四国,NB-1,3.0,24570.0,1,2,2022-05-19,20.2,26.125,13.675,0.0,9.275,0.0,52.25,4,2022-05-19
2022-05-19,東北,NB-1,2.0,16380.0,1,1,2022-05-19,17.875,25.7,9.4375,0.0,8.525,0.0,54.625,8,2022-05-19
2022-05-19,近畿,NB-1,3.0,24570.0,2,2,2022-05-19,20.1375,27.125,13.275,0.0,10.375,0.0,50.875,8,2022-05-19
2022-05-19,関東,NB-1,5.0,42770.0,2,3,2022-05-19,20.23333333333333,26.688888888888886,13.333333333333334,0.0,10.244444444444444,0.0,57.888888888888886,9,2022-05-19
2022-05-20,中部,NB-1,1.0,7800.0,1,1,2022-05-20,19.613333333333333,25.226666666666667,14.486666666666668,0.0333333333333333,1.9,0.0,57.266666666666666,15,2022-05-20
2022-05-20,北海道,NB-1,3.0,20670.0,1,1,2022-05-20,13.8625,19.15,10.375,0.4375,4.3625,0.0,78.75,8,2022-05-20
2022-05-20,東北,NB-1,1.0,8190.0,1,1,2022-05-20,19.225,25.625,13.175,0.0,8.05,0.0,57.375,8,2022-05-20
2022-05-20,近畿,NB-1,3.0,25220.0,2,2,2022-05-20,20.075,25.05,16.025,0.0,0.5625,0.0,56.875,8,2022-05-20
2022-05-20,関東,NB-1,1.0,7540.0,1,1,2022-05-20,20.677777777777777,25.933333333333334,15.755555555555556,0.0,6.333333333333333,0.0,67.66666666666667,9,2022-05-20
2022-05-23,中国,NB-1,1.0,8190.0,1,1,2022-05-23,21.242857142857144,27.02857142857143,15.857142857142858,0.0,10.87142857142857,0.0,62.85714285714285,7,2022-05-23
2022-05-23,中部,NB-1,1.0,7839.0,1,1,2022-05-23,19.28666666666667,24.766666666666666,14.56,0.5333333333333333,11.413333333333332,0.0,67.66666666666667,15,2022-05-23
2022-05-23,九州沖縄,NB-1,1.0,8190.0,1,1,2022-05-23,21.925,25.775,18.175,2.3125,1.2125,0.0,71.375,8,2022-05-23
2022-05-23,近畿,NB-1,4.0,32409.0,2,3,2022-05-23,21.225,26.3,16.6125,0.0,10.8125,0.0,59.375,8,2022-05-23
2022-05-23,関東,NB-1,1.0,7839.0,1,1,2022-05-23,18.322222222222223,23.566666666666663,14.755555555555556,8.38888888888889,7.544444444444445,0.0,74.11111111111111,9,2022-05-23
2022-05-24,中部,NB-1,1.0,7800.0,1,1,2022-05-24,19.793333333333333,26.08,13.566666666666666,0.0,10.666666666666666,0.0,67.4,15,2022-05-24
2022-05-24,九州沖縄,NB-1,1.0,8190.0,1,1,2022-05-24,22.9875,28.225,18.1,2.6875,9.8,0.0,73.75,8,2022-05-24
2022-05-24,東北,NB-1,1.0,8190.0,1,1,2022-05-24,17.875,24.6875,11.6875,0.0,11.525,0.0,70.375,8,2022-05-24
2022-05-25,東北,NB-1,1.0,8190.0,1,1,2022-05-25,19.725,27.4875,13.0,0.0,11.35,0.0,69.75,8,2022-05-25
2022-05-25,関東,NB-1,1.0,7540.0,1,1,2022-05-25,21.311111111111117,26.77777777777778,17.1,0.0,9.144444444444444,0.0,71.44444444444444,9,2022-05-25
2022-05-26,北海道,NB-1,1.0,8190.0,1,1,2022-05-26,15.3375,21.2125,10.95,0.0,8.7625,0.0,79.625,8,2022-05-26
2022-05-26,近畿,NB-1,2.0,7540.0,2,2,2022-05-26,22.25,27.5125,18.725,11.3125,4.3,0.0,73.5,8,2022-05-26
2022-05-26,関東,NB-1,1.0,9100.0,1,1,2022-05-26,21.1,25.48888888888889,16.666666666666668,0.0,6.066666666666666,0.0,71.55555555555556,9,2022-05-26
2022-05-27,中部,NB-1,4.0,31590.0,1,2,2022-05-27,20.433333333333334,26.473333333333336,16.36,37.766666666666666,7.373333333333334,0.0,75.8,15,2022-05-27
2022-05-27,関東,NB-1,2.0,15730.0,2,2,2022-05-27,20.58888888888889,24.677777777777777,17.977777777777774,29.5,2.4222222222222225,0.0,86.66666666666667,9,2022-05-27
2022-05-30,中国,NB-1,1.0,8190.0,1,1,2022-05-30,19.914285714285715,23.957142857142856,16.885714285714286,5.571428571428571,0.5857142857142856,0.0,78.71428571428571,7,2022-05-30
2022-05-30,中部,NB-1,3.0,24219.0,1,3,2022-05-30,22.08,29.526666666666664,15.34,2.433333333333333,9.206666666666669,0.0,59.53333333333333,15,2022-05-30
2022-05-30,近畿,NB-1,1.0,9100.0,1,1,2022-05-30,21.775,28.4375,16.95,6.5,4.7625,0.0,65.25,8,2022-05-30
2022-05-30,関東,NB-1,2.0,16939.0,1,2,2022-05-30,21.25555555555556,26.27777777777778,16.955555555555556,0.0,10.511111111111113,0.0,66.77777777777777,9,2022-05-30
2022-05-31,九州沖縄,NB-1,1.0,8190.0,1,1,2022-05-31,23.6375,28.425,20.7,20.3125,7.9125,0.0,71.375,8,2022-05-31
2022-05-31,四国,NB-1,1.0,8190.0,1,1,2022-05-31,23.025,28.525,18.5,0.5,9.2,0.0,68.5,4,2022-05-31
2022-05-31,近畿,NB-1,1.0,6890.0,1,1,2022-05-31,20.425,26.25,16.2375,2.25,4.85,0.0,73.875,8,2022-05-31
2022-06-01,中部,NB-1,4.0,31200.0,1,1,2022-06-01,19.173333333333336,24.71333333333333,13.186666666666667,0.0,7.466666666666667,0.0,62.86666666666667,15,2022-06-01
2022-06-01,九州沖縄,NB-1,1.0,8190.0,1,1,2022-06-01,22.1625,26.6875,18.425,0.5625,3.8375,0.0,72.5,8,2022-06-01
2022-06-01,近畿,NB-1,1.0,8190.0,1,1,2022-06-01,20.1,26.05,13.8375,0.0,6.0125,0.0,55.875,8,2022-06-01
2022-06-01,関東,NB-1,1.0,7800.0,1,1,2022-06-01,21.01111111111111,26.33333333333333,16.366666666666667,0.0,8.088888888888889,0.0,61.333333333333336,9,2022-06-01
2022-06-02,中部,NB-1,1.0,8190.0,1,1,2022-06-02,21.0,27.773333333333333,14.766666666666667,0.0,11.62,0.0,65.53333333333333,15,2022-06-02
2022-06-02,北海道,NB-1,1.0,8190.0,1,1,2022-06-02,11.55,14.9375,9.4875,0.9375,1.65,0.0,88.25,8,2022-06-02
2022-06-02,関東,NB-1,2.0,18200.0,1,1,2022-06-02,21.677777777777777,28.03333333333333,16.12222222222222,2.333333333333333,11.355555555555556,0.0,69.55555555555556,9,2022-06-02
2022-06-03,中部,NB-1,2.0,16380.0,2,2,2022-06-03,20.64,26.546666666666667,15.986666666666668,0.0666666666666666,9.4,0.0,68.93333333333334,15,2022-06-03
2022-06-03,関東,NB-1,5.0,45500.0,1,1,2022-06-03,20.355555555555554,26.066666666666663,16.799999999999997,6.333333333333333,5.888888888888889,0.0,77.88888888888889,9,2022-06-03
2022-06-06,中部,NB-1,2.0,15678.0,1,2,2022-06-06,17.14,19.8,15.513333333333332,38.96666666666667,0.0266666666666666,0.0,90.0,15,2022-06-06
2022-06-06,近畿,NB-1,5.0,41509.0,1,2,2022-06-06,19.2875,21.75,17.3375,26.0,0.0625,0.0,88.625,8,2022-06-06
2022-06-06,関東,NB-1,3.0,26039.0,1,2,2022-06-06,15.822222222222225,17.477777777777778,14.91111111111111,39.94444444444444,0.0,0.0,95.11111111111111,9,2022-06-06
2022-06-07,中国,NB-1,2.0,16380.0,1,1,2022-06-07,19.014285714285712,23.285714285714285,15.62857142857143,0.6428571428571429,4.385714285714285,0.0,70.57142857142857,7,2022-06-07
2022-06-07,四国,NB-1,4.0,32760.0,1,2,2022-06-07,21.25,25.2,17.9,0.0,6.925,0.0,64.75,4,2022-06-07
2022-06-07,関東,NB-1,11.0,97370.0,2,4,2022-06-07,16.855555555555554,19.48888888888889,14.955555555555556,4.111111111111111,0.5777777777777778,0.0,85.66666666666667,9,2022-06-07
2022-06-08,九州沖縄,NB-1,1.0,8190.0,1,1,2022-06-08,22.525,26.8875,19.1,0.5,8.45,0.0,71.125,8,2022-06-08
2022-06-08,近畿,22SJ-3,1.0,18700.0,1,1,2022-06-08,19.5375,24.7,14.475,0.0,9.95,0.0,67.375,8,2022-06-08
2022-06-08,近畿,NB-1,2.0,15730.0,2,2,2022-06-08,19.5375,24.7,14.475,0.0,9.95,0.0,67.375,8,2022-06-08
2022-06-09,中部,NB-1,4.0,31200.0,1,1,2022-06-09,19.346666666666668,24.71333333333333,14.686666666666667,1.1,9.4,0.0,76.13333333333334,15,2022-06-09
2022-06-09,関東,NB-1,3.0,23920.0,1,2,2022-06-09,18.51111111111111,23.177777777777777,15.566666666666666,3.7777777777777777,3.2,0.0,84.11111111111111,9,2022-06-09
2022-06-10,中部,NB-1,1.0,8450.0,1,1,2022-06-10,20.633333333333333,25.72,16.6,1.6333333333333333,6.12,0.0,78.8,15,2022-06-10
2022-06-10,北海道,NB-1,1.0,8190.0,1,1,2022-06-10,13.975,18.45,9.4875,0.0,6.4625,0.0,79.875,8,2022-06-10
2022-06-10,近畿,22SJ-3,1.0,18700.0,1,1,2022-06-10,23.225,28.0125,19.4125,0.0,8.75,0.0,71.75,8,2022-06-10
2022-06-13,中国,NB-1,1.0,8190.0,1,1,2022-06-13,20.61428571428572,24.357142857142858,16.642857142857142,0.1428571428571428,1.6714285714285713,0.0,66.71428571428571,7,2022-06-13
2022-06-13,中部,NB-1,2.0,16380.0,1,2,2022-06-13,19.433333333333334,24.98,14.566666666666666,0.1333333333333333,7.78,0.0,67.93333333333334,15,2022-06-13
2022-06-13,九州沖縄,NB-1,1.0,7839.0,1,1,2022-06-13,21.35,23.2125,19.6625,32.625,0.625,0.0,88.25,8,2022-06-13
2022-06-13,近畿,NB-1,7.0,59280.0,1,1,2022-06-13,21.3125,25.85,16.75,0.0,4.8,0.0,61.25,8,2022-06-13
2022-06-13,関東,22SJ-3,1.0,20400.0,1,1,2022-06-13,20.11111111111111,25.87777777777778,15.366666666666667,0.0,9.7,0.0,59.44444444444444,9,2022-06-13
2022-06-13,関東,NB-1,6.0,49140.0,1,2,2022-06-13,20.11111111111111,25.87777777777778,15.366666666666667,0.0,9.7,0.0,59.44444444444444,9,2022-06-13
2022-06-14,四国,NB-1,1.0,8190.0,1,1,2022-06-14,19.675,21.95,17.975,10.75,0.0,0.0,91.0,4,2022-06-14
2022-06-14,近畿,NB-1,3.0,23920.0,1,2,2022-06-14,19.45,22.3625,17.1125,12.75,0.0,0.0,82.25,8,2022-06-14
2022-06-15,中国,NB-1,4.0,33020.0,1,2,2022-06-15,20.857142857142858,24.428571428571427,18.52857142857143,2.5,2.142857142857143,0.0,85.0,7,2022-06-15
2022-06-15,中部,NB-1,1.0,8190.0,1,1,2022-06-15,18.35333333333333,21.426666666666662,15.76,7.066666666666666,0.28,0.0,86.4,15,2022-06-15
2022-06-15,近畿,NB-1,1.0,8190.0,1,1,2022-06-15,20.8,25.5375,17.625,1.625,1.1125,0.0,82.0,8,2022-06-15
2022-06-16,中国,NB-1,1.0,7800.0,1,1,2022-06-16,22.957142857142856,28.4,18.928571428571427,0.7142857142857143,7.028571428571429,0.0,79.0,7,2022-06-16
2022-06-16,中部,NB-1,4.0,31200.0,1,1,2022-06-16,21.626666666666665,26.71333333333333,17.30666666666667,0.1666666666666666,3.353333333333333,0.0,79.53333333333333,15,2022-06-16
2022-06-16,九州沖縄,NB-1,2.0,16380.0,2,2,2022-06-16,24.625,28.7375,21.7625,5.4375,6.1625000000000005,0.0,79.25,8,2022-06-16
2022-06-17,中部,NB-1,1.0,8190.0,1,1,2022-06-17,23.313333333333333,28.76,19.113333333333333,1.2666666666666666,6.94,0.0,72.53333333333333,15,2022-06-17
2022-06-17,関東,NB-1,1.0,7540.0,1,1,2022-06-17,22.9,28.077777777777776,18.844444444444445,0.0,4.088888888888889,0.0,77.22222222222223,9,2022-06-17
2022-06-20,中部,NB-1,7.0,55380.0,1,2,2022-06-20,24.326666666666664,29.60666666666667,20.5,0.7666666666666667,6.193333333333333,0.0,78.53333333333333,15,2022-06-20
2022-06-20,九州沖縄,NB-1,2.0,16380.0,2,2,2022-06-20,25.0875,28.325,22.9875,13.0625,1.375,0.0,87.625,8,2022-06-20
2022-06-20,関東,22SJ-3,2.0,40800.0,2,2,2022-06-20,25.422222222222224,30.9,21.188888888888886,0.0,6.466666666666667,0.0,75.77777777777777,9,2022-06-20
2022-06-20,関東,NB-1,6.0,52169.0,2,5,2022-06-20,25.422222222222224,30.9,21.188888888888886,0.0,6.466666666666667,0.0,75.77777777777777,9,2022-06-20
2022-06-21,中国,NB-1,2.0,16380.0,1,1,2022-06-21,24.342857142857145,27.38571428571429,22.47142857142857,10.357142857142858,1.6,0.0,86.0,7,2022-06-21
2022-06-21,九州沖縄,NB-1,1.0,8190.0,1,1,2022-06-21,24.875,27.8625,23.075,44.5,1.725,0.0,91.125,8,2022-06-21
2022-06-21,東北,NB-1,1.0,8190.0,1,1,2022-06-21,22.0125,28.05,17.6125,0.0,9.4,0.0,74.875,8,2022-06-21
2022-06-21,近畿,NB-1,1.0,6890.0,1,1,2022-06-21,23.7625,25.4875,22.1,26.25,0.0,0.0,89.625,8,2022-06-21
2022-06-21,関東,NB-1,2.0,16380.0,2,2,2022-06-21,24.53333333333333,28.73333333333333,21.933333333333334,0.9444444444444444,1.822222222222222,0.0,77.77777777777777,9,2022-06-21
2022-06-22,中部,NB-1,1.0,8190.0,1,1,2022-06-22,23.65333333333333,28.166666666666668,20.846666666666668,7.6,3.92,0.0,86.06666666666666,15,2022-06-22
2022-06-22,東北,22SJ-3,1.0,20400.0,1,1,2022-06-22,21.925,27.1,18.05,0.1875,5.9,0.0,75.125,8,2022-06-22
2022-06-22,近畿,NB-1,2.0,16380.0,1,1,2022-06-22,25.3125,30.1375,22.325,10.5625,5.1375,0.0,84.75,8,2022-06-22
2022-06-22,関東,NB-1,3.0,23920.0,2,3,2022-06-22,23.4,27.5,21.38888888888889,4.055555555555555,1.3555555555555554,0.0,84.44444444444444,9,2022-06-22
2022-06-23,中部,NB-1,4.0,31200.0,1,1,2022-06-23,25.37333333333333,30.07333333333333,21.633333333333333,0.8666666666666667,6.226666666666668,0.0,79.06666666666666,15,2022-06-23
2022-06-24,中部,NB-1,2.0,15600.0,1,1,2022-06-24,27.446666666666665,32.54,22.82,7.733333333333333,5.3,0.0,70.73333333333333,15,2022-06-24
2022-06-27,中国,NB-1,1.0,8190.0,1,1,2022-06-27,27.67142857142857,32.5,23.685714285714287,1.8571428571428568,4.485714285714286,0.0,74.28571428571429,7,2022-06-27
2022-06-27,中部,NB-1,1.0,7839.0,1,1,2022-06-27,27.41333333333333,33.04,22.966666666666665,5.766666666666667,7.7266666666666675,0.0,71.33333333333333,15,2022-06-27
2022-06-27,九州沖縄,NB-1,1.0,8190.0,1,1,2022-06-27,28.575,32.6125,25.475,0.0625,8.3,0.0,76.75,8,2022-06-27
2022-06-27,近畿,NB-1,1.0,8190.0,1,1,2022-06-27,27.6625,32.675,24.3625,0.75,8.25,0.0,75.0,8,2022-06-27
2022-06-27,関東,NB-1,3.0,24219.0,1,3,2022-06-27,28.311111111111117,35.52222222222222,22.966666666666665,0.7222222222222222,11.11111111111111,0.0,68.11111111111111,9,2022-06-27
2022-06-28,中部,NB-1,6.0,47190.0,1,2,2022-06-28,28.40666666666667,34.72,23.366666666666667,0.0,11.213333333333331,0.0,67.73333333333333,15,2022-06-28
2022-06-28,近畿,NB-1,2.0,16380.0,2,2,2022-06-28,28.7875,33.675,24.7125,0.0,12.65,0.0,69.125,8,2022-06-28
2022-06-28,関東,NB-1,2.0,17550.0,2,2,2022-06-28,28.54444444444444,34.355555555555554,23.677777777777777,0.0,11.622222222222222,0.0,70.11111111111111,9,2022-06-28
2022-06-29,中部,NB-1,1.0,8190.0,1,1,2022-06-29,28.91333333333333,35.080000000000005,23.566666666666663,0.0,12.9,0.0,63.06666666666667,15,2022-06-29
2022-07-01,関東,NB-1,2.0,15730.0,1,1,2022-07-01,29.811111111111117,36.41111111111111,24.844444444444445,0.5555555555555556,12.0,0.0,66.77777777777777,9,2022-07-01
2022-07-04,中部,NB-1,3.0,24219.0,2,3,2022-07-04,24.40666666666667,27.25333333333333,22.23333333333333,15.133333333333333,1.4200000000000002,0.0,86.66666666666667,15,2022-07-04
2022-07-04,四国,NB-1,1.0,8190.0,1,1,2022-07-04,25.225,27.4,24.125,50.25,0.0,0.0,94.0,4,2022-07-04
2022-07-04,近畿,NB-1,1.0,8190.0,1,1,2022-07-04,25.6875,27.525,24.3375,5.4375,0.0375,0.0,88.0,8,2022-07-04
2022-07-04,関東,NB-1,7.0,61529.0,1,2,2022-07-04,26.03333333333333,29.633333333333333,23.433333333333334,1.6666666666666667,1.2555555555555555,0.0,80.44444444444444,9,2022-07-04
2022-07-05,北海道,NB-1,1.0,8190.0,1,1,2022-07-05,19.5,22.85,17.125,2.3125,2.4125,0.0,91.5,8,2022-07-05
2022-07-05,関東,NB-1,1.0,8190.0,1,1,2022-07-05,25.811111111111117,30.82222222222222,23.366666666666667,4.611111111111111,3.066666666666667,0.0,81.77777777777777,9,2022-07-05
2022-07-06,関東,NB-1,2.0,15080.0,1,1,2022-07-06,25.666666666666668,30.200000000000003,23.14444444444445,2.0,2.488888888888889,0.0,82.22222222222223,9,2022-07-06
2022-07-07,東北,NB-1,1.0,8190.0,1,1,2022-07-07,24.3625,28.95,20.7125,0.125,7.875,0.0,77.625,8,2022-07-07
2022-07-08,中部,NB-1,1.0,7800.0,1,1,2022-07-08,25.9,30.966666666666665,22.1,10.566666666666666,7.34,0.0,77.86666666666666,15,2022-07-08
2022-07-08,関東,22SJ-3,1.0,23800.0,1,1,2022-07-08,25.37777777777778,30.04444444444444,22.58888888888889,0.0,5.433333333333334,0.0,70.22222222222223,9,2022-07-08
2022-07-08,関東,NB-1,4.0,33280.0,2,2,2022-07-08,25.37777777777778,30.04444444444444,22.58888888888889,0.0,5.433333333333334,0.0,70.22222222222223,9,2022-07-08
2022-07-11,九州沖縄,NB-1,1.0,8190.0,1,1,2022-07-11,28.75,32.15,26.125,0.0625,6.1625,0.0,77.875,8,2022-07-11
2022-07-11,北海道,22SJ-3,3.0,61200.0,3,3,2022-07-11,21.125,25.575,18.15,1.0625,5.4875,0.0,88.5,8,2022-07-11
2022-07-11,北海道,NB-1,2.0,14729.0,1,1,2022-07-11,21.125,25.575,18.15,1.0625,5.4875,0.0,88.5,8,2022-07-11
2022-07-11,東北,NB-1,3.0,24570.0,1,1,2022-07-11,25.775,30.75,21.9,0.0,6.9,0.0,79.375,8,2022-07-11
2022-07-11,近畿,NB-1,1.0,8190.0,1,1,2022-07-11,28.275,32.3125,24.95,0.1875,6.9,0.0,75.125,8,2022-07-11
2022-07-11,関東,NB-1,7.0,56979.0,2,5,2022-07-11,27.55555555555556,32.9,24.288888888888888,0.0,8.133333333333333,0.0,75.55555555555556,9,2022-07-11
2022-07-12,中部,NB-1,2.0,16900.0,1,1,2022-07-12,25.21333333333333,28.62,22.91333333333333,24.766666666666666,0.9933333333333332,0.0,87.33333333333333,15,2022-07-12
2022-07-12,九州沖縄,NB-1,2.0,16380.0,1,1,2022-07-12,28.8375,32.6625,26.325,1.625,5.425,0.0,76.375,8,2022-07-12
2022-07-12,北海道,NB-1,1.0,8190.0,1,1,2022-07-12,21.8625,26.05,18.8875,2.0,3.1,0.0,88.375,8,2022-07-12
2022-07-12,関東,NB-1,1.0,8190.0,1,1,2022-07-12,24.966666666666665,28.077777777777776,22.5,30.55555555555556,0.3,0.0,87.0,9,2022-07-12
2022-07-13,北海道,NB-1,1.0,8190.0,1,1,2022-07-13,20.4375,24.1375,18.0,1.8125,2.1625,0.0,89.25,8,2022-07-13
2022-07-13,近畿,NB-1,2.0,16380.0,2,2,2022-07-13,26.4,30.4875,22.8875,0.125,5.6375,0.0,75.375,8,2022-07-13
2022-07-13,関東,NB-1,1.0,8190.0,1,1,2022-07-13,23.866666666666667,26.855555555555554,22.211111111111112,25.27777777777778,0.3777777777777777,0.0,92.11111111111111,9,2022-07-13
2022-07-14,中部,NB-1,2.0,19500.0,1,1,2022-07-14,24.726666666666667,28.6,22.426666666666662,18.23333333333333,0.9666666666666668,0.0,84.46666666666667,15,2022-07-14
2022-07-14,近畿,NB-1,4.0,32760.0,1,1,2022-07-14,25.275,27.425,23.75,4.5625,0.0125,0.0,83.5,8,2022-07-14
2022-07-14,関東,NB-1,4.0,33280.0,2,2,2022-07-14,23.8,26.77777777777778,22.422222222222224,14.555555555555555,0.4111111111111111,0.0,90.88888888888889,9,2022-07-14
2022-07-15,中部,NB-1,4.0,31200.0,1,1,2022-07-15,24.12,27.293333333333333,22.01333333333333,21.8,0.92,0.0,88.33333333333333,15,2022-07-15
2022-07-15,九州沖縄,NB-1,2.0,16380.0,1,2,2022-07-15,27.025,30.225,24.4125,38.5,1.5875,0.0,88.25,8,2022-07-15
2022-07-19,中国,NB-1,1.0,7800.0,1,1,2022-07-19,25.82857142857143,28.9,24.314285714285717,73.35714285714286,1.3285714285714287,0.0,92.14285714285714,7,2022-07-19
2022-07-19,中部,NB-1,3.0,24219.0,1,3,2022-07-19,25.09333333333333,27.453333333333333,23.21333333333333,37.66666666666666,0.1266666666666666,0.0,90.2,15,2022-07-19
2022-07-19,九州沖縄,NB-1,3.0,24219.0,2,3,2022-07-19,28.275,31.625,26.075,35.0,3.575,0.0,84.875,8,2022-07-19
2022-07-19,近畿,NB-1,5.0,39910.0,1,2,2022-07-19,26.45,28.0,25.0,54.625,0.0625,0.0,90.625,8,2022-07-19
2022-07-19,関東,NB-1,5.0,40248.0,1,3,2022-07-19,26.27777777777778,28.744444444444444,24.700000000000003,1.6875,0.1,0.0,85.33333333333333,9,2022-07-19
2022-07-20,近畿,NB-1,2.0,15080.0,2,2,2022-07-20,27.6125,32.3875,24.1625,0.0,8.525,0.0,74.75,8,2022-07-20
2022-07-20,関東,NB-1,1.0,8190.0,1,1,2022-07-20,28.322222222222223,33.81111111111111,24.066666666666663,0.0,6.577777777777778,0.0,69.0,9,2022-07-20
2022-07-21,四国,NB-1,1.0,8190.0,1,1,2022-07-21,28.45,33.2,24.75,0.0,4.525,0.0,73.75,4,2022-07-21
2022-07-21,近畿,NB-1,1.0,8190.0,1,1,2022-07-21,26.875,30.875,23.775,2.875,2.675,0.0,75.75,8,2022-07-21
2022-07-22,九州沖縄,NB-1,1.0,8190.0,1,1,2022-07-22,28.05,31.9875,25.4375,0.0,9.9375,0.0,69.625,8,2022-07-22
2022-07-22,近畿,NB-1,2.0,17290.0,2,2,2022-07-22,27.2875,31.9,24.0875,10.25,7.2125,0.0,74.5,8,2022-07-22
2022-07-22,関東,NB-1,4.0,32630.0,2,3,2022-07-22,27.577777777777776,31.62222222222222,25.14444444444445,4.0,4.677777777777778,0.0,82.55555555555556,9,2022-07-22
2022-07-25,近畿,NB-1,1.0,7540.0,1,1,2022-07-25,29.1625,33.7625,25.4375,0.0,8.3625,0.0,68.125,8,2022-07-25
2022-07-25,関東,NB-1,1.0,9100.0,1,1,2022-07-25,28.72222222222222,33.75555555555556,24.433333333333334,0.0,9.166666666666666,0.0,74.77777777777777,9,2022-07-25
2022-07-26,中部,NB-1,6.0,47190.0,1,1,2022-07-26,26.966666666666665,30.946666666666665,23.96,19.466666666666665,6.073333333333333,0.0,81.86666666666666,15,2022-07-26
2022-07-26,四国,NB-1,2.0,16380.0,2,2,2022-07-26,30.025,34.7,25.975,0.0,10.7,0.0,72.5,4,2022-07-26
2022-07-26,関東,NB-1,7.0,62140.0,2,3,2022-07-26,27.355555555555554,30.1,25.5,17.72222222222222,1.0666666666666669,0.0,86.77777777777777,9,2022-07-26
2022-07-27,関東,NB-1,2.0,18200.0,1,1,2022-07-27,28.488888888888887,33.166666666666664,25.37777777777778,3.2222222222222223,7.477777777777778,0.0,79.77777777777777,9,2022-07-27
2022-07-28,中部,NB-1,3.0,24570.0,2,3,2022-07-28,27.62,32.67333333333333,23.96,6.066666666666666,9.073333333333332,0.0,80.0,15,2022-07-28
2022-07-28,関東,NB-1,3.0,23920.0,1,3,2022-07-28,27.58888888888889,32.888888888888886,24.366666666666667,14.72222222222222,6.388888888888889,0.0,82.77777777777777,9,2022-07-28
2022-07-29,九州沖縄,NB-1,1.0,8190.0,1,1,2022-07-29,30.2,34.1125,27.15,5.1875,8.2625,0.0,69.875,8,2022-07-29
2022-07-29,関東,NB-1,1.0,8190.0,1,1,2022-07-29,28.444444444444443,33.98888888888889,23.88888888888889,0.0,10.666666666666666,0.0,77.11111111111111,9,2022-07-29
2022-08-01,九州沖縄,NB-1,2.0,16029.0,1,2,2022-08-01,30.1375,33.825,27.4,3.375,8.2125,0.0,73.5,8,2022-08-01
2022-08-01,四国,NB-1,1.0,7839.0,1,1,2022-08-01,30.05,34.425000000000004,26.2,0.125,10.85,0.0,73.25,4,2022-08-01
2022-08-01,近畿,NB-1,3.0,25129.0,2,2,2022-08-01,30.8375,35.3875,26.9,0.0,12.1625,0.0,65.375,8,2022-08-01
2022-08-01,関東,NB-1,5.0,41158.0,2,3,2022-08-01,30.1,35.77777777777778,25.822222222222223,8.0625,11.122222222222222,0.0,72.22222222222223,9,2022-08-01
2022-08-02,中国,NB-1,1.0,8190.0,1,1,2022-08-02,30.414285714285715,35.42857142857143,26.457142857142856,0.0,10.742857142857144,0.0,67.28571428571429,7,2022-08-02
2022-08-02,中部,NB-1,9.0,71370.0,2,2,2022-08-02,29.57333333333333,35.24666666666667,25.24,0.0,10.913333333333332,0.0,70.86666666666666,15,2022-08-02
2022-08-02,四国,NB-1,2.0,16380.0,2,2,2022-08-02,29.8,34.35,25.75,0.125,11.0,0.0,72.75,4,2022-08-02
2022-08-02,近畿,NB-1,4.0,33020.0,1,2,2022-08-02,30.3375,35.125,26.5125,0.0,11.9625,0.0,67.25,8,2022-08-02
2022-08-02,関東,NB-1,8.0,62270.0,2,3,2022-08-02,30.78888888888889,36.3,26.166666666666668,3.9375,10.177777777777775,0.0,71.0,9,2022-08-02
2022-08-03,近畿,NB-1,1.0,6890.0,1,1,2022-08-03,30.1125,35.6875,26.2625,2.125,10.1125,0.0,71.0,8,2022-08-03
2022-08-03,関東,NB-1,1.0,8190.0,1,1,2022-08-03,30.55555555555556,35.86666666666667,26.4,0.1111111111111111,8.622222222222222,0.0,70.55555555555556,9,2022-08-03
2022-08-04,四国,NB-1,1.0,8190.0,1,1,2022-08-04,30.5,34.725,27.55,0.375,6.9,0.0,72.5,4,2022-08-04
2022-08-04,関東,NB-1,2.0,15730.0,1,2,2022-08-04,24.366666666666667,28.211111111111112,22.200000000000003,22.11111111111111,0.0888888888888888,0.0,87.55555555555556,9,2022-08-04
2022-08-05,中国,NB-1,1.0,8190.0,1,1,2022-08-05,28.3,32.68571428571428,24.957142857142856,13.785714285714286,5.685714285714285,0.0,80.0,7,2022-08-05
2022-08-05,近畿,NB-1,1.0,7540.0,1,1,2022-08-05,27.8875,32.375,25.1125,6.6875,5.4,0.0,81.0,8,2022-08-05
2022-08-08,中国,NB-1,1.0,8190.0,1,1,2022-08-08,30.242857142857144,34.971428571428575,26.24285714285714,0.2142857142857142,9.428571428571429,0.0,70.71428571428571,7,2022-08-08
2022-08-08,中部,NB-1,1.0,7839.0,1,1,2022-08-08,28.66,33.78,24.966666666666665,4.366666666666666,7.933333333333334,0.0,75.86666666666666,15,2022-08-08
2022-08-08,九州沖縄,NB-1,1.0,7839.0,1,1,2022-08-08,30.1125,34.55,26.5625,0.25,10.1125,0.0,74.625,8,2022-08-08
2022-08-08,北海道,NB-1,1.0,7839.0,1,1,2022-08-08,23.3,26.65,20.725,25.9375,0.8,0.0,91.5,8,2022-08-08
2022-08-08,関東,NB-1,8.0,64948.0,2,3,2022-08-08,29.166666666666668,34.01111111111111,25.466666666666665,2.1666666666666665,9.077777777777778,0.0,77.22222222222223,9,2022-08-08
2022-08-09,中部,NB-1,1.0,8190.0,1,1,2022-08-09,29.22,34.513333333333335,25.5,0.5666666666666667,8.0,0.0,73.26666666666667,15,2022-08-09
2022-08-09,九州沖縄,NB-1,1.0,8190.0,1,1,2022-08-09,30.125,34.4125,26.8875,0.5,8.924999999999999,0.0,73.875,8,2022-08-09
2022-08-09,東北,NB-1,1.0,8190.0,1,1,2022-08-09,28.05,32.85,24.1375,21.125,3.2125,0.0,78.5,8,2022-08-09
2022-08-09,近畿,NB-1,1.0,8190.0,1,1,2022-08-09,30.5625,35.125,27.075,0.0,9.8,0.0,69.625,8,2022-08-09
2022-08-09,関東,NB-1,6.0,50050.0,2,4,2022-08-09,30.21111111111111,35.22222222222222,26.433333333333334,0.0,11.422222222222222,0.0,71.88888888888889,9,2022-08-09
2022-08-10,東北,NB-1,1.0,8190.0,1,1,2022-08-10,27.2875,31.55,24.025,9.25,2.6500000000000004,0.0,79.375,8,2022-08-10
2022-08-10,関東,NB-1,3.0,25740.0,1,2,2022-08-10,30.1,35.32222222222222,26.322222222222223,0.0,11.677777777777775,0.0,72.0,9,2022-08-10
2022-08-12,中国,NB-1,1.0,8190.0,1,1,2022-08-12,29.75714285714286,34.01428571428571,27.32857142857143,0.6428571428571429,3.5285714285714285,0.0,74.85714285714286,7,2022-08-12
2022-08-12,九州沖縄,NB-1,1.0,8190.0,1,1,2022-08-12,29.05,32.0625,26.6875,2.8125,1.7875,0.0,80.5,8,2022-08-12
2022-08-12,東北,NB-1,1.0,8190.0,1,1,2022-08-12,27.225,31.325,24.575,12.5625,2.0,0.0,83.125,8,2022-08-12
2022-08-16,中国,NB-1,1.0,7839.0,1,1,2022-08-16,28.8,32.871428571428574,25.24285714285714,13.5,1.3142857142857145,0.0,77.57142857142857,7,2022-08-16
2022-08-16,中部,NB-1,3.0,24219.0,1,3,2022-08-16,27.706666666666667,33.553333333333335,23.646666666666665,15.033333333333331,3.273333333333333,0.0,78.33333333333333,15,2022-08-16
2022-08-16,九州沖縄,NB-1,3.0,23868.0,1,1,2022-08-16,29.5625,33.4375,26.65,19.0625,4.5,0.0,79.75,8,2022-08-16
2022-08-16,北海道,NB-1,1.0,7839.0,1,1,2022-08-16,21.1,23.8,18.8625,51.75,0.2,0.0,94.25,8,2022-08-16
2022-08-16,東北,NB-1,1.0,8190.0,1,1,2022-08-16,26.275,31.125,23.125,14.0,1.1124999999999998,0.0,81.625,8,2022-08-16
2022-08-16,近畿,NB-1,2.0,15379.0,1,1,2022-08-16,29.8875,35.35,25.4875,16.75,4.9,0.0,75.125,8,2022-08-16
2022-08-16,関東,NB-1,3.0,23517.0,1,3,2022-08-16,29.466666666666665,35.111111111111114,25.61111111111111,0.0555555555555555,7.522222222222222,0.0,73.88888888888889,9,2022-08-16
2022-08-17,中部,NB-1,3.0,24570.0,2,3,2022-08-17,24.91333333333333,27.8,22.686666666666667,15.333333333333334,1.0466666666666666,0.0,87.86666666666666,15,2022-08-17
2022-08-17,近畿,NB-1,2.0,16380.0,1,1,2022-08-17,26.675,29.1875,24.55,33.5625,0.25,0.0,88.75,8,2022-08-17
2022-08-18,中国,NB-1,2.0,16380.0,1,2,2022-08-18,26.214285714285715,31.02857142857143,22.842857142857145,25.5,6.957142857142857,0.0,80.42857142857143,7,2022-08-18
2022-08-18,中部,NB-1,3.0,24570.0,2,2,2022-08-18,25.453333333333333,30.30666666666667,21.96,21.1,4.9,0.0,81.2,15,2022-08-18
2022-08-18,九州沖縄,NB-1,3.0,23790.0,1,1,2022-08-18,28.15,31.8625,25.6125,17.6875,5.95,0.0,82.5,8,2022-08-18
2022-08-18,北海道,22SJ-3,1.0,20400.0,1,1,2022-08-18,20.125,23.3875,17.4,15.25,1.3375,0.0,85.75,8,2022-08-18
2022-08-18,関東,NB-1,3.0,23920.0,1,3,2022-08-18,25.422222222222224,30.011111111111116,22.522222222222226,7.611111111111111,3.6666666666666665,0.0,83.0,9,2022-08-18
2022-08-19,近畿,NB-1,1.0,8190.0,1,1,2022-08-19,27.4125,32.3875,23.0375,0.0,9.5,0.0,69.5,8,2022-08-19
2022-08-22,中国,NB-1,5.0,40209.0,2,3,2022-08-22,28.842857142857145,33.77142857142857,25.071428571428573,0.4285714285714285,7.142857142857143,0.0,78.0,7,2022-08-22
2022-08-22,中部,NB-1,7.0,57018.0,1,3,2022-08-22,27.366666666666667,32.08,23.326666666666664,14.966666666666669,7.0,0.0,78.6,15,2022-08-22
2022-08-22,九州沖縄,NB-1,1.0,7839.0,1,1,2022-08-22,29.5,33.1875,26.675,0.0,8.1625,0.0,78.625,8,2022-08-22
2022-08-22,北海道,NB-1,1.0,7839.0,1,1,2022-08-22,21.675,27.1125,16.3875,0.0,9.25,0.0,74.75,8,2022-08-22
2022-08-22,四国,NB-1,2.0,15678.0,1,2,2022-08-22,29.5,33.25,26.85,0.625,5.125,0.0,81.0,4,2022-08-22
2022-08-22,近畿,NB-1,3.0,24869.0,1,2,2022-08-22,28.9,33.7125,25.6125,0.75,5.55,0.0,78.125,8,2022-08-22
2022-08-22,関東,NB-1,7.0,58448.0,2,5,2022-08-22,25.822222222222223,29.377777777777776,23.177777777777777,0.0555555555555555,2.933333333333333,0.0,81.88888888888889,9,2022-08-22
2022-08-23,中部,NB-1,3.0,23400.0,1,1,2022-08-23,27.83333333333333,32.12,25.08,1.9666666666666663,3.353333333333333,0.0,79.53333333333333,15,2022-08-23
2022-08-23,北海道,22SJ-3,1.0,20400.0,1,1,2022-08-23,22.5625,26.525,19.0875,4.0,1.4625,0.0,81.75,8,2022-08-23
2022-08-23,関東,NB-1,1.0,7540.0,1,1,2022-08-23,27.9,32.22222222222222,24.166666666666668,0.0,4.266666666666667,0.0,82.88888888888889,9,2022-08-23
2022-08-25,関東,NB-1,2.0,18200.0,1,1,2022-08-25,25.244444444444444,28.54444444444444,22.83333333333333,0.0,1.0,0.0,75.77777777777777,9,2022-08-25
2022-08-26,中国,NB-1,1.0,8190.0,1,1,2022-08-26,26.4,31.27142857142857,22.085714285714285,0.2857142857142857,6.871428571428572,0.0,72.71428571428571,7,2022-08-26
2022-08-26,近畿,NB-1,1.0,8190.0,1,1,2022-08-26,27.8625,31.9,25.25,0.4375,6.3,0.0,70.375,8,2022-08-26
2022-08-26,関東,NB-1,5.0,40300.0,1,3,2022-08-26,26.4,30.56666666666667,23.58888888888889,4.333333333333333,1.8888888888888888,0.0,84.33333333333333,9,2022-08-26
2022-08-29,中部,NB-1,1.0,8190.0,1,1,2022-08-29,23.49333333333333,28.76,18.686666666666667,1.3333333333333333,7.026666666666667,0.0,75.53333333333333,15,2022-08-29
2022-08-29,九州沖縄,NB-1,1.0,7839.0,1,1,2022-08-29,27.95,32.5625,23.5125,0.25,8.625,0.0,70.0,8,2022-08-29
2022-08-29,四国,NB-1,1.0,7839.0,1,1,2022-08-29,26.85,31.675,22.325,0.0,8.725,0.0,68.75,4,2022-08-29
2022-08-29,近畿,NB-1,3.0,24219.0,1,2,2022-08-29,26.1,32.2375,19.9,0.0,9.5125,0.0,66.5,8,2022-08-29
2022-08-29,関東,NB-1,3.0,26039.0,1,2,2022-08-29,22.51111111111111,26.666666666666668,19.444444444444443,1.3888888888888888,3.8,0.0,74.33333333333333,9,2022-08-29
2022-08-30,中国,NB-1,3.0,24570.0,1,1,2022-08-30,27.442857142857143,32.92857142857143,22.785714285714285,0.0,10.05714285714286,0.0,71.85714285714286,7,2022-08-30
2022-08-30,九州沖縄,22SJ-3,3.0,61200.0,3,3,2022-08-30,29.2625,33.7875,25.65,0.0,9.8875,0.0,72.125,8,2022-08-30
2022-08-30,近畿,NB-1,1.0,8190.0,1,1,2022-08-30,26.5,31.0875,23.725,9.125,2.525,0.0,82.75,8,2022-08-30
2022-08-31,中部,NB-1,1.0,8190.0,1,1,2022-08-31,27.14,32.373333333333335,23.686666666666667,9.466666666666669,5.666666666666667,0.0,81.0,15,2022-08-31
2022-08-31,九州沖縄,NB-1,1.0,8190.0,1,1,2022-08-31,29.4125,33.5375,26.375,4.8125,7.2375,0.0,76.625,8,2022-08-31
2022-09-01,関東,NB-1,2.0,18200.0,1,1,2022-09-01,26.688888888888886,31.33333333333333,23.444444444444443,9.22222222222222,3.433333333333333,0.0,86.22222222222223,9,2022-09-01
2022-09-02,中国,NB-1,1.0,8190.0,1,1,2022-09-02,24.1,27.714285714285715,21.142857142857142,8.642857142857142,0.5428571428571429,0.0,84.57142857142857,7,2022-09-02
2022-09-02,九州沖縄,NB-1,2.0,16380.0,2,2,2022-09-02,26.3875,29.275,24.05,17.75,1.25,0.0,83.75,8,2022-09-02
2022-09-02,関東,NB-1,2.0,15730.0,1,2,2022-09-02,23.33333333333333,25.477777777777774,21.788888888888888,18.05555555555556,0.0222222222222222,0.0,93.0,9,2022-09-02
2022-09-05,中部,NB-1,1.0,8190.0,1,1,2022-09-05,27.05333333333333,32.22,23.313333333333333,2.3,8.44,0.0,74.0,15,2022-09-05
2022-09-05,東北,NB-1,1.0,8190.0,1,1,2022-09-05,23.625,27.4875,20.8625,0.4375,4.574999999999999,0.0,84.25,8,2022-09-05
2022-09-05,近畿,22SJ-3,1.0,23800.0,1,1,2022-09-05,28.7,33.725,24.4375,0.5625,8.6625,0.0,68.875,8,2022-09-05
2022-09-05,近畿,NB-1,2.0,15678.0,1,1,2022-09-05,28.7,33.725,24.4375,0.5625,8.6625,0.0,68.875,8,2022-09-05
2022-09-05,関東,NB-1,6.0,47008.0,1,2,2022-09-05,25.4,29.477777777777774,23.022222222222226,0.0555555555555555,4.0888888888888895,0.0,84.0,9,2022-09-05
2022-09-06,中国,NB-1,1.0,8190.0,1,1,2022-09-06,27.414285714285715,32.02857142857143,22.842857142857145,7.785714285714286,0.6,0.0,74.28571428571429,7,2022-09-06
2022-09-06,近畿,NB-1,1.0,8840.0,1,1,2022-09-06,28.625,33.5375,23.75,5.75,4.875,0.0,71.5,8,2022-09-06
2022-09-06,関東,NB-1,5.0,43680.0,1,2,2022-09-06,27.14444444444445,32.355555555555554,23.311111111111117,0.1111111111111111,7.155555555555556,0.0,80.44444444444444,9,2022-09-06
2022-09-07,九州沖縄,22SJ-3,1.0,20400.0,1,1,2022-09-07,25.6125,30.15,21.9625,0.0,10.2125,0.0,69.5,8,2022-09-07
2022-09-07,近畿,NB-1,1.0,7540.0,1,1,2022-09-07,25.725,30.075,22.3625,1.25,4.3875,0.0,73.5,8,2022-09-07
2022-09-07,関東,NB-1,1.0,8450.0,1,1,2022-09-07,26.044444444444444,28.83333333333333,24.14444444444445,13.0,0.3,0.0,89.44444444444444,9,2022-09-07
2022-09-08,中部,NB-1,3.0,23790.0,1,1,2022-09-08,23.613333333333333,26.22,21.64,14.7,0.56,0.0,87.06666666666666,15,2022-09-08
2022-09-08,関東,22SJ-3,1.0,23800.0,1,1,2022-09-08,23.311111111111117,25.655555555555555,21.577777777777776,11.5,0.2777777777777778,0.0,91.0,9,2022-09-08
2022-09-08,関東,NB-1,2.0,18200.0,1,1,2022-09-08,23.311111111111117,25.655555555555555,21.577777777777776,11.5,0.2777777777777778,0.0,91.0,9,2022-09-08
2022-09-09,中国,NB-1,1.0,8190.0,1,1,2022-09-09,25.5,29.514285714285712,22.3,0.2142857142857142,5.042857142857143,0.0,75.42857142857143,7,2022-09-09
2022-09-09,北海道,22SJ-3,1.0,17000.0,1,1,2022-09-09,20.2375,26.1375,15.175,0.0,10.1,0.0,74.375,8,2022-09-09
2022-09-09,関東,NB-1,2.0,16380.0,1,2,2022-09-09,24.266666666666666,28.55555555555556,21.58888888888889,1.5555555555555556,2.888888888888889,0.0,85.66666666666667,9,2022-09-09
2022-09-12,中部,NB-1,4.0,31707.0,2,3,2022-09-12,26.2,31.37333333333333,22.24,0.1333333333333333,9.826666666666666,0.0,74.06666666666666,15,2022-09-12
2022-09-12,九州沖縄,NB-1,1.0,7839.0,1,1,2022-09-12,28.8,33.3375,25.3375,5.25,8.0125,0.0,73.625,8,2022-09-12
2022-09-12,四国,NB-1,1.0,7839.0,1,1,2022-09-12,28.475,33.5,24.625,0.0,9.725,0.0,74.5,4,2022-09-12
2022-09-12,東北,22SJ-3,2.0,40800.0,2,2,2022-09-12,23.0625,29.0375,17.4125,0.0,9.5,0.0,77.625,8,2022-09-12
2022-09-12,近畿,NB-1,4.0,33319.0,1,2,2022-09-12,28.4375,33.375,24.0875,0.0,10.65,0.0,68.75,8,2022-09-12
2022-09-12,関東,NB-1,5.0,42419.0,2,3,2022-09-12,25.066666666666663,29.866666666666667,21.577777777777776,1.8333333333333333,7.722222222222222,0.0,76.77777777777777,9,2022-09-12
2022-09-13,中部,NB-1,5.0,39000.0,2,2,2022-09-13,26.22,31.453333333333333,22.226666666666667,0.1,8.639999999999999,0.0,78.73333333333333,15,2022-09-13
2022-09-13,関東,NB-1,4.0,32110.0,1,3,2022-09-13,25.53333333333333,30.466666666666665,21.3,6.555555555555555,6.155555555555555,0.0,82.0,9,2022-09-13
2022-09-15,関東,NB-1,3.0,25740.0,1,2,2022-09-15,22.72222222222222,25.155555555555555,20.977777777777774,0.0,0.2555555555555555,0.0,74.0,9,2022-09-15
2022-09-16,中国,NB-1,1.0,7800.0,1,1,2022-09-16,27.65714285714285,32.42857142857143,24.15714285714285,0.0,7.285714285714286,0.0,71.28571428571429,7,2022-09-16
2022-09-16,近畿,NB-1,1.0,8190.0,1,1,2022-09-16,27.2875,32.1,23.7625,0.0,9.65,0.0,61.25,8,2022-09-16
2022-09-16,関東,NB-1,2.0,18200.0,1,1,2022-09-16,24.433333333333334,29.811111111111117,19.61111111111111,0.0,8.31111111111111,0.0,69.77777777777777,9,2022-09-16
2022-09-20,中国,NB-1,1.0,8190.0,1,1,2022-09-20,20.428571428571427,24.542857142857144,16.357142857142858,1.0,5.142857142857143,0.0,61.71428571428572,7,2022-09-20
2022-09-20,中部,NB-1,3.0,23868.0,1,2,2022-09-20,20.85333333333333,26.646666666666665,17.086666666666666,33.4,1.54,0.0,78.13333333333334,15,2022-09-20
2022-09-20,近畿,NB-1,1.0,6890.0,1,1,2022-09-20,21.6375,25.1375,18.8375,16.8125,2.7875,0.0,67.125,8,2022-09-20
2022-09-20,関東,NB-1,6.0,47489.0,1,4,2022-09-20,22.766666666666666,28.444444444444443,17.288888888888888,23.0,0.2666666666666666,0.0,87.25,9,2022-09-20
2022-09-21,中部,NB-1,5.0,39390.0,1,2,2022-09-21,19.06,23.346666666666668,16.226666666666667,0.5,3.88,0.0,71.8,15,2022-09-21
2022-09-21,九州沖縄,NB-1,1.0,8190.0,1,1,2022-09-21,22.3625,26.5625,19.2125,0.0,8.225,0.0,61.125,8,2022-09-21
2022-09-21,関東,NB-1,5.0,38350.0,1,2,2022-09-21,19.077777777777776,23.11111111111111,16.355555555555558,0.3333333333333333,1.9444444444444444,0.0,76.75,9,2022-09-21
2022-09-22,関東,NB-1,1.0,9100.0,1,1,2022-09-22,19.700000000000003,23.51111111111111,16.855555555555554,1.8888888888888888,1.9666666666666663,0.0,73.44444444444444,9,2022-09-22
2022-09-26,四国,NB-1,1.0,8190.0,1,1,2022-09-26,24.925,29.725,20.15,0.0,7.8,0.0,73.75,4,2022-09-26
2022-09-26,近畿,NB-1,1.0,8450.0,1,1,2022-09-26,24.325,30.55,18.925,0.0,11.1875,0.0,69.625,8,2022-09-26
2022-09-26,関東,NB-1,2.0,16380.0,1,2,2022-09-26,23.03333333333333,28.577777777777776,18.62222222222222,0.0,11.044444444444444,0.0,75.55555555555556,9,2022-09-26
2022-09-27,中国,22SJ-3,1.0,22100.0,1,1,2022-09-27,21.085714285714285,23.1,19.185714285714287,27.857142857142858,0.1571428571428571,0.0,90.42857142857144,7,2022-09-27
2022-09-27,東北,NB-1,1.0,8190.0,1,1,2022-09-27,19.3875,24.2375,16.125,0.1875,3.2125,0.0,80.875,8,2022-09-27
2022-09-27,近畿,NB-1,1.0,8840.0,1,1,2022-09-27,22.8375,27.9375,20.1375,15.9375,2.0375,0.0,78.75,8,2022-09-27
2022-09-27,関東,NB-1,2.0,17290.0,1,2,2022-09-27,22.866666666666667,27.62222222222222,19.855555555555554,0.0,6.655555555555556,0.0,76.77777777777777,9,2022-09-27
2022-09-28,九州沖縄,NB-1,2.0,15600.0,1,1,2022-09-28,24.2375,28.1625,21.15,0.25,5.3,0.0,77.375,8,2022-09-28
2022-09-28,東北,NB-1,1.0,8190.0,1,1,2022-09-28,19.1,24.0625,15.675,0.375,4.175,0.0,76.375,8,2022-09-28
2022-09-28,関東,NB-1,2.0,15730.0,1,2,2022-09-28,22.41111111111111,26.677777777777777,19.08888888888889,0.0,8.3,0.0,65.55555555555556,9,2022-09-28
2022-09-29,関東,NB-1,2.0,16380.0,1,1,2022-09-29,22.133333333333333,26.5,18.8,0.2222222222222222,4.566666666666666,0.0,68.77777777777777,9,2022-09-29
2022-09-30,九州沖縄,NB-1,1.0,8190.0,1,1,2022-09-30,24.2375,29.1875,20.1375,0.0,10.425,0.0,77.0,8,2022-09-30
2022-09-30,関東,NB-1,1.0,8190.0,1,1,2022-09-30,22.444444444444443,27.822222222222223,17.977777777777778,0.1111111111111111,10.266666666666667,0.0,70.77777777777777,9,2022-09-30
2022-10-03,中部,NB-1,5.0,40248.0,2,4,2022-10-03,22.146666666666665,26.706666666666667,18.18,0.0,2.24,0.0,68.73333333333333,15,2022-10-03
2022-10-03,九州沖縄,NB-1,2.0,15678.0,1,2,2022-10-03,26.1125,30.875,21.7625,0.0,10.2,0.0,70.75,8,2022-10-03
2022-10-03,四国,NB-1,1.0,8190.0,1,1,2022-10-03,24.35,29.175,19.725,1.0,6.85,0.0,71.75,4,2022-10-03
2022-10-03,近畿,NB-1,1.0,7839.0,1,1,2022-10-03,24.0625,29.175,19.6125,0.0,3.975,0.0,68.75,8,2022-10-03
2022-10-03,関東,NB-1,2.0,15678.0,1,2,2022-10-03,22.11111111111111,26.655555555555555,18.53333333333333,0.0,3.2,0.0,76.0,9,2022-10-03
2022-10-04,中部,NB-1,5.0,40950.0,1,3,2022-10-04,23.55333333333333,28.766666666666666,18.49333333333333,6.233333333333333,4.973333333333333,0.0,69.93333333333334,15,2022-10-04
2022-10-04,近畿,NB-1,2.0,15730.0,2,2,2022-10-04,25.8625,29.8375,22.2,0.375,5.725,0.0,70.5,8,2022-10-04
2022-10-04,関東,NB-1,5.0,45500.0,1,1,2022-10-04,23.866666666666667,29.05555555555556,19.266666666666666,0.0,7.655555555555556,0.0,74.0,9,2022-10-04
2022-10-05,中部,NB-1,4.0,31200.0,1,1,2022-10-05,18.60666666666667,22.48,14.593333333333334,5.066666666666666,0.5666666666666667,0.0,80.26666666666667,15,2022-10-05
2022-10-05,近畿,NB-1,1.0,8190.0,1,1,2022-10-05,20.475,24.675,17.05,4.0,0.925,0.0,69.125,8,2022-10-05
2022-10-07,近畿,NB-1,2.0,16380.0,1,1,2022-10-07,16.4,18.0375,14.7875,35.9375,0.0,0.0,92.125,8,2022-10-07
2022-10-07,関東,NB-1,3.0,28600.0,2,3,2022-10-07,12.922222222222224,14.244444444444444,11.711111111111112,46.388888888888886,0.0,0.0,92.33333333333331,9,2022-10-07
2022-10-11,中部,NB-1,2.0,15678.0,1,1,2022-10-11,17.146666666666665,21.973333333333336,13.066666666666666,0.4333333333333333,7.193333333333333,0.0,66.26666666666667,15,2022-10-11
2022-10-11,九州沖縄,NB-1,2.0,15678.0,1,2,2022-10-11,18.45,21.975,15.15,0.0,4.075,0.0,62.0,8,2022-10-11
2022-10-11,近畿,NB-1,1.0,8190.0,1,1,2022-10-11,17.175,21.9375,13.0,0.0,6.2875,0.0,61.25,8,2022-10-11
2022-10-11,関東,NB-1,4.0,31707.0,1,3,2022-10-11,20.62222222222222,25.5,16.811111111111114,0.0,6.866666666666666,0.0,66.55555555555556,9,2022-10-11
2022-10-12,九州沖縄,NB-1,1.0,8190.0,1,1,2022-10-12,19.6,24.05,15.8125,0.0,6.025,0.0,64.25,8,2022-10-12
2022-10-12,東北,NB-1,1.0,8190.0,1,1,2022-10-12,15.2375,19.3875,11.15,0.0,1.8125,0.0,70.75,8,2022-10-12
2022-10-12,近畿,NB-1,1.0,8840.0,1,1,2022-10-12,17.6375,20.15,14.825,0.0,0.0625,0.0,71.0,8,2022-10-12
2022-10-12,関東,NB-1,7.0,57980.0,2,5,2022-10-12,17.98888888888889,20.5,16.066666666666666,0.0,0.2333333333333333,0.0,70.88888888888889,9,2022-10-12
2022-10-13,中国,NB-1,1.0,8190.0,1,1,2022-10-13,18.228571428571428,24.985714285714288,12.071428571428571,0.0,10.214285714285714,0.0,73.0,7,2022-10-13
2022-10-13,中部,22SJ-3,2.0,40800.0,2,2,2022-10-13,16.713333333333335,20.540000000000003,13.626666666666669,0.0333333333333333,2.5533333333333337,0.0,80.53333333333333,15,2022-10-13
2022-10-13,九州沖縄,NB-1,1.0,8190.0,1,1,2022-10-13,21.5,26.9875,16.425,0.0,6.9,0.0,70.875,8,2022-10-13
2022-10-13,東北,NB-1,1.0,8190.0,1,1,2022-10-13,13.0875,17.475,9.275,0.25,2.6500000000000004,0.0,83.25,8,2022-10-13
2022-10-13,近畿,22SJ-3,1.0,25500.0,1,1,2022-10-13,19.6125,24.575,15.15,0.0,6.8875,0.0,71.0,8,2022-10-13
2022-10-13,近畿,NB-1,1.0,8840.0,1,1,2022-10-13,19.6125,24.575,15.15,0.0,6.8875,0.0,71.0,8,2022-10-13
2022-10-13,関東,22SJ-3,3.0,61200.0,2,3,2022-10-13,16.366666666666667,18.45555555555556,15.011111111111113,10.333333333333334,0.0,0.0,87.33333333333333,9,2022-10-13
2022-10-13,関東,NB-1,3.0,25740.0,2,2,2022-10-13,16.366666666666667,18.45555555555556,15.011111111111113,10.333333333333334,0.0,0.0,87.33333333333333,9,2022-10-13
2022-10-14,九州沖縄,22SJ-3,2.0,40800.0,2,2,2022-10-14,22.65,27.775,18.225,0.125,8.5875,0.0,72.625,8,2022-10-14
2022-10-14,関東,NB-1,4.0,35880.0,1,3,2022-10-14,18.25555555555556,21.788888888888888,15.11111111111111,9.61111111111111,1.1222222222222222,0.0,87.44444444444444,9,2022-10-14
2022-10-17,中国,NB-1,1.0,8190.0,1,1,2022-10-17,20.057142857142857,23.428571428571427,17.114285714285714,1.1428571428571428,1.1142857142857143,0.0,80.57142857142857,7,2022-10-17
2022-10-17,中部,22SJ-3,1.0,20400.0,1,1,2022-10-17,18.933333333333334,21.313333333333333,16.113333333333333,7.766666666666667,0.1,0.0,88.6,15,2022-10-17
2022-10-17,中部,NB-1,2.0,16640.0,1,2,2022-10-17,18.933333333333334,21.313333333333333,16.113333333333333,7.766666666666667,0.1,0.0,88.6,15,2022-10-17
2022-10-17,九州沖縄,NB-1,2.0,15678.0,1,2,2022-10-17,21.1875,23.2625,18.8875,21.625,0.0,0.0,86.625,8,2022-10-17
2022-10-17,近畿,NB-1,3.0,24570.0,2,2,2022-10-17,19.6875,21.475,17.9125,8.25,0.0,0.0,92.25,8,2022-10-17
2022-10-17,関東,NB-1,6.0,46488.0,1,3,2022-10-17,19.8,21.88888888888889,17.61111111111111,4.166666666666667,0.0444444444444444,0.0,91.11111111111111,9,2022-10-17
2022-10-18,中部,22SJ-3,4.0,81600.0,4,4,2022-10-18,15.566666666666666,19.686666666666667,12.206666666666669,1.4333333333333331,2.9866666666666664,0.0,75.13333333333334,15,2022-10-18
2022-10-18,中部,NB-1,1.0,8190.0,1,1,2022-10-18,15.566666666666666,19.686666666666667,12.206666666666669,1.4333333333333331,2.9866666666666664,0.0,75.13333333333334,15,2022-10-18
2022-10-18,東北,NB-1,1.0,8190.0,1,1,2022-10-18,12.675,17.225,8.5625,1.1875,5.025,0.0,66.375,8,2022-10-18
2022-10-18,近畿,NB-1,2.0,16380.0,1,2,2022-10-18,17.0625,20.8875,13.1375,3.375,5.1375,0.0,73.125,8,2022-10-18
2022-10-18,関東,NB-1,2.0,16380.0,1,1,2022-10-18,16.1,18.9,13.088888888888889,6.777777777777778,0.4444444444444444,0.0,80.44444444444444,9,2022-10-18
2022-10-19,九州沖縄,NB-1,1.0,8190.0,1,1,2022-10-19,17.7,22.5875,13.2875,0.0,8.575,0.0,63.5,8,2022-10-19
2022-10-19,近畿,NB-1,1.0,9100.0,1,1,2022-10-19,15.6,21.35,10.95,0.0,9.8125,0.0,60.375,8,2022-10-19
2022-10-20,関東,NB-1,2.0,16380.0,1,2,2022-10-20,14.27777777777778,20.47777777777777,8.588888888888889,0.0,10.555555555555555,0.0,60.888888888888886,9,2022-10-20
2022-10-21,中部,22SJ-3,7.0,142800.0,7,7,2022-10-21,14.833333333333334,22.246666666666663,8.186666666666666,0.0,9.42,0.0,70.0,15,2022-10-21
2022-10-21,中部,NB-1,2.0,16380.0,2,2,2022-10-21,14.833333333333334,22.246666666666663,8.186666666666666,0.0,9.42,0.0,70.0,15,2022-10-21
2022-10-21,九州沖縄,NB-1,2.0,16380.0,2,2,2022-10-21,20.575,26.5,14.8625,1.375,8.275,0.0,70.875,8,2022-10-21
2022-10-21,関東,NB-1,1.0,8190.0,1,1,2022-10-21,15.8,21.977777777777774,9.588888888888889,0.0,9.922222222222222,0.0,69.11111111111111,9,2022-10-21
2022-10-24,中国,NB-1,1.0,8190.0,1,1,2022-10-24,13.885714285714286,19.27142857142857,10.014285714285714,7.857142857142857,4.6571428571428575,0.0,72.0,7,2022-10-24
2022-10-24,中部,NB-1,2.0,16029.0,1,2,2022-10-24,13.666666666666666,18.34,9.966666666666669,1.5333333333333334,5.346666666666667,0.0,69.4,15,2022-10-24
2022-10-24,九州沖縄,NB-1,2.0,16380.0,1,1,2022-10-24,18.1,21.9625,14.15,2.25,7.4875,0.0,60.625,8,2022-10-24
2022-10-24,近畿,NB-1,2.0,15379.0,1,1,2022-10-24,15.45,20.3375,11.975,1.8125,6.0125,0.0,64.625,8,2022-10-24
2022-10-24,関東,NB-1,3.0,25129.0,2,3,2022-10-24,13.166666666666666,16.211111111111112,11.233333333333333,4.277777777777778,0.3222222222222222,0.0,77.33333333333333,9,2022-10-24
2022-10-25,中部,NB-1,2.0,15600.0,2,2,2022-10-25,11.313333333333334,16.08,7.22,0.2,4.1,0.0,68.93333333333334,15,2022-10-25
2022-10-25,関東,NB-1,1.0,8190.0,1,1,2022-10-25,12.211111111111112,14.47777777777778,10.088888888888889,3.888888888888889,0.1444444444444444,0.0,66.22222222222223,9,2022-10-25
2022-10-26,関東,NB-1,2.0,18200.0,1,1,2022-10-26,13.244444444444444,18.666666666666668,8.88888888888889,0.8333333333333334,9.3,0.0,60.11111111111112,9,2022-10-26
2022-10-27,中国,NB-1,1.0,8190.0,1,1,2022-10-27,14.328571428571427,20.7,9.685714285714283,0.0,4.071428571428571,0.0,75.57142857142857,7,2022-10-27
2022-10-27,中部,NB-1,3.0,23790.0,1,1,2022-10-27,11.506666666666666,17.846666666666668,5.92,0.0,5.760000000000001,0.0,71.46666666666667,15,2022-10-27
2022-10-27,四国,NB-1,2.0,16380.0,1,1,2022-10-27,15.175,20.15,10.9,0.0,1.3,0.0,71.0,4,2022-10-27
2022-10-27,関東,NB-1,1.0,7800.0,1,1,2022-10-27,11.922222222222222,17.233333333333334,6.699999999999999,0.0,6.733333333333333,0.0,69.88888888888889,9,2022-10-27
2022-10-28,関東,22SJ-3,2.0,40800.0,2,2,2022-10-28,13.622222222222222,19.677777777777777,8.655555555555557,0.0,6.388888888888889,0.0,72.11111111111111,9,2022-10-28
2022-10-28,関東,NB-1,2.0,15080.0,1,1,2022-10-28,13.622222222222222,19.677777777777777,8.655555555555557,0.0,6.388888888888889,0.0,72.11111111111111,9,2022-10-28
2022-10-31,中部,NB-1,1.0,7800.0,1,1,2022-10-31,13.213333333333331,19.10666666666667,7.5,2.2666666666666666,7.013333333333334,0.0,70.53333333333333,15,2022-10-31
2022-10-31,九州沖縄,NB-1,1.0,8190.0,1,1,2022-10-31,18.1125,23.0375,13.4125,13.75,6.775,0.0,68.125,8,2022-10-31
2022-10-31,東北,NB-1,2.0,16380.0,1,1,2022-10-31,11.1625,17.7125,6.025,0.0,8.5875,0.0,76.875,8,2022-10-31
2022-10-31,近畿,NB-1,2.0,16380.0,1,2,2022-10-31,14.9125,20.425,9.1625,0.0,7.5375,0.0,70.5,8,2022-10-31
2022-10-31,関東,NB-1,1.0,7540.0,1,1,2022-10-31,13.933333333333334,19.83333333333333,8.344444444444443,0.0,9.866666666666667,0.0,63.66666666666666,9,2022-10-31
2022-11-01,中部,22SJ-3,3.0,61200.0,3,3,2022-11-01,13.42,15.7,11.586666666666668,18.866666666666667,0.2266666666666666,0.0,82.73333333333333,15,2022-11-01
2022-11-01,中部,NB-1,1.0,8190.0,1,1,2022-11-01,13.42,15.7,11.586666666666668,18.866666666666667,0.2266666666666666,0.0,82.73333333333333,15,2022-11-01
2022-11-01,関東,22SJ-3,8.0,163200.0,8,8,2022-11-01,13.8,17.533333333333335,10.355555555555556,1.2222222222222223,0.5111111111111111,0.0,78.33333333333333,9,2022-11-01
2022-11-01,関東,NB-1,8.0,68770.0,1,3,2022-11-01,13.8,17.533333333333335,10.355555555555556,1.2222222222222223,0.5111111111111111,0.0,78.33333333333333,9,2022-11-01
2022-11-02,四国,NB-1,1.0,8190.0,1,1,2022-11-02,17.975,23.475,13.95,0.0,7.85,0.0,81.5,4,2022-11-02
2022-11-02,関東,NB-1,4.0,34840.0,2,2,2022-11-02,16.200000000000003,22.633333333333333,10.633333333333333,0.0,10.0,0.0,75.44444444444444,9,2022-11-02
2022-11-04,中部,NB-1,4.0,31980.0,1,3,2022-11-04,12.886666666666668,18.293333333333333,7.939999999999999,2.7666666666666666,4.84,0.0,74.66666666666667,15,2022-11-04
2022-11-04,近畿,NB-1,1.0,8190.0,1,1,2022-11-04,15.675,21.225,11.825,0.0625,6.85,0.0,72.375,8,2022-11-04
2022-11-07,中部,NB-1,6.0,48009.0,2,4,2022-11-07,11.82,18.85333333333333,6.293333333333334,0.1666666666666666,8.293333333333333,0.0,70.13333333333334,15,2022-11-07
2022-11-07,東北,22SJ-3,1.0,20400.0,1,1,2022-11-07,9.675,15.6625,5.0875,0.125,5.1875,0.0,80.5,8,2022-11-07
2022-11-07,近畿,NB-1,3.0,24570.0,1,2,2022-11-07,13.175,19.8125,7.975,0.0,7.525,0.0,68.5,8,2022-11-07
2022-11-07,関東,NB-1,3.0,24219.0,1,2,2022-11-07,13.166666666666666,18.677777777777777,8.066666666666666,0.0,5.033333333333333,0.0,71.33333333333333,9,2022-11-07
2022-11-08,中部,22SJ-3,5.0,102000.0,5,5,2022-11-08,12.22,18.75333333333333,7.246666666666667,1.4666666666666666,6.64,0.0,71.6,15,2022-11-08
2022-11-08,北海道,22SJ-3,1.0,20400.0,1,1,2022-11-08,6.5375,10.9875,1.575,0.5625,4.2875,0.0,71.0,8,2022-11-08
2022-11-08,関東,22SJ-3,1.0,20400.0,1,1,2022-11-08,14.577777777777776,21.188888888888886,9.566666666666666,0.3333333333333333,9.4,0.0,61.44444444444444,9,2022-11-08
2022-11-08,関東,NB-1,2.0,16380.0,1,2,2022-11-08,14.577777777777776,21.188888888888886,9.566666666666666,0.3333333333333333,9.4,0.0,61.44444444444444,9,2022-11-08
2022-11-09,中部,22SJ-3,3.0,61200.0,3,3,2022-11-09,11.86,18.84,6.746666666666667,0.0,8.766666666666667,0.0,70.53333333333333,15,2022-11-09
2022-11-09,中部,NB-1,2.0,15600.0,1,1,2022-11-09,11.86,18.84,6.746666666666667,0.0,8.766666666666667,0.0,70.53333333333333,15,2022-11-09
2022-11-09,関東,NB-1,1.0,8190.0,1,1,2022-11-09,13.344444444444443,19.0,7.899999999999999,0.0,7.977777777777778,0.0,62.333333333333336,9,2022-11-09
2022-11-10,中部,NB-1,2.0,16380.0,2,2,2022-11-10,12.526666666666667,20.386666666666667,6.6066666666666665,0.0333333333333333,8.986666666666668,0.0,70.4,15,2022-11-10
2022-11-11,中国,NB-1,1.0,8190.0,1,1,2022-11-11,15.414285714285716,21.87142857142857,10.257142857142856,0.0,9.228571428571428,0.0,75.71428571428571,7,2022-11-11
2022-11-11,中部,NB-1,1.0,7800.0,1,1,2022-11-11,13.28,20.3,7.626666666666667,0.0,8.96,0.0,71.86666666666666,15,2022-11-11
2022-11-14,中部,NB-1,5.0,40248.0,1,3,2022-11-14,12.66,16.48,9.473333333333333,0.7666666666666667,4.453333333333333,0.0,69.93333333333334,15,2022-11-14
2022-11-14,四国,NB-1,1.0,8190.0,1,1,2022-11-14,15.525,18.925,11.8,0.0,5.550000000000001,0.0,63.5,4,2022-11-14
2022-11-14,近畿,NB-1,3.0,24869.0,1,3,2022-11-14,13.975,16.85,9.875,0.0,3.1875,0.0,65.0,8,2022-11-14
2022-11-14,関東,NB-1,1.0,7839.0,1,1,2022-11-14,15.211111111111112,18.711111111111112,12.555555555555555,0.0,5.933333333333334,0.0,56.11111111111112,9,2022-11-14
2022-11-15,関東,NB-1,2.0,15730.0,2,2,2022-11-15,11.31111111111111,13.744444444444444,8.677777777777777,7.055555555555555,0.1,0.0,88.33333333333333,9,2022-11-15
2022-11-16,中部,NB-1,3.0,24050.0,1,2,2022-11-16,10.446666666666664,15.52,6.846666666666667,3.433333333333333,6.213333333333334,0.0,70.06666666666666,15,2022-11-16
2022-11-17,中部,NB-1,1.0,8190.0,1,1,2022-11-17,9.626666666666669,14.94,5.38,0.5666666666666667,4.206666666666667,0.0,76.73333333333333,15,2022-11-17
2022-11-17,九州沖縄,NB-1,1.0,8190.0,1,1,2022-11-17,15.1125,19.475,11.3625,1.625,1.25,0.0,71.875,8,2022-11-17
2022-11-18,東北,22SJ-3,2.0,40800.0,2,2,2022-11-18,6.3,12.5375,0.2375,4.0,5.8125,0.0,79.0,8,2022-11-18
2022-11-18,近畿,NB-1,1.0,7540.0,1,1,2022-11-18,11.75,18.2375,6.975,0.0,9.075,0.0,72.0,8,2022-11-18
2022-11-21,中国,NB-1,1.0,8190.0,1,1,2022-11-21,14.357142857142858,20.414285714285715,10.028571428571428,0.0,7.399999999999999,0.0,80.0,7,2022-11-21
2022-11-21,中部,22SJ-3,1.0,20400.0,1,1,2022-11-21,13.4,18.986666666666668,10.06,9.066666666666666,6.446666666666667,0.0,85.33333333333333,15,2022-11-21
2022-11-21,中部,NB-1,1.0,7839.0,1,1,2022-11-21,13.4,18.986666666666668,10.06,9.066666666666666,6.446666666666667,0.0,85.33333333333333,15,2022-11-21
2022-11-21,九州沖縄,NB-1,1.0,8190.0,1,1,2022-11-21,17.675,22.4,13.725,0.0,9.075,0.0,76.25,8,2022-11-21
2022-11-21,近畿,NB-1,1.0,8190.0,1,1,2022-11-21,14.9,19.35,11.9625,7.625,4.05,0.0,85.625,8,2022-11-21
2022-11-21,関東,NB-1,3.0,23920.0,2,2,2022-11-21,13.68888888888889,18.62222222222222,10.455555555555556,5.944444444444445,4.255555555555556,0.0,88.55555555555556,9,2022-11-21
2022-11-22,中国,NB-1,1.0,8190.0,1,1,2022-11-22,13.828571428571427,18.04285714285714,9.214285714285714,0.0714285714285714,1.757142857142857,0.0,78.0,7,2022-11-22
2022-11-22,中部,NB-1,1.0,7800.0,1,1,2022-11-22,12.886666666666668,17.206666666666667,8.853333333333333,0.3333333333333333,3.22,0.0,79.53333333333333,15,2022-11-22
2022-11-22,近畿,22SJ-3,2.0,37400.0,2,2,2022-11-22,14.125,18.525,10.05,0.0,3.475,0.0,78.5,8,2022-11-22
2022-11-22,関東,22SJ-3,1.0,20400.0,1,1,2022-11-22,14.577777777777776,19.91111111111111,9.288888888888888,0.0,7.300000000000001,0.0,73.22222222222223,9,2022-11-22
2022-11-22,関東,NB-1,2.0,16380.0,1,2,2022-11-22,14.577777777777776,19.91111111111111,9.288888888888888,0.0,7.300000000000001,0.0,73.22222222222223,9,2022-11-22
2022-11-25,中部,NB-1,1.0,8190.0,1,1,2022-11-25,11.54,17.06,6.606666666666667,0.1666666666666666,8.526666666666667,0.0,70.66666666666667,15,2022-11-25
2022-11-25,関東,NB-1,1.0,9100.0,1,1,2022-11-25,12.788888888888888,17.522222222222226,8.966666666666667,0.0555555555555555,9.3,0.0,65.22222222222223,9,2022-11-25
2022-11-28,中国,NB-1,1.0,8190.0,1,1,2022-11-28,15.142857142857142,21.485714285714288,9.242857142857144,0.0,8.314285714285715,0.0,68.57142857142857,7,2022-11-28
2022-11-28,中部,NB-1,4.0,31980.0,1,1,2022-11-28,12.313333333333333,17.926666666666666,6.626666666666667,3.433333333333333,4.319999999999999,0.0,75.8,15,2022-11-28
2022-11-28,近畿,NB-1,3.0,25519.0,2,3,2022-11-28,13.95,20.425,8.8125,0.0,6.925,0.0,69.0,8,2022-11-28
2022-11-28,関東,NB-1,4.0,33670.0,1,2,2022-11-28,11.3,15.188888888888888,6.411111111111111,0.0,2.477777777777778,0.0,70.0,9,2022-11-28
2022-11-29,中部,NB-1,4.0,31590.0,1,2,2022-11-29,17.173333333333336,20.39333333333333,13.326666666666666,28.3,0.1666666666666666,0.0,84.53333333333333,15,2022-11-29
2022-11-29,九州沖縄,NB-1,1.0,8190.0,1,1,2022-11-29,20.5875,24.3625,17.25,26.125,1.6875,0.0,88.25,8,2022-11-29
2022-11-29,近畿,NB-1,1.0,8840.0,1,1,2022-11-29,17.75,20.6875,13.95,22.1875,0.1625,0.0,87.5,8,2022-11-29
2022-12-01,中部,NB-1,1.0,8190.0,1,1,2022-12-01,7.553333333333333,10.453333333333337,5.166666666666667,5.533333333333333,1.6733333333333331,0.0,76.46666666666667,15,2022-12-01
2022-12-01,関東,NB-1,1.0,8190.0,1,1,2022-12-01,9.466666666666669,12.31111111111111,7.455555555555555,0.2222222222222222,0.0111111111111111,0.0,74.77777777777777,9,2022-12-01
2022-12-02,中部,NB-1,5.0,39390.0,1,1,2022-12-02,5.713333333333334,9.886666666666668,2.66,5.733333333333333,4.946666666666667,0.25,75.26666666666667,15,2022-12-02
2022-12-02,四国,NB-1,1.0,9750.0,1,1,2022-12-02,7.725,11.775,4.225,0.0,6.6,0.0,57.75,4,2022-12-02
2022-12-02,関東,NB-1,1.0,8190.0,1,1,2022-12-02,8.344444444444443,12.977777777777778,4.788888888888889,0.0,4.311111111111111,0.0,64.22222222222223,9,2022-12-02
2022-12-05,中国,NB-1,1.0,7800.0,1,1,2022-12-05,8.72857142857143,11.614285714285714,5.557142857142857,0.4285714285714285,0.1857142857142857,0.0,68.85714285714286,7,2022-12-05
2022-12-05,九州沖縄,NB-1,1.0,7839.0,1,1,2022-12-05,12.1125,14.9375,9.4875,4.25,0.5874999999999999,0.0,74.875,8,2022-12-05
2022-12-05,四国,NB-1,1.0,8190.0,1,1,2022-12-05,9.9,13.675,6.675,2.5,1.325,0.0,67.75,4,2022-12-05
2022-12-05,近畿,NB-1,5.0,40248.0,1,3,2022-12-05,9.6625,12.8375,7.35,0.25,1.975,0.0,69.0,8,2022-12-05
2022-12-05,関東,NB-1,1.0,7839.0,1,1,2022-12-05,7.011111111111111,9.18888888888889,4.966666666666667,11.72222222222222,0.0,0.0,79.66666666666667,9,2022-12-05
2022-12-06,関東,NB-1,3.0,24570.0,1,2,2022-12-06,6.266666666666668,8.955555555555556,4.022222222222222,6.944444444444445,0.1777777777777777,0.0,92.55555555555556,9,2022-12-06
2022-12-07,九州沖縄,NB-1,1.0,7800.0,1,1,2022-12-07,10.325,15.0875,6.25,0.0,4.6375,0.0,64.0,8,2022-12-07
2022-12-07,関東,NB-1,1.0,7540.0,1,1,2022-12-07,7.944444444444445,14.27777777777778,2.7444444444444445,0.0,7.777777777777778,0.0,71.55555555555556,9,2022-12-07
2022-12-09,中国,NB-1,1.0,8190.0,1,1,2022-12-09,8.171428571428573,14.771428571428572,2.685714285714286,0.0,5.785714285714286,0.0,74.14285714285714,7,2022-12-09
2022-12-09,関東,NB-1,1.0,8190.0,1,1,2022-12-09,8.155555555555557,13.211111111111112,3.311111111111112,0.0,6.022222222222222,0.0,69.0,9,2022-12-09
2022-12-12,中国,NB-1,3.0,24570.0,1,1,2022-12-12,7.857142857142857,12.62857142857143,3.257142857142857,0.0,7.771428571428571,0.0,66.0,7,2022-12-12
2022-12-12,中部,NB-1,5.0,39780.0,1,2,2022-12-12,7.193333333333333,11.58,3.1266666666666665,0.2333333333333333,7.433333333333334,0.0,65.46666666666667,15,2022-12-12
2022-12-12,近畿,NB-1,4.0,31356.0,1,2,2022-12-12,9.05,13.1375,5.225,0.25,8.4375,0.0,61.0,8,2022-12-12
2022-12-12,関東,NB-1,2.0,16380.0,1,2,2022-12-12,7.833333333333333,11.744444444444444,4.2444444444444445,0.0,8.244444444444445,0.0,60.0,9,2022-12-12
2022-12-13,四国,NB-1,1.0,8190.0,1,1,2022-12-13,11.425,15.525,7.75,2.375,6.5,0.0,61.75,4,2022-12-13
2022-12-13,東北,NB-1,1.0,8190.0,1,1,2022-12-13,5.625,10.4875,1.3875,7.8125,1.2125,0.25,79.25,8,2022-12-13
2022-12-13,関東,22SJ-3,4.0,81600.0,4,4,2022-12-13,7.166666666666667,11.422222222222222,4.177777777777778,2.5,2.0444444444444443,0.0,83.77777777777777,9,2022-12-13
2022-12-13,関東,NB-1,2.0,18200.0,1,1,2022-12-13,7.166666666666667,11.422222222222222,4.177777777777778,2.5,2.0444444444444443,0.0,83.77777777777777,9,2022-12-13
2022-12-14,関東,NB-1,1.0,7540.0,1,1,2022-12-14,8.077777777777778,14.677777777777775,2.822222222222222,0.0,7.71111111111111,0.0,55.55555555555556,9,2022-12-14
2022-12-15,中国,NB-1,1.0,8190.0,1,1,2022-12-15,4.414285714285714,8.157142857142857,1.6428571428571428,0.2857142857142857,3.4714285714285715,0.0,61.142857142857146,7,2022-12-15
2022-12-15,中部,NB-1,3.0,23400.0,1,1,2022-12-15,3.506666666666667,8.026666666666667,-0.1933333333333333,4.666666666666667,5.12,0.0,68.0,15,2022-12-15
2022-12-16,中部,NB-1,1.0,8190.0,1,1,2022-12-16,4.78,9.46,1.0666666666666669,6.566666666666666,4.573333333333333,0.0,72.6,15,2022-12-16
2022-12-16,九州沖縄,22SJ-3,1.0,20400.0,1,1,2022-12-16,9.325,13.35,4.5875,8.75,1.2,0.0,70.5,8,2022-12-16
2022-12-16,関東,NB-1,2.0,15730.0,1,2,2022-12-16,6.777777777777778,14.011111111111113,0.9333333333333332,0.0,8.722222222222221,0.0,56.77777777777778,9,2022-12-16
2022-12-19,中部,22SJ-3,3.0,61200.0,3,3,2022-12-19,1.34,5.02,-1.9,6.428571428571429,4.819999999999999,6.833333333333333,63.53333333333333,15,2022-12-19
2022-12-19,中部,NB-1,1.0,8190.0,1,1,2022-12-19,1.34,5.02,-1.9,6.428571428571429,4.819999999999999,6.833333333333333,63.53333333333333,15,2022-12-19
2022-12-19,近畿,NB-1,1.0,8190.0,1,1,2022-12-19,2.475,6.6,-1.2125,0.0625,6.45,0.0,57.875,8,2022-12-19
2022-12-19,関東,22SJ-3,1.0,20400.0,1,1,2022-12-19,4.088888888888889,9.677777777777775,-0.7333333333333334,0.0,8.933333333333334,0.0,43.888888888888886,9,2022-12-19
2022-12-19,関東,NB-1,2.0,17290.0,1,1,2022-12-19,4.088888888888889,9.677777777777775,-0.7333333333333334,0.0,8.933333333333334,0.0,43.888888888888886,9,2022-12-19
2022-12-20,関東,NB-1,1.0,7800.0,1,1,2022-12-20,4.366666666666666,10.8,-0.7222222222222222,0.0,9.211111111111112,0.0,53.77777777777778,9,2022-12-20
2022-12-22,中部,NB-1,3.0,23400.0,1,1,2022-12-22,5.766666666666667,10.966666666666669,1.7333333333333334,17.3,1.24,0.5833333333333334,82.2,15,2022-12-22
2022-12-22,関東,NB-1,3.0,23790.0,1,1,2022-12-22,7.422222222222222,11.922222222222222,4.088888888888889,20.11111111111111,0.5777777777777778,0.0,85.33333333333333,9,2022-12-22
2022-12-23,中国,NB-1,2.0,16380.0,1,1,2022-12-23,0.2857142857142857,2.7,-1.5142857142857142,2.071428571428572,3.4,3.0,68.42857142857143,7,2022-12-23
2022-12-23,中部,NB-1,1.0,8190.0,1,1,2022-12-23,0.96,4.046666666666667,-1.3333333333333333,8.5,5.433333333333334,7.333333333333333,54.266666666666666,15,2022-12-23
2022-12-23,関東,NB-1,2.0,16380.0,2,2,2022-12-23,4.466666666666667,8.033333333333333,0.6666666666666666,0.0,9.2,0.0,36.333333333333336,9,2022-12-23
2022-12-26,中部,NB-1,4.0,31200.0,1,1,2022-12-26,3.213333333333333,6.973333333333333,0.2333333333333333,2.333333333333333,4.6466666666666665,0.5833333333333334,70.26666666666667,15,2022-12-26
2022-12-27,関東,NB-1,1.0,8190.0,1,1,2022-12-27,5.822222222222222,11.855555555555556,0.7,0.0,9.244444444444444,0.0,54.77777777777778,9,2022-12-27
2022-12-29,中国,NB-1,1.0,9750.0,1,1,2022-12-29,5.185714285714286,10.271428571428572,1.4142857142857144,0.3571428571428571,5.614285714285714,0.0,64.28571428571429,7,2022-12-29
2022-12-29,近畿,NB-1,2.0,16380.0,1,2,2022-12-29,6.25,10.375,2.4625,0.0,6.4625,0.0,62.75,8,2022-12-29
2023-01-05,近畿,22SJ-3,1.0,23800.0,1,1,2023-01-05,5.2625,9.1375,2.2875,0.75,4.8625,0.0,69.0,8,2023-01-05
2023-01-05,近畿,NB-1,1.0,7839.0,1,1,2023-01-05,5.2625,9.1375,2.2875,0.75,4.8625,0.0,69.0,8,2023-01-05
2023-01-05,関東,NB-1,1.0,9100.0,1,1,2023-01-05,4.122222222222223,9.77777777777778,-0.1777777777777777,0.0,9.22222222222222,0.0,45.55555555555556,9,2023-01-05
2023-01-06,中部,NB-1,1.0,9750.0,1,1,2023-01-06,2.94,8.04,-1.26,0.6666666666666666,5.246666666666667,0.0,71.46666666666667,15,2023-01-06
2023-01-06,九州沖縄,NB-1,1.0,8190.0,1,1,2023-01-06,8.5875,13.15,4.0125,0.0625,3.1625,0.0,68.0,8,2023-01-06
2023-01-06,近畿,NB-1,2.0,13780.0,1,1,2023-01-06,5.7875,10.025,2.525,0.3125,4.5125,0.0,70.125,8,2023-01-06
2023-01-06,関東,NB-1,3.0,26390.0,1,2,2023-01-06,4.055555555555555,9.633333333333333,-1.3444444444444443,0.0,7.688888888888889,0.0,54.888888888888886,9,2023-01-06
2023-01-10,中部,22SJ-3,1.0,20400.0,1,1,2023-01-10,3.7266666666666666,6.840000000000001,0.1466666666666666,0.7333333333333333,5.46,0.25,60.93333333333333,15,2023-01-10
2023-01-10,中部,NB-1,5.0,39780.0,1,2,2023-01-10,3.7266666666666666,6.840000000000001,0.1466666666666666,0.7333333333333333,5.46,0.25,60.93333333333333,15,2023-01-10
2023-01-10,九州沖縄,NB-1,2.0,16380.0,1,1,2023-01-10,11.3875,15.8,6.7,0.0625,8.4375,0.0,62.5,8,2023-01-10
2023-01-10,関東,NB-1,6.0,53469.0,2,5,2023-01-10,5.277777777777778,8.7,1.3777777777777778,0.0,8.5,0.0,46.0,9,2023-01-10
2023-01-11,中部,22SJ-3,1.0,20400.0,1,1,2023-01-11,3.0,9.706666666666669,-1.94,0.0,8.74,0.0,63.66666666666666,15,2023-01-11
2023-01-11,中部,NB-1,3.0,27690.0,1,1,2023-01-11,3.0,9.706666666666669,-1.94,0.0,8.74,0.0,63.66666666666666,15,2023-01-11
2023-01-11,近畿,NB-1,2.0,17030.0,1,1,2023-01-11,4.0375,10.775,-0.4625,0.0,8.6875,0.0,68.625,8,2023-01-11
2023-01-11,関東,NB-1,1.0,8190.0,1,1,2023-01-11,4.677777777777778,11.066666666666666,-0.4333333333333333,0.0,8.055555555555555,0.0,53.0,9,2023-01-11
2023-01-12,中部,NB-1,3.0,23400.0,1,1,2023-01-12,4.746666666666667,13.2,-1.893333333333333,0.0,8.793333333333333,0.0,61.73333333333333,15,2023-01-12
2023-01-12,関東,NB-1,1.0,9100.0,1,1,2023-01-12,5.577777777777778,13.27777777777778,-0.3,0.0,8.966666666666667,0.0,57.888888888888886,9,2023-01-12
2023-01-13,九州沖縄,NB-1,1.0,8190.0,1,1,2023-01-13,16.2375,19.1125,13.0,20.0,0.775,0.0,82.625,8,2023-01-13
2023-01-16,中国,NB-1,1.0,8450.0,1,1,2023-01-16,8.0,11.614285714285714,3.357142857142857,6.0,1.6857142857142855,0.0,77.85714285714286,7,2023-01-16
2023-01-16,近畿,NB-1,1.0,8190.0,1,1,2023-01-16,8.05,10.95,4.525,2.125,1.7125,0.0,75.25,8,2023-01-16
2023-01-16,関東,NB-1,6.0,48789.0,1,2,2023-01-16,6.088888888888889,7.955555555555555,3.1,5.277777777777778,0.1111111111111111,0.0,86.55555555555556,9,2023-01-16
2023-01-17,中部,NB-1,2.0,16380.0,1,1,2023-01-17,3.646666666666667,8.28,-0.2733333333333333,0.0,5.746666666666667,0.0,66.4,15,2023-01-17
2023-01-19,中部,NB-1,1.0,7800.0,1,1,2023-01-19,4.426666666666667,9.933333333333334,0.3866666666666666,1.1666666666666667,6.213333333333334,0.0,73.13333333333334,15,2023-01-19
2023-01-19,九州沖縄,NB-1,1.0,8190.0,1,1,2023-01-19,8.0,11.275,5.2375,0.0,2.7,0.0,64.875,8,2023-01-19
2023-01-23,中国,NB-1,3.0,24570.0,1,1,2023-01-23,5.442857142857143,9.885714285714286,2.7,4.642857142857143,2.6142857142857143,0.0,84.28571428571429,7,2023-01-23
2023-01-23,中部,NB-1,5.0,39780.0,2,2,2023-01-23,4.78,9.146666666666668,2.1533333333333333,0.6333333333333333,2.46,0.0,73.86666666666666,15,2023-01-23
2023-01-23,近畿,NB-1,2.0,16380.0,1,1,2023-01-23,5.4375,8.325,3.225,2.75,0.475,0.0,82.0,8,2023-01-23
2023-01-24,中部,NB-1,2.0,15600.0,1,1,2023-01-24,1.46,7.92,-4.526666666666666,8.2,2.013333333333333,7.25,74.8,15,2023-01-24
2023-01-24,近畿,22SJ-3,2.0,40800.0,2,2,2023-01-24,3.125,8.3625,-2.6625,5.4375,3.2375,7.285714285714286,76.625,8,2023-01-24
2023-01-24,近畿,NB-1,2.0,16380.0,1,2,2023-01-24,3.125,8.3625,-2.6625,5.4375,3.2375,7.285714285714286,76.625,8,2023-01-24
2023-01-25,近畿,NB-1,2.0,16380.0,1,1,2023-01-25,-0.825,2.2625,-3.45,3.125,4.175,5.142857142857143,73.5,8,2023-01-25
2023-01-27,中部,NB-1,1.0,7839.0,1,1,2023-01-27,0.5733333333333334,2.78,-1.44,6.3,0.2133333333333333,5.333333333333333,83.93333333333334,15,2023-01-27
2023-01-30,中国,NB-1,1.0,8190.0,1,1,2023-01-30,2.9857142857142853,7.971428571428571,-0.7142857142857143,2.5,4.9,1.8,71.71428571428571,7,2023-01-30
2023-01-30,中部,NB-1,1.0,7839.0,1,1,2023-01-30,1.3266666666666669,5.6066666666666665,-2.506666666666667,4.366666666666666,3.313333333333333,1.5,69.86666666666666,15,2023-01-30
2023-01-30,関東,NB-1,2.0,16380.0,1,1,2023-01-30,3.333333333333333,10.322222222222225,-1.9777777777777776,0.0,8.411111111111111,0.0,55.11111111111112,9,2023-01-30
2023-01-31,中部,NB-1,2.0,16289.0,2,2,2023-01-31,0.92,5.926666666666667,-3.3,0.1666666666666666,7.633333333333334,0.3333333333333333,65.06666666666666,15,2023-01-31
2023-01-31,近畿,NB-1,1.0,8840.0,1,1,2023-01-31,2.9,7.725,-0.575,0.0625,6.7125,0.5714285714285714,71.375,8,2023-01-31
2023-01-31,関東,NB-1,2.0,15730.0,1,2,2023-01-31,3.1555555555555554,8.077777777777778,-0.8666666666666667,0.0,8.255555555555555,0.0,43.55555555555556,9,2023-01-31
2023-02-01,関東,NB-1,4.0,31460.0,2,3,2023-02-01,5.333333333333333,12.18888888888889,-2.2777777777777777,0.0,8.911111111111111,0.0,52.0,9,2023-02-01
2023-02-02,中部,NB-1,1.0,8190.0,1,1,2023-02-02,3.6,6.8133333333333335,1.1733333333333331,0.4333333333333333,5.54,0.4166666666666667,58.8,15,2023-02-02
2023-02-02,北海道,22SJ-3,1.0,20400.0,1,1,2023-02-02,-5.175,-1.575,-8.3,4.9375,4.0625,6.625,70.625,8,2023-02-02
2023-02-02,関東,NB-1,1.0,8190.0,1,1,2023-02-02,5.388888888888889,9.177777777777775,2.388888888888889,0.0,4.611111111111111,0.0,41.333333333333336,9,2023-02-02
2023-02-03,中国,NB-1,3.0,24570.0,1,1,2023-02-03,4.5,10.314285714285717,0.7285714285714285,0.0,4.1,0.0,72.85714285714286,7,2023-02-03
2023-02-03,中部,NB-1,4.0,31200.0,1,1,2023-02-03,2.5200000000000005,6.52,-0.9,0.0,2.0733333333333333,0.3333333333333333,66.0,15,2023-02-03
2023-02-06,中部,NB-1,2.0,16029.0,1,1,2023-02-06,4.806666666666667,11.666666666666666,-1.5599999999999998,0.0333333333333333,7.373333333333333,0.0,66.06666666666666,15,2023-02-06
2023-02-06,関東,NB-1,2.0,16380.0,1,2,2023-02-06,7.588888888888889,13.955555555555556,1.5444444444444445,0.0,8.766666666666667,0.0,56.66666666666666,9,2023-02-06
2023-02-08,中国,NB-1,1.0,8190.0,1,1,2023-02-08,7.3428571428571425,13.8,2.5,0.5714285714285714,5.985714285714286,0.0,73.0,7,2023-02-08
2023-02-08,中部,NB-1,1.0,7800.0,1,1,2023-02-08,6.133333333333334,11.453333333333337,1.88,1.4,5.166666666666667,0.0833333333333333,68.93333333333334,15,2023-02-08
2023-02-08,近畿,NB-1,1.0,8840.0,1,1,2023-02-08,7.325,11.75,3.9,0.625,3.6625,0.0,73.625,8,2023-02-08
2023-02-08,関東,NB-1,4.0,33280.0,1,2,2023-02-08,8.233333333333333,12.27777777777778,4.566666666666666,0.3888888888888889,3.033333333333333,0.0,66.88888888888889,9,2023-02-08
2023-02-09,中部,NB-1,3.0,23400.0,1,1,2023-02-09,3.66,8.313333333333334,-0.1933333333333333,0.0333333333333333,7.8,0.25,56.6,15,2023-02-09
2023-02-10,中部,22SJ-3,1.0,20400.0,1,1,2023-02-10,2.8,4.913333333333333,0.3866666666666667,20.4,0.0,7.75,86.06666666666666,15,2023-02-10
2023-02-10,中部,NB-1,1.0,7800.0,1,1,2023-02-10,2.8,4.913333333333333,0.3866666666666667,20.4,0.0,7.75,86.06666666666666,15,2023-02-10
2023-02-10,近畿,NB-1,1.0,8190.0,1,1,2023-02-10,5.8,8.9625,2.9125,9.5625,0.0,0.0,82.5,8,2023-02-10
2023-02-13,九州沖縄,NB-1,1.0,8190.0,1,1,2023-02-13,13.35,15.5625,10.2625,7.6875,0.975,0.0,86.375,8,2023-02-13
2023-02-13,四国,NB-1,2.0,16380.0,1,1,2023-02-13,9.725,12.0,7.225,11.125,0.0,0.0,86.0,4,2023-02-13
2023-02-14,近畿,NB-1,1.0,8840.0,1,1,2023-02-14,4.4875,7.975,1.8875,0.4375,3.5,0.0,62.375,8,2023-02-14
2023-02-17,東北,22SJ-3,2.0,40800.0,2,2,2023-02-17,2.2,7.4875,-2.875,1.0,6.825,0.375,70.875,8,2023-02-17
2023-02-17,関東,NB-1,2.0,17290.0,1,2,2023-02-17,4.7444444444444445,11.011111111111113,-0.8555555555555556,0.0,9.055555555555555,0.0,59.44444444444444,9,2023-02-17
2023-02-20,中部,NB-1,3.0,24180.0,2,2,2023-02-20,5.426666666666667,10.22,1.12,2.966666666666667,5.64,0.4166666666666667,64.53333333333333,15,2023-02-20
2023-02-20,九州沖縄,NB-1,2.0,15678.0,1,2,2023-02-20,10.2125,13.625,7.4875,0.0,7.5125,0.0,52.125,8,2023-02-20
2023-02-20,関東,NB-1,4.0,33319.0,1,1,2023-02-20,8.11111111111111,13.066666666666666,2.6666666666666665,1.0555555555555556,8.066666666666666,0.0,47.22222222222222,9,2023-02-20
2023-02-21,中部,NB-1,1.0,8190.0,1,1,2023-02-21,1.2733333333333332,5.133333333333334,-1.7266666666666666,1.7333333333333334,5.8133333333333335,2.4166666666666665,61.46666666666667,15,2023-02-21
2023-02-21,近畿,NB-1,1.0,8840.0,1,1,2023-02-21,2.75,6.5125,0.825,1.5,6.375,1.1428571428571428,69.125,8,2023-02-21
2023-02-21,関東,NB-1,2.0,15730.0,1,1,2023-02-21,3.5,7.888888888888889,0.6444444444444445,0.0,8.777777777777779,0.0,40.0,9,2023-02-21
2023-02-22,中部,22SJ-3,1.0,20400.0,1,1,2023-02-22,2.52,8.513333333333334,-2.506666666666667,0.0,8.206666666666667,0.0,62.93333333333333,15,2023-02-22
2023-02-22,関東,22SJ-3,3.0,61200.0,3,3,2023-02-22,4.166666666666667,9.8,-1.6333333333333335,0.0,10.566666666666666,0.0,47.66666666666666,9,2023-02-22
2023-02-24,中部,NB-1,1.0,8190.0,1,1,2023-02-24,5.64,9.66,2.313333333333333,2.566666666666667,0.3533333333333333,0.0,80.6,15,2023-02-24
2023-02-24,近畿,22SJ-3,2.0,40800.0,2,2,2023-02-24,6.3625,8.275,5.075,8.4375,0.0125,0.0,88.0,8,2023-02-24
2023-02-24,関東,NB-1,1.0,9100.0,1,1,2023-02-24,8.088888888888889,12.6,3.911111111111112,2.388888888888889,0.2333333333333333,0.0,71.22222222222223,9,2023-02-24
2023-02-27,中部,NB-1,3.0,23400.0,1,1,2023-02-27,5.3533333333333335,12.32,-0.58,0.0,10.326666666666666,0.0,57.266666666666666,15,2023-02-27
2023-02-27,九州沖縄,22SJ-3,2.0,40800.0,2,2,2023-02-27,8.8,14.6875,3.1875,0.0625,9.6875,0.0,62.25,8,2023-02-27
2023-02-27,九州沖縄,NB-1,1.0,8190.0,1,1,2023-02-27,8.8,14.6875,3.1875,0.0625,9.6875,0.0,62.25,8,2023-02-27
2023-02-27,四国,NB-1,1.0,8190.0,1,1,2023-02-27,6.65,13.35,1.025,0.0,10.75,0.0,59.0,4,2023-02-27
2023-02-27,近畿,NB-1,3.0,24570.0,2,2,2023-02-27,6.525,12.6875,0.9125,0.0,10.725,0.0,61.375,8,2023-02-27
2023-02-27,関東,NB-1,2.0,16029.0,1,2,2023-02-27,7.622222222222222,14.333333333333334,1.6222222222222222,0.0,10.788888888888888,0.0,44.888888888888886,9,2023-02-27
2023-02-28,中部,22SJ-3,1.0,20400.0,1,1,2023-02-28,8.506666666666666,16.6,0.4133333333333334,0.0,10.64,0.0,52.266666666666666,15,2023-02-28
2023-02-28,中部,NB-1,1.0,8190.0,1,1,2023-02-28,8.506666666666666,16.6,0.4133333333333334,0.0,10.64,0.0,52.266666666666666,15,2023-02-28
2023-02-28,九州沖縄,NB-1,1.0,8190.0,1,1,2023-02-28,11.5375,18.175,4.487500000000001,0.0,10.5,0.0,63.25,8,2023-02-28
2023-02-28,近畿,22SJ-3,1.0,18700.0,1,1,2023-02-28,8.6125,16.025,1.65,0.0,10.625,0.0,63.625,8,2023-02-28
2023-02-28,近畿,NB-1,2.0,15730.0,1,1,2023-02-28,8.6125,16.025,1.65,0.0,10.625,0.0,63.625,8,2023-02-28
2023-03-01,関東,22SJ-3,6.0,122400.0,3,3,2023-03-01,11.72222222222222,18.022222222222226,5.5,0.0,6.666666666666667,0.0,51.22222222222222,9,2023-03-01
2023-03-01,関東,NB-1,3.0,26390.0,1,2,2023-03-01,11.72222222222222,18.022222222222226,5.5,0.0,6.666666666666667,0.0,51.22222222222222,9,2023-03-01
2023-03-02,中部,NB-1,1.0,8190.0,1,1,2023-03-02,6.926666666666667,11.74,2.0466666666666664,6.533333333333333,4.92,0.0,68.4,15,2023-03-02
2023-03-02,東北,NB-1,2.0,16380.0,1,1,2023-03-02,4.225,8.0875,0.7749999999999999,1.8125,1.5625,0.625,74.75,8,2023-03-02
2023-03-02,関東,22SJ-3,3.0,61200.0,3,3,2023-03-02,10.566666666666666,17.844444444444445,4.577777777777778,1.5555555555555556,3.855555555555556,0.0,55.0,9,2023-03-02
2023-03-03,関東,NB-1,1.0,8190.0,1,1,2023-03-03,7.044444444444444,12.477777777777778,1.5444444444444445,0.0,9.766666666666667,0.0,49.22222222222222,9,2023-03-03
2023-03-06,東北,22SJ-3,3.0,61200.0,3,3,2023-03-06,4.0125,11.9625,-2.2375000000000003,0.0,7.775,0.0,67.75,8,2023-03-06
2023-03-06,近畿,NB-1,1.0,8190.0,1,1,2023-03-06,8.55,15.6875,2.3625000000000003,0.0,10.9375,0.0,60.625,8,2023-03-06
2023-03-06,関東,22SJ-3,6.0,122400.0,3,6,2023-03-06,9.68888888888889,14.577777777777776,6.366666666666666,1.4444444444444444,3.5,0.0,76.55555555555556,9,2023-03-06
2023-03-06,関東,NB-1,6.0,51168.0,2,3,2023-03-06,9.68888888888889,14.577777777777776,6.366666666666666,1.4444444444444444,3.5,0.0,76.55555555555556,9,2023-03-06
2023-03-07,中国,NB-1,1.0,8190.0,1,1,2023-03-07,10.428571428571429,18.1,3.271428571428572,0.0,10.214285714285714,0.0,64.28571428571429,7,2023-03-07
2023-03-07,中部,22SJ-3,3.0,61200.0,3,3,2023-03-07,9.493333333333334,17.9,1.9533333333333327,0.0,10.366666666666667,0.0,53.53333333333333,15,2023-03-07
2023-03-07,近畿,NB-1,1.0,8190.0,1,1,2023-03-07,9.9625,17.6875,3.375,0.0,10.675,0.0,54.125,8,2023-03-07
2023-03-07,関東,22SJ-3,4.0,81600.0,2,4,2023-03-07,11.488888888888887,18.866666666666664,4.800000000000001,0.0,10.61111111111111,0.0,61.55555555555556,9,2023-03-07
2023-03-08,中部,22SJ-3,1.0,20400.0,1,1,2023-03-08,11.626666666666669,20.35333333333333,3.533333333333333,0.0,9.766666666666667,0.0,49.0,15,2023-03-08
2023-03-08,北海道,22SJ-3,3.0,51000.0,3,3,2023-03-08,4.15,9.6625,-0.75,0.0,4.2250000000000005,0.125,78.125,8,2023-03-08
2023-03-08,近畿,NB-1,1.0,8190.0,1,1,2023-03-08,11.8625,19.4875,5.1375,0.0,9.275,0.0,55.875,8,2023-03-08
2023-03-08,関東,22SJ-3,11.0,231600.0,6,11,2023-03-08,13.27777777777778,20.87777777777778,5.411111111111111,0.0,10.522222222222222,0.0,52.11111111111112,9,2023-03-08
2023-03-09,近畿,NB-1,1.0,8840.0,1,1,2023-03-09,14.3875,20.8125,7.225,0.0,7.35,0.0,64.5,8,2023-03-09
2023-03-10,中部,NB-1,2.0,15600.0,1,1,2023-03-10,13.073333333333332,19.113333333333333,7.853333333333333,6.133333333333334,6.866666666666666,0.0,70.26666666666667,15,2023-03-10
2023-03-10,関東,NB-1,2.0,18200.0,2,2,2023-03-10,15.622222222222222,22.288888888888888,10.733333333333333,0.1111111111111111,7.411111111111111,0.0,57.77777777777778,9,2023-03-10
2023-03-13,中部,NB-1,2.0,16900.0,1,1,2023-03-13,9.386666666666668,15.286666666666669,4.3,17.6,1.2933333333333332,0.0,74.06666666666666,15,2023-03-13
2023-03-13,北海道,NB-1,1.0,8190.0,1,1,2023-03-13,5.5,8.862499999999999,1.5,5.875,0.2875,0.25,84.375,8,2023-03-13
2023-03-13,四国,NB-1,1.0,8190.0,1,1,2023-03-13,10.15,15.225,5.65,5.0,6.025,0.0,57.5,4,2023-03-13
2023-03-13,近畿,NB-1,2.0,16380.0,1,1,2023-03-13,9.4125,16.7625,4.2875,14.9375,3.1375,0.0,65.625,8,2023-03-13
2023-03-13,関東,NB-1,2.0,16380.0,1,1,2023-03-13,13.033333333333337,16.822222222222223,8.744444444444444,5.277777777777778,0.9333333333333332,0.0,72.33333333333333,9,2023-03-13
2023-03-14,中国,22SJ-3,1.0,23400.0,1,1,2023-03-14,7.585714285714286,16.02857142857143,0.3714285714285714,0.0,11.114285714285714,0.0,54.85714285714285,7,2023-03-14
2023-03-14,中部,22SJ-3,2.0,43200.0,2,2,2023-03-14,7.819999999999999,14.273333333333332,3.0933333333333333,0.0,10.06,0.0,62.333333333333336,15,2023-03-14
2023-03-14,中部,NB-1,1.0,8190.0,1,1,2023-03-14,7.819999999999999,14.273333333333332,3.0933333333333333,0.0,10.06,0.0,62.333333333333336,15,2023-03-14
2023-03-14,関東,22SJ-3,3.0,64800.0,3,3,2023-03-14,9.522222222222222,14.3,6.166666666666667,0.0555555555555555,7.544444444444445,0.0,57.55555555555556,9,2023-03-14
2023-03-15,中部,22SJ-3,1.0,21600.0,1,1,2023-03-15,11.153333333333334,19.113333333333333,3.306666666666666,0.0,9.8,0.0,59.8,15,2023-03-15
2023-03-15,中部,NB-1,1.0,7800.0,1,1,2023-03-15,11.153333333333334,19.113333333333333,3.306666666666666,0.0,9.8,0.0,59.8,15,2023-03-15
2023-03-15,関東,22SJ-3,2.0,43200.0,2,2,2023-03-15,11.055555555555555,17.288888888888888,5.444444444444445,0.0,9.244444444444444,0.0,65.77777777777777,9,2023-03-15
2023-03-16,近畿,NB-1,1.0,8840.0,1,1,2023-03-16,14.5875,20.975,9.1375,0.1875,6.9625,0.0,67.75,8,2023-03-16
2023-03-16,関東,22SJ-3,1.0,21600.0,1,1,2023-03-16,13.911111111111111,20.477777777777774,7.622222222222222,0.0,10.244444444444444,0.0,66.77777777777777,9,2023-03-16
2023-03-16,関東,NB-1,2.0,16900.0,1,2,2023-03-16,13.911111111111111,20.477777777777774,7.622222222222222,0.0,10.244444444444444,0.0,66.77777777777777,9,2023-03-16
2023-03-17,中国,NB-1,1.0,8190.0,1,1,2023-03-17,11.814285714285717,15.37142857142857,8.814285714285715,1.3571428571428572,1.6428571428571428,0.0,71.14285714285714,7,2023-03-17
2023-03-17,北海道,NB-1,1.0,8190.0,1,1,2023-03-17,2.075,5.6375,-0.875,0.3125,6.449999999999999,0.625,63.75,8,2023-03-17
2023-03-17,東北,22SJ-3,4.0,81600.0,4,4,2023-03-17,6.1625,10.45,3.2625,0.0625,6.05,0.0,57.375,8,2023-03-17
2023-03-17,関東,22SJ-3,4.0,81600.0,4,4,2023-03-17,12.077777777777778,15.444444444444445,8.966666666666667,2.2222222222222223,1.9777777777777776,0.0,74.44444444444444,9,2023-03-17
2023-03-20,中国,NB-1,1.0,8190.0,1,1,2023-03-20,11.44285714285714,18.87142857142857,3.885714285714286,0.0,8.757142857142856,0.0,61.85714285714285,7,2023-03-20
2023-03-20,関東,NB-1,3.0,24570.0,2,3,2023-03-20,12.133333333333333,18.48888888888889,4.533333333333333,0.0,10.511111111111113,0.0,59.22222222222222,9,2023-03-20
2023-03-22,中部,NB-1,3.0,24570.0,1,2,2023-03-22,15.973333333333333,22.98,9.893333333333334,0.0666666666666666,10.826666666666666,0.0,69.73333333333333,15,2023-03-22
2023-03-22,九州沖縄,22SJ-3,1.0,21600.0,1,1,2023-03-22,19.2,23.55,15.0125,3.6875,3.725,0.0,81.375,8,2023-03-22
2023-03-22,九州沖縄,NB-1,1.0,8190.0,1,1,2023-03-22,19.2,23.55,15.0125,3.6875,3.725,0.0,81.375,8,2023-03-22
2023-03-22,関東,NB-1,9.0,70850.0,1,1,2023-03-22,16.355555555555554,22.633333333333333,10.88888888888889,0.0,10.266666666666667,0.0,71.88888888888889,9,2023-03-22
2023-03-23,関東,NB-1,3.0,24180.0,1,2,2023-03-23,15.7,18.688888888888886,12.533333333333331,11.444444444444445,0.3333333333333333,0.0,93.88888888888889,9,2023-03-23
2023-03-24,中部,NB-1,3.0,23400.0,1,1,2023-03-24,15.366666666666667,19.9,12.306666666666668,4.333333333333333,2.16,0.0,84.53333333333333,15,2023-03-24
2023-03-24,近畿,NB-1,1.0,8190.0,1,1,2023-03-24,16.1375,19.625,12.9,0.6875,0.325,0.0,82.0,8,2023-03-24
2023-03-24,関東,NB-1,2.0,16640.0,1,2,2023-03-24,17.91111111111111,23.22222222222222,13.61111111111111,6.444444444444445,1.2111111111111112,0.0,80.11111111111111,9,2023-03-24
2023-03-27,中部,NB-1,1.0,8190.0,1,1,2023-03-27,9.92,14.693333333333332,6.113333333333333,0.7,6.666666666666667,0.0,69.86666666666666,15,2023-03-27
2023-03-27,東北,NB-1,2.0,16380.0,1,1,2023-03-27,7.6125,11.55,3.4375,0.1875,6.975,0.0,60.25,8,2023-03-27
2023-03-27,近畿,NB-1,1.0,8190.0,1,1,2023-03-27,11.1,16.1875,7.0625,0.0,7.6,0.0,65.375,8,2023-03-27
2023-03-27,関東,NB-1,1.0,9100.0,1,1,2023-03-27,12.544444444444444,16.22222222222222,9.344444444444443,0.5555555555555556,4.199999999999999,0.0,60.0,9,2023-03-27
2023-03-28,中国,NB-1,1.0,8190.0,1,1,2023-03-28,11.185714285714283,18.02857142857143,5.214285714285714,0.0,11.185714285714283,0.0,61.85714285714285,7,2023-03-28
2023-03-28,中部,NB-1,1.0,7800.0,1,1,2023-03-28,9.993333333333334,16.386666666666667,5.126666666666667,0.3,9.44,0.0,64.73333333333333,15,2023-03-28
2023-03-28,九州沖縄,NB-1,1.0,8190.0,1,1,2023-03-28,14.6125,20.4625,9.7375,0.0,10.6625,0.0,57.75,8,2023-03-28
2023-03-28,北海道,NB-1,2.0,16380.0,1,1,2023-03-28,4.825,10.45,0.0125,0.0,11.2875,0.0,60.875,8,2023-03-28
2023-03-28,近畿,22SJ-3,2.0,39600.0,2,2,2023-03-28,10.7625,17.3625,5.05,0.0,10.8875,0.0,57.375,8,2023-03-28
2023-03-28,関東,NB-1,3.0,24570.0,2,2,2023-03-28,11.155555555555557,14.77777777777778,8.566666666666666,1.0555555555555556,2.588888888888889,0.0,72.33333333333333,9,2023-03-28
2023-03-29,九州沖縄,NB-1,2.0,15600.0,1,1,2023-03-29,14.475,20.7625,8.6875,0.25,9.2375,0.0,54.5,8,2023-03-29
2023-03-29,北海道,NB-1,1.0,6890.0,1,1,2023-03-29,4.7375,10.0625,-0.3000000000000001,0.0,9.8375,0.0,69.0,8,2023-03-29
2023-03-30,中部,NB-1,1.0,8190.0,1,1,2023-03-30,11.22,18.40666666666667,4.42,0.0,10.966666666666669,0.0,57.8,15,2023-03-30
2023-03-30,関東,NB-1,1.0,7540.0,1,1,2023-03-30,13.88888888888889,18.62222222222222,10.055555555555555,0.7777777777777778,5.733333333333333,0.0,73.77777777777777,9,2023-03-30
2023-03-31,中部,22SJ-3,3.0,61200.0,3,3,2023-03-31,13.1,20.506666666666668,7.066666666666666,0.0,7.38,0.0,57.73333333333333,15,2023-03-31
2023-03-31,九州沖縄,NB-1,2.0,16380.0,1,1,2023-03-31,17.5125,22.45,13.8125,0.6875,4.85,0.0,62.5,8,2023-03-31
2023-03-31,関東,22SJ-3,5.0,108000.0,5,5,2023-03-31,14.91111111111111,20.355555555555554,10.022222222222222,0.5,6.255555555555556,0.0,72.22222222222223,9,2023-03-31
2023-03-31,関東,NB-1,1.0,9100.0,1,1,2023-03-31,14.91111111111111,20.355555555555554,10.022222222222222,0.5,6.255555555555556,0.0,72.22222222222223,9,2023-03-31
2023-04-03,中国,NB-1,3.0,24570.0,1,2,2023-04-03,12.771428571428572,19.557142857142857,6.357142857142857,0.0,11.314285714285717,0.0,57.85714285714285,7,2023-04-03
2023-04-03,九州沖縄,NB-1,1.0,8190.0,1,1,2023-04-03,17.5375,23.2625,11.975,0.0,11.275,0.0,57.875,8,2023-04-03
2023-04-03,北海道,22SJ-3,2.0,43200.0,1,1,2023-04-03,3.725,9.725,-1.7000000000000002,0.0,11.8,0.0,72.625,8,2023-04-03
2023-04-03,関東,22SJ-3,1.0,20400.0,1,1,2023-04-03,12.444444444444445,17.788888888888888,8.644444444444444,0.0,9.61111111111111,0.0,57.888888888888886,9,2023-04-03
2023-04-03,関東,NB-1,4.0,34580.0,2,3,2023-04-03,12.444444444444445,17.788888888888888,8.644444444444444,0.0,9.61111111111111,0.0,57.888888888888886,9,2023-04-03
2023-04-04,中部,NB-1,4.0,32760.0,2,2,2023-04-04,12.986666666666668,20.173333333333336,5.906666666666666,0.0,10.866666666666667,0.0,61.06666666666667,15,2023-04-04
2023-04-04,近畿,NB-1,1.0,8190.0,1,1,2023-04-04,14.9375,21.825,8.1875,0.0,11.125,0.0,63.5,8,2023-04-04
2023-04-04,関東,NB-1,3.0,25480.0,2,2,2023-04-04,13.166666666666666,20.177777777777777,6.355555555555556,0.0,10.8,0.0,54.77777777777778,9,2023-04-04
2023-04-05,中部,22SJ-3,3.0,61200.0,3,3,2023-04-05,14.953333333333337,20.12,9.966666666666669,0.0333333333333333,2.546666666666667,0.0,59.46666666666667,15,2023-04-05
2023-04-05,中部,NB-1,2.0,15600.0,1,1,2023-04-05,14.953333333333337,20.12,9.966666666666669,0.0333333333333333,2.546666666666667,0.0,59.46666666666667,15,2023-04-05
2023-04-05,東北,22SJ-3,2.0,40800.0,2,2,2023-04-05,13.0375,20.7375,4.9125,0.0,4.425,0.0,57.625,8,2023-04-05
2023-04-05,関東,22SJ-3,6.0,122400.0,5,6,2023-04-05,15.444444444444445,21.75555555555556,8.666666666666666,0.0,5.922222222222222,0.0,56.22222222222222,9,2023-04-05
2023-04-06,中部,22SJ-3,6.0,122400.0,6,6,2023-04-06,16.686666666666667,20.42,13.086666666666668,2.066666666666667,0.9733333333333332,0.0,73.66666666666667,15,2023-04-06
2023-04-06,関東,22SJ-3,1.0,25200.0,1,1,2023-04-06,17.58888888888889,21.91111111111111,14.266666666666667,0.0,2.811111111111112,0.0,69.44444444444444,9,2023-04-06
2023-04-07,関東,22SJ-3,1.0,21600.0,1,1,2023-04-07,18.22222222222222,22.03333333333333,15.544444444444444,6.666666666666667,0.8444444444444444,0.0,79.33333333333333,9,2023-04-07
2023-04-11,中国,NB-1,1.0,7839.0,1,1,2023-04-11,17.485714285714288,24.071428571428573,10.171428571428573,0.0,10.05714285714286,0.0,62.57142857142857,7,2023-04-11
2023-04-11,中部,NB-1,2.0,15678.0,1,2,2023-04-11,16.726666666666667,24.3,9.12,0.0,10.506666666666666,0.0,56.46666666666667,15,2023-04-11
2023-04-11,北海道,NB-1,1.0,7839.0,1,1,2023-04-11,11.8,16.7875,6.3375,0.125,4.8875,0.0,64.75,8,2023-04-11
2023-04-11,近畿,NB-1,1.0,7839.0,1,1,2023-04-11,17.5875,23.8125,11.2625,0.0,10.325,0.0,62.75,8,2023-04-11
2023-04-12,中部,NB-1,3.0,23790.0,1,2,2023-04-12,14.353333333333332,20.026666666666664,8.966666666666667,4.766666666666667,3.066666666666667,0.0,68.93333333333334,15,2023-04-12
2023-04-12,九州沖縄,NB-1,3.0,24570.0,1,2,2023-04-12,18.35,23.1125,13.0375,8.6875,7.2,0.0,68.375,8,2023-04-12
2023-04-12,東北,NB-1,1.0,8190.0,1,1,2023-04-12,11.1,16.175,6.85,5.3125,2.5625,0.0,65.875,8,2023-04-12
2023-04-12,近畿,22SJ-3,1.0,21600.0,1,1,2023-04-12,14.9125,19.025,9.95,2.25,1.1875,0.0,73.75,8,2023-04-12
2023-04-12,関東,NB-1,2.0,16640.0,1,2,2023-04-12,17.355555555555554,23.522222222222226,12.322222222222225,1.4444444444444444,4.666666666666667,0.0,67.44444444444444,9,2023-04-12
2023-04-13,中部,NB-1,2.0,16380.0,1,2,2023-04-13,13.08,20.49333333333333,5.433333333333334,0.0,11.593333333333334,0.0,50.333333333333336,15,2023-04-13
2023-04-13,九州沖縄,NB-1,3.0,23790.0,1,1,2023-04-13,16.75,23.2625,9.9875,0.0,10.6875,0.0,54.625,8,2023-04-13
2023-04-13,東北,NB-1,1.0,8190.0,1,1,2023-04-13,12.15,18.25,5.275,0.1875,9.925,0.0,46.5,8,2023-04-13
2023-04-13,近畿,NB-1,1.0,8190.0,1,1,2023-04-13,13.725,21.2375,6.525,0.0,11.425,0.0,54.0,8,2023-04-13
2023-04-13,関東,NB-1,2.0,16029.0,1,2,2023-04-13,14.922222222222224,20.866666666666667,9.066666666666666,0.0,11.755555555555556,0.0,48.0,9,2023-04-13
2023-04-14,関東,NB-1,1.0,8190.0,1,1,2023-04-14,17.233333333333334,23.03333333333333,10.944444444444445,0.0,7.388888888888889,0.0,60.55555555555556,9,2023-04-14
2023-04-17,東北,NB-1,1.0,8190.0,1,1,2023-04-17,8.0625,10.95,6.2,0.8125,4.6875,0.0,66.375,8,2023-04-17
2023-04-17,近畿,NB-1,2.0,16380.0,1,1,2023-04-17,13.05,17.8625,9.225,1.5,7.237500000000001,0.0,64.125,8,2023-04-17
2023-04-17,関東,NB-1,4.0,32929.0,1,3,2023-04-17,14.11111111111111,19.133333333333336,9.566666666666666,0.2777777777777778,8.977777777777778,0.0,50.44444444444444,9,2023-04-17
2023-04-18,中国,NB-1,1.0,8190.0,1,1,2023-04-18,15.885714285714286,22.185714285714287,8.371428571428572,1.7857142857142858,5.614285714285715,0.0,70.28571428571429,7,2023-04-18
2023-04-18,中部,NB-1,1.0,8190.0,1,1,2023-04-18,11.573333333333332,16.720000000000002,6.2,3.966666666666667,3.86,0.0,71.8,15,2023-04-18
2023-04-18,東北,22SJ-3,1.0,21600.0,1,1,2023-04-18,10.6,15.625,5.575,1.125,4.9625,0.0,67.375,8,2023-04-18
2023-04-18,東北,NB-1,1.0,8190.0,1,1,2023-04-18,10.6,15.625,5.575,1.125,4.9625,0.0,67.375,8,2023-04-18
2023-04-18,関東,NB-1,3.0,26390.0,1,1,2023-04-18,12.122222222222222,17.4,7.677777777777777,0.9444444444444444,3.733333333333333,0.0,68.77777777777777,9,2023-04-18
2023-04-19,中部,NB-1,2.0,15600.0,1,1,2023-04-19,16.3,22.25333333333333,11.326666666666666,0.8,6.1466666666666665,0.0,77.6,15,2023-04-19
2023-04-19,近畿,NB-1,1.0,8840.0,1,1,2023-04-19,16.975,20.125,14.725,7.5,0.425,0.0,89.875,8,2023-04-19
2023-04-19,関東,22SJ-3,1.0,21600.0,1,1,2023-04-19,17.066666666666666,24.422222222222224,9.122222222222222,0.0,10.022222222222222,0.0,71.66666666666667,9,2023-04-19
2023-04-20,中国,NB-1,1.0,7800.0,1,1,2023-04-20,19.214285714285715,25.1,14.671428571428573,0.0,9.685714285714283,0.0,77.28571428571429,7,2023-04-20
2023-04-20,中部,NB-1,3.0,24570.0,1,2,2023-04-20,18.73333333333333,26.32,11.18,0.0,10.893333333333334,0.0,72.26666666666667,15,2023-04-20
2023-04-20,北海道,22SJ-3,3.0,64800.0,3,3,2023-04-20,9.8875,14.4,5.375,0.4375,3.525,0.0,69.375,8,2023-04-20
2023-04-24,中国,NB-1,1.0,8190.0,1,1,2023-04-24,13.0,15.914285714285716,10.257142857142856,0.0,0.3428571428571428,0.0,45.57142857142857,7,2023-04-24
2023-04-24,近畿,NB-1,1.0,8190.0,1,1,2023-04-24,12.8875,15.9125,10.0375,0.0,0.1375,0.0,34.625,8,2023-04-24
2023-04-24,関東,NB-1,11.0,99450.0,2,3,2023-04-24,12.655555555555557,16.700000000000003,9.666666666666666,0.0,3.211111111111111,0.0,37.0,9,2023-04-24
2023-04-25,九州沖縄,NB-1,2.0,16380.0,1,1,2023-04-25,15.0125,17.55,12.3,22.8125,0.8125,0.0,89.875,8,2023-04-25
2023-04-25,四国,NB-1,1.0,8190.0,1,1,2023-04-25,13.225,16.9,9.575,38.0,0.0,0.0,81.25,4,2023-04-25
2023-04-25,関東,NB-1,6.0,50310.0,2,4,2023-04-25,13.488888888888887,18.711111111111112,7.322222222222223,0.2222222222222222,7.088888888888889,0.0,56.0,9,2023-04-25
2023-04-26,中部,NB-1,1.0,8190.0,1,1,2023-04-26,12.833333333333334,17.293333333333333,9.646666666666668,35.03333333333333,0.7666666666666667,0.0,86.73333333333333,15,2023-04-26
2023-04-26,近畿,22SJ-3,1.0,25200.0,1,1,2023-04-26,14.2125,17.3375,10.4625,28.5,0.4625,0.0,85.5,8,2023-04-26
2023-04-26,関東,NB-1,1.0,7800.0,1,1,2023-04-26,14.72222222222222,18.01111111111111,12.266666666666667,16.666666666666668,0.1777777777777777,0.0,87.77777777777777,9,2023-04-26
2023-04-27,中部,NB-1,2.0,16380.0,2,2,2023-04-27,13.68,20.49333333333333,7.8,0.4333333333333333,11.106666666666666,0.0,65.93333333333334,15,2023-04-27
2023-04-27,九州沖縄,NB-1,1.0,8190.0,1,1,2023-04-27,16.5,22.15,10.4375,0.0,9.975,0.0,64.625,8,2023-04-27
2023-04-27,関東,NB-1,3.0,24440.0,2,2,2023-04-27,16.200000000000003,22.14444444444445,10.411111111111111,0.0555555555555555,12.655555555555557,0.0,53.55555555555556,9,2023-04-27
2023-04-28,東北,22SJ-3,1.0,21600.0,1,1,2023-04-28,14.0375,22.575,4.75,0.0,11.9,0.0,60.125,8,2023-04-28
2023-04-28,関東,NB-1,4.0,33930.0,1,2,2023-04-28,17.933333333333334,24.25555555555556,11.855555555555556,0.0,11.3,0.0,64.11111111111111,9,2023-04-28
2023-05-01,中国,NB-1,1.0,7839.0,1,1,2023-05-01,15.028571428571428,21.942857142857143,8.928571428571429,0.2142857142857142,11.742857142857144,0.0,60.142857142857146,7,2023-05-01
2023-05-01,中部,NB-1,2.0,16380.0,1,1,2023-05-01,15.513333333333332,23.35333333333333,9.24,0.0,9.933333333333334,0.0,57.06666666666667,15,2023-05-01
2023-05-01,東北,NB-1,1.0,8190.0,1,1,2023-05-01,14.9875,21.5125,10.7375,0.9375,8.8125,0.0,54.375,8,2023-05-01
2023-05-01,関東,NB-1,4.0,32409.0,2,3,2023-05-01,17.044444444444444,22.45555555555556,12.88888888888889,1.5,6.5,0.0,63.77777777777778,9,2023-05-01
2023-05-02,中部,NB-1,5.0,40170.0,2,3,2023-05-02,14.293333333333331,20.526666666666664,8.426666666666668,0.0,12.353333333333332,0.0,52.93333333333333,15,2023-05-02
2023-05-02,近畿,NB-1,5.0,41600.0,2,3,2023-05-02,15.35,21.6,9.275,0.0,12.5875,0.0,53.625,8,2023-05-02
2023-05-02,関東,NB-1,2.0,16380.0,1,2,2023-05-02,16.044444444444444,21.688888888888886,11.122222222222222,0.0,12.8,0.0,48.66666666666666,9,2023-05-02
2023-05-08,中国,NB-1,2.0,16029.0,1,2,2023-05-08,15.171428571428573,20.17142857142857,11.142857142857142,1.2142857142857142,7.571428571428571,0.0,64.14285714285714,7,2023-05-08
2023-05-08,中部,NB-1,3.0,23478.0,2,3,2023-05-08,14.786666666666669,18.90666666666667,10.393333333333334,27.666666666666668,5.680000000000001,0.0,72.66666666666667,15,2023-05-08
2023-05-08,九州沖縄,NB-1,1.0,8190.0,1,1,2023-05-08,17.974999999999998,21.9625,15.15,0.0625,8.0125,0.0,65.0,8,2023-05-08
2023-05-08,四国,NB-1,2.0,16029.0,1,1,2023-05-08,16.825,21.45,13.625,5.5,7.425,0.0,61.25,4,2023-05-08
2023-05-08,東北,NB-1,2.0,16029.0,1,2,2023-05-08,7.4125,11.95,4.625,26.25,2.2375,0.0,85.375,8,2023-05-08
2023-05-08,近畿,NB-1,5.0,39897.0,1,3,2023-05-08,14.95,18.6125,12.1375,24.3125,4.9375,0.0,68.375,8,2023-05-08
2023-05-08,関東,NB-1,7.0,55848.0,2,4,2023-05-08,13.533333333333331,18.61111111111111,9.911111111111111,39.05555555555556,3.555555555555556,0.0,78.66666666666667,9,2023-05-08
2023-05-09,中国,NB-1,1.0,8190.0,1,1,2023-05-09,15.314285714285717,22.971428571428568,7.885714285714285,0.0,12.314285714285717,0.0,57.85714285714285,7,2023-05-09
2023-05-09,北海道,22SJ-3,1.0,21600.0,1,1,2023-05-09,10.075,16.0875,3.425,0.1875,8.85,0.0,69.125,8,2023-05-09
2023-05-09,近畿,NB-1,3.0,23270.0,2,3,2023-05-09,16.125,22.8875,10.1875,0.0,12.6125,0.0,60.25,8,2023-05-09
2023-05-09,関東,22SJ-3,3.0,64800.0,3,3,2023-05-09,14.47777777777778,20.155555555555555,9.166666666666666,0.0,11.944444444444445,0.0,55.55555555555556,9,2023-05-09
2023-05-09,関東,NB-1,2.0,15080.0,1,1,2023-05-09,14.47777777777778,20.155555555555555,9.166666666666666,0.0,11.944444444444445,0.0,55.55555555555556,9,2023-05-09
2023-05-10,中部,NB-1,2.0,15600.0,1,1,2023-05-10,15.913333333333334,23.433333333333334,8.76,0.0,12.28,0.0,62.06666666666667,15,2023-05-10
2023-05-10,北海道,22SJ-3,1.0,21600.0,1,1,2023-05-10,9.275,14.0875,5.675,1.375,5.4125000000000005,0.0,74.25,8,2023-05-10
2023-05-10,近畿,22SJ-3,5.0,108000.0,5,5,2023-05-10,17.9375,25.4875,10.875,0.0,12.5625,0.0,53.75,8,2023-05-10
2023-05-10,関東,NB-1,1.0,8190.0,1,1,2023-05-10,17.11111111111111,24.41111111111111,9.877777777777778,0.0,12.288888888888888,0.0,59.44444444444444,9,2023-05-10
2023-05-12,北海道,22SJ-3,1.0,21600.0,1,1,2023-05-12,8.1,12.5375,3.65,0.0,7.25,0.0,73.375,8,2023-05-12
2023-05-12,近畿,22SJ-3,1.0,21600.0,1,1,2023-05-12,17.3,24.675,9.6,0.0,12.0125,0.0,48.75,8,2023-05-12
2023-05-12,関東,22SJ-3,1.0,21600.0,1,1,2023-05-12,16.166666666666668,21.344444444444445,11.0,0.3888888888888889,7.699999999999999,0.0,62.77777777777778,9,2023-05-12
2023-05-12,関東,NB-1,1.0,8190.0,1,1,2023-05-12,16.166666666666668,21.344444444444445,11.0,0.3888888888888889,7.699999999999999,0.0,62.77777777777778,9,2023-05-12
2023-05-15,中国,NB-1,1.0,8190.0,1,1,2023-05-15,18.928571428571427,24.814285714285717,14.014285714285714,0.0,10.771428571428572,0.0,76.14285714285714,7,2023-05-15
2023-05-15,東北,NB-1,1.0,7839.0,1,1,2023-05-15,15.0625,17.5125,13.5625,9.3125,0.0125,0.0,91.75,8,2023-05-15
2023-05-15,近畿,NB-1,1.0,6890.0,1,1,2023-05-15,19.1375,24.9375,15.275,1.1875,7.625,0.0,73.375,8,2023-05-15
2023-05-15,関東,NB-1,1.0,7839.0,1,1,2023-05-15,16.37777777777778,19.444444444444443,14.177777777777775,8.38888888888889,0.3666666666666666,0.0,86.44444444444444,9,2023-05-15
2023-05-16,中部,NB-1,5.0,39390.0,1,2,2023-05-16,18.826666666666664,26.246666666666663,11.84,0.0,12.266666666666667,0.0,64.06666666666666,15,2023-05-16
2023-05-16,九州沖縄,NB-1,1.0,8190.0,1,1,2023-05-16,22.025,28.3375,16.325,0.0,11.975,0.0,71.25,8,2023-05-16
2023-05-16,四国,NB-1,4.0,32760.0,1,2,2023-05-16,21.175,27.25,14.975,0.0,12.875,0.0,66.75,4,2023-05-16
2023-05-16,東北,NB-1,1.0,8190.0,1,1,2023-05-16,17.0375,23.1625,12.4125,0.125,9.4625,0.0,75.625,8,2023-05-16
2023-05-17,東北,NB-1,1.0,8190.0,1,1,2023-05-17,19.5125,28.75,11.225,0.0,12.1375,0.0,66.375,8,2023-05-17
2023-05-17,関東,NB-1,1.0,7540.0,1,1,2023-05-17,22.55555555555556,31.23333333333333,13.933333333333334,0.0,12.677777777777775,0.0,61.55555555555556,9,2023-05-17
2023-05-18,関東,NB-1,1.0,8190.0,1,1,2023-05-18,24.766666666666666,32.52222222222222,17.311111111111114,0.0,11.6,0.0,53.11111111111112,9,2023-05-18
2023-05-19,中部,NB-1,1.0,8190.0,1,1,2023-05-19,18.03333333333333,21.293333333333333,16.21333333333333,25.866666666666667,0.2466666666666666,0.0,84.53333333333333,15,2023-05-19
2023-05-19,関東,NB-1,1.0,7540.0,1,1,2023-05-19,20.61111111111111,25.12222222222222,17.01111111111111,12.27777777777778,0.0555555555555555,0.0,76.88888888888889,9,2023-05-19
2023-05-22,九州沖縄,NB-1,1.0,9045.0,1,1,2023-05-22,21.4,26.3375,18.15,2.0625,4.6375,0.0,78.125,8,2023-05-22
2023-05-22,関東,NB-1,2.0,19200.0,1,2,2023-05-22,21.23333333333333,27.944444444444443,15.444444444444445,14.72222222222222,7.144444444444444,0.0,78.55555555555556,9,2023-05-22
2023-05-23,中部,NB-1,4.0,37800.0,2,3,2023-05-23,15.646666666666668,19.46,13.046666666666663,8.233333333333333,3.0733333333333333,0.0,79.2,15,2023-05-23
2023-05-23,四国,NB-1,1.0,8190.0,1,1,2023-05-23,19.65,24.125,15.95,0.25,7.0,0.0,62.0,4,2023-05-23
2023-05-23,近畿,NB-1,1.0,9450.0,1,1,2023-05-23,17.8125,22.4375,14.2125,1.375,6.875,0.0,65.625,8,2023-05-23
2023-05-23,関東,NB-1,1.0,9450.0,1,1,2023-05-23,14.033333333333331,16.422222222222224,12.622222222222222,17.555555555555557,0.0222222222222222,0.0,91.44444444444444,9,2023-05-23
2023-05-24,中部,NB-1,2.0,18000.0,1,1,2023-05-24,16.14,21.87333333333333,10.96,0.2333333333333333,12.06,0.0,59.66666666666666,15,2023-05-24
2023-05-24,近畿,NB-1,1.0,7950.0,1,1,2023-05-24,17.575,23.0375,12.95,0.125,12.425,0.0,56.375,8,2023-05-24
2023-05-24,関東,NB-1,2.0,18900.0,1,2,2023-05-24,17.077777777777776,22.8,11.766666666666667,0.0555555555555555,12.477777777777778,0.0,59.22222222222222,9,2023-05-24
2023-05-25,東北,22SJ-3,1.0,21600.0,1,1,2023-05-25,16.05,24.1625,7.4125,0.0,10.3875,0.0,62.75,8,2023-05-25
2023-05-25,関東,NB-1,1.0,8700.0,1,1,2023-05-25,17.744444444444444,23.188888888888886,12.011111111111113,0.0,6.677777777777778,0.0,64.66666666666667,9,2023-05-25
2023-05-26,関東,NB-1,1.0,9450.0,1,1,2023-05-26,19.23333333333333,23.922222222222224,14.688888888888888,0.0,4.011111111111111,0.0,69.55555555555556,9,2023-05-26
2023-05-29,近畿,NB-1,2.0,18900.0,1,2,2023-05-29,21.7375,23.4875,20.4875,29.0,0.0,0.0,90.375,8,2023-05-29
2023-05-29,関東,NB-1,3.0,29340.0,1,3,2023-05-29,19.944444444444443,22.18888888888889,18.466666666666665,13.666666666666666,0.0444444444444444,0.0,92.33333333333331,9,2023-05-29
2023-05-30,中部,NB-1,3.0,27900.0,2,3,2023-05-30,19.973333333333336,24.60666666666667,17.033333333333335,4.566666666666666,4.48,0.0,81.93333333333334,15,2023-05-30
2023-05-30,関東,NB-1,3.0,28650.0,2,3,2023-05-30,21.944444444444443,27.12222222222222,18.83333333333333,4.388888888888889,6.011111111111111,0.0,78.55555555555556,9,2023-05-30
2023-05-31,中部,NB-1,1.0,9000.0,1,1,2023-05-31,18.55333333333333,22.826666666666664,15.166666666666666,0.8333333333333334,6.1,0.0,71.8,15,2023-05-31
2023-06-02,中部,NB-1,2.0,18900.0,1,1,2023-06-02,19.75333333333333,21.83333333333333,18.24,146.76666666666668,0.0,0.0,97.06666666666666,15,2023-06-02
2023-06-02,関東,NB-1,1.0,9450.0,1,1,2023-06-02,20.311111111111117,22.05555555555556,18.88888888888889,107.72222222222224,0.0,0.0,96.88888888888889,9,2023-06-02
2023-06-05,中部,NB-1,2.0,18045.0,2,2,2023-06-05,21.113333333333333,27.28666666666667,15.24,0.0,8.926666666666668,0.0,57.2,15,2023-06-05
2023-06-05,北海道,NB-1,2.0,18900.0,1,1,2023-06-05,13.25,17.9,8.8375,0.9375,7.975,0.0,73.375,8,2023-06-05
2023-06-05,近畿,NB-1,2.0,18150.0,2,2,2023-06-05,21.775,27.725,16.8125,0.0,4.45,0.0,61.5,8,2023-06-05
2023-06-05,関東,NB-1,5.0,46800.0,1,3,2023-06-05,22.866666666666667,29.511111111111116,17.244444444444444,0.0,9.38888888888889,0.0,59.22222222222222,9,2023-06-05
2023-06-06,中国,NB-1,1.0,9450.0,1,1,2023-06-06,19.014285714285712,22.02857142857143,16.714285714285715,4.142857142857143,0.2285714285714285,0.0,80.42857142857143,7,2023-06-06
2023-06-06,中部,NB-1,2.0,20700.0,1,1,2023-06-06,19.33333333333333,24.813333333333333,15.28,3.033333333333333,2.1333333333333333,0.0,70.13333333333334,15,2023-06-06
2023-06-06,九州沖縄,NB-1,1.0,9450.0,1,1,2023-06-06,19.6875,22.525,17.7375,47.375,1.5,0.0,90.5,8,2023-06-06
2023-06-06,北海道,NB-1,1.0,9450.0,1,1,2023-06-06,15.9625,21.025,9.825,0.25,8.2,0.0,76.75,8,2023-06-06
2023-06-06,近畿,NB-1,1.0,9450.0,1,1,2023-06-06,19.2125,22.8875,16.95,4.4375,0.025,0.0,77.75,8,2023-06-06
2023-06-06,関東,22SJ-3,2.0,43200.0,2,2,2023-06-06,20.966666666666665,25.522222222222226,16.799999999999997,2.2777777777777777,2.5,0.0,70.77777777777777,9,2023-06-06
2023-06-06,関東,NB-1,1.0,9450.0,1,1,2023-06-06,20.966666666666665,25.522222222222226,16.799999999999997,2.2777777777777777,2.5,0.0,70.77777777777777,9,2023-06-06
2023-06-07,中部,NB-1,1.0,9450.0,1,1,2023-06-07,20.986666666666668,27.006666666666668,15.98,2.2,9.446666666666664,0.0,74.26666666666667,15,2023-06-07
2023-06-07,関東,NB-1,1.0,9450.0,1,1,2023-06-07,22.5,28.72222222222222,17.366666666666667,2.055555555555556,9.166666666666666,0.0,69.77777777777777,9,2023-06-07
2023-06-08,関東,NB-1,1.0,9450.0,1,1,2023-06-08,22.77777777777778,27.966666666666665,18.655555555555555,2.6666666666666665,5.622222222222223,0.0,70.88888888888889,9,2023-06-08
2023-06-09,九州沖縄,NB-1,2.0,18900.0,1,1,2023-06-09,22.6375,27.1125,19.1875,0.0,4.6625,0.0,82.625,8,2023-06-09
2023-06-09,関東,NB-1,1.0,8700.0,1,1,2023-06-09,20.633333333333333,23.855555555555554,17.91111111111111,37.333333333333336,0.2777777777777778,0.0,91.77777777777776,9,2023-06-09
2023-06-12,近畿,NB-1,1.0,9450.0,1,1,2023-06-12,22.125,24.4375,20.6625,9.1875,0.0,0.0,90.75,8,2023-06-12
2023-06-12,関東,NB-1,3.0,28590.0,1,3,2023-06-12,21.03333333333333,22.866666666666667,19.91111111111111,5.055555555555555,0.0111111111111111,0.0,96.22222222222224,9,2023-06-12
2023-06-13,中国,NB-1,1.0,9450.0,1,1,2023-06-13,24.057142857142857,28.642857142857142,20.67142857142857,0.7142857142857143,5.128571428571428,0.0,79.57142857142857,7,2023-06-13
2023-06-14,中部,NB-1,1.0,9450.0,1,1,2023-06-14,22.41333333333333,25.51333333333333,20.46,3.7666666666666666,0.2266666666666666,0.0,87.13333333333334,15,2023-06-14
2023-06-14,関東,NB-1,1.0,9450.0,1,1,2023-06-14,22.477777777777774,24.966666666666665,20.87777777777778,4.888888888888889,0.0333333333333333,0.0,90.22222222222224,9,2023-06-14
2023-06-15,中部,NB-1,3.0,27750.0,2,2,2023-06-15,21.53333333333333,24.046666666666667,19.37333333333333,5.833333333333333,0.0266666666666666,0.0,89.26666666666667,15,2023-06-15
2023-06-16,中部,NB-1,1.0,9000.0,1,1,2023-06-16,21.48,26.37333333333333,17.493333333333332,9.333333333333334,7.033333333333333,0.0,76.6,15,2023-06-16
2023-06-16,近畿,NB-1,1.0,9450.0,1,1,2023-06-16,23.2,28.1625,18.725,0.0,9.6875,0.0,69.75,8,2023-06-16
2023-06-16,関東,NB-1,1.0,11250.0,1,1,2023-06-16,23.544444444444444,29.488888888888887,19.244444444444444,6.111111111111111,10.011111111111113,0.0,71.33333333333333,9,2023-06-16
2023-06-19,中部,NB-1,6.0,54045.0,1,2,2023-06-19,22.46,27.88,17.926666666666666,0.0666666666666666,10.113333333333332,0.0,70.86666666666666,15,2023-06-19
2023-06-19,九州沖縄,NB-1,1.0,9045.0,1,1,2023-06-19,25.6,30.85,20.85,0.0,10.3375,0.0,72.625,8,2023-06-19
2023-06-19,近畿,NB-1,1.0,8700.0,1,1,2023-06-19,24.2375,29.75,19.85,0.0,12.5125,0.0,62.875,8,2023-06-19
2023-06-19,関東,NB-1,4.0,37395.0,2,3,2023-06-19,23.22222222222222,27.5,19.61111111111111,0.0,6.766666666666667,0.0,68.88888888888889,9,2023-06-19
2023-06-20,中部,NB-1,2.0,22500.0,1,1,2023-06-20,21.92,26.91333333333333,17.353333333333335,2.3,8.34,0.0,69.33333333333333,15,2023-06-20
2023-06-20,北海道,NB-1,1.0,9450.0,1,1,2023-06-20,16.25,21.3875,11.2875,0.0,13.0125,0.0,72.25,8,2023-06-20
2023-06-20,関東,NB-1,2.0,18900.0,1,2,2023-06-20,22.22222222222222,26.788888888888888,19.11111111111111,0.0,6.722222222222222,0.0,68.0,9,2023-06-20
2023-06-21,中国,NB-1,1.0,9750.0,1,1,2023-06-21,23.52857142857143,26.25714285714286,21.15714285714285,11.214285714285714,0.2142857142857142,0.0,77.14285714285714,7,2023-06-21
2023-06-21,九州沖縄,NB-1,1.0,9450.0,1,1,2023-06-21,24.25,26.8625,22.325,21.9375,0.875,0.0,88.125,8,2023-06-21
2023-06-21,関東,NB-1,4.0,42000.0,2,2,2023-06-21,22.27777777777778,26.64444444444445,18.61111111111111,0.0,6.788888888888889,0.0,69.55555555555556,9,2023-06-21
2023-06-22,中部,NB-1,1.0,9450.0,1,1,2023-06-22,19.28666666666667,21.686666666666667,17.346666666666668,24.03333333333333,0.0133333333333333,0.0,85.93333333333334,15,2023-06-22
2023-06-22,近畿,NB-1,1.0,9450.0,1,1,2023-06-22,21.0125,23.9375,18.3375,27.3125,0.6,0.0,83.625,8,2023-06-22
2023-06-23,中部,NB-1,1.0,9450.0,1,1,2023-06-23,21.586666666666662,26.266666666666666,18.12,0.8666666666666667,2.64,0.0,84.0,15,2023-06-23
2023-06-23,近畿,22SJ-3,1.0,21600.0,1,1,2023-06-23,22.7125,27.175,19.675,2.75,2.925,0.0,82.75,8,2023-06-23
2023-06-23,関東,NB-1,2.0,18150.0,2,2,2023-06-23,20.55555555555556,24.37777777777778,16.733333333333334,0.6666666666666666,0.4888888888888889,0.0,87.44444444444444,9,2023-06-23
2023-06-26,中国,NB-1,1.0,9000.0,1,1,2023-06-26,24.32857142857143,27.02857142857143,21.97142857142857,12.714285714285714,0.0714285714285714,0.0,87.85714285714286,7,2023-06-26
2023-06-26,近畿,NB-1,1.0,9750.0,1,1,2023-06-26,23.8625,26.8625,21.775,4.4375,0.0375,0.0,84.375,8,2023-06-26
2023-06-26,関東,NB-1,4.0,39000.0,2,3,2023-06-26,25.133333333333333,29.5,22.155555555555555,3.6666666666666665,4.611111111111111,0.0,79.77777777777777,9,2023-06-26
2023-06-27,中部,NB-1,6.0,54450.0,1,1,2023-06-27,25.466666666666665,30.166666666666668,21.60666666666667,3.8666666666666663,3.46,0.0,78.73333333333333,15,2023-06-27
2023-06-27,東北,NB-1,1.0,9450.0,1,1,2023-06-27,23.3625,27.825,19.9,8.875,3.3625000000000003,0.0,83.875,8,2023-06-27
2023-06-27,近畿,NB-1,3.0,30900.0,2,3,2023-06-27,26.8125,31.775,22.8625,0.0,6.3375,0.0,78.375,8,2023-06-27
2023-06-27,関東,NB-1,3.0,27600.0,1,3,2023-06-27,25.355555555555554,28.55555555555556,22.87777777777778,0.1666666666666666,1.1888888888888889,0.0,82.77777777777777,9,2023-06-27
2023-06-28,関東,NB-1,2.0,21000.0,1,1,2023-06-28,26.022222222222226,31.511111111111106,22.822222222222223,10.27777777777778,4.922222222222222,0.0,83.22222222222223,9,2023-06-28
2023-06-29,関東,NB-1,1.0,9450.0,1,1,2023-06-29,26.53333333333333,32.12222222222223,22.41111111111111,4.444444444444445,9.31111111111111,0.0,78.55555555555556,9,2023-06-29
2023-06-30,中部,22SJ-3,1.0,21600.0,1,1,2023-06-30,25.02,28.58,22.613333333333333,20.566666666666663,0.5466666666666667,0.0,86.4,15,2023-06-30
2023-07-03,中国,NB-1,1.0,9045.0,1,1,2023-07-03,25.61428571428572,29.17142857142857,22.914285714285715,0.6428571428571429,4.085714285714286,0.0,84.28571428571429,7,2023-07-03
2023-07-03,中部,NB-1,3.0,31950.0,1,2,2023-07-03,25.426666666666662,30.99333333333333,21.55333333333333,0.0,8.106666666666667,0.0,77.53333333333333,15,2023-07-03
2023-07-03,九州沖縄,NB-1,1.0,9450.0,1,1,2023-07-03,25.5625,29.0125,23.075,100.375,2.6,0.0,89.875,8,2023-07-03
2023-07-03,関東,NB-1,3.0,27135.0,1,3,2023-07-03,26.577777777777776,31.866666666666667,22.37777777777778,6.611111111111111,8.533333333333333,0.0,78.33333333333333,9,2023-07-03
2023-07-04,中国,NB-1,2.0,18000.0,1,1,2023-07-04,25.97142857142857,30.714285714285715,22.214285714285715,0.0,8.485714285714286,0.0,78.85714285714286,7,2023-07-04
2023-07-04,中部,NB-1,2.0,18450.0,1,1,2023-07-04,24.953333333333333,30.673333333333336,20.98,0.6666666666666666,10.266666666666667,0.0,76.0,15,2023-07-04
2023-07-04,北海道,NB-1,1.0,9450.0,1,1,2023-07-04,17.7875,21.4875,14.9625,0.1875,7.337499999999999,0.0,84.25,8,2023-07-04
2023-07-04,関東,NB-1,1.0,8700.0,1,1,2023-07-04,25.200000000000003,29.866666666666667,21.544444444444444,1.7777777777777777,8.399999999999999,0.0,76.77777777777777,9,2023-07-04
2023-07-05,近畿,NB-1,1.0,7950.0,1,1,2023-07-05,25.0,28.45,22.9125,21.75,0.025,0.0,84.25,8,2023-07-05
2023-07-06,近畿,NB-1,2.0,18900.0,1,1,2023-07-06,27.0625,32.7125,23.0375,0.0,8.95,0.0,75.875,8,2023-07-06
2023-07-06,関東,NB-1,3.0,28650.0,1,2,2023-07-06,26.077777777777776,32.13333333333333,21.866666666666667,6.666666666666667,5.522222222222222,0.0,80.66666666666667,9,2023-07-06
2023-07-10,中国,NB-1,1.0,9450.0,1,1,2023-07-10,25.957142857142856,28.82857142857143,23.74285714285714,19.571428571428573,1.8285714285714287,0.0,83.85714285714286,7,2023-07-10
2023-07-10,東北,NB-1,1.0,9045.0,1,1,2023-07-10,25.7875,30.5125,22.625,6.4375,2.475,0.0,84.75,8,2023-07-10
2023-07-10,近畿,22SJ-3,1.0,25200.0,1,1,2023-07-10,27.1625,31.8875,24.225,5.25,3.9125,0.0,82.375,8,2023-07-10
2023-07-10,関東,NB-1,3.0,31200.0,1,2,2023-07-10,28.73333333333333,35.077777777777776,24.38888888888889,5.277777777777778,10.18888888888889,0.0,76.77777777777777,9,2023-07-10
2023-07-11,中部,NB-1,1.0,9450.0,1,1,2023-07-11,27.726666666666667,33.27333333333333,23.046666666666667,1.6333333333333333,7.866666666666666,0.0,74.06666666666666,15,2023-07-11
2023-07-11,四国,NB-1,2.0,18900.0,1,1,2023-07-11,28.175,32.9,23.85,0.0,11.925,0.0,77.5,4,2023-07-11
2023-07-11,近畿,NB-1,1.0,11250.0,1,1,2023-07-11,28.375,33.525,24.075,0.0,10.1125,0.0,74.125,8,2023-07-11
2023-07-11,関東,NB-1,1.0,9450.0,1,1,2023-07-11,28.55555555555556,34.34444444444445,24.27777777777778,8.277777777777779,11.744444444444444,0.0,75.0,9,2023-07-11
2023-07-12,中国,NB-1,1.0,9450.0,1,1,2023-07-12,27.571428571428573,31.3,23.985714285714288,2.142857142857143,1.9285714285714288,0.0,77.14285714285714,7,2023-07-12
2023-07-12,北海道,NB-1,1.0,9450.0,1,1,2023-07-12,21.0625,24.55,18.8875,15.5625,0.95,0.0,92.5,8,2023-07-12
2023-07-12,関東,NB-1,4.0,40950.0,1,2,2023-07-12,28.9,35.577777777777776,24.366666666666667,0.3888888888888889,10.733333333333333,0.0,71.22222222222223,9,2023-07-12
2023-07-14,中部,NB-1,3.0,27450.0,1,2,2023-07-14,25.72,29.86,22.446666666666665,6.1,1.2266666666666666,0.0,82.2,15,2023-07-14
2023-07-14,北海道,NB-1,1.0,9450.0,1,1,2023-07-14,19.3625,22.5625,17.425,0.25,2.8375,0.0,85.125,8,2023-07-14
2023-07-14,関東,NB-1,2.0,18150.0,2,2,2023-07-14,26.022222222222226,29.355555555555554,23.35555555555556,1.2222222222222223,0.911111111111111,0.0,81.77777777777777,9,2023-07-14
2023-07-18,四国,NB-1,3.0,28350.0,2,3,2023-07-18,29.65,34.2,25.975,0.0,11.2,0.0,74.25,4,2023-07-18
2023-07-18,東北,NB-1,1.0,9045.0,1,1,2023-07-18,25.9125,29.1125,23.0125,11.1875,1.6124999999999998,0.0,83.0,8,2023-07-18
2023-07-18,近畿,NB-1,1.0,9045.0,1,1,2023-07-18,29.7375,34.9,25.2375,0.0,10.9625,0.0,69.125,8,2023-07-18
2023-07-18,関東,NB-1,3.0,30045.0,1,2,2023-07-18,30.022222222222226,35.86666666666667,25.9,0.0555555555555555,10.344444444444443,0.0,68.22222222222223,9,2023-07-18
2023-07-19,関東,NB-1,2.0,17400.0,1,1,2023-07-19,28.15555555555555,32.05555555555556,25.366666666666667,1.1111111111111112,4.822222222222222,0.0,77.66666666666667,9,2023-07-19
2023-07-20,中部,NB-1,5.0,45450.0,1,2,2023-07-20,26.16,31.313333333333333,22.540000000000003,1.0666666666666669,9.273333333333332,0.0,74.73333333333333,15,2023-07-20
2023-07-20,近畿,NB-1,1.0,9450.0,1,1,2023-07-20,27.3375,32.3875,23.4125,0.1875,10.25,0.0,67.125,8,2023-07-20
2023-07-21,中国,NB-1,1.0,9000.0,1,1,2023-07-21,27.0,32.271428571428565,22.085714285714285,0.0,12.885714285714286,0.0,72.0,7,2023-07-21
2023-07-24,中部,NB-1,3.0,27045.0,1,2,2023-07-24,28.18,33.64666666666667,23.366666666666667,0.0,11.873333333333331,0.0,67.26666666666667,15,2023-07-24
2023-07-24,九州沖縄,NB-1,1.0,9450.0,1,1,2023-07-24,28.5125,33.5375,25.575,4.125,6.9375,0.0,79.5,8,2023-07-24
2023-07-24,近畿,NB-1,3.0,27195.0,1,2,2023-07-24,29.2,34.1125,25.325,0.0,11.4375,0.0,66.5,8,2023-07-24
2023-07-24,関東,NB-1,1.0,8700.0,1,1,2023-07-24,27.98888888888889,34.099999999999994,22.677777777777777,0.0,13.0,0.0,69.44444444444444,9,2023-07-24
2023-07-25,近畿,NB-1,1.0,7950.0,1,1,2023-07-25,29.4,34.275,25.975,0.0,9.7,0.0,69.125,8,2023-07-25
2023-07-26,中部,NB-1,2.0,18450.0,2,2,2023-07-26,28.86,34.586666666666666,24.53333333333333,0.0666666666666666,10.4,0.0,71.53333333333333,15,2023-07-26
2023-07-26,九州沖縄,NB-1,3.0,27945.0,1,2,2023-07-26,29.3,33.875,25.175,2.625,10.0375,0.0,76.0,8,2023-07-26
2023-07-26,近畿,NB-1,1.0,10200.0,1,1,2023-07-26,30.0875,36.2125,26.0,0.0,9.8875,0.0,70.125,8,2023-07-26
2023-07-26,関東,NB-1,1.0,9750.0,1,1,2023-07-26,30.311111111111117,36.833333333333336,24.62222222222222,0.0,12.511111111111113,0.0,60.66666666666666,9,2023-07-26
2023-07-27,中国,NB-1,2.0,18900.0,1,2,2023-07-27,29.942857142857143,35.871428571428574,25.314285714285717,0.0,10.928571428571429,0.0,69.71428571428571,7,2023-07-27
2023-07-27,中部,NB-1,2.0,18900.0,1,2,2023-07-27,28.633333333333333,34.54,24.56,2.8,10.68,0.0,74.0,15,2023-07-27
2023-07-27,関東,NB-1,3.0,27150.0,1,2,2023-07-27,30.022222222222226,36.15555555555555,25.98888888888889,0.9444444444444444,10.211111111111112,0.0,66.44444444444444,9,2023-07-27
2023-07-28,中国,NB-1,1.0,9000.0,1,1,2023-07-28,30.071428571428573,35.72857142857143,24.985714285714288,1.8571428571428568,12.2,0.0,69.71428571428571,7,2023-07-28
2023-07-31,中部,NB-1,1.0,9045.0,1,1,2023-07-31,29.14,34.54666666666667,25.313333333333333,0.0,7.340000000000001,0.0,71.2,15,2023-07-31
2023-07-31,近畿,NB-1,1.0,9045.0,1,1,2023-07-31,29.7375,34.8375,26.5,0.0,4.6375,0.0,69.0,8,2023-07-31
2023-07-31,関東,NB-1,1.0,8700.0,1,1,2023-07-31,30.0,35.94444444444444,26.4,1.6666666666666667,9.444444444444445,0.0,70.44444444444444,9,2023-07-31
2023-08-01,四国,NB-1,1.0,9450.0,1,1,2023-08-01,30.0,35.3,26.450000000000003,0.0,9.65,0.0,71.75,4,2023-08-01
2023-08-01,関東,NB-1,3.0,27600.0,2,2,2023-08-01,26.177777777777777,31.58888888888889,22.75555555555556,11.72222222222222,1.8111111111111111,0.0,82.33333333333333,9,2023-08-01
2023-08-02,中部,NB-1,3.0,27000.0,1,1,2023-08-02,28.33333333333333,34.373333333333335,23.366666666666667,2.0,9.48,0.0,70.73333333333333,15,2023-08-02
2023-08-02,東北,NB-1,1.0,9450.0,1,1,2023-08-02,27.8875,33.925,22.575,0.0,9.8375,0.0,73.75,8,2023-08-02
2023-08-02,関東,NB-1,1.0,9450.0,1,1,2023-08-02,28.444444444444443,35.15555555555556,22.98888888888889,2.333333333333333,11.68888888888889,0.0,72.44444444444444,9,2023-08-02
2023-08-03,近畿,NB-1,1.0,10500.0,1,1,2023-08-03,30.0375,35.375,26.3625,5.3125,10.0125,0.0,67.0,8,2023-08-03
2023-08-03,関東,NB-1,1.0,9450.0,1,1,2023-08-03,29.58888888888889,35.099999999999994,25.211111111111112,0.0,10.8,0.0,70.55555555555556,9,2023-08-03
2023-08-04,中国,NB-1,4.0,37350.0,1,2,2023-08-04,30.542857142857144,35.9,26.67142857142857,0.0,11.471428571428572,0.0,67.0,7,2023-08-04
2023-08-07,中国,NB-1,1.0,9450.0,1,1,2023-08-07,29.042857142857144,31.885714285714283,26.957142857142856,2.9285714285714284,1.2714285714285716,0.0,73.28571428571429,7,2023-08-07
2023-08-07,中部,NB-1,3.0,27495.0,1,3,2023-08-07,28.186666666666667,33.00666666666667,25.066666666666663,13.9,4.1,0.0,76.6,15,2023-08-07
2023-08-07,東北,NB-1,1.0,9450.0,1,1,2023-08-07,28.2625,34.3,24.75,0.3125,6.625,0.0,77.875,8,2023-08-07
2023-08-07,近畿,NB-1,3.0,27540.0,1,2,2023-08-07,28.925,32.575,26.3125,1.25,0.8875,0.0,73.875,8,2023-08-07
2023-08-07,関東,NB-1,3.0,28245.0,1,3,2023-08-07,29.08888888888889,34.388888888888886,25.45555555555556,0.8888888888888888,8.044444444444444,0.0,75.33333333333333,9,2023-08-07
2023-08-08,中部,NB-1,2.0,18900.0,2,2,2023-08-08,29.06,34.03333333333333,25.28,5.7,6.04,0.0,71.26666666666667,15,2023-08-08
2023-08-08,九州沖縄,NB-1,1.0,9450.0,1,1,2023-08-08,29.3625,32.6,27.35,21.0625,2.4375,0.0,77.625,8,2023-08-08
2023-08-08,近畿,NB-1,1.0,9450.0,1,1,2023-08-08,29.9375,34.3125,26.9125,1.375,4.925,0.0,70.875,8,2023-08-08
2023-08-09,近畿,NB-1,2.0,18900.0,2,2,2023-08-09,30.175,35.075,27.3625,2.0625,4.925,0.0,71.375,8,2023-08-09
2023-08-10,中部,NB-1,1.0,9450.0,1,1,2023-08-10,29.5,34.306666666666665,26.040000000000003,3.733333333333333,10.653333333333334,0.0,66.0,15,2023-08-10
2023-08-10,近畿,NB-1,1.0,9450.0,1,1,2023-08-10,30.9875,35.475,28.05,0.125,9.1625,0.0,62.875,8,2023-08-10
2023-08-14,九州沖縄,NB-1,3.0,27945.0,2,3,2023-08-14,29.4875,34.2375,26.0,0.0,11.1875,0.0,74.5,8,2023-08-14
2023-08-14,近畿,NB-1,3.0,27135.0,1,2,2023-08-14,28.7375,32.725,25.9,12.125,0.8,0.0,76.625,8,2023-08-14
2023-08-14,関東,NB-1,3.0,27540.0,1,3,2023-08-14,28.11111111111111,32.56666666666667,25.844444444444445,21.11111111111111,5.444444444444445,0.0,87.77777777777777,9,2023-08-14
2023-08-16,中国,NB-1,2.0,18900.0,1,1,2023-08-16,28.0,32.51428571428571,25.12857142857143,4.357142857142857,5.285714285714286,0.0,81.57142857142857,7,2023-08-16
2023-08-16,近畿,NB-1,1.0,7950.0,1,1,2023-08-16,29.125,33.8625,25.7625,5.4375,7.2,0.0,77.625,8,2023-08-16
2023-08-16,関東,NB-1,3.0,30450.0,1,2,2023-08-16,28.422222222222224,32.31111111111111,25.77777777777778,1.2777777777777777,4.833333333333333,0.0,80.88888888888889,9,2023-08-16
2023-08-17,関東,22SJ-3,1.0,25200.0,1,1,2023-08-17,29.200000000000003,34.077777777777776,26.022222222222226,0.3333333333333333,8.600000000000001,0.0,78.88888888888889,9,2023-08-17
2023-08-17,関東,NB-1,1.0,9000.0,1,1,2023-08-17,29.200000000000003,34.077777777777776,26.022222222222226,0.3333333333333333,8.600000000000001,0.0,78.88888888888889,9,2023-08-17
2023-08-22,中部,NB-1,2.0,18000.0,1,1,2023-08-22,29.30666666666667,34.46,25.60666666666667,6.2,8.726666666666667,0.0,75.06666666666666,15,2023-08-22
2023-08-22,九州沖縄,NB-1,1.0,9450.0,1,1,2023-08-22,29.525,33.9875,26.2875,1.75,8.6875,0.0,75.75,8,2023-08-22
2023-08-22,東北,NB-1,3.0,28350.0,1,2,2023-08-22,29.2875,34.825,24.7625,0.0,9.9,0.0,76.625,8,2023-08-22
2023-08-22,近畿,NB-1,6.0,53580.0,1,2,2023-08-22,29.8,35.225,26.6875,1.75,5.875,0.0,74.125,8,2023-08-22
2023-08-22,関東,NB-1,2.0,18150.0,2,2,2023-08-22,28.9,32.855555555555554,26.266666666666666,2.611111111111111,5.833333333333333,0.0,82.55555555555556,9,2023-08-22
2023-08-23,中部,NB-1,3.0,31950.0,1,2,2023-08-23,28.52,33.11333333333333,25.926666666666662,12.966666666666669,4.94,0.0,78.0,15,2023-08-23
2023-08-23,関東,NB-1,2.0,19950.0,2,2,2023-08-23,28.75555555555556,33.2,26.244444444444444,4.888888888888889,5.666666666666667,0.0,83.66666666666667,9,2023-08-23
2023-08-24,中部,NB-1,1.0,9450.0,1,1,2023-08-24,27.506666666666668,31.33333333333333,24.973333333333336,19.6,4.28,0.0,81.6,15,2023-08-24
2023-08-25,関東,NB-1,5.0,47250.0,2,3,2023-08-25,29.366666666666667,34.28888888888889,26.022222222222226,0.0,9.033333333333331,0.0,75.22222222222223,9,2023-08-25
2023-08-28,九州沖縄,NB-1,2.0,18000.0,1,1,2023-08-28,29.25,33.6375,25.775,2.3125,10.0625,0.0,74.375,8,2023-08-28
2023-08-28,四国,NB-1,1.0,9450.0,1,1,2023-08-28,28.55,33.0,25.05,0.0,9.775,0.0,77.0,4,2023-08-28
2023-08-28,近畿,NB-1,1.0,9045.0,1,1,2023-08-28,28.95,34.125,25.3,0.0,10.725,0.0,73.25,8,2023-08-28
2023-08-28,関東,NB-1,4.0,36600.0,2,2,2023-08-28,29.25555555555556,34.611111111111114,25.211111111111112,0.0,6.544444444444444,0.0,70.88888888888889,9,2023-08-28
2023-08-29,中部,NB-1,3.0,27900.0,1,1,2023-08-29,28.62,34.13333333333333,24.1,0.0,11.386666666666668,0.0,71.33333333333333,15,2023-08-29
2023-08-29,北海道,NB-1,1.0,9450.0,1,1,2023-08-29,21.7,24.7625,19.6,0.125,4.0125,0.0,78.375,8,2023-08-29
2023-08-29,東北,NB-1,3.0,28950.0,2,3,2023-08-29,28.175,33.8125,23.95,0.75,8.8625,0.0,77.0,8,2023-08-29
2023-08-29,近畿,NB-1,1.0,9450.0,1,1,2023-08-29,29.3375,34.7625,25.35,0.0,10.825,0.0,69.25,8,2023-08-29
2023-08-29,関東,NB-1,5.0,48900.0,2,4,2023-08-29,29.38888888888889,34.47777777777778,25.72222222222222,0.0,10.477777777777778,0.0,72.55555555555556,9,2023-08-29
2023-08-30,中部,NB-1,2.0,18495.0,1,1,2023-08-30,28.126666666666665,32.21333333333333,24.6,3.066666666666667,4.306666666666667,0.0,72.93333333333334,15,2023-08-30
2023-08-30,関東,NB-1,4.0,38400.0,2,2,2023-08-30,29.188888888888886,33.8,25.666666666666668,0.0,7.98888888888889,0.0,75.66666666666667,9,2023-08-30
2023-08-31,中国,NB-1,1.0,11250.0,1,1,2023-08-31,27.485714285714288,30.65714285714285,25.11428571428572,4.5,0.8857142857142858,0.0,77.85714285714286,7,2023-08-31
2023-08-31,関東,NB-1,2.0,18900.0,1,1,2023-08-31,29.077777777777776,34.36666666666667,25.766666666666666,0.0,8.68888888888889,0.0,72.55555555555556,9,2023-08-31
2023-09-04,中部,NB-1,1.0,9045.0,1,1,2023-09-04,27.65333333333333,32.25333333333334,24.566666666666663,9.066666666666666,1.7933333333333332,0.0,77.13333333333334,15,2023-09-04
2023-09-04,東北,NB-1,1.0,9450.0,1,1,2023-09-04,25.9625,29.775,23.325,18.4375,2.4875,0.0,86.625,8,2023-09-04
2023-09-04,近畿,NB-1,1.0,8700.0,1,1,2023-09-04,29.5375,34.2,26.1875,4.6875,4.1375,0.0,69.75,8,2023-09-04
2023-09-04,関東,NB-1,1.0,11250.0,1,1,2023-09-04,26.4,29.4,24.566666666666663,42.11111111111112,0.9333333333333332,0.0,90.77777777777776,9,2023-09-04
2023-09-05,中部,NB-1,4.0,36900.0,2,3,2023-09-05,27.82,33.513333333333335,24.6,7.7,6.946666666666667,0.0,80.06666666666666,15,2023-09-05
2023-09-05,関東,NB-1,1.0,9450.0,1,1,2023-09-05,28.8,34.17777777777778,24.966666666666665,2.2222222222222223,9.511111111111113,0.0,79.33333333333333,9,2023-09-05
2023-09-06,中部,NB-1,1.0,9000.0,1,1,2023-09-06,24.78,28.48,22.51333333333333,18.566666666666663,0.8933333333333333,0.0,87.66666666666667,15,2023-09-06
2023-09-06,四国,22SJ-3,3.0,64800.0,3,3,2023-09-06,27.875,32.75,24.775,3.875,3.55,0.0,75.5,4,2023-09-06
2023-09-07,中部,22SJ-3,2.0,43200.0,2,2,2023-09-07,25.066666666666663,29.846666666666668,21.42,2.833333333333333,5.5,0.0,76.8,15,2023-09-07
2023-09-07,中部,NB-1,1.0,9450.0,1,1,2023-09-07,25.066666666666663,29.846666666666668,21.42,2.833333333333333,5.5,0.0,76.8,15,2023-09-07
2023-09-07,九州沖縄,NB-1,1.0,9450.0,1,1,2023-09-07,28.025,32.15,24.7625,0.3125,10.9125,0.0,67.625,8,2023-09-07
2023-09-08,中部,22SJ-3,5.0,108000.0,5,5,2023-09-08,24.006666666666668,27.80666666666667,21.37333333333333,14.266666666666667,0.7733333333333333,0.0,82.13333333333334,15,2023-09-08
2023-09-08,中部,NB-1,1.0,9450.0,1,1,2023-09-08,24.006666666666668,27.80666666666667,21.37333333333333,14.266666666666667,0.7733333333333333,0.0,82.13333333333334,15,2023-09-08
2023-09-08,近畿,NB-1,2.0,18900.0,1,1,2023-09-08,25.6125,29.625,23.35,9.125,1.6,0.0,79.875,8,2023-09-08
2023-09-08,関東,NB-1,1.0,9450.0,1,1,2023-09-08,22.41111111111111,25.022222222222226,20.41111111111111,101.72222222222224,0.0,0.0,94.88888888888889,9,2023-09-08
2023-09-11,中部,NB-1,1.0,9045.0,1,1,2023-09-11,26.066666666666663,31.3,23.446666666666665,11.766666666666667,3.3400000000000003,0.0,80.6,15,2023-09-11
2023-09-11,関東,NB-1,1.0,10500.0,1,1,2023-09-11,27.766666666666666,32.01111111111111,24.977777777777774,0.0,4.677777777777778,0.0,80.11111111111111,9,2023-09-11
2023-09-12,中国,NB-1,1.0,9450.0,1,1,2023-09-12,26.0,31.214285714285715,21.62857142857143,0.0714285714285714,8.82857142857143,0.0,78.57142857142857,7,2023-09-12
2023-09-12,中部,NB-1,1.0,9450.0,1,1,2023-09-12,25.566666666666663,30.68,22.486666666666668,8.933333333333334,5.406666666666666,0.0,80.33333333333333,15,2023-09-12
2023-09-12,北海道,22SJ-3,1.0,21600.0,1,1,2023-09-12,23.5875,26.725,21.55,17.8125,1.8875,0.0,91.125,8,2023-09-12
2023-09-12,東北,22SJ-3,5.0,108000.0,5,5,2023-09-12,26.5125,32.45,23.4,9.375,7.2125,0.0,81.25,8,2023-09-12
2023-09-12,近畿,NB-1,1.0,9450.0,1,1,2023-09-12,26.1625,31.5625,23.0625,8.1875,5.625,0.0,80.375,8,2023-09-12
2023-09-12,関東,NB-1,1.0,9450.0,1,1,2023-09-12,27.4,32.01111111111111,23.844444444444445,0.0555555555555555,8.2,0.0,75.55555555555556,9,2023-09-12
2023-09-13,九州沖縄,NB-1,2.0,18000.0,1,1,2023-09-13,27.6375,31.4875,25.0875,13.75,3.2125,0.0,79.5,8,2023-09-13
2023-09-13,関東,22SJ-3,3.0,64800.0,3,3,2023-09-13,27.477777777777774,32.56666666666667,23.12222222222222,0.0,10.822222222222225,0.0,74.77777777777777,9,2023-09-13
2023-09-14,四国,NB-1,1.0,9450.0,1,1,2023-09-14,27.35,31.85,24.05,0.0,2.975,0.0,81.0,4,2023-09-14
2023-09-14,関東,NB-1,5.0,52500.0,2,2,2023-09-14,28.03333333333333,32.67777777777778,24.366666666666667,0.0,8.266666666666667,0.0,78.11111111111111,9,2023-09-14
2023-09-15,中国,NB-1,3.0,28350.0,1,1,2023-09-15,27.042857142857144,30.728571428571428,24.285714285714285,3.642857142857143,2.557142857142857,0.0,83.85714285714286,7,2023-09-15
2023-09-15,中部,NB-1,1.0,9450.0,1,1,2023-09-15,26.96,31.82,23.85333333333333,3.8,5.6866666666666665,0.0,80.66666666666667,15,2023-09-15
2023-09-15,関東,NB-1,1.0,9450.0,1,1,2023-09-15,27.62222222222222,32.422222222222224,25.155555555555555,5.0,4.822222222222222,0.0,82.22222222222223,9,2023-09-15
2023-09-19,中国,NB-1,1.0,9045.0,1,1,2023-09-19,27.071428571428573,31.82857142857143,23.442857142857143,6.357142857142857,7.1,0.0,78.85714285714286,7,2023-09-19
2023-09-19,中部,NB-1,2.0,18495.0,2,2,2023-09-19,26.91333333333333,32.25333333333334,22.98,2.7,7.98,0.0,77.46666666666667,15,2023-09-19
2023-09-19,四国,NB-1,1.0,9045.0,1,1,2023-09-19,27.875,32.375,24.1,0.625,8.5,0.0,77.25,4,2023-09-19
2023-09-19,東北,NB-1,1.0,9450.0,1,1,2023-09-19,25.5375,30.8875,22.8,17.625,4.5625,0.0,83.0,8,2023-09-19
2023-09-19,近畿,22SJ-3,1.0,25200.0,1,1,2023-09-19,27.9625,32.8125,24.6125,2.8125,8.025,0.0,75.625,8,2023-09-19
2023-09-19,近畿,NB-1,2.0,20700.0,1,2,2023-09-19,27.9625,32.8125,24.6125,2.8125,8.025,0.0,75.625,8,2023-09-19
2023-09-19,関東,NB-1,6.0,57345.0,2,4,2023-09-19,28.177777777777777,33.34444444444445,24.544444444444444,2.555555555555556,9.988888888888887,0.0,76.0,9,2023-09-19
2023-09-20,中国,NB-1,1.0,9000.0,1,1,2023-09-20,26.357142857142858,30.342857142857145,23.442857142857143,2.071428571428572,2.3285714285714287,0.0,81.57142857142857,7,2023-09-20
2023-09-20,中部,NB-1,1.0,9450.0,1,1,2023-09-20,25.96,31.09333333333333,22.92,3.1666666666666665,4.013333333333334,0.0,78.8,15,2023-09-20
2023-09-20,近畿,22SJ-3,2.0,43200.0,2,2,2023-09-20,27.1,31.1375,24.825,6.0625,2.1875,0.0,78.875,8,2023-09-20
2023-09-20,関東,NB-1,1.0,8700.0,1,1,2023-09-20,27.044444444444444,31.73333333333333,24.044444444444444,2.333333333333333,3.988888888888889,0.0,79.66666666666667,9,2023-09-20
2023-09-21,中国,22SJ-3,1.0,21600.0,1,1,2023-09-21,26.142857142857142,29.957142857142856,23.7,10.285714285714286,0.4714285714285714,0.0,82.42857142857143,7,2023-09-21
2023-09-21,九州沖縄,NB-1,2.0,18900.0,1,1,2023-09-21,27.9125,31.45,25.275,4.1875,4.3875,0.0,77.0,8,2023-09-21
2023-09-21,近畿,NB-1,1.0,9450.0,1,1,2023-09-21,27.4875,31.3375,24.5125,11.1875,1.2374999999999998,0.0,79.75,8,2023-09-21
2023-09-21,関東,NB-1,4.0,39900.0,2,3,2023-09-21,25.855555555555554,27.944444444444443,23.711111111111112,3.9444444444444446,0.3111111111111111,0.0,86.44444444444444,9,2023-09-21
2023-09-22,関東,NB-1,3.0,28200.0,1,2,2023-09-22,25.03333333333333,28.91111111111111,22.044444444444444,17.666666666666668,0.5333333333333333,0.0,86.88888888888889,9,2023-09-22
2023-09-25,東北,22SJ-3,1.0,21600.0,1,1,2023-09-25,19.2375,25.3375,12.725,0.0625,5.625,0.0,77.5,8,2023-09-25
2023-09-25,近畿,NB-1,1.0,9450.0,1,1,2023-09-25,25.3125,30.4875,21.25,0.0,8.0,0.0,62.5,8,2023-09-25
2023-09-25,関東,NB-1,5.0,49290.0,2,3,2023-09-25,21.98888888888889,27.366666666666667,17.211111111111112,0.0,7.51111111111111,0.0,70.88888888888889,9,2023-09-25
2023-09-26,中部,NB-1,1.0,9450.0,1,1,2023-09-26,22.973333333333336,27.24,19.22,0.1333333333333333,3.426666666666667,0.0,71.8,15,2023-09-26
2023-09-26,関東,NB-1,2.0,22500.0,2,2,2023-09-26,23.6,28.266666666666666,19.23333333333333,0.0,5.177777777777778,0.0,73.11111111111111,9,2023-09-26
2023-09-27,中部,NB-1,1.0,9000.0,1,1,2023-09-27,24.37333333333333,28.78,21.1,3.433333333333333,4.14,0.0,78.0,15,2023-09-27
2023-09-27,関東,NB-1,1.0,10500.0,1,1,2023-09-27,24.56666666666667,28.811111111111117,21.933333333333334,0.0,2.833333333333333,0.0,80.66666666666667,9,2023-09-27
2023-09-28,中国,NB-1,1.0,9450.0,1,1,2023-09-28,25.17142857142857,28.8,21.77142857142857,1.6428571428571428,2.9857142857142853,0.0,78.42857142857143,7,2023-09-28
2023-09-28,関東,NB-1,3.0,27600.0,2,3,2023-09-28,26.311111111111117,31.577777777777776,22.45555555555556,0.0,6.644444444444444,0.0,80.0,9,2023-09-28
2023-09-29,中国,22SJ-3,5.0,108000.0,5,5,2023-09-29,24.457142857142856,30.042857142857144,20.15714285714285,0.0,10.685714285714283,0.0,73.0,7,2023-09-29
2023-10-02,中国,22SJ-3,1.0,21600.0,1,1,2023-10-02,20.314285714285717,26.61428571428571,15.542857142857144,0.0,9.757142857142856,0.0,61.142857142857146,7,2023-10-02
2023-10-02,中部,NB-1,3.0,28245.0,1,3,2023-10-02,20.173333333333336,25.56,15.373333333333331,0.1333333333333333,9.346666666666666,0.0,62.46666666666667,15,2023-10-02
2023-10-02,九州沖縄,NB-1,2.0,18495.0,1,2,2023-10-02,23.3,27.95,19.325,1.4375,8.5,0.0,61.75,8,2023-10-02
2023-10-02,四国,NB-1,1.0,9450.0,1,1,2023-10-02,22.5,27.325,18.35,0.0,9.225,0.0,54.0,4,2023-10-02
2023-10-02,東北,22SJ-3,2.0,43200.0,2,2,2023-10-02,18.2625,23.4,13.9875,3.25,7.1,0.0,66.875,8,2023-10-02
2023-10-02,近畿,NB-1,2.0,18495.0,2,2,2023-10-02,21.55,26.4,17.3375,0.0,10.15,0.0,56.5,8,2023-10-02
2023-10-02,関東,NB-1,5.0,45240.0,2,4,2023-10-02,22.11111111111111,26.077777777777776,18.711111111111112,0.1666666666666666,5.666666666666667,0.0,60.22222222222222,9,2023-10-02
2023-10-03,中部,NB-1,1.0,9450.0,1,1,2023-10-03,19.313333333333333,24.906666666666663,13.593333333333334,3.6666666666666665,6.426666666666667,0.0,66.73333333333333,15,2023-10-03
2023-10-03,九州沖縄,NB-1,1.0,9450.0,1,1,2023-10-03,23.5875,27.7625,19.675,1.625,2.3125,0.0,66.5,8,2023-10-03
2023-10-03,北海道,22SJ-3,1.0,21600.0,1,1,2023-10-03,15.825,20.075,12.0625,2.0625,6.2625,0.0,66.5,8,2023-10-03
2023-10-03,北海道,NB-1,1.0,9450.0,1,1,2023-10-03,15.825,20.075,12.0625,2.0625,6.2625,0.0,66.5,8,2023-10-03
2023-10-03,近畿,NB-1,1.0,9450.0,1,1,2023-10-03,20.7625,25.7125,15.3875,1.6875,4.5625,0.0,64.625,8,2023-10-03
2023-10-03,関東,NB-1,1.0,9450.0,1,1,2023-10-03,21.422222222222224,26.4,15.7,0.0,9.0,0.0,59.333333333333336,9,2023-10-03
2023-10-04,関東,22SJ-3,1.0,21600.0,1,1,2023-10-04,18.72222222222222,21.51111111111111,16.977777777777778,14.72222222222222,0.0555555555555555,0.0,89.22222222222223,9,2023-10-04
2023-10-05,関東,22SJ-3,1.0,21600.0,1,1,2023-10-05,19.322222222222223,25.23333333333333,15.72222222222222,0.0,2.933333333333333,0.0,75.77777777777777,9,2023-10-05
2023-10-05,関東,NB-1,2.0,17400.0,2,2,2023-10-05,19.322222222222223,25.23333333333333,15.72222222222222,0.0,2.933333333333333,0.0,75.77777777777777,9,2023-10-05
2023-10-06,関東,22SJ-3,6.0,129600.0,6,6,2023-10-06,19.200000000000003,25.11111111111111,14.066666666666668,0.0,10.8,0.0,46.11111111111112,9,2023-10-06
2023-10-06,関東,NB-1,5.0,51450.0,1,3,2023-10-06,19.200000000000003,25.11111111111111,14.066666666666668,0.0,10.8,0.0,46.11111111111112,9,2023-10-06
2023-10-10,中国,NB-1,2.0,18900.0,1,1,2023-10-10,20.11428571428572,24.65714285714285,16.342857142857145,2.357142857142857,5.7,0.0,67.71428571428571,7,2023-10-10
2023-10-10,中部,NB-1,3.0,27540.0,1,3,2023-10-10,18.48,23.72,14.953333333333337,8.1,3.64,0.0,82.4,15,2023-10-10
2023-10-10,九州沖縄,NB-1,3.0,28350.0,1,1,2023-10-10,22.775,26.45,19.8875,0.0,7.65,0.0,66.0,8,2023-10-10
2023-10-10,近畿,NB-1,1.0,10200.0,1,1,2023-10-10,20.325,24.5125,17.4,0.3125,4.55,0.0,71.875,8,2023-10-10
2023-10-10,関東,22SJ-3,1.0,28800.0,1,1,2023-10-10,19.677777777777777,25.822222222222223,16.06666666666667,11.22222222222222,3.711111111111111,0.0,82.44444444444444,9,2023-10-10
2023-10-10,関東,NB-1,9.0,83040.0,1,3,2023-10-10,19.677777777777777,25.822222222222223,16.06666666666667,11.22222222222222,3.711111111111111,0.0,82.44444444444444,9,2023-10-10
2023-10-11,中部,NB-1,2.0,18000.0,1,1,2023-10-11,17.233333333333334,22.99333333333333,12.92,0.3666666666666666,6.886666666666667,0.0,68.26666666666667,15,2023-10-11
2023-10-11,近畿,NB-1,1.0,7950.0,1,1,2023-10-11,19.4125,24.575,15.4,0.0,7.7875,0.0,58.625,8,2023-10-11
2023-10-11,関東,NB-1,1.0,8700.0,1,1,2023-10-11,19.03333333333333,23.855555555555554,14.988888888888887,0.0,7.166666666666667,0.0,61.55555555555556,9,2023-10-11
2023-10-12,九州沖縄,NB-1,1.0,11250.0,1,1,2023-10-12,20.8875,25.8125,16.325,0.0,9.375,0.0,61.625,8,2023-10-12
2023-10-12,関東,22SJ-3,1.0,23400.0,1,1,2023-10-12,18.55555555555556,23.3,14.5,0.0,9.68888888888889,0.0,63.44444444444444,9,2023-10-12
2023-10-16,中国,NB-1,1.0,9000.0,1,1,2023-10-16,18.4,24.928571428571427,12.985714285714286,0.1428571428571428,8.585714285714285,0.0,70.0,7,2023-10-16
2023-10-16,九州沖縄,NB-1,1.0,9045.0,1,1,2023-10-16,20.7625,25.9875,16.4875,0.0,9.1875,0.0,62.875,8,2023-10-16
2023-10-16,四国,NB-1,2.0,18900.0,1,1,2023-10-16,19.75,25.375,14.75,0.0,8.4,0.0,62.5,4,2023-10-16
2023-10-16,近畿,NB-1,2.0,18090.0,1,2,2023-10-16,19.3125,24.5875,15.2625,0.25,7.925,0.0,69.0,8,2023-10-16
2023-10-16,関東,NB-1,6.0,57990.0,2,3,2023-10-16,18.53333333333333,25.066666666666663,12.11111111111111,0.0,9.911111111111111,0.0,70.66666666666667,9,2023-10-16
2023-10-17,中部,NB-1,4.0,39600.0,1,2,2023-10-17,16.826666666666668,23.02,11.793333333333331,0.0,9.246666666666666,0.0,69.13333333333334,15,2023-10-17
2023-10-17,関東,NB-1,1.0,9450.0,1,1,2023-10-17,18.51111111111111,24.433333333333334,13.788888888888888,0.0,10.61111111111111,0.0,62.22222222222222,9,2023-10-17
2023-10-18,中部,NB-1,2.0,18450.0,1,1,2023-10-18,16.553333333333335,23.466666666666665,10.633333333333333,0.0,9.866666666666667,0.0,69.2,15,2023-10-18
2023-10-18,関東,22SJ-3,1.0,21600.0,1,1,2023-10-18,18.288888888888888,24.11111111111111,12.1,0.0,8.855555555555556,0.0,66.0,9,2023-10-18
2023-10-18,関東,NB-1,1.0,9750.0,1,1,2023-10-18,18.288888888888888,24.11111111111111,12.1,0.0,8.855555555555556,0.0,66.0,9,2023-10-18
2023-10-19,中部,NB-1,2.0,18900.0,2,2,2023-10-19,18.05333333333333,24.726666666666667,12.386666666666668,0.1333333333333333,8.653333333333334,0.0,69.26666666666667,15,2023-10-19
2023-10-19,関東,22SJ-3,1.0,23400.0,1,1,2023-10-19,19.577777777777776,24.91111111111111,14.555555555555555,0.0,8.844444444444443,0.0,71.66666666666667,9,2023-10-19
2023-10-20,関東,22SJ-3,1.0,25200.0,1,1,2023-10-20,20.677777777777777,26.066666666666663,15.377777777777778,0.0,7.822222222222223,0.0,70.66666666666667,9,2023-10-20
2023-10-20,関東,NB-1,2.0,18900.0,1,1,2023-10-20,20.677777777777777,26.066666666666663,15.377777777777778,0.0,7.822222222222223,0.0,70.66666666666667,9,2023-10-20
2023-10-23,中国,NB-1,1.0,9450.0,1,1,2023-10-23,17.17142857142857,23.87142857142857,12.014285714285714,0.0,10.228571428571428,0.0,70.14285714285714,7,2023-10-23
2023-10-23,中部,NB-1,3.0,27000.0,1,1,2023-10-23,14.646666666666668,22.03333333333333,9.14,0.4333333333333333,7.8,0.0,71.13333333333334,15,2023-10-23
2023-10-23,四国,22SJ-3,1.0,21600.0,1,1,2023-10-23,17.725,23.75,12.725,0.0,10.15,0.0,68.75,4,2023-10-23
2023-10-23,近畿,NB-1,1.0,9450.0,1,1,2023-10-23,16.4,22.975,11.225,0.0,10.0875,0.0,68.5,8,2023-10-23
2023-10-23,関東,NB-1,1.0,10500.0,1,1,2023-10-23,16.133333333333333,22.744444444444444,10.355555555555556,0.0,9.488888888888887,0.0,64.11111111111111,9,2023-10-23
2023-10-24,中国,NB-1,1.0,9450.0,1,1,2023-10-24,16.928571428571427,23.74285714285714,11.785714285714286,0.0,8.557142857142859,0.0,73.57142857142857,7,2023-10-24
2023-10-24,九州沖縄,NB-1,1.0,9450.0,1,1,2023-10-24,18.6125,24.2625,13.6,0.3125,8.0375,0.0,68.75,8,2023-10-24
2023-10-24,関東,NB-1,3.0,28650.0,2,3,2023-10-24,17.31111111111111,23.566666666666663,11.977777777777778,0.0,9.566666666666666,0.0,71.77777777777777,9,2023-10-24
2023-10-25,中部,NB-1,2.0,18900.0,2,2,2023-10-25,15.233333333333333,21.51333333333333,10.953333333333337,0.1666666666666666,6.926666666666666,0.0,73.2,15,2023-10-25
2023-10-25,東北,NB-1,1.0,9450.0,1,1,2023-10-25,13.45,20.4875,8.75,2.25,5.8,0.0,83.25,8,2023-10-25
2023-10-25,関東,NB-1,1.0,8700.0,1,1,2023-10-25,17.422222222222224,22.41111111111111,12.8,3.388888888888889,5.411111111111111,0.0,72.33333333333333,9,2023-10-25
2023-10-26,近畿,NB-1,1.0,8700.0,1,1,2023-10-26,17.0,23.1375,12.1125,0.0,8.875,0.0,72.0,8,2023-10-26
2023-10-27,近畿,NB-1,1.0,9450.0,1,1,2023-10-27,16.025,23.15,12.3375,4.1875,6.75,0.0,77.75,8,2023-10-27
2023-10-27,関東,NB-1,1.0,10500.0,1,1,2023-10-27,17.12222222222222,23.03333333333333,12.177777777777775,0.0,9.033333333333331,0.0,69.0,9,2023-10-27
2023-10-30,中国,NB-1,1.0,9450.0,1,1,2023-10-30,14.571428571428571,21.75714285714286,8.985714285714286,0.0,9.685714285714283,0.0,71.42857142857143,7,2023-10-30
2023-10-30,中部,22SJ-3,1.0,21600.0,1,1,2023-10-30,14.106666666666666,20.82,8.78,1.1333333333333333,8.139999999999999,0.0,72.6,15,2023-10-30
2023-10-30,中部,NB-1,5.0,45045.0,1,2,2023-10-30,14.106666666666666,20.82,8.78,1.1333333333333333,8.139999999999999,0.0,72.6,15,2023-10-30
2023-10-30,四国,NB-1,1.0,9450.0,1,1,2023-10-30,16.175,22.15,11.175,0.0,9.0,0.0,64.5,4,2023-10-30
2023-10-30,近畿,NB-1,1.0,9045.0,1,1,2023-10-30,15.2375,20.9375,10.725,0.0625,7.0375,0.0,71.25,8,2023-10-30
2023-10-30,関東,NB-1,1.0,9750.0,1,1,2023-10-30,16.5,22.03333333333333,10.711111111111112,0.0,9.744444444444444,0.0,64.0,9,2023-10-30
2023-10-31,中部,NB-1,1.0,9450.0,1,1,2023-10-31,14.686666666666667,21.266666666666666,9.373333333333331,0.3333333333333333,7.173333333333333,0.0,75.8,15,2023-10-31
2023-10-31,近畿,NB-1,1.0,9450.0,1,1,2023-10-31,15.9125,22.125,11.2,0.0,9.6,0.0,67.75,8,2023-10-31
2023-10-31,関東,NB-1,1.0,9450.0,1,1,2023-10-31,16.944444444444443,21.666666666666668,13.0,0.0,5.455555555555556,0.0,71.55555555555556,9,2023-10-31
2023-11-01,中部,NB-1,5.0,46350.0,1,2,2023-11-01,15.28,22.36,9.793333333333331,0.0,9.673333333333334,0.0,70.73333333333333,15,2023-11-01
2023-11-01,近畿,NB-1,2.0,18900.0,1,1,2023-11-01,16.0625,22.375,10.65,0.0,9.8875,0.0,71.75,8,2023-11-01
2023-11-01,関東,22SJ-3,2.0,46800.0,2,2,2023-11-01,17.188888888888886,23.05555555555556,12.211111111111112,0.0,9.733333333333333,0.0,74.22222222222223,9,2023-11-01
2023-11-01,関東,NB-1,2.0,21000.0,1,1,2023-11-01,17.188888888888886,23.05555555555556,12.211111111111112,0.0,9.733333333333333,0.0,74.22222222222223,9,2023-11-01
2023-11-02,中国,NB-1,1.0,9450.0,1,1,2023-11-02,18.514285714285712,25.74285714285714,12.471428571428572,0.0,9.742857142857144,0.0,77.0,7,2023-11-02
2023-11-02,関東,NB-1,1.0,8700.0,1,1,2023-11-02,17.555555555555557,24.811111111111117,12.144444444444444,0.0,8.122222222222222,0.0,70.0,9,2023-11-02
2023-11-06,中国,NB-1,1.0,9000.0,1,1,2023-11-06,22.071428571428573,25.985714285714288,18.12857142857143,6.571428571428571,0.1428571428571428,0.0,75.0,7,2023-11-06
2023-11-06,中部,22SJ-3,1.0,21600.0,1,1,2023-11-06,20.826666666666664,24.68,16.919999999999998,8.9,1.72,0.0,71.6,15,2023-11-06
2023-11-06,中部,NB-1,1.0,9045.0,1,1,2023-11-06,20.826666666666664,24.68,16.919999999999998,8.9,1.72,0.0,71.6,15,2023-11-06
2023-11-06,九州沖縄,NB-1,3.0,27540.0,2,3,2023-11-06,22.1375,26.2,18.8375,4.9375,1.675,0.0,79.5,8,2023-11-06
2023-11-06,四国,NB-1,4.0,37800.0,1,2,2023-11-06,23.05,26.225,20.075,29.375,0.0,0.0,82.25,4,2023-11-06
2023-11-06,近畿,NB-1,3.0,28995.0,1,2,2023-11-06,22.3625,25.7375,19.3125,8.875,0.5625,0.0,74.625,8,2023-11-06
2023-11-07,中部,NB-1,1.0,9450.0,1,1,2023-11-07,18.026666666666664,23.02,12.686666666666667,24.8,3.94,0.0,72.06666666666666,15,2023-11-07
2023-11-08,中部,NB-1,2.0,18000.0,1,1,2023-11-08,14.366666666666667,19.88,9.746666666666666,0.0,8.133333333333333,0.0,70.53333333333333,15,2023-11-08
2023-11-08,関東,NB-1,1.0,9450.0,1,1,2023-11-08,16.366666666666667,21.166666666666668,12.81111111111111,0.0,9.72222222222222,0.0,62.66666666666666,9,2023-11-08
2023-11-09,中国,NB-1,2.0,18900.0,1,1,2023-11-09,16.814285714285713,24.0,10.757142857142856,0.0,6.757142857142857,0.0,72.14285714285714,7,2023-11-09
2023-11-09,九州沖縄,NB-1,2.0,18900.0,1,2,2023-11-09,19.85,25.3625,15.6,0.5625,3.9875,0.0,73.0,8,2023-11-09
2023-11-09,近畿,NB-1,2.0,18900.0,2,2,2023-11-09,17.4125,23.5375,12.45,0.0,5.95,0.0,74.625,8,2023-11-09
2023-11-09,関東,NB-1,1.0,11250.0,1,1,2023-11-09,15.955555555555556,20.55555555555556,12.366666666666667,0.0,5.644444444444444,0.0,71.77777777777777,9,2023-11-09
2023-11-10,近畿,22SJ-3,1.0,21600.0,1,1,2023-11-10,17.1,18.325,15.5625,24.875,0.0,0.0,92.0,8,2023-11-10
2023-11-13,中国,NB-1,2.0,18000.0,1,1,2023-11-13,8.342857142857143,12.485714285714286,5.471428571428571,20.785714285714285,2.7857142857142856,0.0,79.85714285714286,7,2023-11-13
2023-11-14,九州沖縄,NB-1,1.0,9450.0,1,1,2023-11-14,12.4125,18.2,6.7125,0.0,7.375,0.0,64.25,8,2023-11-14
2023-11-14,関東,22SJ-3,1.0,25200.0,1,1,2023-11-14,11.088888888888889,17.555555555555557,4.666666666666667,0.0,9.644444444444444,0.0,54.0,9,2023-11-14
2023-11-14,関東,NB-1,2.0,18900.0,1,2,2023-11-14,11.088888888888889,17.555555555555557,4.666666666666667,0.0,9.644444444444444,0.0,54.0,9,2023-11-14
2023-11-15,中部,NB-1,2.0,18000.0,1,1,2023-11-15,9.013333333333332,15.013333333333332,4.6866666666666665,1.4666666666666666,4.52,0.0,77.86666666666666,15,2023-11-15
2023-11-20,中国,22SJ-3,1.0,21600.0,1,1,2023-11-20,12.442857142857145,17.571428571428573,7.071428571428571,1.0714285714285714,5.985714285714286,0.0,65.0,7,2023-11-20
2023-11-20,中国,NB-1,2.0,18900.0,1,1,2023-11-20,12.442857142857145,17.571428571428573,7.071428571428571,1.0714285714285714,5.985714285714286,0.0,65.0,7,2023-11-20
2023-11-20,中部,NB-1,1.0,9045.0,1,1,2023-11-20,9.873333333333331,14.766666666666667,5.213333333333334,5.333333333333333,5.126666666666667,0.0,67.33333333333333,15,2023-11-20
2023-11-20,九州沖縄,NB-1,1.0,9450.0,1,1,2023-11-20,14.7,20.025,9.8625,0.0,9.1875,0.0,63.25,8,2023-11-20
2023-11-20,近畿,NB-1,1.0,7950.0,1,1,2023-11-20,11.9875,16.4625,8.025,1.0,4.875,0.0,65.875,8,2023-11-20
2023-11-20,関東,22SJ-3,1.0,21600.0,1,1,2023-11-20,11.288888888888888,17.48888888888889,6.622222222222223,0.0,9.266666666666667,0.0,57.55555555555556,9,2023-11-20
2023-11-20,関東,NB-1,3.0,26790.0,1,2,2023-11-20,11.288888888888888,17.48888888888889,6.622222222222223,0.0,9.266666666666667,0.0,57.55555555555556,9,2023-11-20
2023-11-22,中部,NB-1,2.0,18000.0,1,1,2023-11-22,11.16,19.126666666666665,5.3533333333333335,0.0,9.153333333333334,0.0,75.73333333333333,15,2023-11-22
2023-11-22,関東,NB-1,1.0,9450.0,1,1,2023-11-22,12.333333333333334,19.633333333333333,5.522222222222222,0.0,9.411111111111111,0.0,70.66666666666667,9,2023-11-22
2023-11-24,関東,22SJ-3,2.0,43200.0,2,2,2023-11-24,15.033333333333337,22.98888888888889,8.600000000000001,0.0,9.233333333333333,0.0,59.44444444444444,9,2023-11-24
2023-11-24,関東,NB-1,1.0,9000.0,1,1,2023-11-24,15.033333333333337,22.98888888888889,8.600000000000001,0.0,9.233333333333333,0.0,59.44444444444444,9,2023-11-24
2023-11-27,近畿,NB-1,2.0,18900.0,1,1,2023-11-27,9.675,13.4,5.0,0.375,2.85,0.0,79.75,8,2023-11-27
2023-11-27,関東,22SJ-3,1.0,25200.0,1,1,2023-11-27,10.088888888888889,15.5,5.011111111111111,0.0,7.98888888888889,0.0,76.88888888888889,9,2023-11-27
2023-11-28,中国,NB-1,4.0,37800.0,1,2,2023-11-28,10.914285714285716,15.842857142857142,6.042857142857143,2.142857142857143,4.014285714285714,0.0,69.0,7,2023-11-28
2023-11-28,中部,22SJ-3,1.0,21600.0,1,1,2023-11-28,10.806666666666668,16.526666666666667,6.38,6.6,3.8866666666666654,0.0,70.33333333333333,15,2023-11-28
2023-11-28,中部,NB-1,2.0,18900.0,1,1,2023-11-28,10.806666666666668,16.526666666666667,6.38,6.6,3.8866666666666654,0.0,70.33333333333333,15,2023-11-28
2023-11-28,関東,22SJ-3,1.0,21600.0,1,1,2023-11-28,13.333333333333334,21.23333333333333,7.377777777777776,0.0,8.033333333333333,0.0,60.333333333333336,9,2023-11-28
2023-11-29,中部,NB-1,3.0,27000.0,1,1,2023-11-29,8.48,12.606666666666667,4.926666666666667,3.8333333333333335,4.066666666666666,0.0,65.46666666666667,15,2023-11-29
2023-11-29,九州沖縄,NB-1,1.0,9450.0,1,1,2023-11-29,13.05,18.075,8.6625,0.0,5.7,0.0,68.625,8,2023-11-29
2023-11-30,九州沖縄,22SJ-3,1.0,21600.0,1,1,2023-11-30,11.85,14.9625,9.5125,0.0,1.4,0.0,64.875,8,2023-11-30
2023-11-30,近畿,NB-1,1.0,11250.0,1,1,2023-11-30,9.45,13.35,6.475,0.6875,4.9625,0.0,63.625,8,2023-11-30
2023-11-30,関東,NB-1,1.0,8700.0,1,1,2023-11-30,9.344444444444443,16.11111111111111,4.944444444444445,0.0,6.977777777777778,0.0,54.22222222222222,9,2023-11-30
2023-12-04,九州沖縄,NB-1,1.0,9045.0,1,1,2023-12-04,10.8,16.275,5.6625,8.625,7.15,0.0,73.5,8,2023-12-04
2023-12-04,東北,NB-1,1.0,9450.0,1,1,2023-12-04,4.0,8.85,-0.225,0.125,5.3375,0.0,82.625,8,2023-12-04
2023-12-04,近畿,NB-1,2.0,18090.0,1,1,2023-12-04,7.175,13.0125,3.075,0.0,8.5125,0.0,73.125,8,2023-12-04
2023-12-04,関東,22SJ-3,1.0,25200.0,1,1,2023-12-04,8.100000000000001,14.033333333333331,3.2,0.0,9.333333333333334,0.0,56.55555555555556,9,2023-12-04
2023-12-04,関東,NB-1,1.0,9450.0,1,1,2023-12-04,8.100000000000001,14.033333333333331,3.2,0.0,9.333333333333334,0.0,56.55555555555556,9,2023-12-04
2023-12-05,中部,22SJ-3,5.0,86400.0,4,5,2023-12-05,5.8,8.78,2.16,0.4333333333333333,0.5,0.0,72.8,15,2023-12-05
2023-12-05,中部,NB-1,2.0,18000.0,1,1,2023-12-05,5.8,8.78,2.16,0.4333333333333333,0.5,0.0,72.8,15,2023-12-05
2023-12-05,近畿,NB-1,2.0,19650.0,2,2,2023-12-05,7.775,10.0875,4.75,1.0625,0.0375,0.0,78.25,8,2023-12-05
2023-12-05,関東,22SJ-3,1.0,25200.0,1,1,2023-12-05,7.111111111111111,10.2,3.333333333333333,0.5,0.0,0.0,69.88888888888889,9,2023-12-05
2023-12-05,関東,NB-1,1.0,10500.0,1,1,2023-12-05,7.111111111111111,10.2,3.333333333333333,0.5,0.0,0.0,69.88888888888889,9,2023-12-05
2023-12-06,中部,NB-1,1.0,9450.0,1,1,2023-12-06,9.173333333333334,15.92,3.8866666666666654,0.0,7.98,0.0,66.66666666666667,15,2023-12-06
2023-12-07,中部,22SJ-3,1.0,21600.0,1,1,2023-12-07,9.526666666666667,15.16,5.16,2.5,4.406666666666667,0.0,63.4,15,2023-12-07
2023-12-07,北海道,NB-1,1.0,7950.0,1,1,2023-12-07,6.675,10.525,1.225,4.6875,0.4499999999999999,0.0,83.625,8,2023-12-07
2023-12-07,関東,22SJ-3,2.0,43200.0,2,2,2023-12-07,11.944444444444445,18.8,6.8,0.0,8.422222222222222,0.0,59.55555555555556,9,2023-12-07
2023-12-08,中部,NB-1,2.0,18000.0,1,1,2023-12-08,8.446666666666667,15.24,3.16,0.1333333333333333,8.38,0.0,63.93333333333333,15,2023-12-08
2023-12-08,近畿,NB-1,1.0,9450.0,1,1,2023-12-08,9.0375,15.275,4.05,0.0,9.0,0.0,64.75,8,2023-12-08
2023-12-11,中部,22SJ-3,2.0,43200.0,2,2,2023-12-11,10.48,14.366666666666667,7.453333333333333,6.6,2.966666666666667,0.0,76.66666666666667,15,2023-12-11
2023-12-11,中部,NB-1,1.0,9450.0,1,1,2023-12-11,10.48,14.366666666666667,7.453333333333333,6.6,2.966666666666667,0.0,76.66666666666667,15,2023-12-11
2023-12-11,九州沖縄,NB-1,1.0,9045.0,1,1,2023-12-11,17.0375,19.6375,14.9125,20.75,0.375,0.0,88.625,8,2023-12-11
2023-12-11,近畿,NB-1,1.0,9045.0,1,1,2023-12-11,13.525,17.225,10.85,7.8125,3.6875,0.0,75.875,8,2023-12-11
2023-12-11,関東,NB-1,3.0,27945.0,1,3,2023-12-11,12.433333333333334,15.966666666666663,9.033333333333337,0.2777777777777778,1.1777777777777778,0.0,75.66666666666667,9,2023-12-11
2023-12-12,中国,22SJ-3,1.0,21600.0,1,1,2023-12-12,13.642857142857142,17.714285714285715,10.071428571428571,6.428571428571429,0.5999999999999999,0.0,83.42857142857143,7,2023-12-12
2023-12-12,東北,22SJ-3,1.0,21600.0,1,1,2023-12-12,5.425,8.9375,2.975,13.9375,0.65,0.25,85.125,8,2023-12-12
2023-12-12,近畿,NB-1,1.0,7950.0,1,1,2023-12-12,13.6125,16.599999999999998,11.0125,8.875,0.175,0.0,84.5,8,2023-12-12
2023-12-12,関東,NB-1,4.0,38850.0,1,2,2023-12-12,12.588888888888889,16.87777777777778,9.77777777777778,13.77777777777778,1.477777777777778,0.0,82.33333333333333,9,2023-12-12
2023-12-13,関東,NB-1,1.0,8700.0,1,1,2023-12-13,10.233333333333333,14.855555555555554,6.033333333333333,0.0555555555555555,9.211111111111112,0.0,54.333333333333336,9,2023-12-13
2023-12-14,関東,NB-1,1.0,8700.0,1,1,2023-12-14,9.044444444444444,14.177777777777775,4.155555555555555,0.0,7.2666666666666675,0.0,65.11111111111111,9,2023-12-14
2023-12-15,中部,NB-1,3.0,28350.0,1,1,2023-12-15,11.973333333333333,17.333333333333332,7.08,11.666666666666666,0.3733333333333333,0.0,88.0,15,2023-12-15
2023-12-15,四国,22SJ-3,2.0,43200.0,2,2,2023-12-15,15.875,21.175,11.525,0.75,3.4000000000000004,0.0,88.5,4,2023-12-15
2023-12-18,四国,NB-1,1.0,9045.0,1,1,2023-12-18,5.175,8.775,1.7999999999999998,0.0,6.775,0.0,54.5,4,2023-12-18
2023-12-18,関東,NB-1,3.0,30045.0,1,2,2023-12-18,5.255555555555556,10.666666666666666,1.1111111111111112,0.0,7.622222222222222,0.0,47.333333333333336,9,2023-12-18
2023-12-19,関東,22SJ-3,1.0,21600.0,1,1,2023-12-19,5.722222222222222,9.88888888888889,1.955555555555556,0.0,3.011111111111111,0.0,60.66666666666666,9,2023-12-19
2023-12-19,関東,NB-1,2.0,21000.0,1,1,2023-12-19,5.722222222222222,9.88888888888889,1.955555555555556,0.0,3.011111111111111,0.0,60.66666666666666,9,2023-12-19
2023-12-20,中部,NB-1,1.0,9450.0,1,1,2023-12-20,5.7,10.419999999999998,2.306666666666666,8.333333333333334,4.573333333333333,0.0,72.66666666666667,15,2023-12-20
2023-12-22,中部,NB-1,2.0,18000.0,1,1,2023-12-22,1.106666666666667,4.760000000000001,-1.4666666666666666,12.933333333333334,4.873333333333333,11.0,63.6,15,2023-12-22
2023-12-22,近畿,NB-1,1.0,11250.0,1,1,2023-12-22,2.2,5.8125,-0.4624999999999999,0.0,7.5,0.0,50.375,8,2023-12-22
2023-12-25,関東,NB-1,2.0,20250.0,1,1,2023-12-25,5.2444444444444445,12.0,-0.5333333333333332,0.0,9.0,0.0,61.66666666666666,9,2023-12-25
2023-12-26,四国,NB-1,1.0,9450.0,1,1,2023-12-26,6.35,11.275,1.125,0.0,4.625,0.0,66.25,4,2023-12-26
2023-12-26,関東,NB-1,2.0,18150.0,2,2,2023-12-26,6.277777777777778,12.77777777777778,0.8666666666666666,0.0,9.2,0.0,60.0,9,2023-12-26
2023-12-27,九州沖縄,NB-1,1.0,9750.0,1,1,2023-12-27,9.9875,15.8125,5.300000000000001,0.0,7.7,0.0,72.375,8,2023-12-27
2023-12-27,近畿,NB-1,1.0,10500.0,1,1,2023-12-27,7.9125,12.975,4.487500000000001,0.125,4.0125,0.0,70.625,8,2023-12-27
2023-12-27,関東,NB-1,1.0,10500.0,1,1,2023-12-27,6.866666666666666,12.333333333333334,1.933333333333333,0.0,6.844444444444445,0.0,56.44444444444444,9,2023-12-27
2023-12-28,中国,NB-1,1.0,9450.0,1,1,2023-12-28,7.671428571428571,14.357142857142858,1.9714285714285715,0.0714285714285714,7.3,0.0,77.0,7,2023-12-28
2023-12-28,関東,NB-1,1.0,9450.0,1,1,2023-12-28,5.544444444444444,10.366666666666667,1.855555555555556,0.0555555555555555,5.322222222222222,0.0,62.0,9,2023-12-28
2024-01-05,九州沖縄,22SJ-3,2.0,43200.0,2,2,2024-01-05,9.35,15.5375,3.375,0.0,6.6375,0.0,69.75,8,2024-01-05
2024-01-05,近畿,22SJ-3,1.0,25200.0,1,1,2024-01-05,6.8375,12.75,1.9625,0.0,9.0,0.0,75.375,8,2024-01-05
2024-01-05,関東,NB-1,1.0,10500.0,1,1,2024-01-05,6.5,13.27777777777778,0.9333333333333332,0.0,8.033333333333333,0.0,60.888888888888886,9,2024-01-05
2024-01-09,中国,NB-1,1.0,9750.0,1,1,2024-01-09,5.214285714285714,10.714285714285714,-0.3428571428571428,0.0,4.0,0.0,72.57142857142857,7,2024-01-09
2024-01-09,中部,NB-1,2.0,18450.0,2,2,2024-01-09,2.9133333333333336,8.946666666666665,-2.626666666666667,1.1666666666666667,7.0600000000000005,0.0,68.2,15,2024-01-09
2024-01-09,近畿,NB-1,1.0,9450.0,1,1,2024-01-09,4.5125,10.1625,-0.4625,0.0,8.0875,0.0,72.75,8,2024-01-09
2024-01-09,関東,NB-1,7.0,64650.0,1,5,2024-01-09,4.077777777777778,10.477777777777778,-0.9888888888888888,0.0,9.055555555555555,0.0,53.55555555555556,9,2024-01-09
2024-01-10,中部,NB-1,2.0,18900.0,1,1,2024-01-10,4.086666666666667,8.493333333333332,-0.0533333333333333,3.3666666666666667,2.4066666666666667,0.0,75.8,15,2024-01-10
2024-01-10,関東,22SJ-3,1.0,21600.0,1,1,2024-01-10,5.855555555555556,12.544444444444444,0.122222222222222,0.0,6.877777777777777,0.0,56.22222222222222,9,2024-01-10
2024-01-10,関東,NB-1,1.0,9450.0,1,1,2024-01-10,5.855555555555556,12.544444444444444,0.122222222222222,0.0,6.877777777777777,0.0,56.22222222222222,9,2024-01-10
2024-01-11,関東,NB-1,3.0,28650.0,2,3,2024-01-11,3.9,7.577777777777778,0.5777777777777777,0.1666666666666666,1.6111111111111112,0.0,59.11111111111112,9,2024-01-11
2024-01-12,関東,NB-1,2.0,18900.0,1,1,2024-01-12,5.855555555555556,14.144444444444444,-1.5555555555555556,0.0,9.233333333333333,0.0,54.333333333333336,9,2024-01-12
2024-01-15,九州沖縄,NB-1,1.0,9750.0,1,1,2024-01-15,11.4125,15.7125,6.5,1.3125,6.45,0.0,65.5,8,2024-01-15
2024-01-15,関東,NB-1,1.0,9450.0,1,1,2024-01-15,5.577777777777778,10.922222222222222,0.611111111111111,0.0,8.944444444444445,0.0,47.44444444444444,9,2024-01-15
2024-01-17,中部,NB-1,1.0,9000.0,1,1,2024-01-17,3.786666666666666,10.813333333333333,-2.8200000000000003,0.0,8.92,0.0,57.6,15,2024-01-17
2024-01-17,近畿,NB-1,1.0,10500.0,1,1,2024-01-17,5.4375,11.025,-0.4875,0.0,8.2875,0.0,62.375,8,2024-01-17
2024-01-19,関東,NB-1,2.0,21000.0,1,1,2024-01-19,9.522222222222222,14.455555555555556,6.2444444444444445,0.0,7.5,0.0,59.11111111111112,9,2024-01-19
2024-01-22,中部,22SJ-3,2.0,43200.0,2,2,2024-01-22,7.713333333333334,11.66,4.2733333333333325,2.033333333333333,2.2466666666666666,0.0,83.13333333333334,15,2024-01-22
2024-01-22,四国,NB-1,1.0,9450.0,1,1,2024-01-22,8.7,13.45,5.225,0.25,6.775,0.0,68.25,4,2024-01-22
2024-01-22,関東,NB-1,4.0,39150.0,1,2,2024-01-22,9.744444444444444,13.766666666666667,5.699999999999999,0.2222222222222222,4.211111111111111,0.0,78.44444444444444,9,2024-01-22
2024-01-23,中国,NB-1,2.0,18900.0,1,1,2024-01-23,1.6428571428571428,4.6000000000000005,-1.2857142857142858,0.7142857142857143,2.857142857142857,1.6,63.0,7,2024-01-23
2024-01-23,中部,NB-1,1.0,9000.0,1,1,2024-01-23,4.319999999999999,8.306666666666667,0.1066666666666666,6.5,5.239999999999999,3.1666666666666665,64.13333333333334,15,2024-01-23
2024-01-23,九州沖縄,NB-1,1.0,11250.0,1,1,2024-01-23,3.875,6.275,1.9125,1.75,2.0625,0.5,63.375,8,2024-01-23
2024-01-23,近畿,NB-1,2.0,18900.0,1,1,2024-01-23,4.0125,7.725,0.625,0.0625,5.425,0.0,51.25,8,2024-01-23
2024-01-23,関東,NB-1,3.0,30450.0,2,2,2024-01-23,8.155555555555557,12.88888888888889,3.566666666666667,1.1111111111111112,5.366666666666666,0.0,66.11111111111111,9,2024-01-23
2024-01-24,中部,NB-1,1.0,9000.0,1,1,2024-01-24,0.0266666666666666,2.62,-1.7533333333333334,5.4,3.44,5.333333333333333,68.4,15,2024-01-24
2024-01-25,関東,NB-1,2.0,18150.0,1,2,2024-01-25,3.733333333333333,8.522222222222222,-0.5111111111111112,0.0,9.644444444444444,0.0,34.22222222222222,9,2024-01-25
2024-01-26,近畿,NB-1,1.0,10500.0,1,1,2024-01-26,4.1875,7.1375,2.0125,0.375,2.1125,0.0,68.875,8,2024-01-26
2024-01-29,中国,NB-1,2.0,18900.0,1,1,2024-01-29,4.928571428571429,11.157142857142857,-0.1999999999999999,0.0,6.828571428571428,0.0,75.85714285714286,7,2024-01-29
2024-01-29,近畿,NB-1,2.0,20250.0,1,2,2024-01-29,5.2375,10.325,1.4,0.0,7.725,0.0,74.25,8,2024-01-29
2024-01-29,関東,NB-1,6.0,56550.0,1,2,2024-01-29,5.944444444444445,11.366666666666667,0.8999999999999999,0.0,9.666666666666666,0.0,53.55555555555556,9,2024-01-29
2024-01-30,中部,NB-1,2.0,20700.0,1,2,2024-01-30,4.513333333333334,11.466666666666669,-1.02,0.0333333333333333,8.08,0.0,67.46666666666667,15,2024-01-30
2024-01-30,関東,NB-1,1.0,10500.0,1,1,2024-01-30,6.655555555555556,13.088888888888889,1.3777777777777778,0.0,9.31111111111111,0.0,55.333333333333336,9,2024-01-30
2024-01-31,中部,NB-1,4.0,36000.0,2,2,2024-01-31,6.1466666666666665,10.973333333333333,0.4066666666666667,1.4333333333333331,2.12,0.0,75.4,15,2024-01-31
2024-01-31,関東,NB-1,2.0,18150.0,1,2,2024-01-31,7.933333333333334,14.288888888888888,1.4888888888888887,0.0,7.811111111111111,0.0,63.11111111111112,9,2024-01-31
2024-02-01,関東,22SJ-3,1.0,25200.0,1,1,2024-02-01,8.922222222222222,15.877777777777778,3.7222222222222223,0.5555555555555556,7.011111111111111,0.0,55.0,9,2024-02-01
2024-02-01,関東,NB-1,1.0,9450.0,1,1,2024-02-01,8.922222222222222,15.877777777777778,3.7222222222222223,0.5555555555555556,7.011111111111111,0.0,55.0,9,2024-02-01
2024-02-02,中国,NB-1,1.0,9450.0,1,1,2024-02-02,5.785714285714286,10.228571428571428,2.628571428571429,0.0,5.1571428571428575,0.0,63.71428571428572,7,2024-02-02
2024-02-02,関東,22SJ-3,3.0,64800.0,3,3,2024-02-02,3.822222222222222,7.455555555555555,1.211111111111111,0.0,2.7222222222222223,0.0,48.66666666666666,9,2024-02-02
2024-02-02,関東,NB-1,4.0,42000.0,2,2,2024-02-02,3.822222222222222,7.455555555555555,1.211111111111111,0.0,2.7222222222222223,0.0,48.66666666666666,9,2024-02-02
2024-02-05,中部,22SJ-3,1.0,21600.0,1,1,2024-02-05,2.5933333333333333,4.586666666666667,0.6666666666666666,23.866666666666667,0.0,10.166666666666666,86.8,15,2024-02-05
2024-02-05,中部,NB-1,2.0,19200.0,1,1,2024-02-05,2.5933333333333333,4.586666666666667,0.6666666666666666,23.866666666666667,0.0,10.166666666666666,86.8,15,2024-02-05
2024-02-05,九州沖縄,NB-1,1.0,9450.0,1,1,2024-02-05,12.0875,15.4125,9.8375,27.5,1.1,0.0,87.25,8,2024-02-05
2024-02-05,関東,NB-1,4.0,38100.0,1,2,2024-02-05,2.455555555555556,5.388888888888889,-0.0555555555555555,24.88888888888889,0.0,7.777777777777778,79.0,9,2024-02-05
2024-02-07,中国,NB-1,2.0,19200.0,1,2,2024-02-07,5.1000000000000005,9.128571428571428,2.3714285714285714,5.785714285714286,2.2857142857142856,0.0,84.28571428571429,7,2024-02-07
2024-02-07,九州沖縄,NB-1,1.0,9450.0,1,1,2024-02-07,10.1,13.55,6.9625,1.5,2.25,0.0,71.375,8,2024-02-07
2024-02-08,関東,NB-1,1.0,10500.0,1,1,2024-02-08,4.988888888888889,11.18888888888889,0.0444444444444444,0.0,7.677777777777777,0.0,63.11111111111112,9,2024-02-08
2024-02-09,九州沖縄,NB-1,2.0,18900.0,2,2,2024-02-09,8.875,13.925,4.95,0.5625,5.275,0.0,67.75,8,2024-02-09
2024-02-13,中部,NB-1,1.0,11250.0,1,1,2024-02-13,6.946666666666667,14.913333333333332,-0.9466666666666668,0.0,10.073333333333332,0.0,58.333333333333336,15,2024-02-13
2024-02-13,九州沖縄,NB-1,1.0,9750.0,1,1,2024-02-13,11.475,18.3125,4.775,0.0,7.5875,0.0,67.875,8,2024-02-13
2024-02-13,東北,NB-1,1.0,9450.0,1,1,2024-02-13,5.725,12.7125,-1.5875,0.125,7.35,0.125,63.75,8,2024-02-13
2024-02-13,近畿,NB-1,1.0,9750.0,1,1,2024-02-13,8.175,16.075,1.025,0.0,10.3,0.0,69.875,8,2024-02-13
2024-02-13,関東,NB-1,5.0,47250.0,1,3,2024-02-13,7.911111111111111,15.77777777777778,0.5888888888888889,0.0,10.177777777777775,0.0,54.888888888888886,9,2024-02-13
2024-02-14,関東,22SJ-3,1.0,21600.0,1,1,2024-02-14,10.144444444444444,17.61111111111111,2.088888888888889,0.0,8.588888888888889,0.0,53.22222222222222,9,2024-02-14
2024-02-14,関東,NB-1,2.0,18900.0,1,1,2024-02-14,10.144444444444444,17.61111111111111,2.088888888888889,0.0,8.588888888888889,0.0,53.22222222222222,9,2024-02-14
2024-02-15,北海道,NB-1,1.0,9450.0,1,1,2024-02-15,0.2375,3.85,-2.55,4.4375,0.325,6.625,81.375,8,2024-02-15
2024-02-16,関東,22SJ-3,1.0,25200.0,1,1,2024-02-16,9.355555555555556,15.0,4.944444444444445,0.6666666666666666,9.255555555555556,0.0,47.66666666666666,9,2024-02-16
2024-02-19,関東,NB-1,4.0,40950.0,2,3,2024-02-19,13.577777777777778,16.5,10.27777777777778,1.4444444444444444,0.4444444444444444,0.0,80.88888888888889,9,2024-02-19
2024-02-20,中国,NB-1,1.0,9450.0,1,1,2024-02-20,13.385714285714286,17.885714285714286,10.742857142857144,2.142857142857143,1.157142857142857,0.0,89.0,7,2024-02-20
2024-02-20,中部,NB-1,3.0,27000.0,2,2,2024-02-20,13.066666666666666,19.14,8.853333333333333,6.766666666666667,4.613333333333333,0.0,84.66666666666667,15,2024-02-20
2024-02-21,関東,NB-1,3.0,28200.0,1,2,2024-02-21,8.455555555555556,12.31111111111111,6.922222222222222,5.888888888888889,0.0,0.0,92.0,9,2024-02-21
2024-02-22,中部,NB-1,2.0,18000.0,1,1,2024-02-22,6.006666666666666,8.946666666666665,3.7666666666666666,11.866666666666667,0.3,0.0833333333333333,86.46666666666667,15,2024-02-22
2024-02-22,東北,NB-1,1.0,9750.0,1,1,2024-02-22,-0.1124999999999999,2.3125,-1.6124999999999998,2.4375,1.475,2.75,78.625,8,2024-02-22
2024-02-26,九州沖縄,NB-1,1.0,9450.0,1,1,2024-02-26,10.9375,14.825,7.975,0.875,4.95,0.0,69.375,8,2024-02-26
2024-02-26,近畿,NB-1,1.0,9450.0,1,1,2024-02-26,6.65,10.2875,3.875,0.875,4.9125,0.0,68.375,8,2024-02-26
2024-02-26,関東,NB-1,8.0,78000.0,2,5,2024-02-26,7.300000000000001,12.255555555555556,3.933333333333333,1.6666666666666667,7.899999999999999,0.0,57.66666666666666,9,2024-02-26
2024-02-27,九州沖縄,NB-1,1.0,9450.0,1,1,2024-02-27,9.65,13.25,7.1,0.0,5.925000000000001,0.0,57.125,8,2024-02-27
2024-02-27,近畿,NB-1,1.0,10500.0,1,1,2024-02-27,5.55,8.6875,3.3375,0.5625,4.125,0.0,59.25,8,2024-02-27
2024-02-28,中部,NB-1,4.0,36000.0,1,1,2024-02-28,5.1066666666666665,10.846666666666666,0.52,0.0666666666666666,8.153333333333332,0.0,61.0,15,2024-02-28
2024-02-29,中部,NB-1,1.0,9450.0,1,1,2024-02-29,5.226666666666668,10.666666666666666,0.5666666666666667,14.4,2.793333333333333,1.9166666666666667,74.66666666666667,15,2024-02-29
2024-02-29,関東,NB-1,2.0,17400.0,1,1,2024-02-29,6.699999999999999,11.533333333333331,1.5666666666666669,3.7777777777777777,3.7,0.0,62.0,9,2024-02-29
2024-03-01,九州沖縄,NB-1,1.0,9450.0,1,1,2024-03-01,10.5375,14.5625,6.6625,3.25,6.325,0.0,63.375,8,2024-03-01
2024-03-01,近畿,NB-1,1.0,9450.0,1,1,2024-03-01,8.2375,13.2,3.5,2.9375,4.225,0.0,70.5,8,2024-03-01
2024-03-01,関東,22SJ-3,2.0,46800.0,2,2,2024-03-01,8.944444444444445,15.577777777777776,3.2222222222222223,14.38888888888889,6.233333333333333,0.2222222222222222,70.11111111111111,9,2024-03-01
2024-03-04,近畿,NB-1,3.0,28350.0,1,2,2024-03-04,8.225,13.5125,3.2625,0.375,5.1375,0.0,66.625,8,2024-03-04
2024-03-04,関東,NB-1,3.0,30450.0,2,3,2024-03-04,7.711111111111112,14.322222222222225,1.4333333333333331,0.0,10.322222222222225,0.0,49.0,9,2024-03-04
2024-03-05,四国,NB-1,2.0,18900.0,2,2,2024-03-05,8.975,10.825,7.675,15.0,0.025,0.0,90.25,4,2024-03-05
2024-03-05,関東,NB-1,1.0,8700.0,1,1,2024-03-05,5.477777777777778,8.88888888888889,2.088888888888889,16.666666666666668,0.0444444444444444,0.7777777777777778,72.55555555555556,9,2024-03-05
2024-03-07,東北,NB-1,1.0,9450.0,1,1,2024-03-07,1.65,5.5625,-1.2625000000000002,0.0,6.0625,0.125,65.0,8,2024-03-07
2024-03-07,近畿,NB-1,1.0,10500.0,1,1,2024-03-07,7.2125,10.925,4.675,0.0,5.0375000000000005,0.0,56.125,8,2024-03-07
2024-03-08,東北,NB-1,1.0,9450.0,1,1,2024-03-08,1.075,5.1625000000000005,-1.9375,2.5625,4.7375,3.375,77.5,8,2024-03-08
2024-03-11,中部,22SJ-3,1.0,21600.0,1,1,2024-03-11,5.793333333333334,12.913333333333332,-1.6733333333333331,0.0,9.32,0.0,58.266666666666666,15,2024-03-11
2024-03-11,九州沖縄,NB-1,3.0,28650.0,1,2,2024-03-11,11.15,17.5375,4.5875,7.0,6.275,0.0,72.625,8,2024-03-11
2024-03-11,近畿,22SJ-3,1.0,25200.0,1,1,2024-03-11,7.5375,14.4,0.175,0.0,8.375,0.0,59.25,8,2024-03-11
2024-03-11,関東,NB-1,1.0,9750.0,1,1,2024-03-11,7.055555555555555,13.066666666666666,-0.0777777777777778,0.0,10.011111111111113,0.0,52.77777777777778,9,2024-03-11
2024-03-12,近畿,NB-1,2.0,19950.0,2,2,2024-03-12,8.375,10.5125,6.675,29.25,0.175,0.0,81.875,8,2024-03-12
2024-03-12,関東,22SJ-3,1.0,21600.0,1,1,2024-03-12,7.844444444444444,10.955555555555556,5.111111111111111,29.05555555555556,0.0222222222222222,0.0,77.88888888888889,9,2024-03-12
2024-03-13,中部,NB-1,1.0,9450.0,1,1,2024-03-13,6.093333333333334,10.32,2.12,1.8666666666666667,7.126666666666667,0.5,63.2,15,2024-03-13
2024-03-13,関東,NB-1,1.0,10500.0,1,1,2024-03-13,8.455555555555556,12.988888888888887,4.511111111111111,0.2777777777777778,9.211111111111112,0.0,49.66666666666666,9,2024-03-13
2024-03-14,中部,NB-1,2.0,18000.0,1,1,2024-03-14,6.986666666666666,14.0,0.2466666666666667,0.0666666666666666,9.56,0.0,60.8,15,2024-03-14
2024-03-14,関東,NB-1,1.0,9450.0,1,1,2024-03-14,8.766666666666667,16.077777777777776,1.4555555555555555,0.0,10.933333333333334,0.0,49.888888888888886,9,2024-03-14
2024-03-15,九州沖縄,NB-1,1.0,9450.0,1,1,2024-03-15,12.875,19.6375,6.6125,0.0,10.325,0.0,59.625,8,2024-03-15
2024-03-15,近畿,NB-1,1.0,10500.0,1,1,2024-03-15,10.075,16.9625,3.7,0.0,10.775,0.0,60.0,8,2024-03-15
2024-03-18,中国,NB-1,4.0,37800.0,1,1,2024-03-18,8.671428571428573,12.685714285714283,4.428571428571429,0.0,8.4,0.0,51.71428571428572,7,2024-03-18
2024-03-18,九州沖縄,NB-1,3.0,28950.0,1,2,2024-03-18,13.6625,17.25,10.6,0.0,9.4875,0.0,59.625,8,2024-03-18
2024-03-18,近畿,NB-1,1.0,9750.0,1,1,2024-03-18,7.4875,11.0125,3.3375,0.0,7.9375,0.0,48.25,8,2024-03-18
2024-03-18,関東,NB-1,7.0,65850.0,1,4,2024-03-18,8.555555555555555,13.555555555555555,3.755555555555555,0.0,10.433333333333334,0.0,33.111111111111114,9,2024-03-18
2024-03-19,中国,NB-1,1.0,9450.0,1,1,2024-03-19,8.928571428571429,14.37142857142857,3.3285714285714287,1.0,3.728571428571428,0.0,62.285714285714285,7,2024-03-19
2024-03-19,中部,NB-1,4.0,36900.0,2,3,2024-03-19,5.966666666666667,12.12,0.1733333333333333,0.4333333333333333,5.44,0.0,51.2,15,2024-03-19
2024-03-21,中国,NB-1,1.0,9450.0,1,1,2024-03-21,4.242857142857143,8.72857142857143,1.042857142857143,1.0714285714285714,2.857142857142857,0.0,76.14285714285714,7,2024-03-21
2024-03-21,中部,NB-1,2.0,18450.0,2,2,2024-03-21,2.833333333333333,7.8,-0.4533333333333333,0.6666666666666666,7.72,0.6666666666666666,57.53333333333333,15,2024-03-21
2024-03-21,近畿,22SJ-3,1.0,25200.0,1,1,2024-03-21,3.6625,8.2375,0.5125,0.6875,5.5375,0.4285714285714285,70.75,8,2024-03-21
2024-03-22,九州沖縄,NB-1,1.0,9450.0,1,1,2024-03-22,12.3125,18.5625,4.925,0.0,10.0875,0.0,59.625,8,2024-03-22
2024-03-25,中国,NB-1,1.0,9750.0,1,1,2024-03-25,12.171428571428573,14.5,10.842857142857143,18.285714285714285,0.0142857142857142,0.0,93.85714285714286,7,2024-03-25
2024-03-25,四国,NB-1,1.0,9750.0,1,1,2024-03-25,13.125,14.475,12.0,17.375,0.0,0.0,97.25,4,2024-03-25
2024-03-25,東北,22SJ-3,1.0,21600.0,1,1,2024-03-25,8.425,15.6375,2.325,0.0,2.775,0.0,67.75,8,2024-03-25
2024-03-25,近畿,NB-1,1.0,9450.0,1,1,2024-03-25,11.5625,13.325,10.075,17.0,0.0125,0.0,96.0,8,2024-03-25
2024-03-26,近畿,22SJ-3,1.0,21600.0,1,1,2024-03-26,10.0375,13.0375,7.1875,40.1875,0.5625,0.0,85.5,8,2024-03-26
2024-03-26,関東,NB-1,1.0,8700.0,1,1,2024-03-26,9.3,11.877777777777778,6.177777777777778,39.833333333333336,0.0,0.0,91.22222222222224,9,2024-03-26
2024-03-27,近畿,NB-1,1.0,10500.0,1,1,2024-03-27,9.7125,15.1375,5.4125000000000005,0.3125,10.2625,0.0,58.125,8,2024-03-27
2024-03-27,関東,NB-1,1.0,8700.0,1,1,2024-03-27,9.9,15.61111111111111,5.166666666666667,0.0,10.988888888888887,0.0,55.55555555555556,9,2024-03-27
2024-04-01,中部,NB-1,1.0,9000.0,1,1,2024-04-01,13.06,18.98,7.826666666666667,0.3,9.46,0.0,52.93333333333333,15,2024-04-01
2024-04-01,東北,22SJ-3,1.0,21600.0,1,1,2024-04-01,8.1625,14.0875,3.45,0.6875,8.1,0.0,54.875,8,2024-04-01
2024-04-01,関東,NB-1,1.0,10500.0,1,1,2024-04-01,14.155555555555557,18.87777777777778,10.088888888888889,3.7222222222222223,5.044444444444444,0.0,63.66666666666666,9,2024-04-01
2024-04-02,近畿,22SJ-3,1.0,21600.0,1,1,2024-04-02,13.925,19.8,7.3375,0.0,6.5625,0.0,54.25,8,2024-04-02
2024-04-02,関東,22SJ-3,1.0,21600.0,1,1,2024-04-02,13.27777777777778,19.133333333333333,6.9,0.0,8.911111111111111,0.0,50.333333333333336,9,2024-04-02
2024-04-02,関東,NB-1,1.0,9450.0,1,1,2024-04-02,13.27777777777778,19.133333333333333,6.9,0.0,8.911111111111111,0.0,50.333333333333336,9,2024-04-02
2024-04-03,北海道,22SJ-3,2.0,43200.0,2,2,2024-04-03,4.625,9.6,-0.3375,0.0,10.9,0.0,61.0,8,2024-04-03
2024-04-03,北海道,NB-1,1.0,9450.0,1,1,2024-04-03,4.625,9.6,-0.3375,0.0,10.9,0.0,61.0,8,2024-04-03
2024-04-03,近畿,NB-1,3.0,31950.0,1,2,2024-04-03,14.0875,16.3625,12.6625,30.0,0.1375,0.0,87.875,8,2024-04-03
2024-04-04,関東,NB-1,1.0,8700.0,1,1,2024-04-04,15.155555555555557,20.244444444444444,11.266666666666667,4.5,3.066666666666667,0.0,76.0,9,2024-04-04
2024-04-05,中国,NB-1,2.0,18900.0,1,1,2024-04-05,12.814285714285717,17.3,9.242857142857144,0.0,7.285714285714286,0.0,68.85714285714286,7,2024-04-05
2024-04-08,中部,NB-1,3.0,28650.0,1,2,2024-04-08,16.086666666666666,21.540000000000003,12.006666666666666,13.2,2.853333333333333,0.0,80.66666666666667,15,2024-04-08
2024-04-08,九州沖縄,NB-1,1.0,9750.0,1,1,2024-04-08,18.025,20.175,15.7125,27.5,0.075,0.0,91.125,8,2024-04-08
2024-04-08,四国,22SJ-3,1.0,21600.0,1,1,2024-04-08,17.15,20.925,15.225,19.0,0.25,0.0,85.0,4,2024-04-08
2024-04-08,四国,NB-1,1.0,9450.0,1,1,2024-04-08,17.15,20.925,15.225,19.0,0.25,0.0,85.0,4,2024-04-08
2024-04-08,近畿,NB-1,1.0,10500.0,1,1,2024-04-08,17.175,21.0875,14.3375,17.75,0.1625,0.0,81.625,8,2024-04-08
2024-04-08,関東,NB-1,4.0,39150.0,2,4,2024-04-08,17.711111111111112,21.922222222222224,14.366666666666667,1.1111111111111112,1.822222222222222,0.0,86.66666666666667,9,2024-04-08
2024-04-09,中部,NB-1,1.0,9450.0,1,1,2024-04-09,11.98,15.926666666666668,6.773333333333334,51.96666666666667,1.5799999999999998,0.0,80.26666666666667,15,2024-04-09
2024-04-09,九州沖縄,NB-1,2.0,18000.0,1,1,2024-04-09,16.6875,20.9,13.35,6.75,6.05,0.0,70.125,8,2024-04-09
2024-04-09,北海道,NB-1,1.0,9450.0,1,1,2024-04-09,3.8375,9.0875,0.925,16.8125,0.3875,1.125,77.25,8,2024-04-09
2024-04-09,近畿,NB-1,1.0,9450.0,1,1,2024-04-09,12.8375,16.3625,8.1875,43.75,0.8375,0.0,73.875,8,2024-04-09
2024-04-09,関東,NB-1,3.0,29400.0,1,2,2024-04-09,14.677777777777775,18.677777777777777,8.922222222222222,38.833333333333336,0.1222222222222222,0.0,78.88888888888889,9,2024-04-09
2024-04-10,中国,22SJ-3,6.0,140400.0,6,6,2024-04-10,10.542857142857144,16.885714285714286,3.9571428571428577,0.0,10.714285714285714,0.0,64.0,7,2024-04-10
2024-04-10,中部,22SJ-3,24.0,561600.0,6,18,2024-04-10,10.086666666666668,16.453333333333333,3.88,0.0,10.706666666666669,0.0,58.4,15,2024-04-10
2024-04-10,中部,NB-1,1.0,9000.0,1,1,2024-04-10,10.086666666666668,16.453333333333333,3.88,0.0,10.706666666666669,0.0,58.4,15,2024-04-10
2024-04-10,九州沖縄,22SJ-3,12.0,280800.0,6,12,2024-04-10,15.7625,21.0625,10.6,0.0,11.2,0.0,59.625,8,2024-04-10
2024-04-10,北海道,22SJ-3,6.0,140400.0,6,6,2024-04-10,5.8375,10.7125,1.0125,0.0,12.0875,0.0,53.375,8,2024-04-10
2024-04-10,近畿,22SJ-3,18.0,421200.0,6,12,2024-04-10,11.6125,17.6125,5.65,0.0,10.8375,0.0,55.375,8,2024-04-10
2024-04-10,関東,22SJ-3,12.0,280800.0,6,12,2024-04-10,10.933333333333334,16.799999999999997,5.7444444444444445,0.0,12.11111111111111,0.0,48.888888888888886,9,2024-04-10
2024-04-10,関東,NB-1,3.0,29400.0,1,2,2024-04-10,10.933333333333334,16.799999999999997,5.7444444444444445,0.0,12.11111111111111,0.0,48.888888888888886,9,2024-04-10
2024-04-11,中部,NB-1,1.0,9000.0,1,1,2024-04-11,13.186666666666667,19.22,6.726666666666668,0.0,8.620000000000001,0.0,61.86666666666667,15,2024-04-11
2024-04-11,関東,NB-1,1.0,9450.0,1,1,2024-04-11,12.9,18.177777777777777,6.055555555555555,0.0,7.511111111111112,0.0,63.22222222222222,9,2024-04-11
2024-04-12,中部,NB-1,2.0,18450.0,1,2,2024-04-12,15.233333333333333,21.4,10.626666666666669,0.0,9.56,0.0,62.86666666666667,15,2024-04-12
2024-04-12,近畿,NB-1,1.0,9750.0,1,1,2024-04-12,17.0375,23.5375,11.225,0.0,11.225,0.0,57.25,8,2024-04-12
2024-04-12,関東,NB-1,2.0,21000.0,1,1,2024-04-12,14.922222222222224,18.72222222222222,11.911111111111111,0.4444444444444444,3.855555555555555,0.0,70.88888888888889,9,2024-04-12
2024-04-15,中部,NB-1,3.0,27000.0,1,1,2024-04-15,18.0,24.966666666666665,11.6,0.0,9.466666666666669,0.0,62.66666666666666,15,2024-04-15
2024-04-15,近畿,NB-1,3.0,28650.0,2,3,2024-04-15,18.5375,23.95,13.4875,0.0,6.5875,0.0,64.75,8,2024-04-15
2024-04-16,中国,NB-1,1.0,9450.0,1,1,2024-04-16,19.585714285714285,24.47142857142857,15.828571428571433,2.071428571428572,6.814285714285715,0.0,74.57142857142857,7,2024-04-16
2024-04-16,中部,NB-1,7.0,64500.0,2,3,2024-04-16,17.66,22.293333333333333,14.266666666666667,3.2333333333333334,3.653333333333333,0.0,67.66666666666667,15,2024-04-16
2024-04-16,北海道,22SJ-3,1.0,21600.0,1,1,2024-04-16,13.05,19.45,8.0875,0.0,5.8375,0.0,74.875,8,2024-04-16
2024-04-16,東北,NB-1,1.0,9450.0,1,1,2024-04-16,16.25,22.1875,11.3125,0.4375,3.85,0.0,67.5,8,2024-04-16
2024-04-16,近畿,NB-1,1.0,9450.0,1,1,2024-04-16,19.4375,24.375,15.825,8.375,3.025,0.0,67.75,8,2024-04-16
2024-04-16,関東,NB-1,1.0,9450.0,1,1,2024-04-16,18.25555555555556,23.566666666666663,13.655555555555557,0.0,6.788888888888889,0.0,68.33333333333333,9,2024-04-16
2024-04-17,東北,22SJ-3,3.0,64800.0,3,3,2024-04-17,14.6875,19.575,11.1375,3.0,3.25,0.0,78.0,8,2024-04-17
2024-04-17,近畿,NB-1,2.0,19950.0,2,2,2024-04-17,18.8875,24.0875,15.225,6.4375,8.2625,0.0,65.25,8,2024-04-17
2024-04-17,関東,NB-1,3.0,29700.0,1,2,2024-04-17,18.88888888888889,24.355555555555554,15.02222222222222,0.3888888888888889,5.555555555555555,0.0,71.22222222222223,9,2024-04-17
2024-04-18,九州沖縄,NB-1,2.0,18000.0,1,1,2024-04-18,19.475,24.1875,15.975,1.8125,8.05,0.0,64.375,8,2024-04-18
2024-04-18,北海道,NB-1,3.0,28350.0,1,1,2024-04-18,8.8625,12.7,6.225,1.875,2.075,0.0,90.75,8,2024-04-18
2024-04-18,関東,NB-1,4.0,42000.0,2,2,2024-04-18,17.311111111111114,20.75555555555556,14.22222222222222,2.111111111111111,0.8999999999999999,0.0,66.55555555555556,9,2024-04-18
2024-04-22,中国,NB-1,3.0,28350.0,1,1,2024-04-22,17.52857142857143,20.8,15.314285714285717,0.4285714285714285,0.5285714285714286,0.0,87.42857142857143,7,2024-04-22
2024-04-22,東北,NB-1,1.0,9750.0,1,1,2024-04-22,14.1875,20.95,7.9125,0.0,8.95,0.0,65.0,8,2024-04-22
2024-04-22,関東,NB-1,1.0,9450.0,1,1,2024-04-22,15.72222222222222,18.38888888888889,13.577777777777778,4.666666666666667,0.3777777777777777,0.0,84.0,9,2024-04-22
2024-04-23,中部,NB-1,7.0,63450.0,2,2,2024-04-23,16.346666666666668,19.133333333333333,14.306666666666668,4.7,0.3,0.0,81.66666666666667,15,2024-04-23
2024-04-23,関東,22SJ-3,2.0,48600.0,1,2,2024-04-23,16.48888888888889,19.366666666666667,14.655555555555557,0.1111111111111111,0.5222222222222223,0.0,81.0,9,2024-04-23
2024-04-23,関東,NB-1,1.0,9450.0,1,1,2024-04-23,16.48888888888889,19.366666666666667,14.655555555555557,0.1111111111111111,0.5222222222222223,0.0,81.0,9,2024-04-23
2024-04-25,中部,NB-1,1.0,9000.0,1,1,2024-04-25,17.133333333333333,22.98,12.453333333333337,0.3666666666666666,9.46,0.0,73.93333333333334,15,2024-04-25
2024-04-25,関東,NB-1,1.0,8700.0,1,1,2024-04-25,18.91111111111111,24.95555555555556,13.788888888888888,0.6666666666666666,9.9,0.0,76.0,9,2024-04-25
2024-04-30,中部,NB-1,2.0,18900.0,2,2,2024-04-30,18.226666666666667,22.133333333333333,15.56,6.066666666666666,1.086666666666667,0.0,86.06666666666666,15,2024-04-30
2024-04-30,四国,NB-1,1.0,9450.0,1,1,2024-04-30,20.075,24.9,17.525,2.75,2.425,0.0,90.25,4,2024-04-30
2024-04-30,近畿,NB-1,1.0,10500.0,1,1,2024-04-30,19.1125,23.2625,17.0125,7.8125,0.975,0.0,89.5,8,2024-04-30
2024-04-30,関東,NB-1,3.0,28200.0,1,3,2024-04-30,20.211111111111112,23.477777777777774,18.01111111111111,1.0555555555555556,1.2333333333333334,0.0,84.44444444444444,9,2024-04-30
2024-05-01,中部,NB-1,2.0,18450.0,2,2,2024-05-01,14.76,17.453333333333333,11.78,10.633333333333333,0.0066666666666666,0.0,85.26666666666667,15,2024-05-01
2024-05-01,北海道,22SJ-3,2.0,39600.0,2,2,2024-05-01,8.425,13.2,4.75,0.0625,11.2875,0.0,67.375,8,2024-05-01
2024-05-01,近畿,NB-1,2.0,19950.0,1,1,2024-05-01,14.9125,17.8625,12.775,4.3125,0.0,0.0,80.625,8,2024-05-01
2024-05-01,関東,22SJ-3,2.0,54000.0,2,2,2024-05-01,16.133333333333333,20.355555555555554,11.566666666666668,27.38888888888889,0.0,0.0,90.0,9,2024-05-01
2024-05-01,関東,NB-1,1.0,8700.0,1,1,2024-05-01,16.133333333333333,20.355555555555554,11.566666666666668,27.38888888888889,0.0,0.0,90.0,9,2024-05-01
2024-05-02,中部,NB-1,2.0,18900.0,1,1,2024-05-02,14.293333333333331,19.866666666666667,9.853333333333332,1.8,8.893333333333334,0.0,70.53333333333333,15,2024-05-02
2024-05-02,近畿,NB-1,1.0,10500.0,1,1,2024-05-02,15.6375,21.0375,11.1375,0.0,12.15,0.0,61.5,8,2024-05-02
2024-05-02,関東,NB-1,2.0,18900.0,1,2,2024-05-02,15.155555555555557,20.57777777777778,11.022222222222222,3.1666666666666665,8.944444444444445,0.0,68.0,9,2024-05-02
2024-05-07,中部,22SJ-3,2.0,43200.0,2,2,2024-05-07,17.833333333333332,21.28,14.98,20.566666666666663,0.3266666666666666,0.0,86.0,15,2024-05-07
2024-05-07,中部,NB-1,2.0,19200.0,1,2,2024-05-07,17.833333333333332,21.28,14.98,20.566666666666663,0.3266666666666666,0.0,86.0,15,2024-05-07
2024-05-07,北海道,NB-1,1.0,9750.0,1,1,2024-05-07,8.3125,11.6625,4.075,12.125,0.0,0.0,94.25,8,2024-05-07
2024-05-07,近畿,NB-1,1.0,10500.0,1,1,2024-05-07,18.9875,21.975,16.8875,16.5625,0.9625,0.0,80.875,8,2024-05-07
2024-05-07,関東,NB-1,6.0,59850.0,1,2,2024-05-07,18.8,21.03333333333333,16.977777777777778,8.11111111111111,0.0444444444444444,0.0,89.44444444444444,9,2024-05-07
2024-05-08,中部,NB-1,1.0,9450.0,1,1,2024-05-08,14.62,19.42,10.593333333333334,1.9,5.5600000000000005,0.0,73.6,15,2024-05-08
2024-05-08,北海道,22SJ-3,1.0,21600.0,1,1,2024-05-08,5.15,7.7375,2.925,0.5,1.9875,0.0,76.75,8,2024-05-08
2024-05-08,北海道,NB-1,1.0,9450.0,1,1,2024-05-08,5.15,7.7375,2.925,0.5,1.9875,0.0,76.75,8,2024-05-08
2024-05-08,関東,NB-1,2.0,18150.0,1,2,2024-05-08,17.200000000000003,22.977777777777774,11.8,6.777777777777778,2.8,0.0,79.88888888888889,9,2024-05-08
2024-05-09,中部,NB-1,3.0,27000.0,1,1,2024-05-09,12.526666666666667,17.973333333333336,8.42,1.4,7.773333333333331,0.0,63.13333333333333,15,2024-05-09
2024-05-09,近畿,NB-1,1.0,8700.0,1,1,2024-05-09,14.075,18.8375,10.1875,0.0,8.725,0.0,51.0,8,2024-05-09
2024-05-09,関東,NB-1,2.0,19500.0,1,1,2024-05-09,13.244444444444444,18.48888888888889,9.644444444444444,3.5,5.088888888888889,0.0,68.33333333333333,9,2024-05-09
2024-05-10,中部,22SJ-3,3.0,64800.0,3,3,2024-05-10,15.84,24.1,6.5,0.0,12.866666666666667,0.0,55.4,15,2024-05-10
2024-05-13,中部,NB-1,3.0,28950.0,1,3,2024-05-13,15.12,18.546666666666667,10.94,44.56666666666667,0.2466666666666666,0.0,91.46666666666668,15,2024-05-13
2024-05-13,九州沖縄,NB-1,1.0,9750.0,1,1,2024-05-13,20.25,24.4,16.325,10.1875,6.175000000000001,0.0,69.0,8,2024-05-13
2024-05-13,東北,NB-1,4.0,38100.0,2,3,2024-05-13,14.9625,18.3875,10.5,26.0625,0.0,0.0,89.0,8,2024-05-13
2024-05-13,近畿,NB-1,2.0,19950.0,2,2,2024-05-13,15.4375,18.8625,11.6625,29.6875,1.925,0.0,83.625,8,2024-05-13
2024-05-13,関東,NB-1,2.0,19200.0,1,2,2024-05-13,18.05555555555556,20.666666666666668,14.133333333333333,43.11111111111112,0.0,0.0,92.0,9,2024-05-13
2024-05-14,中部,NB-1,5.0,45450.0,1,1,2024-05-14,16.246666666666666,23.086666666666662,9.746666666666666,0.0,10.926666666666668,0.0,70.46666666666667,15,2024-05-14
2024-05-14,四国,NB-1,1.0,9450.0,1,1,2024-05-14,17.75,23.7,10.75,0.0,13.275,0.0,60.75,4,2024-05-14
2024-05-14,関東,NB-1,2.0,18150.0,2,2,2024-05-14,16.72222222222222,21.83333333333333,12.5,0.0,8.3,0.0,67.88888888888889,9,2024-05-14
2024-05-16,九州沖縄,NB-1,2.0,19200.0,1,1,2024-05-16,19.3375,23.725,15.55,0.125,11.75,0.0,47.25,8,2024-05-16
2024-05-16,近畿,NB-1,1.0,9450.0,1,1,2024-05-16,17.725,22.3125,13.6875,0.4375,5.3125,0.0,64.5,8,2024-05-16
2024-05-20,中国,NB-1,1.0,9450.0,1,1,2024-05-20,20.15714285714285,26.957142857142856,14.114285714285714,0.0,11.228571428571428,0.0,69.71428571428571,7,2024-05-20
2024-05-20,中部,NB-1,5.0,46200.0,2,4,2024-05-20,18.626666666666665,24.44,14.286666666666669,19.9,6.233333333333333,0.0,80.2,15,2024-05-20
2024-05-20,北海道,22SJ-3,1.0,21600.0,1,1,2024-05-20,12.95,18.025,9.5125,1.25,5.4125000000000005,0.0,66.375,8,2024-05-20
2024-05-20,近畿,NB-1,1.0,10500.0,1,1,2024-05-20,19.4625,24.7125,14.6375,3.9375,8.675,0.0,74.125,8,2024-05-20
2024-05-20,関東,NB-1,3.0,30000.0,1,2,2024-05-20,17.866666666666667,22.422222222222224,14.677777777777775,21.33333333333333,2.455555555555556,0.0,87.22222222222223,9,2024-05-20
2024-05-21,中部,NB-1,4.0,36450.0,1,2,2024-05-21,18.526666666666664,23.206666666666667,14.44,0.1333333333333333,6.84,0.0,73.93333333333334,15,2024-05-21
2024-05-21,関東,NB-1,3.0,28350.0,1,2,2024-05-21,21.655555555555555,27.933333333333334,16.522222222222222,0.3333333333333333,9.033333333333331,0.0,70.22222222222223,9,2024-05-21
2024-05-22,中部,22SJ-3,6.0,129600.0,6,6,2024-05-22,18.933333333333334,24.49333333333333,13.74,0.0,7.733333333333333,0.0,68.93333333333334,15,2024-05-22
2024-05-22,中部,NB-1,1.0,9450.0,1,1,2024-05-22,18.933333333333334,24.49333333333333,13.74,0.0,7.733333333333333,0.0,68.93333333333334,15,2024-05-22
2024-05-24,中部,NB-1,2.0,18000.0,1,1,2024-05-24,20.566666666666663,27.74,15.306666666666668,0.1666666666666666,6.966666666666667,0.0,71.93333333333334,15,2024-05-24
2024-05-24,九州沖縄,NB-1,3.0,28350.0,2,3,2024-05-24,23.275,28.0,19.9,11.0,3.7625,0.0,75.375,8,2024-05-24
2024-05-24,北海道,22SJ-3,1.0,21600.0,1,1,2024-05-24,9.625,13.5,6.25,9.6875,1.025,0.0,88.25,8,2024-05-24
2024-05-24,関東,NB-1,3.0,26850.0,1,2,2024-05-24,23.177777777777777,29.56666666666667,17.355555555555554,0.0,9.944444444444445,0.0,66.33333333333333,9,2024-05-24
2024-05-27,中国,NB-1,3.0,28650.0,1,1,2024-05-27,22.285714285714285,27.357142857142858,18.75714285714286,11.071428571428571,1.6857142857142855,0.0,83.28571428571429,7,2024-05-27
2024-05-27,中部,NB-1,1.0,9750.0,1,1,2024-05-27,20.78,24.68,16.806666666666665,7.933333333333334,1.4266666666666663,0.0,79.2,15,2024-05-27
2024-05-27,九州沖縄,NB-1,1.0,9750.0,1,1,2024-05-27,23.4875,26.8625,20.8,35.3125,0.85,0.0,90.375,8,2024-05-27
2024-05-27,近畿,NB-1,2.0,19500.0,1,2,2024-05-27,22.25,26.5625,18.775,11.4375,1.9625,0.0,83.125,8,2024-05-27
2024-05-27,関東,NB-1,1.0,9750.0,1,1,2024-05-27,21.41111111111111,24.9,18.477777777777774,0.2222222222222222,1.3222222222222222,0.0,82.11111111111111,9,2024-05-27
2024-05-28,中部,NB-1,1.0,9000.0,1,1,2024-05-28,18.273333333333333,20.83333333333333,15.726666666666668,77.43333333333334,0.0,0.0,94.86666666666666,15,2024-05-28
2024-05-28,関東,22SJ-3,1.0,25200.0,1,1,2024-05-28,21.944444444444443,24.4,19.744444444444444,14.11111111111111,0.0999999999999999,0.0,91.44444444444444,9,2024-05-28
2024-05-29,中部,NB-1,3.0,27000.0,1,1,2024-05-29,17.973333333333336,23.49333333333333,14.106666666666666,1.7,8.906666666666666,0.0,73.86666666666666,15,2024-05-29
2024-05-29,関東,NB-1,1.0,10500.0,1,1,2024-05-29,21.33333333333333,25.866666666666667,17.766666666666666,1.0,8.233333333333333,0.0,69.44444444444444,9,2024-05-29
2024-05-30,中国,NB-1,1.0,9450.0,1,1,2024-05-30,19.842857142857145,25.428571428571427,13.2,0.0,4.928571428571429,0.0,65.71428571428571,7,2024-05-30
2024-05-30,中部,NB-1,1.0,11250.0,1,1,2024-05-30,19.766666666666666,25.766666666666666,12.873333333333331,0.9,8.266666666666667,0.0,71.13333333333334,15,2024-05-30
2024-05-30,関東,NB-1,4.0,38400.0,1,2,2024-05-30,21.9,26.788888888888888,16.433333333333334,0.0555555555555555,8.0,0.0,71.11111111111111,9,2024-05-30
2024-05-31,中部,NB-1,1.0,9450.0,1,1,2024-05-31,18.08,21.866666666666667,15.46,12.666666666666666,0.0866666666666666,0.0,87.13333333333334,15,2024-05-31
2024-05-31,関東,NB-1,1.0,10500.0,1,1,2024-05-31,18.87777777777778,21.55555555555556,16.544444444444444,30.38888888888889,0.1666666666666666,0.0,87.22222222222223,9,2024-05-31
2024-06-03,関東,NB-1,1.0,9750.0,1,1,2024-06-03,18.544444444444444,24.14444444444445,15.3,15.444444444444445,5.433333333333334,0.0,82.44444444444444,9,2024-06-03
2024-06-04,北海道,22SJ-3,1.0,19800.0,1,1,2024-06-04,12.375,16.9,9.15,0.5625,3.1875,0.0,79.625,8,2024-06-04
2024-06-04,近畿,NB-1,1.0,10500.0,1,1,2024-06-04,19.4375,24.5,15.25,0.0,8.1,0.0,65.625,8,2024-06-04
2024-06-04,関東,22SJ-3,1.0,21600.0,1,1,2024-06-04,19.066666666666663,24.27777777777778,15.177777777777775,0.0555555555555555,7.777777777777778,0.0,74.22222222222223,9,2024-06-04
2024-06-04,関東,NB-1,1.0,9450.0,1,1,2024-06-04,19.066666666666663,24.27777777777778,15.177777777777775,0.0555555555555555,7.777777777777778,0.0,74.22222222222223,9,2024-06-04
2024-06-05,中部,NB-1,2.0,18000.0,1,1,2024-06-05,19.313333333333333,24.99333333333333,14.24,0.0,10.966666666666669,0.0,71.26666666666667,15,2024-06-05
2024-06-05,北海道,NB-1,1.0,9450.0,1,1,2024-06-05,10.4,13.0,8.75,2.9375,0.7749999999999999,0.0,87.375,8,2024-06-05
2024-06-05,関東,NB-1,1.0,8700.0,1,1,2024-06-05,20.633333333333333,26.311111111111117,15.38888888888889,0.0,12.68888888888889,0.0,66.77777777777777,9,2024-06-05
2024-06-06,近畿,NB-1,2.0,19950.0,2,2,2024-06-06,20.975,25.725,16.375,0.0,4.225,0.0,68.5,8,2024-06-06
2024-06-07,九州沖縄,NB-1,2.0,18900.0,1,1,2024-06-07,23.2375,28.05,19.0375,0.375,6.75,0.0,70.625,8,2024-06-07
2024-06-07,関東,NB-1,1.0,9000.0,1,1,2024-06-07,22.05555555555556,26.866666666666667,18.55555555555556,0.0,7.122222222222222,0.0,67.44444444444444,9,2024-06-07
2024-06-10,中国,NB-1,1.0,9750.0,1,1,2024-06-10,22.24285714285714,27.5,18.571428571428573,0.2142857142857142,8.742857142857142,0.0,80.28571428571429,7,2024-06-10
2024-06-10,関東,NB-1,5.0,48150.0,1,3,2024-06-10,20.62222222222222,24.044444444444444,17.566666666666666,9.444444444444445,1.911111111111111,0.0,81.88888888888889,9,2024-06-10
2024-06-11,中部,NB-1,1.0,9000.0,1,1,2024-06-11,23.5,29.506666666666668,17.740000000000002,0.0,11.746666666666666,0.0,69.53333333333333,15,2024-06-11
2024-06-11,近畿,NB-1,2.0,19950.0,2,2,2024-06-11,23.875,29.7875,18.8,0.0,11.625,0.0,70.75,8,2024-06-11
2024-06-11,関東,NB-1,2.0,18150.0,1,2,2024-06-11,23.966666666666665,29.466666666666665,19.166666666666668,0.0,11.8,0.0,71.0,9,2024-06-11
2024-06-12,中部,NB-1,2.0,18000.0,1,1,2024-06-12,24.33333333333333,30.126666666666665,19.59333333333333,1.2,11.126666666666669,0.0,68.8,15,2024-06-12
2024-06-12,近畿,NB-1,1.0,10500.0,1,1,2024-06-12,24.8125,30.3,20.375,0.0,11.1875,0.0,68.25,8,2024-06-12
2024-06-13,北海道,22SJ-3,1.0,21600.0,1,1,2024-06-13,16.95,22.35,13.0875,0.375,4.35,0.0,85.625,8,2024-06-13
2024-06-14,東北,NB-1,2.0,18900.0,1,1,2024-06-14,23.375,29.9625,18.425,0.0,11.0,0.0,69.5,8,2024-06-14
2024-06-14,関東,NB-1,2.0,21000.0,1,1,2024-06-14,25.544444444444444,31.93333333333333,19.55555555555556,0.0,12.444444444444445,0.0,67.77777777777777,9,2024-06-14
2024-06-17,中国,NB-1,1.0,9450.0,1,1,2024-06-17,22.97142857142857,26.25714285714286,19.642857142857142,8.428571428571429,1.542857142857143,0.0,77.42857142857143,7,2024-06-17
2024-06-17,中部,NB-1,2.0,19500.0,1,2,2024-06-17,23.326666666666664,28.16,19.14,1.7,5.046666666666667,0.0,68.8,15,2024-06-17
2024-06-17,近畿,NB-1,2.0,20250.0,2,2,2024-06-17,23.375,27.4125,19.8,4.1875,2.4875,0.0,75.5,8,2024-06-17
2024-06-17,関東,NB-1,5.0,49200.0,2,3,2024-06-17,25.688888888888886,30.266666666666666,22.322222222222223,0.7777777777777778,5.366666666666666,0.0,72.0,9,2024-06-17
2024-06-18,中部,NB-1,6.0,55950.0,1,2,2024-06-18,19.40666666666667,22.7,17.30666666666667,52.5,1.88,0.0,88.4,15,2024-06-18
2024-06-18,関東,NB-1,2.0,18900.0,1,2,2024-06-18,19.311111111111117,22.83333333333333,17.977777777777778,71.22222222222223,0.0111111111111111,0.0,95.33333333333331,9,2024-06-18
2024-06-19,中部,NB-1,1.0,9450.0,1,1,2024-06-19,22.34,28.88,16.32,0.0,12.406666666666666,0.0,72.6,15,2024-06-19
2024-06-19,関東,NB-1,2.0,17400.0,1,1,2024-06-19,23.444444444444443,29.82222222222222,16.966666666666665,0.0,12.755555555555556,0.0,70.0,9,2024-06-19
2024-06-20,近畿,NB-1,1.0,9450.0,1,1,2024-06-20,24.1875,28.2625,20.5125,0.125,0.425,0.0,69.875,8,2024-06-20
2024-06-20,関東,NB-1,1.0,9450.0,1,1,2024-06-20,24.433333333333334,29.93333333333333,19.41111111111111,0.0,8.566666666666666,0.0,71.77777777777777,9,2024-06-20
2024-06-24,近畿,NB-1,3.0,28950.0,1,2,2024-06-24,25.9,29.2625,23.7625,1.8125,1.9375,0.0,80.875,8,2024-06-24
2024-06-24,関東,NB-1,2.0,19200.0,1,2,2024-06-24,26.72222222222222,33.388888888888886,21.133333333333336,0.0555555555555555,6.233333333333333,0.0,77.55555555555556,9,2024-06-24
2024-06-25,中国,NB-1,2.0,18900.0,2,2,2024-06-25,25.014285714285712,27.585714285714285,22.7,0.4285714285714285,0.1428571428571428,0.0,78.85714285714286,7,2024-06-25
2024-06-25,中部,22SJ-3,2.0,43200.0,2,2,2024-06-25,25.64,30.366666666666667,22.066666666666663,0.1666666666666666,2.9,0.0,73.33333333333333,15,2024-06-25
2024-06-25,中部,NB-1,3.0,27450.0,2,2,2024-06-25,25.64,30.366666666666667,22.066666666666663,0.1666666666666666,2.9,0.0,73.33333333333333,15,2024-06-25
2024-06-25,北海道,22SJ-3,1.0,21600.0,1,1,2024-06-25,15.5375,21.025,11.8625,2.375,3.8375,0.0,87.25,8,2024-06-25
2024-06-25,東北,NB-1,1.0,9450.0,1,1,2024-06-25,23.6125,27.7,20.5625,7.875,2.225,0.0,79.5,8,2024-06-25
2024-06-25,近畿,NB-1,1.0,9450.0,1,1,2024-06-25,25.65,28.725,23.15,0.375,0.3625,0.0,78.5,8,2024-06-25
2024-06-25,関東,NB-1,1.0,9450.0,1,1,2024-06-25,27.166666666666668,31.56666666666667,23.711111111111112,0.8888888888888888,2.5,0.0,74.33333333333333,9,2024-06-25
2024-06-26,中部,NB-1,4.0,36000.0,1,1,2024-06-26,24.33333333333333,29.113333333333333,20.74,0.0666666666666666,5.166666666666667,0.0,65.26666666666667,15,2024-06-26
2024-06-27,近畿,NB-1,1.0,9450.0,1,1,2024-06-27,23.5375,26.3,20.7375,1.75,0.7625,0.0,73.0,8,2024-06-27
2024-06-27,関東,NB-1,2.0,18900.0,1,1,2024-06-27,24.677777777777777,28.64444444444445,22.211111111111112,0.0,5.155555555555555,0.0,70.11111111111111,9,2024-06-27
2024-07-01,九州沖縄,NB-1,1.0,9750.0,1,1,2024-07-01,26.875,29.25,25.075,37.25,1.85,0.0,89.625,8,2024-07-01
2024-07-01,北海道,22SJ-3,1.0,23400.0,1,1,2024-07-01,17.85,24.6,13.9125,9.125,3.55,0.0,84.5,8,2024-07-01
2024-07-01,四国,NB-1,1.0,9450.0,1,1,2024-07-01,25.525,27.125,24.175,40.625,0.0,0.0,96.0,4,2024-07-01
2024-07-01,関東,NB-1,1.0,8700.0,1,1,2024-07-01,25.77777777777778,28.366666666666667,23.711111111111112,4.0,0.3,0.0,86.22222222222223,9,2024-07-01
2024-07-02,九州沖縄,NB-1,1.0,9450.0,1,1,2024-07-02,28.5625,32.75,24.9625,12.0,6.5625,0.0,82.125,8,2024-07-02
2024-07-02,東北,NB-1,1.0,9450.0,1,1,2024-07-02,22.3875,27.2625,17.1,0.0,7.7,0.0,70.375,8,2024-07-02
2024-07-02,近畿,NB-1,2.0,18900.0,1,1,2024-07-02,25.1375,27.475,23.3,11.6875,0.1125,0.0,91.5,8,2024-07-02
2024-07-02,関東,NB-1,5.0,46050.0,2,4,2024-07-02,26.75555555555556,31.166666666666668,23.077777777777776,0.2777777777777778,5.522222222222222,0.0,74.55555555555556,9,2024-07-02
2024-07-03,関東,NB-1,1.0,8700.0,1,1,2024-07-03,26.544444444444444,31.88888888888889,22.822222222222223,1.0,5.777777777777778,0.0,79.88888888888889,9,2024-07-03
2024-07-04,関東,22SJ-3,1.0,25200.0,1,1,2024-07-04,29.14444444444445,34.75555555555556,24.37777777777778,0.0,9.344444444444443,0.0,73.44444444444444,9,2024-07-04
2024-07-04,関東,NB-1,1.0,8700.0,1,1,2024-07-04,29.14444444444445,34.75555555555556,24.37777777777778,0.0,9.344444444444443,0.0,73.44444444444444,9,2024-07-04
2024-07-05,四国,NB-1,1.0,9450.0,1,1,2024-07-05,30.05,34.7,25.55,0.0,13.275,0.0,69.5,4,2024-07-05
2024-07-05,関東,NB-1,2.0,19200.0,1,2,2024-07-05,28.88888888888889,34.24444444444444,24.933333333333334,0.0555555555555555,11.5,0.0,73.11111111111111,9,2024-07-05
2024-07-08,中部,NB-1,3.0,28950.0,1,3,2024-07-08,28.34,32.66,25.01333333333333,5.9,4.306666666666667,0.0,72.2,15,2024-07-08
2024-07-08,北海道,22SJ-3,3.0,70200.0,3,3,2024-07-08,19.675,23.3875,17.05,2.0,2.1125,0.0,89.875,8,2024-07-08
2024-07-08,東北,NB-1,1.0,9450.0,1,1,2024-07-08,24.45,27.8625,22.2625,19.4375,0.6125,0.0,87.625,8,2024-07-08
2024-07-08,関東,NB-1,3.0,29700.0,1,2,2024-07-08,29.9,34.87777777777777,26.066666666666663,0.0,6.966666666666667,0.0,70.11111111111111,9,2024-07-08
2024-07-09,中国,NB-1,1.0,9450.0,1,1,2024-07-09,28.428571428571427,32.7,25.7,37.5,2.4857142857142853,0.0,74.42857142857143,7,2024-07-09
2024-07-09,中部,NB-1,5.0,45900.0,1,3,2024-07-09,27.18,31.4,23.953333333333333,1.0333333333333334,2.086666666666667,0.0,74.46666666666667,15,2024-07-09
2024-07-09,近畿,NB-1,1.0,8700.0,1,1,2024-07-09,28.4125,32.800000000000004,25.6375,2.9375,3.1875,0.0,75.75,8,2024-07-09
2024-07-09,関東,NB-1,1.0,9450.0,1,1,2024-07-09,28.35555555555556,31.93333333333333,25.12222222222222,0.0,3.955555555555556,0.0,74.33333333333333,9,2024-07-09
2024-07-10,関東,NB-1,1.0,9000.0,1,1,2024-07-10,27.711111111111112,31.41111111111111,24.8,4.055555555555555,3.355555555555556,0.0,75.77777777777777,9,2024-07-10
2024-07-11,中部,NB-1,1.0,9000.0,1,1,2024-07-11,24.42,27.24,22.506666666666668,11.1,0.4266666666666667,0.0,88.13333333333334,15,2024-07-11
2024-07-16,中部,NB-1,2.0,19500.0,1,1,2024-07-16,24.87333333333333,28.56,22.746666666666663,20.1,2.506666666666667,0.0,89.06666666666666,15,2024-07-16
2024-07-16,九州沖縄,NB-1,2.0,19200.0,2,2,2024-07-16,27.2125,31.825000000000003,24.175,5.875,3.775,0.0,85.0,8,2024-07-16
2024-07-16,関東,NB-1,2.0,19200.0,1,2,2024-07-16,23.077777777777776,25.166666666666668,21.788888888888888,28.05555555555556,0.1555555555555555,0.0,91.55555555555556,9,2024-07-16
2024-07-17,北海道,22SJ-3,1.0,21600.0,1,1,2024-07-17,22.95,27.8,19.1125,0.0,10.6125,0.0,80.5,8,2024-07-17
2024-07-17,北海道,NB-1,1.0,9450.0,1,1,2024-07-17,22.95,27.8,19.1125,0.0,10.6125,0.0,80.5,8,2024-07-17
2024-07-18,中国,NB-1,1.0,9750.0,1,1,2024-07-18,28.571428571428573,33.07142857142857,23.928571428571427,0.0,5.957142857142857,0.0,74.57142857142857,7,2024-07-18
2024-07-18,近畿,NB-1,1.0,10500.0,1,1,2024-07-18,29.1875,34.3125,24.825,0.0,9.9125,0.0,71.75,8,2024-07-18
2024-07-18,関東,NB-1,1.0,8700.0,1,1,2024-07-18,27.700000000000003,32.51111111111111,23.72222222222222,0.0555555555555555,6.044444444444444,0.0,80.0,9,2024-07-18
2024-07-22,中部,NB-1,2.0,18750.0,2,2,2024-07-22,29.65333333333333,35.17333333333333,25.346666666666668,0.0,10.26,0.0,70.46666666666667,15,2024-07-22
2024-07-22,九州沖縄,NB-1,1.0,9450.0,1,1,2024-07-22,30.7875,34.875,27.55,0.5625,10.875,0.0,73.75,8,2024-07-22
2024-07-22,近畿,22SJ-3,1.0,23400.0,1,1,2024-07-22,30.1,35.625,26.7125,0.0,9.9,0.0,72.75,8,2024-07-22
2024-07-22,近畿,NB-1,2.0,19950.0,1,1,2024-07-22,30.1,35.625,26.7125,0.0,9.9,0.0,72.75,8,2024-07-22
2024-07-22,関東,NB-1,5.0,51000.0,2,4,2024-07-22,29.811111111111117,36.388888888888886,25.4,5.0,10.344444444444443,0.0,74.33333333333333,9,2024-07-22
2024-07-23,中部,NB-1,1.0,9450.0,1,1,2024-07-23,29.84,35.86,24.78,0.0,11.38,0.0,68.8,15,2024-07-23
2024-07-25,中部,NB-1,2.0,18900.0,1,1,2024-07-25,27.973333333333336,34.1,23.973333333333336,9.1,6.233333333333333,0.0,76.33333333333333,15,2024-07-25
2024-07-25,近畿,NB-1,1.0,10500.0,1,1,2024-07-25,29.55,34.300000000000004,26.2,0.0625,6.7,0.0,74.5,8,2024-07-25
2024-07-25,関東,NB-1,2.0,18900.0,1,2,2024-07-25,29.05555555555556,35.144444444444446,25.544444444444444,2.7222222222222223,7.711111111111112,0.0,74.0,9,2024-07-25
2024-07-29,中国,NB-1,1.0,9450.0,1,1,2024-07-29,30.228571428571428,34.4,26.042857142857144,0.0,12.357142857142858,0.0,69.42857142857143,7,2024-07-29
2024-07-29,四国,NB-1,1.0,9750.0,1,1,2024-07-29,31.825,36.4,27.575,0.0,12.775,0.0,64.0,4,2024-07-29
2024-07-29,近畿,NB-1,3.0,30450.0,1,1,2024-07-29,31.2125,36.275,26.7875,0.0,12.825,0.0,64.5,8,2024-07-29
2024-07-29,関東,NB-1,4.0,38400.0,1,2,2024-07-29,31.522222222222226,37.1,27.6,0.0,9.966666666666669,0.0,65.44444444444444,9,2024-07-29
2024-07-30,近畿,NB-1,2.0,19200.0,2,2,2024-07-30,30.7625,34.925,27.575,0.0,6.4625,0.0,66.375,8,2024-07-30
2024-07-30,関東,NB-1,1.0,11250.0,1,1,2024-07-30,30.38888888888889,36.1,26.766666666666666,5.888888888888889,6.188888888888889,0.0,69.55555555555556,9,2024-07-30
2024-07-31,北海道,22SJ-3,1.0,19800.0,1,1,2024-07-31,20.475,23.875,18.175,0.0,4.475,0.0,84.5,8,2024-07-31
2024-08-01,中部,NB-1,3.0,27000.0,1,1,2024-08-01,27.926666666666662,33.473333333333336,23.41333333333333,0.0,11.553333333333336,0.0,70.8,15,2024-08-01
2024-08-01,関東,NB-1,1.0,9450.0,1,1,2024-08-01,28.37777777777778,33.13333333333333,24.522222222222226,0.0,11.244444444444444,0.0,70.66666666666667,9,2024-08-01
2024-08-02,九州沖縄,NB-1,1.0,9450.0,1,1,2024-08-02,31.225,35.5375,27.925,0.0,11.0,0.0,73.0,8,2024-08-02
2024-08-02,東北,22SJ-3,3.0,64800.0,3,3,2024-08-02,27.075,32.6375,22.3375,0.0,10.9375,0.0,76.625,8,2024-08-02
2024-08-02,東北,NB-1,2.0,18900.0,1,1,2024-08-02,27.075,32.6375,22.3375,0.0,10.9375,0.0,76.625,8,2024-08-02
2024-08-02,近畿,NB-1,2.0,18150.0,1,2,2024-08-02,31.1125,36.775,26.7875,0.0,11.525,0.0,66.625,8,2024-08-02
2024-08-02,関東,NB-1,1.0,8700.0,1,1,2024-08-02,28.77777777777778,33.58888888888889,25.08888888888889,0.0,10.055555555555555,0.0,71.33333333333333,9,2024-08-02
2024-08-05,九州沖縄,NB-1,3.0,31950.0,1,2,2024-08-05,31.0,35.8625,28.1125,0.75,8.575,0.0,74.625,8,2024-08-05
2024-08-05,近畿,NB-1,3.0,31500.0,1,1,2024-08-05,30.425,35.4875,27.4,4.875,6.5375000000000005,0.0,75.125,8,2024-08-05
2024-08-05,関東,NB-1,1.0,9750.0,1,1,2024-08-05,29.04444444444444,34.5,26.01111111111111,2.7222222222222223,7.300000000000001,0.0,75.44444444444444,9,2024-08-05
2024-08-06,中部,22SJ-3,2.0,43200.0,2,2,2024-08-06,28.23333333333333,33.20666666666667,25.366666666666667,2.933333333333333,6.006666666666666,0.0,80.26666666666667,15,2024-08-06
2024-08-06,中部,NB-1,1.0,9450.0,1,1,2024-08-06,28.23333333333333,33.20666666666667,25.366666666666667,2.933333333333333,6.006666666666666,0.0,80.26666666666667,15,2024-08-06
2024-08-07,中部,NB-1,1.0,9450.0,1,1,2024-08-07,27.99333333333333,33.0,24.666666666666668,13.833333333333334,6.406666666666666,0.0,77.86666666666666,15,2024-08-07
2024-08-07,関東,NB-1,1.0,11250.0,1,1,2024-08-07,28.344444444444445,33.644444444444446,25.0,13.88888888888889,4.422222222222222,0.0,80.77777777777777,9,2024-08-07
2024-08-08,中部,NB-1,1.0,9450.0,1,1,2024-08-08,27.91333333333333,33.00666666666667,24.36,0.7666666666666667,8.413333333333334,0.0,75.93333333333334,15,2024-08-08
2024-08-08,近畿,NB-1,2.0,19950.0,1,1,2024-08-08,29.7,35.2125,24.7,0.0,12.475,0.0,62.625,8,2024-08-08
2024-08-09,関東,22SJ-3,9.0,194400.0,7,7,2024-08-09,29.200000000000003,34.75555555555556,25.866666666666667,9.61111111111111,8.444444444444445,0.0,77.22222222222223,9,2024-08-09
2024-08-13,中部,22SJ-3,3.0,70200.0,2,3,2024-08-13,28.826666666666664,33.82,25.540000000000003,2.833333333333333,8.92,0.0,76.46666666666667,15,2024-08-13
2024-08-13,中部,NB-1,2.0,18450.0,2,2,2024-08-13,28.826666666666664,33.82,25.540000000000003,2.833333333333333,8.92,0.0,76.46666666666667,15,2024-08-13
2024-08-13,四国,NB-1,1.0,9450.0,1,1,2024-08-13,30.5,35.7,26.8,0.0,11.35,0.0,67.5,4,2024-08-13
2024-08-13,関東,NB-1,1.0,9450.0,1,1,2024-08-13,29.88888888888889,34.888888888888886,26.944444444444443,3.555555555555556,7.699999999999999,0.0,78.11111111111111,9,2024-08-13
2024-08-14,近畿,NB-1,1.0,10500.0,1,1,2024-08-14,30.8,36.6625,26.6125,0.0625,11.325,0.0,67.25,8,2024-08-14
2024-08-15,中部,NB-1,1.0,11250.0,1,1,2024-08-15,28.41333333333333,33.666666666666664,25.02,3.333333333333333,6.613333333333333,0.0,78.2,15,2024-08-15
2024-08-15,九州沖縄,NB-1,1.0,9000.0,1,1,2024-08-15,29.925,35.55,25.9875,0.0625,9.425,0.0,73.0,8,2024-08-15
2024-08-15,近畿,NB-1,2.0,19200.0,1,2,2024-08-15,30.1375,36.2875,26.3875,9.875,7.7625,0.0,71.75,8,2024-08-15
2024-08-15,関東,NB-1,1.0,10500.0,1,1,2024-08-15,29.54444444444444,34.48888888888889,26.14444444444445,0.0,8.233333333333333,0.0,78.22222222222223,9,2024-08-15
2024-08-16,中部,NB-1,1.0,9450.0,1,1,2024-08-16,28.453333333333333,33.18666666666667,25.293333333333333,0.2333333333333333,4.486666666666666,0.0,76.66666666666667,15,2024-08-16
2024-08-16,関東,NB-1,1.0,10500.0,1,1,2024-08-16,27.188888888888886,29.4,25.5,44.72222222222222,0.7222222222222222,0.0,89.55555555555556,9,2024-08-16
2024-08-19,中部,22SJ-3,2.0,43200.0,2,2,2024-08-19,28.6,33.373333333333335,24.886666666666667,2.1,4.8933333333333335,0.0,77.26666666666667,15,2024-08-19
2024-08-19,中部,NB-1,5.0,47850.0,2,4,2024-08-19,28.6,33.373333333333335,24.886666666666667,2.1,4.8933333333333335,0.0,77.26666666666667,15,2024-08-19
2024-08-19,九州沖縄,NB-1,2.0,19200.0,2,2,2024-08-19,29.075,32.3625,26.7625,24.8125,2.1625,0.0,79.625,8,2024-08-19
2024-08-19,四国,NB-1,3.0,28950.0,1,1,2024-08-19,26.5,29.525,24.775,53.375,0.0,0.0,90.0,4,2024-08-19
2024-08-19,近畿,NB-1,2.0,20250.0,1,1,2024-08-19,28.1,31.05,25.55,6.0,0.2125,0.0,79.25,8,2024-08-19
2024-08-19,関東,NB-1,8.0,79500.0,1,3,2024-08-19,28.577777777777776,33.86666666666667,24.33333333333333,22.166666666666668,6.422222222222222,0.0,83.77777777777777,9,2024-08-19
2024-08-20,中部,NB-1,2.0,18900.0,1,1,2024-08-20,27.426666666666662,32.46666666666667,23.8,6.033333333333333,6.426666666666667,0.0,78.93333333333334,15,2024-08-20
2024-08-20,九州沖縄,NB-1,1.0,9000.0,1,1,2024-08-20,30.625,35.375,26.2875,5.6875,9.675,0.0,74.0,8,2024-08-20
2024-08-20,近畿,NB-1,1.0,10500.0,1,1,2024-08-20,27.4,32.125,23.85,25.0625,3.2875,0.0,84.875,8,2024-08-20
2024-08-20,関東,NB-1,4.0,38850.0,1,2,2024-08-20,28.155555555555555,34.03333333333333,24.41111111111111,1.6666666666666667,7.21111111111111,0.0,80.0,9,2024-08-20
2024-08-22,中部,NB-1,1.0,9450.0,1,1,2024-08-22,28.9,34.3,25.486666666666668,8.866666666666667,5.166666666666667,0.0,77.33333333333333,15,2024-08-22
2024-08-23,東北,NB-1,1.0,9450.0,1,1,2024-08-23,28.875,33.9,25.3625,0.125,4.8875,0.0,78.75,8,2024-08-23
2024-08-23,関東,NB-1,1.0,10500.0,1,1,2024-08-23,28.95555555555556,33.02222222222222,26.344444444444445,0.0,4.877777777777777,0.0,79.66666666666667,9,2024-08-23
2024-08-26,中部,NB-1,1.0,9750.0,1,1,2024-08-26,27.826666666666664,33.22,23.87333333333333,13.966666666666669,7.946666666666667,0.0,77.46666666666667,15,2024-08-26
2024-08-26,関東,NB-1,4.0,39000.0,1,3,2024-08-26,28.65555555555555,33.32222222222222,25.077777777777776,2.333333333333333,7.388888888888889,0.0,77.66666666666667,9,2024-08-26
2024-08-27,東北,NB-1,2.0,18900.0,2,2,2024-08-27,26.7,32.025,23.6875,26.6875,3.0,0.0,83.75,8,2024-08-27
2024-08-27,近畿,NB-1,2.0,20250.0,1,2,2024-08-27,29.925,35.4875,26.5125,1.25,6.575,0.0,69.375,8,2024-08-27
2024-08-27,関東,NB-1,1.0,9450.0,1,1,2024-08-27,27.88888888888889,31.93333333333333,25.11111111111111,6.888888888888889,4.577777777777778,0.0,81.66666666666667,9,2024-08-27
2024-08-28,近畿,NB-1,1.0,10500.0,1,1,2024-08-28,28.525,33.5875,25.425,2.875,6.525,0.0,71.625,8,2024-08-28
2024-08-29,中部,22SJ-3,1.0,21600.0,1,1,2024-08-29,24.34,26.293333333333333,22.966666666666665,74.76666666666667,0.0,0.0,90.66666666666669,15,2024-08-29
2024-09-02,中国,NB-1,1.0,9450.0,1,1,2024-09-02,27.571428571428573,33.042857142857144,22.885714285714283,0.0,9.742857142857144,0.0,71.71428571428571,7,2024-09-02
2024-09-02,中部,NB-1,4.0,37500.0,1,2,2024-09-02,26.49333333333333,31.2,23.23333333333333,8.533333333333333,4.180000000000001,0.0,84.0,15,2024-09-02
2024-09-02,関東,NB-1,6.0,60450.0,1,3,2024-09-02,28.866666666666667,33.8,25.14444444444445,3.2777777777777777,9.422222222222222,0.0,80.22222222222223,9,2024-09-02
2024-09-03,九州沖縄,NB-1,2.0,18900.0,1,1,2024-09-03,28.2125,32.6625,24.9125,1.625,7.775,0.0,72.75,8,2024-09-03
2024-09-03,関東,NB-1,1.0,9450.0,1,1,2024-09-03,24.755555555555556,27.53333333333333,22.58888888888889,15.555555555555555,0.3888888888888889,0.0,86.44444444444444,9,2024-09-03
2024-09-04,近畿,NB-1,4.0,37800.0,2,2,2024-09-04,27.5,32.875,22.925,0.0,10.9375,0.0,70.25,8,2024-09-04
2024-09-05,近畿,NB-1,1.0,9450.0,1,1,2024-09-05,27.85,33.2875,23.6125,0.0,10.6,0.0,71.5,8,2024-09-05
2024-09-06,九州沖縄,22SJ-3,2.0,46800.0,2,2,2024-09-06,28.825,33.8125,24.8625,0.0625,10.7375,0.0,71.375,8,2024-09-06
2024-09-06,東北,NB-1,1.0,9450.0,1,1,2024-09-06,24.925,29.7375,21.025,0.75,3.6125,0.0,79.125,8,2024-09-06
2024-09-06,関東,NB-1,1.0,8700.0,1,1,2024-09-06,27.91111111111111,33.36666666666667,23.700000000000003,0.0,9.944444444444445,0.0,76.22222222222223,9,2024-09-06
2024-09-09,近畿,NB-1,2.0,19200.0,1,2,2024-09-09,29.55,34.8375,25.475,0.0,11.0875,0.0,69.125,8,2024-09-09
2024-09-09,関東,NB-1,2.0,19500.0,1,2,2024-09-09,27.322222222222223,32.22222222222222,24.53333333333333,10.61111111111111,6.177777777777778,0.0,82.88888888888889,9,2024-09-09
2024-09-10,中部,NB-1,5.0,47550.0,2,3,2024-09-10,27.84,32.92666666666666,24.006666666666668,4.166666666666667,7.993333333333334,0.0,76.26666666666667,15,2024-09-10
2024-09-10,北海道,22SJ-3,2.0,43200.0,1,1,2024-09-10,21.55,26.05,15.55,0.8125,5.8375,0.0,78.125,8,2024-09-10
2024-09-12,中部,NB-1,2.0,18000.0,1,1,2024-09-12,27.986666666666668,33.059999999999995,24.7,9.766666666666667,7.86,0.0,80.4,15,2024-09-12
2024-09-12,近畿,NB-1,1.0,10500.0,1,1,2024-09-12,29.525,35.0,26.275,6.4375,9.4,0.0,75.375,8,2024-09-12
2024-09-12,関東,NB-1,1.0,9000.0,1,1,2024-09-12,29.21111111111111,34.21111111111111,25.75555555555556,4.555555555555555,9.322222222222225,0.0,78.22222222222223,9,2024-09-12
2024-09-13,中部,NB-1,1.0,9450.0,1,1,2024-09-13,27.96,33.126666666666665,24.813333333333333,0.6,8.486666666666666,0.0,79.2,15,2024-09-13
2024-09-13,東北,NB-1,1.0,9450.0,1,1,2024-09-13,25.575,30.8625,21.95,0.4375,4.2875,0.0,78.0,8,2024-09-13
2024-09-17,中国,NB-1,6.0,57000.0,1,2,2024-09-17,29.814285714285717,34.628571428571426,26.428571428571427,0.0714285714285714,8.928571428571429,0.0,75.85714285714286,7,2024-09-17
2024-09-17,中部,22SJ-3,5.0,108000.0,5,5,2024-09-17,27.746666666666663,32.67333333333333,24.42,0.9666666666666668,6.7733333333333325,0.0,79.0,15,2024-09-17
2024-09-17,中部,NB-1,2.0,19200.0,1,2,2024-09-17,27.746666666666663,32.67333333333333,24.42,0.9666666666666668,6.7733333333333325,0.0,79.0,15,2024-09-17
2024-09-17,九州沖縄,NB-1,1.0,9750.0,1,1,2024-09-17,29.875,34.5,26.325,1.6875,9.2125,0.0,73.5,8,2024-09-17
2024-09-17,北海道,NB-1,1.0,9750.0,1,1,2024-09-17,19.0875,23.4375,15.7875,0.875,4.9875,0.0,79.375,8,2024-09-17
2024-09-17,近畿,NB-1,2.0,20250.0,1,2,2024-09-17,29.7,34.5875,26.0,2.4375,8.9,0.0,72.75,8,2024-09-17
2024-09-17,関東,NB-1,3.0,29400.0,1,2,2024-09-17,27.62222222222222,32.86666666666667,23.155555555555555,0.1666666666666666,9.266666666666667,0.0,78.55555555555556,9,2024-09-17
2024-09-18,北海道,NB-1,1.0,9450.0,1,1,2024-09-18,20.1625,25.125,16.0875,0.0,8.8875,0.0,68.25,8,2024-09-18
2024-09-19,関東,NB-1,2.0,21000.0,1,1,2024-09-19,26.811111111111117,31.133333333333333,24.23333333333333,1.8333333333333333,2.488888888888889,0.0,85.77777777777777,9,2024-09-19
2024-09-20,中部,NB-1,1.0,9450.0,1,1,2024-09-20,28.71333333333333,34.9,23.866666666666667,1.3,9.126666666666669,0.0,70.26666666666667,15,2024-09-20
2024-09-20,近畿,NB-1,2.0,21000.0,1,1,2024-09-20,30.325,35.5375,26.725,0.0,10.375,0.0,70.25,8,2024-09-20
2024-09-24,中部,NB-1,4.0,36900.0,1,1,2024-09-24,21.71333333333333,26.226666666666667,18.5,0.9,6.346666666666667,0.0,70.33333333333333,15,2024-09-24
2024-09-24,九州沖縄,NB-1,1.0,9750.0,1,1,2024-09-24,25.5625,30.65,21.175,9.3125,7.925,0.0,71.75,8,2024-09-24
2024-09-24,四国,NB-1,1.0,9750.0,1,1,2024-09-24,24.675,29.575,20.775,0.125,4.05,0.0,71.5,4,2024-09-24
2024-09-24,近畿,NB-1,4.0,39450.0,1,3,2024-09-24,24.7125,29.9,20.5875,0.0,6.1,0.0,66.125,8,2024-09-24
2024-09-24,関東,NB-1,10.0,99300.0,1,2,2024-09-24,20.48888888888889,24.155555555555555,17.855555555555554,0.0,5.066666666666666,0.0,69.33333333333333,9,2024-09-24
2024-09-25,中国,NB-1,1.0,9450.0,1,1,2024-09-25,24.842857142857145,29.457142857142856,21.728571428571428,0.0,3.3714285714285714,0.0,74.0,7,2024-09-25
2024-09-25,中部,22SJ-3,2.0,43200.0,2,2,2024-09-25,22.48,27.44,17.846666666666668,0.1,7.086666666666667,0.0,68.2,15,2024-09-25
2024-09-25,東北,NB-1,1.0,9450.0,1,1,2024-09-25,17.975,23.1625,11.9375,1.1875,4.725,0.0,81.875,8,2024-09-25
2024-09-25,近畿,NB-1,2.0,21000.0,1,1,2024-09-25,25.0125,30.1875,20.9375,0.0,6.4375,0.0,61.875,8,2024-09-25
2024-09-25,関東,NB-1,1.0,9450.0,1,1,2024-09-25,20.64444444444445,24.266666666666666,17.48888888888889,3.0,0.4666666666666667,0.0,80.11111111111111,9,2024-09-25
2024-09-26,中国,NB-1,3.0,28950.0,1,1,2024-09-26,25.428571428571427,31.342857142857145,20.571428571428573,0.0,10.585714285714284,0.0,73.0,7,2024-09-26
2024-09-26,中部,NB-1,1.0,9750.0,1,1,2024-09-26,23.846666666666668,29.386666666666667,19.69333333333333,1.1333333333333333,6.78,0.0,76.6,15,2024-09-26
2024-09-26,関東,22SJ-3,6.0,129600.0,6,6,2024-09-26,24.244444444444444,29.34444444444445,20.200000000000003,0.1666666666666666,6.7,0.0,78.44444444444444,9,2024-09-26
2024-09-26,関東,NB-1,1.0,10500.0,1,1,2024-09-26,24.244444444444444,29.34444444444445,20.200000000000003,0.1666666666666666,6.7,0.0,78.44444444444444,9,2024-09-26
2024-09-27,中部,NB-1,2.0,18000.0,1,1,2024-09-27,24.01333333333333,27.87333333333333,21.186666666666667,3.8333333333333335,3.2066666666666666,0.0,82.6,15,2024-09-27
2024-09-27,近畿,22SJ-3,1.0,25200.0,1,1,2024-09-27,26.7875,30.9875,23.85,0.25,5.05,0.0,72.625,8,2024-09-27
2024-09-27,関東,NB-1,3.0,26100.0,1,1,2024-09-27,23.4,25.25555555555556,21.933333333333334,10.055555555555555,0.1111111111111111,0.0,91.22222222222224,9,2024-09-27
2024-10-01,中部,22SJ-3,7.0,151200.0,7,7,2024-10-01,23.526666666666664,29.766666666666666,18.51333333333333,0.0,10.46,0.0,74.06666666666666,15,2024-10-01
2024-10-01,近畿,NB-1,1.0,9450.0,1,1,2024-10-01,25.3625,30.8,21.0125,0.0,9.475,0.0,70.75,8,2024-10-01
2024-10-01,関東,22SJ-3,4.0,86400.0,4,4,2024-10-01,23.03333333333333,27.288888888888888,19.066666666666663,1.7222222222222223,3.4,0.0,81.0,9,2024-10-01
2024-10-01,関東,NB-1,1.0,10500.0,1,1,2024-10-01,23.03333333333333,27.288888888888888,19.066666666666663,1.7222222222222223,3.4,0.0,81.0,9,2024-10-01
2024-10-02,東北,NB-1,1.0,9450.0,1,1,2024-10-02,21.4875,28.15,16.9125,4.8125,5.8375,0.0,76.875,8,2024-10-02
2024-10-03,近畿,NB-1,1.0,10500.0,1,1,2024-10-03,21.9,23.9125,20.6625,41.5,0.0,0.0,90.75,8,2024-10-03
2024-10-04,中部,22SJ-3,1.0,21600.0,1,1,2024-10-04,21.98,25.326666666666664,19.446666666666665,16.333333333333332,0.1733333333333333,0.0,91.2,15,2024-10-04
2024-10-04,東北,22SJ-3,6.0,129600.0,4,4,2024-10-04,19.7625,23.0125,16.475,14.0,0.0625,0.0,91.5,8,2024-10-04
2024-10-04,関東,22SJ-3,1.0,25200.0,1,1,2024-10-04,24.41111111111111,27.711111111111112,21.23333333333333,5.833333333333333,3.111111111111111,0.0,88.44444444444444,9,2024-10-04
2024-10-04,関東,NB-1,3.0,29700.0,2,2,2024-10-04,24.41111111111111,27.711111111111112,21.23333333333333,5.833333333333333,3.111111111111111,0.0,88.44444444444444,9,2024-10-04
2024-10-07,中国,NB-1,1.0,9450.0,1,1,2024-10-07,20.67142857142857,22.285714285714285,19.3,29.857142857142858,0.0,0.0,94.71428571428572,7,2024-10-07
2024-10-07,中部,NB-1,1.0,9450.0,1,1,2024-10-07,22.226666666666667,27.166666666666668,19.526666666666667,17.766666666666666,1.9866666666666668,0.0,88.33333333333333,15,2024-10-07
2024-10-07,九州沖縄,NB-1,2.0,19200.0,1,2,2024-10-07,23.775,26.1,21.9625,9.8125,1.5125,0.0,89.375,8,2024-10-07
2024-10-07,北海道,NB-1,1.0,9750.0,1,1,2024-10-07,15.3375,17.625,13.0,5.1875,0.0125,0.0,88.5,8,2024-10-07
2024-10-07,四国,NB-1,1.0,9450.0,1,1,2024-10-07,23.7,27.925,21.3,14.0,1.225,0.0,90.5,4,2024-10-07
2024-10-07,近畿,NB-1,1.0,9750.0,1,1,2024-10-07,23.1125,27.775,20.1125,15.5625,1.475,0.0,86.5,8,2024-10-07
2024-10-07,関東,22SJ-3,3.0,64800.0,3,3,2024-10-07,24.22222222222222,28.488888888888887,20.677777777777777,0.3888888888888889,5.199999999999999,0.0,84.22222222222223,9,2024-10-07
2024-10-07,関東,NB-1,3.0,28950.0,1,1,2024-10-07,24.22222222222222,28.488888888888887,20.677777777777777,0.3888888888888889,5.199999999999999,0.0,84.22222222222223,9,2024-10-07
2024-10-08,近畿,NB-1,1.0,10500.0,1,1,2024-10-08,20.2,23.75,17.175,10.875,0.175,0.0,83.875,8,2024-10-08
2024-10-09,中部,22SJ-3,1.0,21600.0,1,1,2024-10-09,17.6,22.086666666666662,14.166666666666666,19.266666666666666,3.786666666666666,0.0,84.73333333333333,15,2024-10-09
2024-10-09,九州沖縄,22SJ-3,1.0,21600.0,1,1,2024-10-09,22.8875,27.15,19.4875,0.0,9.25,0.0,65.875,8,2024-10-09
2024-10-09,関東,22SJ-3,3.0,64800.0,3,3,2024-10-09,16.4,18.14444444444445,15.077777777777776,45.77777777777778,0.4111111111111111,0.0,92.66666666666669,9,2024-10-09
2024-10-09,関東,NB-1,1.0,8700.0,1,1,2024-10-09,16.4,18.14444444444445,15.077777777777776,45.77777777777778,0.4111111111111111,0.0,92.66666666666669,9,2024-10-09
2024-10-11,中国,NB-1,1.0,9450.0,1,1,2024-10-11,18.928571428571427,24.942857142857143,14.2,0.0,9.528571428571428,0.0,67.85714285714286,7,2024-10-11
2024-10-11,北海道,22SJ-3,6.0,140400.0,6,6,2024-10-11,12.075,16.4875,8.2375,0.0,5.6000000000000005,0.0,69.625,8,2024-10-11
2024-10-15,中部,NB-1,6.0,60300.0,2,3,2024-10-15,20.933333333333334,25.28666666666667,17.2,3.6,4.36,0.0,71.33333333333333,15,2024-10-15
2024-10-15,九州沖縄,NB-1,2.0,19200.0,1,1,2024-10-15,24.8,28.175,22.2,2.9375,1.4,0.0,80.5,8,2024-10-15
2024-10-15,四国,NB-1,1.0,9450.0,1,1,2024-10-15,24.275,29.275,19.925,0.5,6.9,0.0,70.0,4,2024-10-15
2024-10-15,近畿,NB-1,1.0,9450.0,1,1,2024-10-15,23.0375,27.125,19.1375,0.0,3.475,0.0,71.5,8,2024-10-15
2024-10-15,関東,22SJ-3,3.0,75600.0,3,3,2024-10-15,21.45555555555556,26.41111111111111,17.41111111111111,0.0555555555555555,8.366666666666667,0.0,73.33333333333333,9,2024-10-15
2024-10-15,関東,NB-1,4.0,40200.0,1,3,2024-10-15,21.45555555555556,26.41111111111111,17.41111111111111,0.0555555555555555,8.366666666666667,0.0,73.33333333333333,9,2024-10-15
2024-10-16,中部,NB-1,2.0,18000.0,1,1,2024-10-16,20.973333333333336,24.1,18.186666666666667,2.066666666666667,0.4666666666666667,0.0,83.66666666666667,15,2024-10-16
2024-10-16,九州沖縄,NB-1,1.0,9450.0,1,1,2024-10-16,25.2125,29.05,22.925,5.5625,4.1,0.0,79.25,8,2024-10-16
2024-10-16,近畿,NB-1,1.0,8700.0,1,1,2024-10-16,23.1875,26.8375,20.5875,0.3125,1.075,0.0,78.625,8,2024-10-16
2024-10-16,関東,22SJ-3,3.0,64800.0,3,3,2024-10-16,22.01111111111111,25.655555555555555,18.522222222222226,0.0,1.877777777777777,0.0,79.11111111111111,9,2024-10-16
2024-10-16,関東,NB-1,3.0,29700.0,2,3,2024-10-16,22.01111111111111,25.655555555555555,18.522222222222226,0.0,1.877777777777777,0.0,79.11111111111111,9,2024-10-16
2024-10-17,関東,22SJ-3,2.0,43200.0,2,2,2024-10-17,22.311111111111117,26.266666666666666,19.177777777777777,0.7222222222222222,3.7777777777777777,0.0,80.22222222222223,9,2024-10-17
2024-10-18,中部,22SJ-3,2.0,43200.0,2,2,2024-10-18,22.126666666666665,26.173333333333336,18.60666666666667,16.666666666666668,1.6266666666666665,0.0,81.33333333333333,15,2024-10-18
2024-10-18,中部,NB-1,2.0,18000.0,2,2,2024-10-18,22.126666666666665,26.173333333333336,18.60666666666667,16.666666666666668,1.6266666666666665,0.0,81.33333333333333,15,2024-10-18
2024-10-18,九州沖縄,NB-1,2.0,18900.0,1,1,2024-10-18,26.25,30.6375,22.775,0.4375,6.8875,0.0,78.625,8,2024-10-18
2024-10-18,近畿,NB-1,2.0,21000.0,1,1,2024-10-18,24.05,27.8375,21.4,0.0625,1.15,0.0,78.75,8,2024-10-18
2024-10-21,中国,NB-1,5.0,47250.0,1,2,2024-10-21,18.928571428571427,23.82857142857143,12.571428571428571,0.0,4.271428571428571,0.0,69.0,7,2024-10-21
2024-10-21,中部,NB-1,2.0,19500.0,1,2,2024-10-21,15.553333333333333,21.76,9.286666666666669,0.3,9.473333333333333,0.0,67.53333333333333,15,2024-10-21
2024-10-21,九州沖縄,NB-1,1.0,9750.0,1,1,2024-10-21,23.5,27.8125,19.575,11.125,5.575,0.0,74.25,8,2024-10-21
2024-10-21,東北,NB-1,1.0,9450.0,1,1,2024-10-21,11.4,18.925,3.625,0.0,8.2125,0.0,74.375,8,2024-10-21
2024-10-21,関東,NB-1,3.0,27150.0,2,3,2024-10-21,15.666666666666666,20.788888888888888,10.41111111111111,0.0,5.555555555555555,0.0,65.22222222222223,9,2024-10-21
2024-10-22,中部,NB-1,1.0,9450.0,1,1,2024-10-22,18.25333333333333,22.9,13.006666666666666,1.7666666666666666,3.793333333333333,0.0,68.8,15,2024-10-22
2024-10-22,近畿,22SJ-3,3.0,64800.0,3,3,2024-10-22,20.8125,24.325,17.1625,0.0625,2.325,0.0,68.75,8,2024-10-22
2024-10-22,近畿,NB-1,1.0,10500.0,1,1,2024-10-22,20.8125,24.325,17.1625,0.0625,2.325,0.0,68.75,8,2024-10-22
2024-10-22,関東,NB-1,2.0,21000.0,1,1,2024-10-22,19.177777777777777,24.344444444444445,13.444444444444445,0.9444444444444444,6.111111111111111,0.0,70.55555555555556,9,2024-10-22
2024-10-23,中部,NB-1,2.0,18000.0,1,1,2024-10-23,21.38,25.83333333333333,18.0,14.833333333333334,0.64,0.0,85.66666666666667,15,2024-10-23
2024-10-23,関東,22SJ-3,2.0,43200.0,2,2,2024-10-23,21.22222222222222,23.866666666666667,18.166666666666668,2.6666666666666665,0.6888888888888889,0.0,87.33333333333333,9,2024-10-23
2024-10-24,九州沖縄,22SJ-3,7.0,151200.0,7,7,2024-10-24,20.0,23.175,16.4375,24.875,2.15,0.0,79.625,8,2024-10-24
2024-10-24,関東,NB-1,1.0,9450.0,1,1,2024-10-24,22.12222222222222,25.38888888888889,19.266666666666666,0.4444444444444444,2.9000000000000004,0.0,79.33333333333333,9,2024-10-24
2024-10-25,中国,NB-1,1.0,9450.0,1,1,2024-10-25,18.52857142857143,24.442857142857143,13.485714285714286,0.0,7.799999999999999,0.0,74.28571428571429,7,2024-10-25
2024-10-25,近畿,NB-1,1.0,9450.0,1,1,2024-10-25,20.125,24.3125,17.175,0.0625,5.9625,0.0,66.25,8,2024-10-25
2024-10-25,関東,22SJ-3,2.0,46800.0,2,2,2024-10-25,20.022222222222226,22.466666666666665,18.01111111111111,0.9444444444444444,1.0,0.0,79.22222222222223,9,2024-10-25
2024-10-28,中国,NB-1,1.0,9750.0,1,1,2024-10-28,17.714285714285715,20.8,15.957142857142856,11.285714285714286,0.5142857142857143,0.0,83.14285714285714,7,2024-10-28
2024-10-28,中部,NB-1,1.0,9750.0,1,1,2024-10-28,17.546666666666667,20.74,15.386666666666668,17.366666666666667,1.2666666666666666,0.0,84.13333333333334,15,2024-10-28
2024-10-28,近畿,NB-1,2.0,18450.0,1,2,2024-10-28,18.7,21.325,16.7875,29.125,1.225,0.0,80.125,8,2024-10-28
2024-10-28,関東,22SJ-3,2.0,43200.0,2,2,2024-10-28,18.73333333333333,20.62222222222222,16.844444444444445,8.0,0.1222222222222222,0.0,83.11111111111111,9,2024-10-28
2024-10-28,関東,NB-1,1.0,10500.0,1,1,2024-10-28,18.73333333333333,20.62222222222222,16.844444444444445,8.0,0.1222222222222222,0.0,83.11111111111111,9,2024-10-28
2024-10-29,中部,22SJ-3,2.0,45000.0,2,2,2024-10-29,15.206666666666669,17.740000000000002,13.286666666666669,23.53333333333333,0.96,0.0,85.73333333333333,15,2024-10-29
2024-10-29,関東,NB-1,2.0,21000.0,1,1,2024-10-29,15.244444444444444,17.866666666666667,12.7,24.05555555555556,0.1333333333333333,0.0,78.44444444444444,9,2024-10-29
2024-10-30,中部,22SJ-3,1.0,21600.0,1,1,2024-10-30,16.119999999999997,20.98,12.093333333333334,11.833333333333334,3.5733333333333333,0.0,80.8,15,2024-10-30
2024-10-30,関東,NB-1,1.0,9450.0,1,1,2024-10-30,16.755555555555556,22.966666666666665,12.477777777777778,15.166666666666666,3.2777777777777777,0.0,78.0,9,2024-10-30
2024-10-31,中部,NB-1,2.0,18000.0,1,1,2024-10-31,14.68,20.06,9.96,0.0,6.16,0.0,75.66666666666667,15,2024-10-31
2024-11-01,中国,22SJ-3,6.0,140400.0,6,6,2024-11-01,17.54285714285714,19.62857142857143,14.842857142857143,72.14285714285714,0.0,0.0,92.28571428571428,7,2024-11-01
2024-11-01,中部,22SJ-3,12.0,280800.0,6,12,2024-11-01,17.033333333333335,21.386666666666667,12.653333333333334,8.133333333333333,1.346666666666667,0.0,83.4,15,2024-11-01
2024-11-01,九州沖縄,22SJ-3,18.0,421200.0,6,12,2024-11-01,21.45,23.4875,19.5625,48.8125,0.525,0.0,89.75,8,2024-11-01
2024-11-01,四国,22SJ-3,12.0,280800.0,6,12,2024-11-01,19.95,22.1,17.35,23.375,0.05,0.0,91.0,4,2024-11-01
2024-11-01,東北,22SJ-3,12.0,280800.0,6,6,2024-11-01,13.225,18.475,7.5125,0.0625,4.4,0.0,81.125,8,2024-11-01
2024-11-01,近畿,22SJ-3,6.0,140400.0,6,6,2024-11-01,18.925,22.4375,15.825,26.3125,0.475,0.0,85.625,8,2024-11-01
2024-11-01,関東,22SJ-3,21.0,489600.0,6,14,2024-11-01,16.58888888888889,21.688888888888886,11.122222222222222,1.8333333333333333,3.9777777777777774,0.0,77.55555555555556,9,2024-11-01
2024-11-05,中国,NB-1,1.0,9450.0,1,1,2024-11-05,16.87142857142857,21.32857142857143,13.314285714285717,1.0714285714285714,4.128571428571428,0.0,78.71428571428571,7,2024-11-05
2024-11-05,中部,22SJ-3,1.0,21600.0,1,1,2024-11-05,15.186666666666667,18.87333333333333,12.446666666666664,1.3666666666666667,1.8866666666666667,0.0,77.53333333333333,15,2024-11-05
2024-11-05,中部,NB-1,2.0,18450.0,2,2,2024-11-05,15.186666666666667,18.87333333333333,12.446666666666664,1.3666666666666667,1.8866666666666667,0.0,77.53333333333333,15,2024-11-05
2024-11-05,東北,22SJ-3,2.0,43200.0,2,2,2024-11-05,11.6,15.275,7.6375,0.5625,4.3,0.0,68.125,8,2024-11-05
2024-11-05,東北,NB-1,1.0,9750.0,1,1,2024-11-05,11.6,15.275,7.6375,0.5625,4.3,0.0,68.125,8,2024-11-05
2024-11-05,近畿,NB-1,1.0,9450.0,1,1,2024-11-05,17.425,21.2625,14.55,0.5625,4.85,0.0,72.75,8,2024-11-05
2024-11-06,中部,22SJ-3,1.0,21600.0,1,1,2024-11-06,13.96,18.78,10.606666666666666,5.7,6.62,0.0,75.46666666666667,15,2024-11-06
2024-11-06,関東,NB-1,1.0,8700.0,1,1,2024-11-06,13.944444444444445,16.766666666666666,11.22222222222222,1.3333333333333333,1.6,0.0,76.55555555555556,9,2024-11-06
2024-11-07,中国,NB-1,3.0,28350.0,1,1,2024-11-07,12.585714285714284,17.2,8.828571428571427,1.4285714285714286,5.314285714285715,0.0,69.14285714285714,7,2024-11-07
2024-11-07,中部,22SJ-3,3.0,70200.0,3,3,2024-11-07,10.793333333333331,14.613333333333332,7.54,1.4666666666666666,6.153333333333333,0.0,65.13333333333334,15,2024-11-07
2024-11-07,中部,NB-1,5.0,45900.0,1,1,2024-11-07,10.793333333333331,14.613333333333332,7.54,1.4666666666666666,6.153333333333333,0.0,65.13333333333334,15,2024-11-07
2024-11-07,四国,NB-1,1.0,9450.0,1,1,2024-11-07,14.3,17.9,11.325,0.0,4.825,0.0,60.75,4,2024-11-07
2024-11-07,関東,22SJ-3,1.0,25200.0,1,1,2024-11-07,12.177777777777775,16.977777777777778,8.466666666666667,0.0,9.644444444444444,0.0,59.0,9,2024-11-07
2024-11-08,中部,NB-1,2.0,18900.0,2,2,2024-11-08,9.78,15.853333333333332,5.38,0.0,7.52,0.0,68.06666666666666,15,2024-11-08
2024-11-08,東北,NB-1,1.0,9450.0,1,1,2024-11-08,7.5,11.475,3.925,0.125,3.0125,0.0,72.75,8,2024-11-08
2024-11-11,中部,NB-1,1.0,11250.0,1,1,2024-11-11,16.16,22.02,11.886666666666668,0.4,6.239999999999999,0.0,80.2,15,2024-11-11
2024-11-11,九州沖縄,22SJ-3,4.0,93600.0,4,4,2024-11-11,20.3125,24.1625,17.1625,2.4375,6.7,0.0,82.25,8,2024-11-11
2024-11-11,東北,NB-1,3.0,28350.0,1,2,2024-11-11,12.1875,19.2,7.6375,0.75,5.8875,0.0,80.25,8,2024-11-11
2024-11-11,関東,22SJ-3,1.0,25200.0,1,1,2024-11-11,16.855555555555554,22.466666666666665,13.11111111111111,3.1666666666666665,4.055555555555555,0.0,78.11111111111111,9,2024-11-11
2024-11-11,関東,NB-1,2.0,19950.0,1,1,2024-11-11,16.855555555555554,22.466666666666665,13.11111111111111,3.1666666666666665,4.055555555555555,0.0,78.11111111111111,9,2024-11-11
2024-11-12,中部,22SJ-3,1.0,21600.0,1,1,2024-11-12,15.033333333333331,21.466666666666665,10.226666666666668,0.6333333333333333,6.72,0.0,79.33333333333333,15,2024-11-12
2024-11-12,中部,NB-1,2.0,18450.0,2,2,2024-11-12,15.033333333333331,21.466666666666665,10.226666666666668,0.6333333333333333,6.72,0.0,79.33333333333333,15,2024-11-12
2024-11-12,近畿,22SJ-3,1.0,25200.0,1,1,2024-11-12,16.2625,22.275,11.525,0.0,7.375,0.0,76.75,8,2024-11-12
2024-11-12,近畿,NB-1,1.0,10500.0,1,1,2024-11-12,16.2625,22.275,11.525,0.0,7.375,0.0,76.75,8,2024-11-12
2024-11-12,関東,22SJ-3,1.0,21600.0,1,1,2024-11-12,15.533333333333337,20.655555555555555,10.355555555555556,0.0,7.111111111111111,0.0,74.88888888888889,9,2024-11-12
2024-11-12,関東,NB-1,3.0,31950.0,1,2,2024-11-12,15.533333333333337,20.655555555555555,10.355555555555556,0.0,7.111111111111111,0.0,74.88888888888889,9,2024-11-12
2024-11-13,中部,22SJ-3,3.0,70200.0,3,3,2024-11-13,14.693333333333332,19.666666666666668,10.233333333333333,0.2333333333333333,7.739999999999999,0.0,72.2,15,2024-11-13
2024-11-13,近畿,NB-1,1.0,9450.0,1,1,2024-11-13,16.4375,20.8375,12.4875,0.1875,9.2875,0.0,65.375,8,2024-11-13
2024-11-14,中国,NB-1,2.0,18900.0,1,1,2024-11-14,14.771428571428572,20.5,8.914285714285715,0.0,8.77142857142857,0.0,74.57142857142857,7,2024-11-14
2024-11-18,近畿,22SJ-3,1.0,21600.0,1,1,2024-11-18,13.0625,16.7875,8.675,2.375,5.0875,0.0,67.875,8,2024-11-18
2024-11-18,近畿,NB-1,1.0,9450.0,1,1,2024-11-18,13.0625,16.7875,8.675,2.375,5.0875,0.0,67.875,8,2024-11-18
2024-11-18,関東,NB-1,1.0,8700.0,1,1,2024-11-18,13.177777777777775,17.922222222222224,8.600000000000001,0.4444444444444444,3.333333333333333,0.0,59.22222222222222,9,2024-11-18
2024-11-19,中国,22SJ-3,1.0,21600.0,1,1,2024-11-19,9.4,13.142857142857142,6.328571428571428,0.7142857142857143,3.7857142857142856,0.0,68.57142857142857,7,2024-11-19
2024-11-19,中部,22SJ-3,1.0,21600.0,1,1,2024-11-19,7.38,11.6,4.38,0.3666666666666666,5.3533333333333335,0.0,66.73333333333333,15,2024-11-19
2024-11-19,近畿,NB-1,1.0,10500.0,1,1,2024-11-19,9.15,12.2125,7.025,0.5,5.0875,0.0,65.875,8,2024-11-19
2024-11-19,関東,22SJ-3,1.0,21600.0,1,1,2024-11-19,8.788888888888888,12.81111111111111,5.644444444444444,0.0,8.588888888888889,0.0,53.0,9,2024-11-19
2024-11-20,中部,NB-1,2.0,18000.0,1,1,2024-11-20,8.313333333333334,11.76,4.64,2.2,2.333333333333333,0.0,81.0,15,2024-11-20
2024-11-20,関東,22SJ-3,1.0,25200.0,1,1,2024-11-20,7.455555555555555,9.633333333333333,4.811111111111111,3.8333333333333335,0.0333333333333333,0.0,80.88888888888889,9,2024-11-20
2024-11-25,中国,NB-1,4.0,38100.0,1,2,2024-11-25,9.057142857142855,16.057142857142857,3.557142857142857,0.0,8.0,0.0,72.0,7,2024-11-25
2024-11-25,近畿,NB-1,1.0,9750.0,1,1,2024-11-25,10.425,15.8375,6.0375,0.25,8.6375,0.0,68.0,8,2024-11-25
2024-11-25,関東,22SJ-3,1.0,25200.0,1,1,2024-11-25,9.044444444444444,14.577777777777776,4.333333333333333,0.0,9.3,0.0,62.333333333333336,9,2024-11-25
2024-11-25,関東,NB-1,2.0,18150.0,1,1,2024-11-25,9.044444444444444,14.577777777777776,4.333333333333333,0.0,9.3,0.0,62.333333333333336,9,2024-11-25
2024-11-26,近畿,22SJ-3,1.0,25200.0,1,1,2024-11-26,14.0875,18.8375,8.6125,31.3125,0.3625,0.0,80.25,8,2024-11-26
2024-11-26,関東,22SJ-3,3.0,64800.0,3,3,2024-11-26,9.788888888888888,15.0,3.9444444444444446,8.61111111111111,4.611111111111111,0.0,74.44444444444444,9,2024-11-26
2024-11-27,関東,22SJ-3,2.0,43200.0,2,2,2024-11-27,14.922222222222224,20.366666666666667,10.155555555555557,16.055555555555557,6.011111111111111,0.0,79.44444444444444,9,2024-11-27
2024-11-27,関東,NB-1,1.0,9450.0,1,1,2024-11-27,14.922222222222224,20.366666666666667,10.155555555555557,16.055555555555557,6.011111111111111,0.0,79.44444444444444,9,2024-11-27
2024-11-28,関東,NB-1,2.0,18150.0,1,2,2024-11-28,12.133333333333333,17.299999999999997,7.388888888888889,0.0,9.422222222222222,0.0,51.888888888888886,9,2024-11-28
2024-11-29,中部,NB-1,1.0,9450.0,1,1,2024-11-29,7.413333333333333,11.366666666666667,4.4,13.733333333333333,3.6133333333333337,0.0,68.8,15,2024-11-29
2024-11-29,近畿,NB-1,1.0,9450.0,1,1,2024-11-29,9.4375,13.625,6.425,1.5,5.6625,0.0,63.875,8,2024-11-29
2024-11-29,関東,22SJ-3,1.0,25200.0,1,1,2024-11-29,9.88888888888889,16.322222222222223,4.711111111111111,0.0,6.6,0.0,54.44444444444444,9,2024-11-29
2024-12-02,中部,NB-1,4.0,36450.0,2,2,2024-12-02,9.28,15.846666666666666,4.6066666666666665,0.0666666666666666,8.253333333333334,0.0,75.8,15,2024-12-02
2024-12-02,関東,NB-1,4.0,38400.0,1,3,2024-12-02,11.1,16.933333333333334,6.355555555555556,0.0,7.51111111111111,0.0,71.11111111111111,9,2024-12-02
2024-12-03,近畿,22SJ-3,1.0,21600.0,1,1,2024-12-03,12.3,18.275,7.3,0.0,7.824999999999999,0.0,75.75,8,2024-12-03
2024-12-03,関東,NB-1,2.0,18150.0,1,2,2024-12-03,11.566666666666666,17.766666666666666,6.133333333333333,0.0,9.0,0.0,73.11111111111111,9,2024-12-03
2024-12-04,中部,NB-1,1.0,9450.0,1,1,2024-12-04,10.086666666666668,14.746666666666666,5.533333333333333,0.9,5.6866666666666665,0.0,67.2,15,2024-12-04
2024-12-05,九州沖縄,NB-1,1.0,9450.0,1,1,2024-12-05,11.95,15.475,8.5125,0.0,3.65,0.0,60.5,8,2024-12-05
2024-12-05,関東,NB-1,1.0,10500.0,1,1,2024-12-05,10.522222222222222,15.922222222222224,6.5,0.0,7.011111111111111,0.0,60.44444444444444,9,2024-12-05
2024-12-06,中部,22SJ-3,1.0,21600.0,1,1,2024-12-06,7.72,11.5,4.793333333333334,6.9,3.3666666666666667,0.0,67.46666666666667,15,2024-12-06
2024-12-06,関東,NB-1,2.0,18450.0,1,2,2024-12-06,9.355555555555556,16.044444444444444,3.855555555555556,0.0,8.844444444444443,0.0,57.22222222222222,9,2024-12-06
2024-12-09,四国,22SJ-3,1.0,23400.0,1,1,2024-12-09,8.3,12.95,4.775,0.125,6.7,0.0,66.5,4,2024-12-09
2024-12-09,関東,NB-1,2.0,17700.0,1,1,2024-12-09,6.533333333333333,12.366666666666667,1.6111111111111112,0.0,9.211111111111112,0.0,52.22222222222222,9,2024-12-09
2024-12-10,中部,NB-1,2.0,18900.0,1,2,2024-12-10,5.1866666666666665,11.193333333333332,0.72,0.5666666666666667,6.96,0.0,74.2,15,2024-12-10
2024-12-10,関東,22SJ-3,1.0,21600.0,1,1,2024-12-10,7.277777777777778,13.61111111111111,2.388888888888889,0.0,9.055555555555555,0.0,58.44444444444444,9,2024-12-10
2024-12-10,関東,NB-1,3.0,31500.0,1,1,2024-12-10,7.277777777777778,13.61111111111111,2.388888888888889,0.0,9.055555555555555,0.0,58.44444444444444,9,2024-12-10
2024-12-13,近畿,22SJ-3,1.0,21600.0,1,1,2024-12-13,7.425,11.9625,3.3,0.3125,3.2375,0.0,68.5,8,2024-12-13
2024-12-13,関東,22SJ-3,3.0,70200.0,3,3,2024-12-13,4.077777777777778,8.522222222222222,0.0,0.0,0.2777777777777778,0.0,60.66666666666666,9,2024-12-13
2024-12-16,中部,22SJ-3,3.0,70200.0,3,3,2024-12-16,5.586666666666667,9.813333333333333,2.2666666666666666,7.266666666666667,3.9866666666666655,0.0,70.86666666666666,15,2024-12-16
2024-12-16,中部,NB-1,1.0,9750.0,1,1,2024-12-16,5.586666666666667,9.813333333333333,2.2666666666666666,7.266666666666667,3.9866666666666655,0.0,70.86666666666666,15,2024-12-16
2024-12-16,四国,NB-1,1.0,9750.0,1,1,2024-12-16,8.55,12.1,5.35,0.0,2.25,0.0,61.75,4,2024-12-16
2024-12-16,近畿,NB-1,1.0,9750.0,1,1,2024-12-16,7.5625,11.975,4.325,0.125,3.7375,0.0,62.75,8,2024-12-16
2024-12-16,関東,NB-1,1.0,9750.0,1,1,2024-12-16,6.711111111111112,12.677777777777775,1.9,0.0,8.911111111111111,0.0,59.44444444444444,9,2024-12-16
2024-12-17,中部,NB-1,1.0,9450.0,1,1,2024-12-17,5.553333333333333,10.026666666666667,1.893333333333333,8.433333333333334,4.946666666666667,0.0,69.8,15,2024-12-17
2024-12-17,四国,NB-1,1.0,9450.0,1,1,2024-12-17,7.2,12.475,2.925,0.0,4.25,0.0,66.0,4,2024-12-17
2024-12-17,関東,NB-1,2.0,19950.0,2,2,2024-12-17,7.077777777777778,13.8,1.2666666666666666,0.0,8.588888888888889,0.0,62.55555555555556,9,2024-12-17
2024-12-18,関東,NB-1,1.0,9450.0,1,1,2024-12-18,6.444444444444445,12.266666666666667,1.7666666666666666,0.0555555555555555,7.733333333333332,0.0,58.55555555555556,9,2024-12-18
2024-12-19,中国,22SJ-3,2.0,46800.0,2,2,2024-12-19,4.6000000000000005,9.042857142857144,0.4142857142857142,6.857142857142857,4.242857142857143,1.0,70.42857142857143,7,2024-12-19
2024-12-23,中国,22SJ-3,1.0,21600.0,1,1,2024-12-23,5.428571428571429,10.685714285714283,1.042857142857143,0.3571428571428571,5.6571428571428575,0.0,67.42857142857143,7,2024-12-23
2024-12-23,中国,NB-1,1.0,9450.0,1,1,2024-12-23,5.428571428571429,10.685714285714283,1.042857142857143,0.3571428571428571,5.6571428571428575,0.0,67.42857142857143,7,2024-12-23
2024-12-23,中部,NB-1,1.0,9000.0,1,1,2024-12-23,3.16,7.353333333333333,-0.94,6.033333333333333,5.413333333333333,1.9166666666666667,68.0,15,2024-12-23
2024-12-23,九州沖縄,NB-1,2.0,19200.0,1,2,2024-12-23,7.175000000000001,12.8875,2.0875,0.0,7.6125,0.0,61.875,8,2024-12-23
2024-12-23,関東,NB-1,4.0,38100.0,2,3,2024-12-23,4.611111111111111,10.322222222222225,-0.1111111111111111,0.0,9.122222222222222,0.0,48.22222222222222,9,2024-12-23
2024-12-24,中国,NB-1,1.0,9450.0,1,1,2024-12-24,5.942857142857143,11.285714285714286,2.1714285714285717,3.0,5.171428571428572,0.0,68.0,7,2024-12-24
2024-12-24,中部,22SJ-3,2.0,43200.0,2,2,2024-12-24,3.9733333333333336,7.986666666666666,0.6066666666666667,2.7333333333333334,4.866666666666666,0.0833333333333333,71.8,15,2024-12-24
2024-12-25,中部,NB-1,1.0,9450.0,1,1,2024-12-25,4.24,9.213333333333331,-0.3133333333333333,0.0,5.506666666666666,0.0,67.13333333333334,15,2024-12-25
2024-12-25,関東,NB-1,1.0,9450.0,1,1,2024-12-25,6.0777777777777775,11.155555555555557,1.077777777777778,0.0,6.866666666666666,0.0,53.44444444444444,9,2024-12-25
2024-12-26,中部,22SJ-3,2.0,46800.0,2,2,2024-12-26,7.393333333333333,11.7,3.58,5.2,2.933333333333333,0.0,70.6,15,2024-12-26
2024-12-26,近畿,22SJ-3,2.0,46800.0,2,2,2024-12-26,8.9625,13.0125,6.4125,0.125,2.0875,0.0,67.875,8,2024-12-26
2024-12-26,関東,22SJ-3,1.0,25200.0,1,1,2024-12-26,8.166666666666666,15.0,2.533333333333333,0.0,7.2555555555555555,0.0,57.888888888888886,9,2024-12-26
2025-01-06,中部,NB-1,1.0,9750.0,1,1,2025-01-06,4.7,7.833333333333333,1.0133333333333334,15.433333333333334,0.52,0.0,82.66666666666667,15,2025-01-06
2025-01-06,九州沖縄,NB-1,1.0,9750.0,1,1,2025-01-06,10.575,14.675,8.075,11.3125,3.2375,0.0,75.625,8,2025-01-06
2025-01-06,東北,NB-1,1.0,9450.0,1,1,2025-01-06,1.75,5.5125,-2.2,6.9375,1.925,0.0,88.875,8,2025-01-06
2025-01-06,近畿,NB-1,1.0,9450.0,1,1,2025-01-06,5.6625,7.8125,3.3,15.5625,0.025,0.0,89.125,8,2025-01-06
2025-01-06,関東,NB-1,7.0,67350.0,1,4,2025-01-06,4.433333333333334,9.477777777777778,0.2,16.22222222222222,0.6222222222222222,0.0,75.33333333333333,9,2025-01-06
2025-01-07,中部,22SJ-3,3.0,64800.0,3,3,2025-01-07,5.180000000000001,9.193333333333332,1.606666666666667,7.4,4.26,0.0,71.2,15,2025-01-07
2025-01-07,近畿,NB-1,1.0,9450.0,1,1,2025-01-07,5.65,8.975,2.4375,0.0,5.875,0.0,60.75,8,2025-01-07
2025-01-07,関東,NB-1,6.0,59850.0,2,4,2025-01-07,8.0,13.38888888888889,3.7777777777777777,0.0555555555555555,5.188888888888889,0.0,66.77777777777777,9,2025-01-07
2025-01-08,九州沖縄,NB-1,1.0,9450.0,1,1,2025-01-08,7.9375,11.85,4.6625,1.5,4.5,0.0,59.875,8,2025-01-08
2025-01-09,九州沖縄,22SJ-3,1.0,21600.0,1,1,2025-01-09,6.0375,9.1625,2.5125,1.125,2.225,0.5,65.0,8,2025-01-09
2025-01-14,中部,NB-1,2.0,18900.0,2,2,2025-01-14,4.453333333333333,9.4,-0.6,4.6,5.733333333333333,0.0,68.86666666666666,15,2025-01-14
2025-01-14,近畿,NB-1,1.0,9750.0,1,1,2025-01-14,6.075,10.2375,1.3375,0.0,6.2875,0.0,65.625,8,2025-01-14
2025-01-14,関東,NB-1,3.0,30000.0,1,3,2025-01-14,5.555555555555555,12.944444444444445,-0.6111111111111112,0.0,9.033333333333331,0.0,58.0,9,2025-01-14
2025-01-15,中国,NB-1,1.0,11250.0,1,1,2025-01-15,4.514285714285714,8.342857142857143,1.7285714285714289,4.714285714285714,2.9285714285714284,0.0,67.42857142857143,7,2025-01-15
2025-01-15,九州沖縄,NB-1,1.0,9450.0,1,1,2025-01-15,7.7375,11.3,3.8125,1.625,1.325,0.0,68.0,8,2025-01-15
2025-01-15,北海道,NB-1,1.0,8700.0,1,1,2025-01-15,-3.7875,-1.175,-6.6875,1.5,4.85,1.25,64.0,8,2025-01-15
2025-01-15,近畿,NB-1,1.0,10500.0,1,1,2025-01-15,5.6875,9.65,2.025,1.8125,2.9125,0.0,70.5,8,2025-01-15
2025-01-15,関東,NB-1,2.0,21000.0,1,1,2025-01-15,6.166666666666667,13.944444444444445,1.0555555555555556,0.0,7.922222222222222,0.0,55.888888888888886,9,2025-01-15
2025-01-16,近畿,NB-1,2.0,19950.0,1,1,2025-01-16,4.3,8.1875,1.2375,0.375,6.625,0.0,64.625,8,2025-01-16
2025-01-16,関東,NB-1,1.0,8700.0,1,1,2025-01-16,3.755555555555555,8.18888888888889,-0.0333333333333332,0.1111111111111111,5.5,0.0,52.55555555555556,9,2025-01-16
2025-01-17,中部,22SJ-3,1.0,21600.0,1,1,2025-01-17,2.6466666666666665,6.553333333333333,-0.66,0.8,6.226666666666668,0.0833333333333333,64.0,15,2025-01-17
2025-01-17,九州沖縄,NB-1,1.0,9450.0,1,1,2025-01-17,7.775,11.975,4.325,0.125,3.425,0.0,65.0,8,2025-01-17
2025-01-17,関東,NB-1,1.0,10500.0,1,1,2025-01-17,3.866666666666666,9.033333333333331,-0.2777777777777778,0.0,9.5,0.0,48.888888888888886,9,2025-01-17
2025-01-20,近畿,NB-1,1.0,10500.0,1,1,2025-01-20,8.675,13.3375,5.5875,0.9375,5.4875,0.0,77.875,8,2025-01-20
2025-01-20,関東,NB-1,1.0,9750.0,1,1,2025-01-20,8.68888888888889,14.255555555555556,3.9444444444444446,0.6666666666666666,5.533333333333333,0.0,72.66666666666667,9,2025-01-20
2025-01-22,近畿,NB-1,1.0,9450.0,1,1,2025-01-22,6.3375,12.075,1.9125,0.0625,6.6125,0.0,71.125,8,2025-01-22
2025-01-23,中部,NB-1,1.0,9450.0,1,1,2025-01-23,5.713333333333334,12.173333333333334,0.72,2.333333333333333,5.88,0.0,70.2,15,2025-01-23
2025-01-23,関東,NB-1,1.0,9450.0,1,1,2025-01-23,7.111111111111111,13.233333333333333,1.9666666666666663,0.0,7.633333333333334,0.0,65.22222222222223,9,2025-01-23
2025-01-24,関東,NB-1,2.0,21750.0,2,2,2025-01-24,7.966666666666667,13.622222222222222,2.5,0.3888888888888889,8.544444444444444,0.0,62.888888888888886,9,2025-01-24
2025-01-27,中部,NB-1,2.0,18000.0,1,1,2025-01-27,4.526666666666667,9.533333333333331,-0.4733333333333333,0.3,2.0,0.0,67.4,15,2025-01-27
2025-01-27,関東,22SJ-3,3.0,66600.0,2,3,2025-01-27,5.177777777777778,9.9,0.5222222222222223,0.0,5.766666666666667,0.0,58.22222222222222,9,2025-01-27
2025-01-29,中部,NB-1,2.0,18000.0,1,1,2025-01-29,3.1266666666666665,6.54,0.5333333333333333,7.933333333333334,3.773333333333333,1.8333333333333333,62.13333333333333,15,2025-01-29
2025-01-29,四国,NB-1,1.0,9450.0,1,1,2025-01-29,5.475,8.825,3.3,0.0,5.875,0.0,54.75,4,2025-01-29
2025-01-29,東北,22SJ-3,2.0,43200.0,2,2,2025-01-29,1.8875,5.1875,-0.5375,9.9375,2.675,5.625,82.25,8,2025-01-29
2025-01-29,関東,22SJ-3,1.0,27000.0,1,1,2025-01-29,5.922222222222222,11.588888888888889,1.0444444444444445,0.0,8.922222222222222,0.0,43.44444444444444,9,2025-01-29
2025-02-03,中部,22SJ-3,1.0,21600.0,1,1,2025-02-03,5.786666666666666,10.2,2.2066666666666666,2.7666666666666666,2.0933333333333333,0.0,77.46666666666667,15,2025-02-03
2025-02-03,近畿,NB-1,1.0,9450.0,1,1,2025-02-03,7.45,11.6375,3.5125,1.0625,2.175,0.0,68.25,8,2025-02-03
2025-02-03,関東,NB-1,3.0,30450.0,1,2,2025-02-03,6.077777777777778,9.022222222222222,3.5444444444444443,0.0,0.3222222222222222,0.0,75.0,9,2025-02-03
2025-02-04,中部,NB-1,2.0,18000.0,1,1,2025-02-04,1.8666666666666667,5.8,-0.7466666666666667,10.5,4.286666666666666,8.75,69.06666666666666,15,2025-02-04
2025-02-04,近畿,NB-1,3.0,28350.0,1,2,2025-02-04,2.6625,6.2625,0.0874999999999999,0.375,6.125,0.2857142857142857,51.625,8,2025-02-04
2025-02-04,関東,NB-1,1.0,11250.0,1,1,2025-02-04,5.077777777777778,10.088888888888889,1.177777777777778,0.1111111111111111,5.833333333333333,0.0,59.888888888888886,9,2025-02-04
2025-02-05,関東,22SJ-3,1.0,21600.0,1,1,2025-02-05,3.0444444444444443,8.622222222222222,-1.5555555555555556,0.0,8.455555555555556,0.0,45.11111111111112,9,2025-02-05
2025-02-05,関東,NB-1,1.0,10500.0,1,1,2025-02-05,3.0444444444444443,8.622222222222222,-1.5555555555555556,0.0,8.455555555555556,0.0,45.11111111111112,9,2025-02-05
2025-02-06,近畿,22SJ-3,1.0,23400.0,1,1,2025-02-06,1.2375,5.425,-2.3125,0.125,6.2625,0.4285714285714285,54.25,8,2025-02-06
2025-02-07,近畿,22SJ-3,2.0,46800.0,2,2,2025-02-07,1.6,6.1625,-1.85,0.875,4.7,1.2857142857142858,60.75,8,2025-02-07
2025-02-10,中国,NB-1,1.0,9450.0,1,1,2025-02-10,2.4,7.185714285714285,-1.7714285714285716,0.0714285714285714,3.242857142857143,0.0,67.85714285714286,7,2025-02-10
2025-02-10,中部,NB-1,2.0,18000.0,1,1,2025-02-10,1.8533333333333333,6.5,-2.32,3.8,6.066666666666666,1.25,69.66666666666667,15,2025-02-10
2025-02-12,中部,22SJ-3,3.0,64800.0,3,3,2025-02-12,2.833333333333333,8.333333333333334,-2.98,3.7,2.993333333333333,0.0,73.26666666666667,15,2025-02-12
2025-02-12,九州沖縄,NB-1,1.0,9450.0,1,1,2025-02-12,10.575,15.5875,5.4875,8.125,0.125,0.0,80.75,8,2025-02-12
2025-02-12,近畿,22SJ-3,1.0,23400.0,1,1,2025-02-12,3.65,7.7625,-1.0375,1.25,0.6375,0.0,81.125,8,2025-02-12
2025-02-13,中部,NB-1,1.0,9450.0,1,1,2025-02-13,4.613333333333333,9.046666666666663,0.0333333333333333,4.1,5.46,0.3333333333333333,65.0,15,2025-02-13
2025-02-13,九州沖縄,NB-1,1.0,9450.0,1,1,2025-02-13,7.925,12.3125,3.8125,0.875,5.575,0.0,54.875,8,2025-02-13
2025-02-13,関東,NB-1,2.0,18450.0,1,2,2025-02-13,6.4,11.755555555555556,1.6666666666666667,0.3888888888888889,9.344444444444443,0.0,48.55555555555556,9,2025-02-13
2025-02-17,関東,NB-1,3.0,28350.0,1,2,2025-02-17,8.31111111111111,15.38888888888889,2.6222222222222222,0.6666666666666666,6.755555555555556,0.0,52.333333333333336,9,2025-02-17
2025-02-18,中国,22SJ-3,2.0,46800.0,2,2,2025-02-18,2.414285714285714,6.757142857142857,-0.5714285714285714,3.4285714285714284,3.7857142857142856,2.0,68.28571428571429,7,2025-02-18
2025-02-18,中部,NB-1,1.0,9450.0,1,1,2025-02-18,1.2066666666666668,5.286666666666666,-1.76,2.9,5.819999999999999,2.75,63.93333333333333,15,2025-02-18
2025-02-18,九州沖縄,NB-1,2.0,18900.0,1,2,2025-02-18,6.7625,10.5625,3.825,0.0,6.4625,0.0,51.125,8,2025-02-18
2025-02-18,関東,NB-1,1.0,9450.0,1,1,2025-02-18,3.8,8.733333333333333,0.3777777777777777,0.0,7.311111111111111,0.0,38.11111111111112,9,2025-02-18
2025-02-19,中部,NB-1,2.0,18000.0,1,1,2025-02-19,0.52,4.333333333333333,-2.2666666666666666,3.1333333333333333,5.713333333333334,2.25,63.46666666666667,15,2025-02-19
2025-02-20,近畿,NB-1,1.0,9450.0,1,1,2025-02-20,2.4875,6.5375,-0.7999999999999999,2.375,5.4,3.4285714285714284,71.625,8,2025-02-20
2025-02-20,関東,NB-1,1.0,9450.0,1,1,2025-02-20,3.3777777777777778,9.288888888888888,-1.8333333333333333,0.0,9.355555555555556,0.0,39.44444444444444,9,2025-02-20
2025-02-25,中部,NB-1,3.0,27900.0,2,3,2025-02-25,3.6266666666666665,10.2,-1.86,0.0,8.966666666666667,0.0,60.53333333333333,15,2025-02-25
2025-02-25,関東,NB-1,1.0,9750.0,1,1,2025-02-25,6.222222222222222,12.733333333333333,-0.2333333333333332,0.0,10.8,0.0,45.333333333333336,9,2025-02-25
2025-02-26,関東,NB-1,6.0,60900.0,2,2,2025-02-26,8.933333333333334,16.933333333333334,2.388888888888889,0.0,10.266666666666667,0.0,42.44444444444444,9,2025-02-26
2025-02-28,中国,NB-1,1.0,9450.0,1,1,2025-02-28,8.5,12.828571428571427,5.242857142857143,0.2857142857142857,1.3285714285714287,0.0,80.0,7,2025-02-28
2025-03-03,中国,NB-1,1.0,9450.0,1,1,2025-03-03,8.071428571428571,12.171428571428573,5.085714285714286,23.0,0.1857142857142857,0.0,79.14285714285714,7,2025-03-03
2025-03-03,東北,22SJ-3,5.0,108000.0,4,5,2025-03-03,1.1625,4.825,-1.6375000000000002,1.4375,2.1125,0.75,63.625,8,2025-03-03
2025-03-03,近畿,NB-1,5.0,47550.0,1,2,2025-03-03,7.6875,11.7375,5.0875,18.25,0.0375,0.0,79.625,8,2025-03-03
2025-03-03,関東,NB-1,3.0,29700.0,2,2,2025-03-03,5.833333333333333,13.422222222222222,1.6444444444444446,25.72222222222222,0.0,0.0,84.77777777777777,9,2025-03-03
2025-03-04,中部,22SJ-3,2.0,43200.0,2,2,2025-03-04,3.1266666666666665,5.613333333333333,1.0933333333333335,13.2,0.1333333333333333,1.9166666666666667,82.93333333333334,15,2025-03-04
2025-03-04,近畿,NB-1,2.0,19950.0,1,1,2025-03-04,6.1,8.225,3.775,10.5,0.0,0.0,83.25,8,2025-03-04
2025-03-04,関東,NB-1,5.0,52200.0,1,3,2025-03-04,2.433333333333333,5.588888888888889,0.4000000000000001,8.555555555555555,0.1222222222222222,3.555555555555556,76.22222222222223,9,2025-03-04
2025-03-05,関東,22SJ-3,2.0,43200.0,1,1,2025-03-05,5.6,8.766666666666667,1.5,12.88888888888889,0.0,0.8888888888888888,95.55555555555556,9,2025-03-05
2025-03-06,九州沖縄,22SJ-3,3.0,70200.0,3,3,2025-03-06,9.725,12.7625,7.2,1.125,2.275,0.0,65.875,8,2025-03-06
2025-03-06,四国,22SJ-3,5.0,109800.0,5,5,2025-03-06,8.175,11.2,5.3,0.0,2.3000000000000003,0.0,61.25,4,2025-03-06
2025-03-06,関東,22SJ-3,2.0,43200.0,2,2,2025-03-06,8.61111111111111,12.511111111111113,5.144444444444444,0.1111111111111111,2.1555555555555554,0.0,60.22222222222222,9,2025-03-06
2025-03-06,関東,NB-1,1.0,11250.0,1,1,2025-03-06,8.61111111111111,12.511111111111113,5.144444444444444,0.1111111111111111,2.1555555555555554,0.0,60.22222222222222,9,2025-03-06
2025-03-07,中部,NB-1,1.0,9000.0,1,1,2025-03-07,3.7266666666666666,8.373333333333333,0.3666666666666667,1.3333333333333333,7.72,0.5,60.266666666666666,15,2025-03-07
2025-03-07,九州沖縄,22SJ-3,1.0,23400.0,1,1,2025-03-07,8.9875,13.1625,5.1875,0.0,7.525,0.0,55.0,8,2025-03-07
2025-03-10,中部,NB-1,1.0,11250.0,1,1,2025-03-10,6.8533333333333335,13.553333333333336,-0.1666666666666667,0.0,10.333333333333334,0.0,61.93333333333333,15,2025-03-10
2025-03-10,関東,NB-1,1.0,9750.0,1,1,2025-03-10,7.933333333333334,14.466666666666663,1.0777777777777775,0.0,11.0,0.0,50.333333333333336,9,2025-03-10
2025-03-11,中部,NB-1,2.0,18900.0,2,2,2025-03-11,8.6,11.373333333333331,5.84,4.266666666666667,0.42,0.0,80.4,15,2025-03-11
2025-03-11,近畿,NB-1,1.0,9450.0,1,1,2025-03-11,9.65,12.125,7.325,6.5,0.025,0.0,87.375,8,2025-03-11
2025-03-11,関東,NB-1,1.0,9450.0,1,1,2025-03-11,9.72222222222222,13.9,5.011111111111111,0.1111111111111111,1.5666666666666669,0.0,68.33333333333333,9,2025-03-11
2025-03-12,関東,NB-1,4.0,42000.0,2,2,2025-03-12,11.844444444444443,16.155555555555555,7.122222222222222,8.444444444444445,2.8666666666666667,0.0,86.0,9,2025-03-12
2025-03-13,中部,NB-1,3.0,27450.0,1,2,2025-03-13,11.293333333333331,16.86,6.593333333333334,0.0333333333333333,6.033333333333333,0.0,69.73333333333333,15,2025-03-13
2025-03-13,関東,NB-1,1.0,9450.0,1,1,2025-03-13,13.866666666666667,19.744444444444444,8.966666666666667,0.7222222222222222,7.477777777777778,0.0,65.66666666666667,9,2025-03-13
2025-03-14,東北,NB-1,2.0,18900.0,1,1,2025-03-14,6.1625,9.775,3.4,0.375,8.0375,0.625,48.625,8,2025-03-14
2025-03-14,関東,NB-1,2.0,21000.0,1,1,2025-03-14,11.522222222222222,18.41111111111111,6.788888888888889,0.0,9.955555555555556,0.0,38.11111111111112,9,2025-03-14
2025-03-17,近畿,NB-1,1.0,9750.0,1,1,2025-03-17,6.2375,9.8875,3.65,1.4375,3.7,0.0,70.875,8,2025-03-17
2025-03-18,九州沖縄,NB-1,1.0,9450.0,1,1,2025-03-18,6.6875,11.2375,3.7125,3.3125,3.3875,0.0,65.75,8,2025-03-18
2025-03-18,近畿,NB-1,1.0,9450.0,1,1,2025-03-18,5.6625,12.575,1.3,5.3125,8.375,0.0,71.0,8,2025-03-18
2025-03-18,関東,NB-1,1.0,9450.0,1,1,2025-03-18,7.677777777777777,12.822222222222225,3.1333333333333333,0.8333333333333334,8.466666666666667,0.0,54.11111111111112,9,2025-03-18
2025-03-19,中部,22SJ-3,1.0,21600.0,1,1,2025-03-19,4.06,8.08,1.02,10.466666666666669,3.76,3.75,75.06666666666666,15,2025-03-19
2025-03-21,北海道,22SJ-3,3.0,70200.0,3,3,2025-03-21,4.75,8.2125,0.8875,3.75,3.775,0.125,76.125,8,2025-03-21
2025-03-21,東北,NB-1,1.0,9450.0,1,1,2025-03-21,7.824999999999999,13.0375,1.25,2.375,4.6875,0.0,66.375,8,2025-03-21
2025-03-24,北海道,NB-1,1.0,9450.0,1,1,2025-03-24,3.9,8.3375,-1.65,0.0625,9.775,0.0,67.625,8,2025-03-24
2025-03-24,関東,NB-1,4.0,37950.0,2,4,2025-03-24,13.011111111111113,17.700000000000003,7.922222222222222,3.0,3.2,0.0,76.22222222222223,9,2025-03-24
2025-03-25,関東,NB-1,1.0,9450.0,1,1,2025-03-25,16.211111111111112,24.01111111111111,8.8,0.0555555555555555,10.411111111111111,0.0,65.33333333333333,9,2025-03-25
2025-03-26,関東,NB-1,1.0,9450.0,1,1,2025-03-26,17.61111111111111,24.477777777777774,11.711111111111112,0.0,10.288888888888888,0.0,50.44444444444444,9,2025-03-26
2025-03-27,近畿,22SJ-3,1.0,21600.0,1,1,2025-03-27,18.025,24.325,11.5625,4.5625,3.375,0.0,69.625,8,2025-03-27
2025-03-27,近畿,NB-1,1.0,10500.0,1,1,2025-03-27,18.025,24.325,11.5625,4.5625,3.375,0.0,69.625,8,2025-03-27
2025-03-27,関東,22SJ-3,2.0,43200.0,1,1,2025-03-27,16.244444444444444,21.711111111111112,9.977777777777778,0.0,6.255555555555556,0.0,68.11111111111111,9,2025-03-27
2025-03-27,関東,NB-1,2.0,21000.0,1,1,2025-03-27,16.244444444444444,21.711111111111112,9.977777777777778,0.0,6.255555555555556,0.0,68.11111111111111,9,2025-03-27
2025-03-28,関東,NB-1,3.0,29700.0,2,2,2025-03-28,18.311111111111117,24.3,13.033333333333331,4.722222222222222,3.1,0.0,72.77777777777777,9,2025-03-28
2025-03-31,関東,NB-1,1.0,9450.0,1,1,2025-03-31,6.777777777777778,9.3,5.111111111111111,0.0555555555555555,1.0,0.0,59.55555555555556,9,2025-03-31
2025-04-01,中国,NB-1,1.0,9450.0,1,1,2025-04-01,8.485714285714286,14.55714285714286,2.085714285714286,0.3571428571428571,4.985714285714286,0.0,62.57142857142857,7,2025-04-01
2025-04-01,関東,NB-1,1.0,9000.0,1,1,2025-04-01,6.033333333333333,7.822222222222223,4.2444444444444445,32.0,0.0,0.0,92.0,9,2025-04-01
2025-04-02,関東,22SJ-3,1.0,21600.0,1,1,2025-04-02,10.155555555555557,13.744444444444444,7.022222222222222,23.22222222222222,0.2111111111111111,0.0,88.55555555555556,9,2025-04-02
2025-04-02,関東,NB-1,1.0,10500.0,1,1,2025-04-02,10.155555555555557,13.744444444444444,7.022222222222222,23.22222222222222,0.2111111111111111,0.0,88.55555555555556,9,2025-04-02
2025-04-03,関東,NB-1,1.0,8700.0,1,1,2025-04-03,8.31111111111111,9.833333333333334,6.2444444444444445,7.111111111111111,0.1444444444444444,0.0,88.55555555555556,9,2025-04-03
2025-04-04,中部,22SJ-3,2.0,43200.0,2,2,2025-04-04,9.08,14.526666666666667,4.966666666666667,0.8666666666666667,7.426666666666667,0.0,66.33333333333333,15,2025-04-04
2025-04-04,九州沖縄,NB-1,1.0,9450.0,1,1,2025-04-04,12.5,18.4625,6.725,0.0,11.4125,0.0,59.125,8,2025-04-04
2025-04-04,関東,NB-1,2.0,21000.0,1,1,2025-04-04,10.155555555555557,16.744444444444444,4.555555555555555,0.0555555555555555,9.333333333333334,0.0,64.88888888888889,9,2025-04-04
2025-04-07,中国,NB-1,1.0,9450.0,1,1,2025-04-07,12.742857142857144,20.17142857142857,5.557142857142857,0.0,11.585714285714284,0.0,55.285714285714285,7,2025-04-07
2025-04-07,中部,NB-1,2.0,19200.0,2,2,2025-04-07,11.42,17.246666666666666,6.08,0.0666666666666666,9.166666666666666,0.0,63.86666666666667,15,2025-04-07
2025-04-07,近畿,22SJ-3,1.0,23400.0,1,1,2025-04-07,13.3375,18.9,8.2,0.0,10.875,0.0,57.5,8,2025-04-07
2025-04-07,近畿,NB-1,3.0,28650.0,1,3,2025-04-07,13.3375,18.9,8.2,0.0,10.875,0.0,57.5,8,2025-04-07
2025-04-07,関東,NB-1,7.0,70950.0,2,4,2025-04-07,13.377777777777778,18.4,9.18888888888889,0.5555555555555556,6.855555555555555,0.0,63.0,9,2025-04-07
2025-04-08,中国,NB-1,1.0,9750.0,1,1,2025-04-08,15.0,22.9,7.285714285714286,0.0,7.785714285714286,0.0,48.85714285714285,7,2025-04-08
2025-04-08,北海道,NB-1,2.0,17400.0,2,2,2025-04-08,6.45,9.7125,4.0,0.125,3.2875,0.0,81.25,8,2025-04-08
2025-04-09,中部,NB-1,2.0,18000.0,1,1,2025-04-09,12.946666666666664,18.866666666666667,8.24,0.1666666666666666,10.44,0.0,55.73333333333333,15,2025-04-09
2025-04-09,関東,22SJ-3,1.0,27000.0,1,1,2025-04-09,14.8,21.244444444444444,9.444444444444445,0.0,11.422222222222222,0.0,53.77777777777778,9,2025-04-09
2025-04-09,関東,NB-1,4.0,42000.0,1,1,2025-04-09,14.8,21.244444444444444,9.444444444444445,0.0,11.422222222222222,0.0,53.77777777777778,9,2025-04-09
2025-04-10,中部,NB-1,1.0,9450.0,1,1,2025-04-10,13.246666666666666,19.273333333333333,7.819999999999999,8.066666666666666,2.253333333333333,0.0,72.13333333333334,15,2025-04-10
2025-04-11,中部,NB-1,1.0,9000.0,1,1,2025-04-11,13.593333333333334,19.006666666666668,10.433333333333334,1.3666666666666667,4.506666666666666,0.0,81.0,15,2025-04-11
2025-04-11,東北,NB-1,1.0,9450.0,1,1,2025-04-11,12.2875,18.3,8.825,1.625,2.8875,0.0,78.875,8,2025-04-11
2025-04-14,中部,NB-1,2.0,18000.0,1,1,2025-04-14,12.106666666666666,18.026666666666664,7.260000000000001,3.733333333333333,8.806666666666667,0.0,70.8,15,2025-04-14
2025-04-14,九州沖縄,NB-1,1.0,9750.0,1,1,2025-04-14,13.7,19.2875,8.8,5.75,4.725,0.0,65.5,8,2025-04-14
2025-04-14,四国,NB-1,1.0,9750.0,1,1,2025-04-14,11.175,17.725,6.625,5.75,5.9,0.0,71.25,4,2025-04-14
2025-04-14,東北,NB-1,1.0,9750.0,1,1,2025-04-14,10.05,13.875,6.4125,16.875,1.0375,0.0,89.0,8,2025-04-14
2025-04-14,近畿,NB-1,1.0,8700.0,1,1,2025-04-14,11.8875,18.625,6.6375,3.8125,8.7125,0.0,71.5,8,2025-04-14
2025-04-14,関東,22SJ-3,1.0,23400.0,1,1,2025-04-14,16.155555555555555,21.866666666666667,12.6,10.27777777777778,7.366666666666666,0.0,74.66666666666667,9,2025-04-14
2025-04-15,中部,NB-1,2.0,18450.0,1,1,2025-04-15,10.146666666666668,15.626666666666669,6.486666666666666,6.966666666666667,3.8733333333333335,0.0,69.6,15,2025-04-15
2025-04-15,近畿,NB-1,1.0,9450.0,1,1,2025-04-15,10.9125,14.725,7.9375,3.5625,4.6875,0.0,66.75,8,2025-04-15
2025-04-15,関東,NB-1,6.0,57000.0,2,5,2025-04-15,14.622222222222222,20.655555555555555,10.22222222222222,1.0,7.211111111111112,0.0,59.66666666666666,9,2025-04-15
2025-04-16,中部,22SJ-3,2.0,46800.0,2,2,2025-04-16,11.22,16.926666666666666,4.913333333333333,0.7666666666666667,10.24,0.0,55.06666666666667,15,2025-04-16
2025-04-16,中部,NB-1,1.0,9450.0,1,1,2025-04-16,11.22,16.926666666666666,4.913333333333333,0.7666666666666667,10.24,0.0,55.06666666666667,15,2025-04-16
2025-04-16,関東,22SJ-3,1.0,27000.0,1,1,2025-04-16,14.033333333333331,20.4,7.433333333333334,0.0,11.944444444444445,0.0,38.333333333333336,9,2025-04-16
2025-04-16,関東,NB-1,1.0,8700.0,1,1,2025-04-16,14.033333333333331,20.4,7.433333333333334,0.0,11.944444444444445,0.0,38.333333333333336,9,2025-04-16
2025-04-17,近畿,NB-1,1.0,10500.0,1,1,2025-04-17,17.6875,24.925,10.2875,0.0,10.6125,0.0,62.125,8,2025-04-17
2025-04-18,中部,22SJ-3,2.0,46800.0,2,2,2025-04-18,18.433333333333334,25.466666666666665,12.4,1.6666666666666667,6.026666666666667,0.0,64.6,15,2025-04-18
2025-04-18,中部,NB-1,1.0,9450.0,1,1,2025-04-18,18.433333333333334,25.466666666666665,12.4,1.6666666666666667,6.026666666666667,0.0,64.6,15,2025-04-18
2025-04-18,九州沖縄,NB-1,2.0,18900.0,1,1,2025-04-18,21.0625,25.8875,17.775,6.6875,6.65,0.0,75.875,8,2025-04-18
2025-04-18,関東,22SJ-3,3.0,64800.0,2,2,2025-04-18,18.53333333333333,24.666666666666668,12.855555555555556,0.0,6.911111111111111,0.0,65.0,9,2025-04-18
2025-04-22,中国,NB-1,1.0,9450.0,1,1,2025-04-22,18.1,23.24285714285714,12.857142857142858,16.142857142857142,2.742857142857143,0.0,73.71428571428571,7,2025-04-22
2025-04-22,中部,22SJ-3,5.0,115200.0,4,5,2025-04-22,17.513333333333332,23.05333333333333,11.366666666666667,2.2333333333333334,6.006666666666666,0.0,66.6,15,2025-04-22
2025-04-22,中部,NB-1,2.0,18000.0,1,1,2025-04-22,17.513333333333332,23.05333333333333,11.366666666666667,2.2333333333333334,6.006666666666666,0.0,66.6,15,2025-04-22
2025-04-22,九州沖縄,NB-1,1.0,9450.0,1,1,2025-04-22,19.925,21.9875,18.175,10.9375,0.4375,0.0,89.0,8,2025-04-22
2025-04-22,四国,NB-1,2.0,19200.0,1,2,2025-04-22,18.8,22.85,15.125,18.875,2.675,0.0,77.25,4,2025-04-22
2025-04-22,東北,22SJ-3,6.0,129600.0,6,6,2025-04-22,12.875,21.8125,5.3375,0.0,9.9875,0.0,67.25,8,2025-04-22
2025-04-22,近畿,22SJ-3,4.0,91800.0,3,4,2025-04-22,18.975,25.325,12.8125,8.0,5.8875,0.0,66.625,8,2025-04-22
2025-04-22,近畿,NB-1,6.0,58350.0,1,5,2025-04-22,18.975,25.325,12.8125,8.0,5.8875,0.0,66.625,8,2025-04-22
2025-04-22,関東,22SJ-3,1.0,21600.0,1,1,2025-04-22,17.27777777777778,23.01111111111111,10.488888888888887,0.0,7.655555555555556,0.0,68.0,9,2025-04-22
2025-04-23,北海道,22SJ-3,1.0,21600.0,1,1,2025-04-23,7.3875,12.1125,4.425,2.875,4.2875,0.0,83.875,8,2025-04-23
2025-04-24,中部,NB-1,2.0,18000.0,1,1,2025-04-24,16.486666666666668,21.4,12.973333333333333,0.5333333333333333,5.133333333333334,0.0,79.8,15,2025-04-24
2025-04-24,四国,NB-1,2.0,18900.0,2,2,2025-04-24,18.175,23.3,15.05,0.0,7.975,0.0,72.5,4,2025-04-24
2025-04-24,関東,22SJ-3,2.0,46800.0,2,2,2025-04-24,18.577777777777776,23.72222222222222,15.688888888888888,0.0,4.311111111111112,0.0,81.77777777777777,9,2025-04-24
2025-04-24,関東,NB-1,4.0,39150.0,2,4,2025-04-24,18.577777777777776,23.72222222222222,15.688888888888888,0.0,4.311111111111112,0.0,81.77777777777777,9,2025-04-24
2025-04-25,近畿,NB-1,1.0,8700.0,1,1,2025-04-25,15.7,20.8375,11.0125,0.0,3.9,0.0,56.125,8,2025-04-25
2025-04-25,関東,NB-1,1.0,8700.0,1,1,2025-04-25,17.066666666666666,21.311111111111117,14.766666666666667,0.0555555555555555,0.6444444444444444,0.0,77.33333333333333,9,2025-04-25
2025-04-28,四国,NB-1,1.0,9450.0,1,1,2025-04-28,15.875,19.5,12.675,6.625,0.8500000000000001,0.0,79.0,4,2025-04-28
2025-04-28,近畿,22SJ-3,1.0,23400.0,1,1,2025-04-28,16.1,21.1,11.9625,6.9375,0.7375,0.0,71.5,8,2025-04-28
2025-04-28,近畿,NB-1,3.0,28950.0,1,3,2025-04-28,16.1,21.1,11.9625,6.9375,0.7375,0.0,71.5,8,2025-04-28
2025-04-28,関東,NB-1,1.0,9450.0,1,1,2025-04-28,16.799999999999997,22.077777777777776,12.822222222222225,12.444444444444445,0.6666666666666666,0.0,72.66666666666667,9,2025-04-28
2025-04-30,中部,NB-1,2.0,18000.0,1,1,2025-04-30,13.713333333333331,21.5,5.96,0.0,12.24,0.0,54.2,15,2025-04-30
2025-04-30,東北,22SJ-3,1.0,21600.0,1,1,2025-04-30,10.475,14.4125,6.4375,1.375,5.0375000000000005,0.0,70.0,8,2025-04-30
2025-04-30,東北,NB-1,1.0,9450.0,1,1,2025-04-30,10.475,14.4125,6.4375,1.375,5.0375000000000005,0.0,70.0,8,2025-04-30
2025-04-30,関東,NB-1,4.0,39900.0,1,1,2025-04-30,16.5,23.27777777777778,9.855555555555556,0.0,12.922222222222222,0.0,47.11111111111112,9,2025-04-30
2025-05-01,中部,NB-1,1.0,9450.0,1,1,2025-05-01,17.06,23.89333333333333,9.013333333333332,0.0,10.44,0.0,59.0,15,2025-05-01
2025-05-01,近畿,NB-1,1.0,9450.0,1,1,2025-05-01,18.3125,24.75,11.1,0.0,10.2625,0.0,55.125,8,2025-05-01
2025-05-02,九州沖縄,NB-1,1.0,9450.0,1,1,2025-05-02,18.3375,23.025,14.575,3.1875,12.2375,0.0,63.5,8,2025-05-02
2025-05-02,北海道,22SJ-3,1.0,21600.0,1,1,2025-05-02,9.9375,14.5875,5.6125,1.875,7.337499999999999,0.0,81.375,8,2025-05-02
2025-05-02,近畿,NB-1,2.0,18150.0,1,2,2025-05-02,16.45,20.675,12.225,24.0625,3.55,0.0,73.75,8,2025-05-02
2025-05-02,関東,NB-1,1.0,9450.0,1,1,2025-05-02,15.988888888888887,18.82222222222222,13.655555555555557,55.44444444444444,0.2555555555555555,0.0,87.33333333333333,9,2025-05-02
2025-05-07,中部,NB-1,3.0,29250.0,1,3,2025-05-07,14.72,20.026666666666664,9.733333333333333,5.833333333333333,10.226666666666668,0.0,67.86666666666666,15,2025-05-07
2025-05-07,北海道,NB-1,2.0,19500.0,1,1,2025-05-07,9.5625,13.6375,6.375,0.6875,4.775,0.0,78.625,8,2025-05-07
2025-05-07,近畿,NB-1,1.0,9750.0,1,1,2025-05-07,15.55,20.4875,11.5125,0.375,9.175,0.0,60.375,8,2025-05-07
2025-05-07,関東,NB-1,9.0,90150.0,2,4,2025-05-07,16.955555555555556,22.077777777777776,12.68888888888889,4.444444444444445,10.133333333333333,0.0,62.55555555555556,9,2025-05-07
2025-05-08,中国,22SJ-3,1.0,21600.0,1,1,2025-05-08,16.47142857142857,23.914285714285715,8.714285714285714,0.0,12.37142857142857,0.0,57.0,7,2025-05-08
2025-05-08,中部,NB-1,1.0,9450.0,1,1,2025-05-08,15.513333333333332,22.22,8.346666666666668,0.0,11.553333333333336,0.0,62.73333333333333,15,2025-05-08
2025-05-08,九州沖縄,NB-1,1.0,9450.0,1,1,2025-05-08,19.325,24.75,13.1125,0.0,9.7125,0.0,65.375,8,2025-05-08
2025-05-08,北海道,22SJ-3,1.0,21600.0,1,1,2025-05-08,11.9125,17.225,5.6,0.125,9.3375,0.0,65.5,8,2025-05-08
2025-05-08,近畿,NB-1,2.0,18900.0,2,2,2025-05-08,16.3125,23.8125,8.6125,0.0,12.0125,0.0,56.375,8,2025-05-08
2025-05-08,関東,NB-1,2.0,21000.0,1,1,2025-05-08,16.955555555555556,22.27777777777778,12.27777777777778,0.0,10.6,0.0,55.22222222222222,9,2025-05-08
2025-05-09,中部,22SJ-3,2.0,46800.0,2,2,2025-05-09,16.893333333333334,21.86,13.153333333333334,17.133333333333333,1.36,0.0,74.73333333333333,15,2025-05-09
2025-05-12,中国,NB-1,1.0,9750.0,1,1,2025-05-12,17.314285714285713,22.228571428571428,12.9,0.0,9.5,0.0,68.71428571428571,7,2025-05-12
2025-05-12,中部,NB-1,4.0,37200.0,2,3,2025-05-12,16.266666666666666,21.32,12.986666666666668,4.733333333333333,3.693333333333333,0.0,77.93333333333334,15,2025-05-12
2025-05-12,近畿,NB-1,3.0,28200.0,1,2,2025-05-12,17.075,21.8,13.75,2.6875,4.0125,0.0,75.5,8,2025-05-12
2025-05-13,中部,NB-1,2.0,18900.0,1,2,2025-05-13,18.02,25.07333333333333,11.733333333333333,0.0,11.906666666666666,0.0,63.6,15,2025-05-13
2025-05-13,北海道,22SJ-3,1.0,21600.0,1,1,2025-05-13,13.6,19.2,9.1875,0.1875,8.1375,0.0,71.75,8,2025-05-13
2025-05-13,東北,22SJ-3,3.0,64800.0,3,3,2025-05-13,16.6125,23.3375,10.125,0.125,11.7125,0.0,70.5,8,2025-05-13
2025-05-13,関東,NB-1,1.0,10500.0,1,1,2025-05-13,19.366666666666667,25.355555555555554,14.266666666666667,0.0,11.022222222222222,0.0,68.66666666666667,9,2025-05-13
2025-05-14,関東,NB-1,1.0,10500.0,1,1,2025-05-14,19.844444444444445,25.211111111111112,14.877777777777778,0.0,8.011111111111111,0.0,72.55555555555556,9,2025-05-14
2025-05-15,中部,NB-1,1.0,9450.0,1,1,2025-05-15,19.793333333333333,25.613333333333333,13.98,0.0,7.680000000000001,0.0,66.13333333333334,15,2025-05-15
2025-05-15,関東,NB-1,5.0,50700.0,1,2,2025-05-15,20.4,25.688888888888886,15.155555555555557,0.0,7.555555555555555,0.0,72.88888888888889,9,2025-05-15
2025-05-16,中国,22SJ-3,2.0,46800.0,2,2,2025-05-16,21.15714285714285,25.77142857142857,18.257142857142856,3.2142857142857144,0.3857142857142857,0.0,74.57142857142857,7,2025-05-16
2025-05-16,中部,NB-1,1.0,9000.0,1,1,2025-05-16,20.58,25.706666666666663,16.22,0.2333333333333333,4.173333333333334,0.0,68.0,15,2025-05-16
2025-05-16,九州沖縄,NB-1,2.0,18000.0,1,1,2025-05-16,23.0,27.175,20.55,6.875,1.65,0.0,79.75,8,2025-05-16
2025-05-19,中部,22SJ-3,3.0,70200.0,3,3,2025-05-19,19.94,25.14,15.713333333333331,0.0,5.7733333333333325,0.0,67.8,15,2025-05-19
2025-05-19,中部,NB-1,1.0,9000.0,1,1,2025-05-19,19.94,25.14,15.713333333333331,0.0,5.7733333333333325,0.0,67.8,15,2025-05-19
2025-05-19,北海道,22SJ-3,1.0,21600.0,1,1,2025-05-19,14.0125,18.7,9.5125,0.0625,11.6375,0.0,60.25,8,2025-05-19
2025-05-19,近畿,22SJ-3,2.0,43200.0,2,2,2025-05-19,21.2375,25.6,18.225,0.0,5.45,0.0,62.25,8,2025-05-19
2025-05-19,近畿,NB-1,1.0,9750.0,1,1,2025-05-19,21.2375,25.6,18.225,0.0,5.45,0.0,62.25,8,2025-05-19
2025-05-19,関東,NB-1,1.0,9750.0,1,1,2025-05-19,18.244444444444444,21.822222222222223,16.077777777777776,1.4444444444444444,0.0,0.0,82.88888888888889,9,2025-05-19
2025-05-20,関東,NB-1,1.0,9450.0,1,1,2025-05-20,22.744444444444444,29.88888888888889,15.122222222222222,0.0,12.066666666666666,0.0,69.88888888888889,9,2025-05-20
2025-05-21,中部,NB-1,2.0,18000.0,2,2,2025-05-21,24.10666666666667,30.706666666666667,18.866666666666667,1.3666666666666667,7.66,0.0,72.2,15,2025-05-21
2025-05-21,近畿,NB-1,1.0,10500.0,1,1,2025-05-21,24.25,29.3875,21.35,4.6875,2.3125,0.0,81.25,8,2025-05-21
2025-05-21,関東,NB-1,1.0,9450.0,1,1,2025-05-21,24.14444444444445,29.53333333333333,18.866666666666667,0.0,9.822222222222225,0.0,74.33333333333333,9,2025-05-21
2025-05-22,中国,NB-1,1.0,9450.0,1,1,2025-05-22,20.52857142857143,25.37142857142857,17.17142857142857,6.428571428571429,2.5285714285714285,0.0,84.71428571428571,7,2025-05-22
2025-05-22,九州沖縄,NB-1,1.0,9450.0,1,1,2025-05-22,22.375,26.525,19.25,13.5,5.825,0.0,84.125,8,2025-05-22
2025-05-22,東北,NB-1,1.0,9450.0,1,1,2025-05-22,16.875,20.6,12.7,4.0,1.9375,0.0,86.0,8,2025-05-22
2025-05-22,関東,NB-1,1.0,8700.0,1,1,2025-05-22,22.08888888888889,27.05555555555556,16.61111111111111,7.333333333333333,2.6666666666666665,0.0,82.11111111111111,9,2025-05-22
2025-05-23,中部,NB-1,2.0,18900.0,2,2,2025-05-23,18.486666666666668,22.78,15.466666666666669,0.0,5.653333333333333,0.0,68.13333333333334,15,2025-05-23
2025-05-26,中国,NB-1,1.0,9750.0,1,1,2025-05-26,15.62857142857143,20.985714285714288,10.957142857142856,0.0,3.228571428571428,0.0,73.14285714285714,7,2025-05-26
2025-05-26,中部,NB-1,3.0,27450.0,1,2,2025-05-26,16.273333333333333,19.80666666666667,13.406666666666666,0.0,0.92,0.0,69.4,15,2025-05-26
2025-05-26,近畿,NB-1,2.0,18900.0,1,1,2025-05-26,16.2375,19.4625,13.6,0.0,0.0625,0.0,69.375,8,2025-05-26
2025-05-26,関東,NB-1,2.0,21000.0,1,1,2025-05-26,18.211111111111112,21.5,15.933333333333334,0.0,0.4444444444444444,0.0,63.55555555555556,9,2025-05-26
2025-05-27,中国,NB-1,1.0,9450.0,1,1,2025-05-27,17.95714285714286,24.728571428571428,11.514285714285714,0.0,12.94285714285714,0.0,66.14285714285714,7,2025-05-27
2025-05-27,中部,NB-1,1.0,9000.0,1,1,2025-05-27,17.026666666666667,21.73333333333333,12.946666666666664,3.4,4.093333333333333,0.0,74.86666666666666,15,2025-05-27
2025-05-27,関東,NB-1,1.0,8700.0,1,1,2025-05-27,17.644444444444446,20.72222222222222,15.2,0.2222222222222222,0.5555555555555556,0.0,72.55555555555556,9,2025-05-27
2025-05-28,近畿,NB-1,1.0,10500.0,1,1,2025-05-28,20.8625,26.7125,15.4125,0.0,10.0625,0.0,66.625,8,2025-05-28
2025-05-29,中部,NB-1,1.0,9450.0,1,1,2025-05-29,19.01333333333333,23.32,15.553333333333333,2.1333333333333333,3.033333333333333,0.0,76.2,15,2025-05-29
2025-05-29,関東,NB-1,1.0,9450.0,1,1,2025-05-29,19.355555555555554,24.133333333333333,15.588888888888889,1.6666666666666667,4.288888888888889,0.0,69.88888888888889,9,2025-05-29
2025-05-30,中部,NB-1,1.0,9000.0,1,1,2025-05-30,17.733333333333334,21.76,14.993333333333334,4.4,2.853333333333333,0.0,77.53333333333333,15,2025-05-30
2025-05-30,関東,NB-1,1.0,8700.0,1,1,2025-05-30,15.377777777777778,17.322222222222223,14.211111111111112,19.5,0.0,0.0,89.66666666666667,9,2025-05-30
2025-06-02,中部,NB-1,3.0,29250.0,1,2,2025-06-02,18.973333333333336,24.34,13.893333333333334,0.0,6.08,0.0,72.93333333333334,15,2025-06-02
2025-06-02,東北,22SJ-3,1.0,21600.0,1,1,2025-06-02,17.35,23.5125,11.3375,0.0,9.3625,0.0,71.75,8,2025-06-02
2025-06-02,近畿,NB-1,3.0,30000.0,1,3,2025-06-02,20.2625,25.9875,14.6,0.0,5.5,0.0,65.375,8,2025-06-02
2025-06-02,関東,NB-1,2.0,21000.0,1,1,2025-06-02,19.73333333333333,24.72222222222222,14.366666666666667,0.0,6.266666666666667,0.0,77.11111111111111,9,2025-06-02
2025-06-03,九州沖縄,NB-1,1.0,9450.0,1,1,2025-06-03,21.25,24.975,18.775,10.5625,2.125,0.0,87.875,8,2025-06-03
2025-06-04,中部,NB-1,2.0,18000.0,1,1,2025-06-04,20.113333333333333,25.92,15.286666666666669,0.3666666666666666,8.213333333333333,0.0,71.86666666666666,15,2025-06-04
2025-06-05,北海道,22SJ-3,1.0,21600.0,1,1,2025-06-05,13.875,17.75,10.8875,0.5,4.55,0.0,75.5,8,2025-06-05
2025-06-05,近畿,22SJ-3,2.0,43200.0,2,2,2025-06-05,21.6375,28.0125,14.9125,0.0,13.375,0.0,55.375,8,2025-06-05
2025-06-06,中国,NB-1,1.0,9750.0,1,1,2025-06-06,22.02857142857143,27.75714285714286,15.485714285714286,0.0,5.3,0.0,60.285714285714285,7,2025-06-06
2025-06-06,中部,NB-1,1.0,9450.0,1,1,2025-06-06,21.72,28.226666666666667,14.7,0.0,7.546666666666667,0.0,61.0,15,2025-06-06
2025-06-06,近畿,NB-1,1.0,9450.0,1,1,2025-06-06,22.9625,28.8,16.5875,0.0,8.4375,0.0,54.75,8,2025-06-06
2025-06-09,中国,NB-1,1.0,9450.0,1,1,2025-06-09,21.214285714285715,24.785714285714285,17.714285714285715,1.7857142857142858,1.6857142857142855,0.0,80.14285714285714,7,2025-06-09
2025-06-09,中部,NB-1,1.0,9750.0,1,1,2025-06-09,21.02,25.73333333333333,17.313333333333333,6.366666666666666,4.446666666666667,0.0,76.4,15,2025-06-09
2025-06-09,九州沖縄,NB-1,1.0,9750.0,1,1,2025-06-09,21.9,23.4125,20.5625,50.25,0.7625,0.0,93.75,8,2025-06-09
2025-06-09,東北,22SJ-3,2.0,46800.0,2,2,2025-06-09,21.5375,28.825,14.775,0.0,10.1375,0.0,66.625,8,2025-06-09
2025-06-09,東北,NB-1,1.0,9450.0,1,1,2025-06-09,21.5375,28.825,14.775,0.0,10.1375,0.0,66.625,8,2025-06-09
2025-06-09,関東,NB-1,4.0,41700.0,2,3,2025-06-09,22.044444444444444,26.633333333333333,18.55555555555556,0.5,4.199999999999999,0.0,78.11111111111111,9,2025-06-09
2025-06-10,東北,22SJ-3,1.0,23400.0,1,1,2025-06-10,21.5,27.125,17.3375,1.125,6.137499999999999,0.0,77.875,8,2025-06-10
2025-06-10,関東,NB-1,2.0,18900.0,1,1,2025-06-10,20.41111111111111,22.166666666666668,19.066666666666663,8.11111111111111,0.0,0.0,95.33333333333331,9,2025-06-10
2025-06-11,中部,NB-1,2.0,18000.0,1,1,2025-06-11,21.586666666666662,23.98,19.0,20.73333333333333,0.4,0.0,92.0,15,2025-06-11
2025-06-11,近畿,22SJ-3,1.0,21600.0,1,1,2025-06-11,21.875,24.275,19.875,29.625,0.4625,0.0,91.375,8,2025-06-11
2025-06-12,九州沖縄,NB-1,2.0,18000.0,1,1,2025-06-12,22.9375,25.225,21.1375,19.9375,1.075,0.0,91.75,8,2025-06-12
2025-06-13,中国,NB-1,2.0,18900.0,1,1,2025-06-13,23.15714285714285,27.957142857142856,18.642857142857142,1.2142857142857142,4.0,0.0,76.71428571428571,7,2025-06-13
2025-06-16,中部,NB-1,1.0,9000.0,1,1,2025-06-16,25.78,31.473333333333333,20.246666666666663,0.5666666666666667,5.473333333333333,0.0,77.73333333333333,15,2025-06-16
2025-06-16,九州沖縄,NB-1,1.0,9750.0,1,1,2025-06-16,27.7,31.8375,24.175,2.75,3.75,0.0,79.25,8,2025-06-16
2025-06-16,近畿,NB-1,1.0,9750.0,1,1,2025-06-16,27.5625,33.5875,22.3875,0.5625,8.0,0.0,75.875,8,2025-06-16
2025-06-16,関東,NB-1,1.0,9750.0,1,1,2025-06-16,26.266666666666666,30.64444444444445,22.766666666666666,0.1666666666666666,5.777777777777778,0.0,79.44444444444444,9,2025-06-16
2025-06-17,中部,NB-1,3.0,27450.0,2,2,2025-06-17,27.46,33.24666666666666,22.866666666666667,0.0666666666666666,11.186666666666667,0.0,70.2,15,2025-06-17
2025-06-17,北海道,NB-1,1.0,9450.0,1,1,2025-06-17,18.9125,24.6125,15.425,1.5,6.1875,0.0,85.25,8,2025-06-17
2025-06-17,関東,NB-1,1.0,9450.0,1,1,2025-06-17,28.53333333333333,34.577777777777776,23.366666666666667,0.0,12.866666666666667,0.0,73.0,9,2025-06-17
2025-06-18,近畿,NB-1,2.0,18900.0,1,1,2025-06-18,27.8,33.825,23.2125,0.0,8.6625,0.0,68.625,8,2025-06-18
2025-06-18,関東,22SJ-3,2.0,46800.0,2,2,2025-06-18,28.22222222222222,33.3,24.322222222222223,0.0555555555555555,9.822222222222225,0.0,69.33333333333333,9,2025-06-18
2025-06-18,関東,NB-1,4.0,42000.0,1,1,2025-06-18,28.22222222222222,33.3,24.322222222222223,0.0555555555555555,9.822222222222225,0.0,69.33333333333333,9,2025-06-18
2025-06-19,関東,22SJ-3,4.0,93600.0,4,4,2025-06-19,27.27777777777778,33.08888888888889,23.14444444444445,0.0,10.38888888888889,0.0,73.0,9,2025-06-19
2025-06-19,関東,NB-1,2.0,18450.0,2,2,2025-06-19,27.27777777777778,33.08888888888889,23.14444444444445,0.0,10.38888888888889,0.0,73.0,9,2025-06-19
2025-06-20,中部,NB-1,2.0,18000.0,1,1,2025-06-20,26.36,31.49333333333333,21.986666666666668,0.0,9.76,0.0,71.13333333333334,15,2025-06-20
2025-06-20,九州沖縄,NB-1,2.0,18000.0,1,1,2025-06-20,28.25,32.675000000000004,24.275,0.125,10.1875,0.0,73.25,8,2025-06-20
2025-06-20,北海道,22SJ-3,1.0,21600.0,1,1,2025-06-20,20.075,25.5375,16.287499999999998,0.0,10.5875,0.0,83.25,8,2025-06-20
2025-06-23,中国,NB-1,1.0,9750.0,1,1,2025-06-23,24.485714285714288,28.928571428571427,22.142857142857142,25.714285714285715,2.0142857142857142,0.0,87.85714285714286,7,2025-06-23
2025-06-23,中部,NB-1,1.0,9750.0,1,1,2025-06-23,23.89333333333333,26.686666666666667,21.933333333333334,26.433333333333334,0.8466666666666666,0.0,89.46666666666667,15,2025-06-23
2025-06-23,九州沖縄,NB-1,1.0,9750.0,1,1,2025-06-23,25.825,28.025,24.175,34.75,1.6125,0.0,89.625,8,2025-06-23
2025-06-23,東北,22SJ-3,1.0,21600.0,1,1,2025-06-23,23.2125,26.95,20.7625,4.75,0.55,0.0,86.125,8,2025-06-23
2025-06-23,近畿,NB-1,2.0,17400.0,1,1,2025-06-23,26.1875,28.6125,23.3,20.6875,0.4875,0.0,84.0,8,2025-06-23
2025-06-23,関東,22SJ-3,1.0,23400.0,1,1,2025-06-23,26.288888888888888,31.366666666666667,23.72222222222222,5.0,4.199999999999999,0.0,80.33333333333333,9,2025-06-23
2025-06-24,中部,NB-1,2.0,18000.0,1,1,2025-06-24,24.53333333333333,28.05333333333333,22.173333333333336,7.066666666666666,0.5533333333333333,0.0,86.46666666666667,15,2025-06-24
2025-06-24,九州沖縄,NB-1,2.0,18900.0,1,1,2025-06-24,26.2625,28.9875,24.5375,42.9375,1.675,0.0,89.75,8,2025-06-24
2025-06-24,東北,22SJ-3,1.0,21600.0,1,1,2025-06-24,23.2,27.575,19.95,2.5,4.0375,0.0,84.25,8,2025-06-24
2025-06-26,九州沖縄,NB-1,1.0,9450.0,1,1,2025-06-26,26.6125,30.2875,24.0125,3.0625,3.525,0.0,80.75,8,2025-06-26
2025-06-26,東北,NB-1,1.0,9450.0,1,1,2025-06-26,24.025,28.8,20.5625,24.5,1.1625,0.0,89.75,8,2025-06-26
2025-06-27,九州沖縄,NB-1,1.0,9450.0,1,1,2025-06-27,27.7875,32.3,24.1,0.0,10.25,0.0,77.0,8,2025-06-27
2025-06-27,北海道,NB-1,2.0,17400.0,1,1,2025-06-27,19.9125,24.3125,16.7625,3.375,3.175,0.0,87.875,8,2025-06-27
2025-06-27,関東,NB-1,2.0,18900.0,1,1,2025-06-27,26.61111111111111,31.67777777777778,22.8,0.6666666666666666,7.48888888888889,0.0,74.33333333333333,9,2025-06-27
2025-06-30,中部,NB-1,1.0,9750.0,1,1,2025-06-30,27.59333333333333,33.38,22.52,0.1,11.066666666666666,0.0,71.2,15,2025-06-30
2025-07-01,関東,NB-1,2.0,21000.0,1,1,2025-07-01,27.61111111111111,33.68888888888889,24.38888888888889,5.777777777777778,7.1,0.0,79.55555555555556,9,2025-07-01
2025-07-02,中国,22SJ-3,1.0,23400.0,1,1,2025-07-02,29.185714285714287,34.042857142857144,25.11428571428572,0.0714285714285714,10.157142857142857,0.0,73.28571428571429,7,2025-07-02
2025-07-02,中部,NB-1,3.0,27450.0,1,2,2025-07-02,26.6,30.633333333333333,23.69333333333333,1.6333333333333333,3.086666666666667,0.0,80.33333333333333,15,2025-07-02
2025-07-03,中部,22SJ-3,6.0,140400.0,6,6,2025-07-03,27.48,33.00666666666667,23.30666666666667,0.7666666666666667,8.2,0.0,76.6,15,2025-07-03
2025-07-03,中部,NB-1,1.0,9750.0,1,1,2025-07-03,27.48,33.00666666666667,23.30666666666667,0.7666666666666667,8.2,0.0,76.6,15,2025-07-03
2025-07-03,四国,NB-1,1.0,9450.0,1,1,2025-07-03,29.35,34.175,26.125,0.0,8.525,0.0,74.25,4,2025-07-03
2025-07-04,九州沖縄,NB-1,1.0,9450.0,1,1,2025-07-04,29.8,33.7875,27.0625,0.0625,8.675,0.0,74.25,8,2025-07-04
2025-07-04,北海道,22SJ-3,3.0,70200.0,3,3,2025-07-04,22.9125,25.825,20.025,5.0,0.6875,0.0,88.25,8,2025-07-04
2025-07-07,中部,NB-1,1.0,9750.0,1,1,2025-07-07,28.36,33.46666666666667,24.946666666666665,1.0,7.746666666666667,0.0,75.6,15,2025-07-07
2025-07-07,近畿,NB-1,1.0,9450.0,1,1,2025-07-07,30.5,35.9625,26.4,0.0,11.05,0.0,66.625,8,2025-07-07
2025-07-07,関東,NB-1,4.0,34800.0,2,2,2025-07-07,29.6,34.76666666666667,26.077777777777776,0.1111111111111111,5.266666666666668,0.0,75.55555555555556,9,2025-07-07
2025-07-08,九州沖縄,NB-1,1.0,9450.0,1,1,2025-07-08,29.475,34.7875,25.8125,19.6875,8.225,0.0,78.0,8,2025-07-08
2025-07-08,北海道,22SJ-3,1.0,21600.0,1,1,2025-07-08,23.9,29.95,18.9,0.0,13.6,0.0,64.125,8,2025-07-08
2025-07-08,関東,NB-1,4.0,41700.0,1,2,2025-07-08,29.82222222222222,34.611111111111114,26.522222222222226,0.0555555555555555,8.733333333333333,0.0,74.11111111111111,9,2025-07-08
2025-07-10,関東,NB-1,3.0,30450.0,1,2,2025-07-10,27.03333333333333,33.37777777777777,22.266666666666666,23.444444444444443,5.4,0.0,82.77777777777777,9,2025-07-10
2025-07-11,近畿,NB-1,1.0,8700.0,1,1,2025-07-11,29.4,34.975,25.875,10.8125,8.0375,0.0,71.375,8,2025-07-11
2025-07-14,中部,NB-1,1.0,9450.0,1,1,2025-07-14,27.73333333333333,33.32,23.90666666666667,20.8,8.006666666666666,0.0,72.26666666666667,15,2025-07-14
2025-07-14,四国,NB-1,1.0,9450.0,1,1,2025-07-14,26.55,29.5,24.7,42.625,0.55,0.0,88.0,4,2025-07-14
2025-07-14,近畿,NB-1,2.0,19200.0,1,2,2025-07-14,28.075,33.625,25.0875,17.5625,4.525,0.0,73.875,8,2025-07-14
2025-07-14,関東,22SJ-3,1.0,25200.0,1,1,2025-07-14,26.4,29.82222222222222,23.677777777777777,7.5,2.611111111111111,0.0,85.77777777777777,9,2025-07-14
2025-07-15,中部,NB-1,1.0,9450.0,1,1,2025-07-15,26.52,30.1,23.72,22.53333333333333,3.8133333333333335,0.0,84.0,15,2025-07-15
2025-07-15,九州沖縄,NB-1,2.0,18900.0,2,2,2025-07-15,27.9,32.375,24.2375,2.1875,7.975,0.0,70.375,8,2025-07-15
2025-07-15,関東,NB-1,3.0,27600.0,1,3,2025-07-15,26.477777777777774,28.88888888888889,24.91111111111111,29.666666666666668,0.3222222222222222,0.0,92.22222222222224,9,2025-07-15
2025-07-16,中部,NB-1,2.0,18000.0,1,1,2025-07-16,26.826666666666664,31.540000000000003,23.066666666666663,29.366666666666667,4.5600000000000005,0.0,78.4,15,2025-07-16
2025-07-17,関東,NB-1,1.0,9450.0,1,1,2025-07-17,27.37777777777778,31.988888888888887,24.044444444444444,2.5,6.044444444444444,0.0,79.22222222222223,9,2025-07-17
2025-07-18,近畿,NB-1,1.0,9450.0,1,1,2025-07-18,28.125,33.1,24.4375,3.0,6.125,0.0,72.5,8,2025-07-18
2025-07-22,中部,NB-1,3.0,28200.0,2,3,2025-07-22,28.62,34.28,24.866666666666667,2.4,9.873333333333331,0.0,75.0,15,2025-07-22
2025-07-22,九州沖縄,NB-1,1.0,9450.0,1,1,2025-07-22,29.675,33.9375,26.1875,1.1875,10.4375,0.0,71.5,8,2025-07-22
2025-07-22,東北,NB-1,1.0,9450.0,1,1,2025-07-22,29.1375,35.1625,24.275,0.3125,9.5625,0.0,70.5,8,2025-07-22
2025-07-22,近畿,NB-1,1.0,8700.0,1,1,2025-07-22,30.175,35.325,26.625,0.0,10.9375,0.0,68.375,8,2025-07-22
2025-07-22,関東,NB-1,1.0,9450.0,1,1,2025-07-22,29.188888888888886,34.544444444444444,25.822222222222223,0.0,9.477777777777778,0.0,75.88888888888889,9,2025-07-22
2025-07-23,中部,NB-1,3.0,27000.0,1,1,2025-07-23,28.446666666666665,33.92666666666666,24.926666666666662,0.6333333333333333,9.613333333333332,0.0,75.26666666666667,15,2025-07-23
2025-07-23,九州沖縄,NB-1,1.0,9450.0,1,1,2025-07-23,29.6,34.0875,25.6125,1.4375,10.1,0.0,70.875,8,2025-07-23
2025-07-23,近畿,NB-1,1.0,8700.0,1,1,2025-07-23,30.05,35.275,26.3625,0.0,10.225,0.0,68.5,8,2025-07-23
2025-07-23,関東,NB-1,3.0,29700.0,1,2,2025-07-23,29.133333333333333,34.8,25.5,0.3888888888888889,9.833333333333334,0.0,74.77777777777777,9,2025-07-23
2025-07-24,関東,NB-1,3.0,29700.0,1,2,2025-07-24,29.5,35.15555555555555,25.344444444444445,0.0,10.544444444444444,0.0,74.33333333333333,9,2025-07-24
2025-07-25,近畿,NB-1,2.0,22500.0,1,1,2025-07-25,30.175,35.425,26.6375,2.6875,11.175,0.0,67.75,8,2025-07-25
2025-07-25,関東,NB-1,2.0,18900.0,1,1,2025-07-25,29.577777777777776,35.17777777777778,25.855555555555554,3.1666666666666665,10.755555555555556,0.0,73.88888888888889,9,2025-07-25
2025-07-28,中部,NB-1,4.0,37950.0,1,4,2025-07-28,28.80666666666667,34.60666666666667,24.466666666666665,1.4666666666666666,11.666666666666666,0.0,71.06666666666666,15,2025-07-28
2025-07-28,四国,NB-1,1.0,9450.0,1,1,2025-07-28,29.325,34.45,24.7,0.0,13.05,0.0,67.75,4,2025-07-28
2025-07-28,関東,NB-1,6.0,59700.0,2,4,2025-07-28,29.633333333333333,35.27777777777778,25.188888888888886,0.0,12.22222222222222,0.0,71.88888888888889,9,2025-07-28
2025-07-29,中部,NB-1,2.0,18000.0,1,1,2025-07-29,29.24,34.906666666666666,24.8,0.0,12.4,0.0,70.06666666666666,15,2025-07-29
2025-07-29,関東,NB-1,1.0,9450.0,1,1,2025-07-29,29.577777777777776,36.05555555555556,24.866666666666667,0.0,12.666666666666666,0.0,68.77777777777777,9,2025-07-29
2025-07-30,中部,NB-1,2.0,18000.0,1,1,2025-07-30,29.540000000000003,35.166666666666664,24.933333333333334,0.0,12.12,0.0,68.0,15,2025-07-30
2025-07-30,近畿,NB-1,1.0,8700.0,1,1,2025-07-30,30.7875,36.6,26.4125,0.0,12.5875,0.0,65.875,8,2025-07-30
2025-07-31,中部,NB-1,4.0,36900.0,1,1,2025-07-31,29.18,34.38666666666666,25.186666666666667,0.0,10.613333333333332,0.0,67.53333333333333,15,2025-07-31
2025-07-31,近畿,NB-1,1.0,9450.0,1,1,2025-07-31,30.9,36.0625,27.3,0.0,10.475,0.0,65.875,8,2025-07-31
2025-08-01,九州沖縄,22SJ-3,5.0,117000.0,4,4,2025-08-01,30.175,35.05,26.5375,0.0,11.9,0.0,67.75,8,2025-08-01
2025-08-01,九州沖縄,NB-1,1.0,9450.0,1,1,2025-08-01,30.175,35.05,26.5375,0.0,11.9,0.0,67.75,8,2025-08-01
2025-08-01,近畿,NB-1,2.0,18900.0,1,1,2025-08-01,30.825,36.3375,27.2,0.0,9.2375,0.0,66.75,8,2025-08-01
2025-08-04,中国,NB-1,1.0,9450.0,1,1,2025-08-04,29.857142857142858,34.91428571428572,25.9,0.5,3.8,0.0,69.71428571428571,7,2025-08-04
2025-08-04,九州沖縄,NB-1,1.0,9750.0,1,1,2025-08-04,29.8,33.425,27.025,5.5,3.675,0.0,78.0,8,2025-08-04
2025-08-04,北海道,NB-1,1.0,9750.0,1,1,2025-08-04,24.5125,28.1875,21.525,0.125,3.325,0.0,85.0,8,2025-08-04
2025-08-04,近畿,NB-1,2.0,19950.0,1,1,2025-08-04,31.15,36.2625,27.475,0.0,10.0625,0.0,63.375,8,2025-08-04
2025-08-04,関東,22SJ-3,1.0,21600.0,1,1,2025-08-04,30.466666666666665,35.766666666666666,26.77777777777778,0.0,9.5,0.0,72.55555555555556,9,2025-08-04
2025-08-04,関東,NB-1,7.0,68850.0,2,4,2025-08-04,30.466666666666665,35.766666666666666,26.77777777777778,0.0,9.5,0.0,72.55555555555556,9,2025-08-04
2025-08-05,中部,NB-1,4.0,37350.0,2,3,2025-08-05,30.146666666666665,35.82666666666667,26.14,4.2,6.6,0.0,69.73333333333333,15,2025-08-05
2025-08-05,北海道,NB-1,1.0,9450.0,1,1,2025-08-05,24.5625,28.4,21.925,21.6875,3.7875,0.0,85.125,8,2025-08-05
2025-08-05,近畿,NB-1,1.0,8700.0,1,1,2025-08-05,31.05,36.05,27.5125,5.0,8.225,0.0,70.0,8,2025-08-05
2025-08-05,関東,NB-1,1.0,8700.0,1,1,2025-08-05,31.65555555555555,37.48888888888889,26.855555555555554,0.6666666666666666,11.22222222222222,0.0,67.55555555555556,9,2025-08-05
2025-08-06,中部,NB-1,4.0,36450.0,1,2,2025-08-06,29.793333333333333,35.21333333333334,25.886666666666667,11.066666666666666,6.319999999999999,0.0,71.2,15,2025-08-06
2025-08-06,近畿,NB-1,2.0,18900.0,1,1,2025-08-06,31.35,36.6375,28.1125,3.0,10.1875,0.0,69.0,8,2025-08-06
2025-08-06,関東,NB-1,2.0,19950.0,1,1,2025-08-06,30.77777777777778,36.644444444444446,26.788888888888888,5.555555555555555,8.288888888888888,0.0,73.22222222222223,9,2025-08-06
2025-08-07,中部,NB-1,2.0,18900.0,1,1,2025-08-07,27.366666666666667,32.03333333333333,23.986666666666668,46.03333333333333,3.633333333333333,0.0,76.86666666666666,15,2025-08-07
2025-08-12,中部,NB-1,2.0,19200.0,1,2,2025-08-12,26.126666666666665,29.41333333333333,24.006666666666668,10.933333333333334,0.4933333333333333,0.0,86.0,15,2025-08-12
2025-08-12,関東,NB-1,2.0,18900.0,1,2,2025-08-12,26.577777777777776,28.877777777777776,24.844444444444445,2.611111111111111,0.0444444444444444,0.0,89.22222222222223,9,2025-08-12
2025-08-13,関東,NB-1,1.0,10500.0,1,1,2025-08-13,26.922222222222224,31.200000000000003,24.066666666666663,0.0,4.833333333333333,0.0,80.11111111111111,9,2025-08-13
2025-08-14,近畿,NB-1,1.0,9450.0,1,1,2025-08-14,29.5875,35.0,26.2125,4.75,9.625,0.0,75.5,8,2025-08-14
2025-08-18,中国,NB-1,1.0,9750.0,1,1,2025-08-18,29.314285714285717,34.371428571428574,25.1,0.0,10.142857142857142,0.0,73.71428571428571,7,2025-08-18
2025-08-18,中部,NB-1,2.0,18750.0,2,2,2025-08-18,28.44,34.28666666666666,23.90666666666667,0.0,10.46,0.0,71.06666666666666,15,2025-08-18
2025-08-18,九州沖縄,NB-1,1.0,9750.0,1,1,2025-08-18,29.1875,33.775,25.4625,0.0625,10.3125,0.0,75.5,8,2025-08-18
2025-08-18,近畿,NB-1,2.0,19200.0,1,1,2025-08-18,29.85,35.0625,25.8875,0.0,10.4875,0.0,71.375,8,2025-08-18
2025-08-18,関東,NB-1,1.0,9750.0,1,1,2025-08-18,29.688888888888886,35.7,25.544444444444444,0.0,10.355555555555556,0.0,70.66666666666667,9,2025-08-18
2025-08-19,中部,22SJ-3,1.0,21600.0,1,1,2025-08-19,28.74,34.79333333333333,23.91333333333333,0.0,10.06,0.0,70.53333333333333,15,2025-08-19
2025-08-19,北海道,22SJ-3,2.0,43200.0,2,2,2025-08-19,22.2125,25.625,19.2375,15.5625,1.8375,0.0,87.875,8,2025-08-19
2025-08-19,四国,NB-1,1.0,9450.0,1,1,2025-08-19,29.65,33.95,26.0,0.875,11.425,0.0,71.5,4,2025-08-19
2025-08-19,東北,22SJ-3,1.0,21600.0,1,1,2025-08-19,27.325,33.4375,22.0,0.5625,6.8875,0.0,74.0,8,2025-08-19
2025-08-19,東北,NB-1,1.0,9450.0,1,1,2025-08-19,27.325,33.4375,22.0,0.5625,6.8875,0.0,74.0,8,2025-08-19
2025-08-19,関東,NB-1,2.0,18900.0,2,2,2025-08-19,29.622222222222224,35.27777777777778,25.5,0.0,11.11111111111111,0.0,72.66666666666667,9,2025-08-19
2025-08-20,関東,NB-1,1.0,9450.0,1,1,2025-08-20,29.56666666666667,35.28888888888889,25.466666666666665,0.0,10.133333333333333,0.0,72.33333333333333,9,2025-08-20
2025-08-22,中部,NB-1,3.0,27000.0,1,1,2025-08-22,28.85333333333333,34.68666666666666,24.4,0.0,11.246666666666666,0.0,71.13333333333334,15,2025-08-22
2025-08-22,東北,22SJ-3,1.0,21600.0,1,1,2025-08-22,26.55,32.2875,21.5,0.0,8.25,0.0,73.25,8,2025-08-22
2025-08-22,近畿,22SJ-3,2.0,46800.0,2,2,2025-08-22,30.3,35.6,26.425,0.0,11.3625,0.0,67.0,8,2025-08-22
2025-08-22,近畿,NB-1,1.0,0.0,1,1,2025-08-22,30.3,35.6,26.425,0.0,11.3625,0.0,67.0,8,2025-08-22
2025-08-25,中部,NB-1,5.0,47550.0,1,2,2025-08-25,28.813333333333333,33.973333333333336,25.72,2.066666666666667,7.693333333333333,0.0,78.2,15,2025-08-25
2025-08-25,東北,NB-1,1.0,9750.0,1,1,2025-08-25,27.0375,31.3875,24.0125,0.125,6.2375,0.0,80.625,8,2025-08-25
2025-08-25,近畿,NB-1,1.0,9450.0,1,1,2025-08-25,30.0125,35.3375,27.0,18.1875,7.275,0.0,75.75,8,2025-08-25
2025-08-26,中部,NB-1,2.0,18900.0,1,1,2025-08-26,29.2,34.49333333333333,25.613333333333333,1.0666666666666669,8.286666666666667,0.0,73.73333333333333,15,2025-08-26
2025-08-26,北海道,NB-1,1.0,9450.0,1,1,2025-08-26,23.7,26.925,20.8,15.4375,2.1875,0.0,86.625,8,2025-08-26
2025-08-26,関東,NB-1,3.0,28350.0,1,3,2025-08-26,29.73333333333333,34.833333333333336,26.12222222222222,0.0,8.655555555555557,0.0,74.88888888888889,9,2025-08-26
2025-08-29,関東,22SJ-3,6.0,129600.0,6,6,2025-08-29,28.322222222222223,33.98888888888889,23.711111111111112,0.0,9.166666666666666,0.0,73.22222222222223,9,2025-08-29
2025-09-01,九州沖縄,22SJ-3,4.0,93600.0,4,4,2025-09-01,29.7375,33.675,26.5625,3.0625,8.675,0.0,76.0,8,2025-09-01
2025-09-01,近畿,NB-1,1.0,9750.0,1,1,2025-09-01,30.7125,35.8625,27.1125,0.0,11.2375,0.0,64.75,8,2025-09-01
2025-09-01,関東,NB-1,2.0,19200.0,1,1,2025-09-01,30.21111111111111,35.91111111111111,26.422222222222224,0.0,9.833333333333334,0.0,72.44444444444444,9,2025-09-01
2025-09-02,北海道,22SJ-3,1.0,21600.0,1,1,2025-09-02,21.5375,25.025,19.0,11.0625,1.1,0.0,92.875,8,2025-09-02
2025-09-04,関東,NB-1,1.0,9750.0,1,1,2025-09-04,26.55555555555556,29.077777777777776,24.88888888888889,7.722222222222222,0.2333333333333333,0.0,84.66666666666667,9,2025-09-04
2025-09-05,中部,NB-1,1.0,9450.0,1,1,2025-09-05,25.48,29.793333333333333,23.186666666666667,72.2,3.0133333333333336,0.0,87.8,15,2025-09-05
2025-09-05,関東,NB-1,4.0,39150.0,2,3,2025-09-05,24.655555555555555,26.433333333333334,23.266666666666666,83.38888888888889,0.6000000000000001,0.0,94.88888888888889,9,2025-09-05
2025-09-08,中国,NB-1,1.0,9750.0,1,1,2025-09-08,27.82857142857143,32.24285714285714,24.928571428571427,18.428571428571427,3.271428571428572,0.0,83.14285714285714,7,2025-09-08
2025-09-08,中部,NB-1,2.0,19500.0,1,2,2025-09-08,27.48,32.42666666666666,23.60666666666667,6.6,6.013333333333334,0.0,78.13333333333334,15,2025-09-08
2025-09-08,四国,NB-1,1.0,9750.0,1,1,2025-09-08,29.475,33.675,25.775,0.125,8.375,0.0,73.75,4,2025-09-08
2025-09-08,近畿,NB-1,1.0,10500.0,1,1,2025-09-08,29.275,33.7625,25.875,0.0,7.25,0.0,74.125,8,2025-09-08
2025-09-08,関東,NB-1,1.0,9750.0,1,1,2025-09-08,28.633333333333333,34.288888888888884,24.41111111111111,1.2222222222222223,8.877777777777778,0.0,78.22222222222223,9,2025-09-08
2025-09-10,近畿,NB-1,1.0,8700.0,1,1,2025-09-10,28.8,33.95,24.8625,10.75,4.975,0.0,75.5,8,2025-09-10
2025-09-11,関東,NB-1,2.0,21000.0,1,1,2025-09-11,26.25555555555556,31.33333333333333,23.288888888888888,28.33333333333333,3.411111111111111,0.0,86.55555555555556,9,2025-09-11
2025-09-12,中部,22SJ-3,2.0,46800.0,2,2,2025-09-12,24.72,28.793333333333333,22.56,29.53333333333333,1.9066666666666667,0.0,86.93333333333334,15,2025-09-12
2025-09-12,近畿,22SJ-3,1.0,25200.0,1,1,2025-09-12,27.15,32.025,24.45,13.5,4.1,0.0,80.875,8,2025-09-12
2025-09-12,関東,22SJ-3,1.0,21600.0,1,1,2025-09-12,24.51111111111111,27.266666666666666,22.83333333333333,16.0,1.0333333333333334,0.0,88.66666666666667,9,2025-09-12
2025-09-16,中部,NB-1,1.0,9450.0,1,1,2025-09-16,27.33333333333333,32.77333333333333,23.26,1.5666666666666669,9.093333333333334,0.0,76.73333333333333,15,2025-09-16
2025-09-16,四国,NB-1,1.0,9450.0,1,1,2025-09-16,29.2,33.15,26.325,0.375,8.825,0.0,79.0,4,2025-09-16
2025-09-16,東北,22SJ-3,1.0,21600.0,1,1,2025-09-16,25.25,31.3125,20.2875,0.0,9.8125,0.0,76.625,8,2025-09-16
2025-09-16,近畿,NB-1,1.0,9750.0,1,1,2025-09-16,29.2375,34.6125,25.0875,0.0,9.8,0.0,72.25,8,2025-09-16
2025-09-16,関東,NB-1,4.0,39150.0,2,3,2025-09-16,27.966666666666665,32.82222222222222,24.344444444444445,0.0,6.9,0.0,80.55555555555556,9,2025-09-16
2025-09-17,中部,22SJ-3,1.0,21600.0,1,1,2025-09-17,28.33333333333333,33.57333333333334,24.473333333333336,0.7,8.3,0.0,76.2,15,2025-09-17
2025-09-17,北海道,22SJ-3,1.0,21600.0,1,1,2025-09-17,21.1875,26.25,17.2625,5.375,4.4875,0.0,70.375,8,2025-09-17
2025-09-18,中部,NB-1,2.0,18000.0,1,1,2025-09-18,25.813333333333333,30.89333333333333,22.60666666666667,14.5,2.9066666666666667,0.0,78.53333333333333,15,2025-09-18
2025-09-18,関東,22SJ-3,2.0,43200.0,2,2,2025-09-18,27.244444444444447,33.43333333333333,22.288888888888888,9.166666666666666,5.888888888888889,0.0,79.33333333333333,9,2025-09-18
2025-09-18,関東,NB-1,2.0,21000.0,1,1,2025-09-18,27.244444444444447,33.43333333333333,22.288888888888888,9.166666666666666,5.888888888888889,0.0,79.33333333333333,9,2025-09-18
2025-09-19,東北,NB-1,1.0,9450.0,1,1,2025-09-19,19.725,25.425,14.8625,0.0625,9.6625,0.0,71.0,8,2025-09-19
2025-09-22,中部,NB-1,1.0,9450.0,1,1,2025-09-22,21.16,26.36,16.66,0.4,7.62,0.0,67.8,15,2025-09-22
2025-09-22,近畿,NB-1,2.0,19950.0,1,2,2025-09-22,23.9125,28.8875,19.35,0.0625,8.275,0.0,57.875,8,2025-09-22
2025-09-22,関東,NB-1,5.0,47550.0,1,3,2025-09-22,21.77777777777778,26.200000000000003,17.91111111111111,0.0,7.7666666666666675,0.0,62.66666666666666,9,2025-09-22
2025-09-24,中部,22SJ-3,1.0,21600.0,1,1,2025-09-24,22.25333333333333,26.846666666666668,17.86,0.3,6.866666666666666,0.0,67.06666666666666,15,2025-09-24
2025-09-24,中部,NB-1,1.0,9450.0,1,1,2025-09-24,22.25333333333333,26.846666666666668,17.86,0.3,6.866666666666666,0.0,67.06666666666666,15,2025-09-24
2025-09-24,近畿,NB-1,1.0,8700.0,1,1,2025-09-24,24.9375,28.6125,22.425,0.0,1.9125,0.0,65.125,8,2025-09-24
2025-09-24,関東,NB-1,1.0,9450.0,1,1,2025-09-24,21.25555555555556,25.8,16.833333333333332,0.0,8.0,0.0,68.66666666666667,9,2025-09-24
2025-09-25,中部,NB-1,3.0,27450.0,1,1,2025-09-25,22.773333333333333,26.58,20.006666666666668,3.1,2.14,0.0,76.86666666666666,15,2025-09-25
2025-09-25,関東,NB-1,2.0,19950.0,1,1,2025-09-25,23.322222222222223,28.25555555555556,18.41111111111111,0.0,7.711111111111112,0.0,71.44444444444444,9,2025-09-25
2025-09-26,東北,22SJ-3,2.0,46800.0,2,2,2025-09-26,22.1125,27.9375,17.2375,1.5,9.1875,0.0,73.375,8,2025-09-26
2025-09-26,近畿,NB-1,1.0,10500.0,1,1,2025-09-26,25.325,28.9875,22.5625,0.4375,2.2375,0.0,78.5,8,2025-09-26
2025-09-29,東北,NB-1,2.0,18900.0,1,1,2025-09-29,20.1,24.5875,16.099999999999998,16.8125,2.0125,0.0,83.75,8,2025-09-29
2025-09-29,近畿,22SJ-3,1.0,21600.0,1,1,2025-09-29,24.15,27.7625,20.7125,9.75,2.2625,0.0,77.25,8,2025-09-29
2025-09-29,関東,22SJ-3,1.0,25200.0,1,1,2025-09-29,25.98888888888889,31.766666666666666,21.677777777777777,1.5,4.311111111111111,0.0,70.55555555555556,9,2025-09-29
2025-09-29,関東,NB-1,1.0,11250.0,1,1,2025-09-29,25.98888888888889,31.766666666666666,21.677777777777777,1.5,4.311111111111111,0.0,70.55555555555556,9,2025-09-29
2025-09-30,中部,NB-1,2.0,18000.0,1,1,2025-09-30,21.986666666666668,27.166666666666668,17.913333333333334,1.2333333333333334,7.439999999999999,0.0,72.73333333333333,15,2025-09-30
2025-09-30,関東,NB-1,1.0,9450.0,1,1,2025-09-30,23.177777777777777,27.05555555555556,20.53333333333333,0.2777777777777778,5.188888888888889,0.0,68.22222222222223,9,2025-09-30
2025-10-01,中部,NB-1,2.0,18000.0,1,1,2025-10-01,20.586666666666662,24.726666666666667,17.71333333333333,4.4,3.5733333333333333,0.0,82.33333333333333,15,2025-10-01
2025-10-01,近畿,NB-1,2.0,18000.0,1,1,2025-10-01,23.4,28.55,19.4625,0.1875,8.375,0.0,68.875,8,2025-10-01
2025-10-01,関東,22SJ-3,3.0,64800.0,3,3,2025-10-01,20.366666666666667,22.577777777777776,18.077777777777776,20.11111111111111,0.0222222222222222,0.0,90.33333333333331,9,2025-10-01
2025-10-02,中部,22SJ-3,2.0,46800.0,2,2,2025-10-02,20.65333333333333,26.57333333333333,16.28,0.4666666666666667,7.526666666666667,0.0,72.8,15,2025-10-02
2025-10-02,九州沖縄,22SJ-3,2.0,46800.0,2,2,2025-10-02,25.225,30.1625,20.85,0.0,7.825,0.0,67.0,8,2025-10-02
2025-10-02,九州沖縄,NB-1,1.0,9450.0,1,1,2025-10-02,25.225,30.1625,20.85,0.0,7.825,0.0,67.0,8,2025-10-02
2025-10-02,北海道,22SJ-3,3.0,68400.0,3,3,2025-10-02,17.7875,22.5,14.15,0.125,7.0,0.0,82.375,8,2025-10-02
2025-10-02,東北,22SJ-3,1.0,21600.0,1,1,2025-10-02,19.6375,25.7,15.5875,2.0625,8.0875,0.0,77.5,8,2025-10-02
2025-10-03,中部,NB-1,1.0,9450.0,1,1,2025-10-03,20.986666666666668,25.5,16.926666666666666,1.4333333333333331,1.8866666666666667,0.0,72.73333333333333,15,2025-10-03
2025-10-03,近畿,NB-1,1.0,9450.0,1,1,2025-10-03,22.3375,25.7625,19.6875,3.1875,0.0875,0.0,74.75,8,2025-10-03
2025-10-06,中国,NB-1,1.0,9750.0,1,1,2025-10-06,23.842857142857145,28.928571428571427,20.057142857142857,0.7857142857142857,7.714285714285714,0.0,74.85714285714286,7,2025-10-06
2025-10-06,中部,NB-1,2.0,19200.0,1,2,2025-10-06,22.83333333333333,27.826666666666664,18.96,1.1333333333333333,8.093333333333334,0.0,77.06666666666666,15,2025-10-06
2025-10-06,四国,NB-1,2.0,18900.0,2,2,2025-10-06,25.275,30.3,21.15,0.125,9.525,0.0,68.75,4,2025-10-06
2025-10-06,関東,NB-1,11.0,108150.0,1,4,2025-10-06,23.766666666666666,28.84444444444445,20.844444444444445,0.3333333333333333,3.2,0.0,77.55555555555556,9,2025-10-06
2025-10-07,中部,22SJ-3,3.0,64800.0,3,3,2025-10-07,21.56,25.48,18.64,0.6,3.1666666666666665,0.0,75.73333333333333,15,2025-10-07
2025-10-07,東北,NB-1,1.0,9450.0,1,1,2025-10-07,18.225,21.65,15.675,0.0625,4.1,0.0,72.875,8,2025-10-07
2025-10-07,近畿,22SJ-3,1.0,25200.0,1,1,2025-10-07,24.275,29.275,20.0875,0.0,7.825,0.0,70.75,8,2025-10-07
2025-10-07,近畿,NB-1,1.0,9450.0,1,1,2025-10-07,24.275,29.275,20.0875,0.0,7.825,0.0,70.75,8,2025-10-07
2025-10-07,関東,22SJ-3,2.0,43200.0,2,2,2025-10-07,21.05555555555556,23.966666666666665,19.344444444444445,0.1666666666666666,1.3555555555555554,0.0,73.55555555555556,9,2025-10-07
2025-10-07,関東,NB-1,3.0,28650.0,1,1,2025-10-07,21.05555555555556,23.966666666666665,19.344444444444445,0.1666666666666666,1.3555555555555554,0.0,73.55555555555556,9,2025-10-07
2025-10-08,中部,NB-1,2.0,18000.0,1,1,2025-10-08,22.846666666666668,27.946666666666665,19.0,0.3,5.573333333333333,0.0,75.2,15,2025-10-08
2025-10-08,近畿,NB-1,4.0,40950.0,2,2,2025-10-08,25.1,30.475,21.5875,0.0,8.4125,0.0,68.625,8,2025-10-08
2025-10-08,関東,NB-1,3.0,31500.0,2,2,2025-10-08,23.355555555555554,28.33333333333333,19.155555555555555,0.0,7.777777777777778,0.0,71.55555555555556,9,2025-10-08
2025-10-09,中部,NB-1,1.0,9000.0,1,1,2025-10-09,21.41333333333333,25.886666666666667,17.326666666666664,0.1666666666666666,6.753333333333333,0.0,67.06666666666666,15,2025-10-09
2025-10-09,関東,22SJ-3,1.0,21600.0,1,1,2025-10-09,20.53333333333333,23.477777777777774,16.98888888888889,0.1111111111111111,0.6777777777777777,0.0,69.55555555555556,9,2025-10-09
2025-10-09,関東,NB-1,1.0,9450.0,1,1,2025-10-09,20.53333333333333,23.477777777777774,16.98888888888889,0.1111111111111111,0.6777777777777777,0.0,69.55555555555556,9,2025-10-09
2025-10-10,関東,22SJ-3,1.0,27000.0,1,1,2025-10-10,19.477777777777774,23.544444444444444,15.955555555555556,0.0,5.277777777777778,0.0,65.33333333333333,9,2025-10-10
2025-10-14,中国,NB-1,2.0,18900.0,1,1,2025-10-14,23.12857142857143,28.485714285714288,19.87142857142857,12.214285714285714,2.457142857142857,0.0,83.14285714285714,7,2025-10-14
2025-10-14,九州沖縄,NB-1,3.0,28950.0,1,2,2025-10-14,25.9875,31.5,22.4125,4.1875,7.625,0.0,78.75,8,2025-10-14
2025-10-14,四国,22SJ-3,1.0,23400.0,1,1,2025-10-14,25.125,29.45,20.6,0.0,7.6,0.0,76.75,4,2025-10-14
2025-10-14,近畿,NB-1,1.0,9750.0,1,1,2025-10-14,23.95,29.2,19.6375,12.875,5.2375,0.0,74.625,8,2025-10-14
2025-10-14,関東,22SJ-3,2.0,52200.0,2,2,2025-10-14,17.91111111111111,20.355555555555554,15.511111111111113,2.2777777777777777,0.4333333333333333,0.0,79.66666666666667,9,2025-10-14
2025-10-14,関東,NB-1,5.0,47400.0,1,3,2025-10-14,17.91111111111111,20.355555555555554,15.511111111111113,2.2777777777777777,0.4333333333333333,0.0,79.66666666666667,9,2025-10-14
2025-10-15,中部,22SJ-3,6.0,129600.0,3,5,2025-10-15,19.52,23.78666666666667,16.38,14.866666666666667,3.273333333333333,0.0,86.06666666666666,15,2025-10-15
2025-10-15,中部,NB-1,1.0,11250.0,1,1,2025-10-15,19.52,23.78666666666667,16.38,14.866666666666667,3.273333333333333,0.0,86.06666666666666,15,2025-10-15
2025-10-15,九州沖縄,NB-1,1.0,9450.0,1,1,2025-10-15,26.1625,30.125,23.425,0.125,6.0,0.0,78.875,8,2025-10-15
2025-10-15,関東,22SJ-3,2.0,43200.0,2,2,2025-10-15,17.966666666666665,21.41111111111111,15.41111111111111,2.5,1.1,0.0,86.11111111111111,9,2025-10-15
2025-10-15,関東,NB-1,3.0,30450.0,1,2,2025-10-15,17.966666666666665,21.41111111111111,15.41111111111111,2.5,1.1,0.0,86.11111111111111,9,2025-10-15
2025-10-16,中部,NB-1,1.0,9000.0,1,1,2025-10-16,20.066666666666663,22.886666666666667,18.046666666666667,23.3,0.1866666666666666,0.0,90.46666666666668,15,2025-10-16
2025-10-20,中部,NB-1,1.0,9450.0,1,1,2025-10-20,17.89333333333333,23.36,14.526666666666667,2.5,2.88,0.0,80.13333333333334,15,2025-10-20
2025-10-20,東北,NB-1,1.0,9750.0,1,1,2025-10-20,11.8125,16.55,8.925,0.8125,2.1750000000000003,0.0,77.125,8,2025-10-20
2025-10-20,近畿,NB-1,1.0,9750.0,1,1,2025-10-20,19.35,23.55,16.7125,4.3125,1.5625,0.0,78.625,8,2025-10-20
2025-10-21,中部,22SJ-3,1.0,21600.0,1,1,2025-10-21,14.426666666666668,17.06,12.5,0.5333333333333333,0.6866666666666668,0.0,67.93333333333334,15,2025-10-21
2025-10-21,九州沖縄,22SJ-3,3.0,70200.0,3,3,2025-10-21,21.0625,23.725,18.75,10.6875,1.275,0.0,72.375,8,2025-10-21
2025-10-21,東北,22SJ-3,1.0,21600.0,1,1,2025-10-21,10.5375,14.3375,8.1375,2.4375,3.2375000000000003,0.0,75.5,8,2025-10-21
2025-10-21,東北,NB-1,1.0,9750.0,1,1,2025-10-21,10.5375,14.3375,8.1375,2.4375,3.2375000000000003,0.0,75.5,8,2025-10-21
2025-10-21,近畿,22SJ-3,1.0,19800.0,1,1,2025-10-21,16.5625,18.95,14.8375,0.0625,0.8375,0.0,55.5,8,2025-10-21
2025-10-21,近畿,NB-1,1.0,9450.0,1,1,2025-10-21,16.5625,18.95,14.8375,0.0625,0.8375,0.0,55.5,8,2025-10-21
2025-10-22,九州沖縄,22SJ-3,1.0,21600.0,1,1,2025-10-22,19.125,20.9,17.4625,10.0,0.175,0.0,75.625,8,2025-10-22
2025-10-22,関東,NB-1,1.0,11250.0,1,1,2025-10-22,13.38888888888889,15.355555555555554,11.644444444444444,4.277777777777778,0.0,0.0,75.33333333333333,9,2025-10-22
2025-10-23,中国,NB-1,1.0,9450.0,1,1,2025-10-23,16.45714285714286,22.6,10.971428571428572,0.0,9.885714285714286,0.0,67.57142857142857,7,2025-10-23
2025-10-24,中部,22SJ-3,1.0,0.0,1,1,2025-10-24,13.466666666666669,18.71333333333333,9.226666666666668,1.4666666666666666,5.239999999999999,0.0,75.46666666666667,15,2025-10-24
2025-10-24,中部,NB-1,1.0,9000.0,1,1,2025-10-24,13.466666666666669,18.71333333333333,9.226666666666668,1.4666666666666666,5.239999999999999,0.0,75.46666666666667,15,2025-10-24
2025-10-27,九州沖縄,NB-1,1.0,9450.0,1,1,2025-10-27,19.1625,23.4,15.3125,0.0,7.0625,0.0,58.625,8,2025-10-27
2025-10-27,四国,NB-1,1.0,9450.0,1,1,2025-10-27,18.275,22.875,14.525,0.0,7.75,0.0,59.5,4,2025-10-27
2025-10-27,近畿,22SJ-3,2.0,46800.0,2,2,2025-10-27,17.3125,21.9125,13.6125,0.125,6.55,0.0,66.75,8,2025-10-27
2025-10-27,近畿,NB-1,1.0,9750.0,1,1,2025-10-27,17.3125,21.9125,13.6125,0.125,6.55,0.0,66.75,8,2025-10-27
2025-10-27,関東,22SJ-3,1.0,25200.0,1,1,2025-10-27,18.12222222222222,23.711111111111112,13.944444444444445,0.0,5.866666666666666,0.0,72.44444444444444,9,2025-10-27
2025-10-27,関東,NB-1,1.0,9750.0,1,1,2025-10-27,18.12222222222222,23.711111111111112,13.944444444444445,0.0,5.866666666666666,0.0,72.44444444444444,9,2025-10-27
2025-10-28,中部,22SJ-3,1.0,21600.0,1,1,2025-10-28,12.353333333333332,17.513333333333332,8.32,1.3,6.846666666666667,0.0,66.2,15,2025-10-28
2025-10-29,中部,NB-1,2.0,18000.0,1,1,2025-10-29,11.333333333333334,17.6,6.526666666666666,0.0,7.906666666666666,0.0,68.4,15,2025-10-29
2025-10-30,中国,NB-1,1.0,9450.0,1,1,2025-10-30,13.514285714285714,20.65714285714285,7.114285714285715,0.0,8.985714285714286,0.0,69.42857142857143,7,2025-10-30
2025-10-30,関東,NB-1,1.0,11250.0,1,1,2025-10-30,13.822222222222225,19.044444444444444,9.622222222222222,0.0,8.2,0.0,66.88888888888889,9,2025-10-30
2025-10-31,中部,NB-1,1.0,9450.0,1,1,2025-10-31,13.093333333333334,15.993333333333334,10.513333333333332,29.2,0.0,0.0,83.93333333333334,15,2025-10-31
2025-11-04,中部,NB-1,1.0,9450.0,1,1,2025-11-04,10.546666666666663,16.446666666666665,5.02,0.0333333333333333,6.94,0.0,72.4,15,2025-11-04
2025-11-04,近畿,NB-1,1.0,9450.0,1,1,2025-11-04,12.5,17.5625,7.2125,0.0,6.35,0.0,71.25,8,2025-11-04
2025-11-04,関東,NB-1,2.0,19200.0,1,2,2025-11-04,11.711111111111112,16.866666666666667,7.133333333333334,0.0,9.066666666666666,0.0,62.55555555555556,9,2025-11-04
2025-11-05,中部,22SJ-3,2.0,43200.0,2,2,2025-11-05,12.02,15.7,8.646666666666667,0.7666666666666667,1.586666666666667,0.0,79.4,15,2025-11-05
2025-11-05,中部,NB-1,3.0,27450.0,1,1,2025-11-05,12.02,15.7,8.646666666666667,0.7666666666666667,1.586666666666667,0.0,79.4,15,2025-11-05
2025-11-05,北海道,22SJ-3,2.0,43200.0,2,2,2025-11-05,9.0375,14.4875,3.325,0.0625,6.25,0.0,75.25,8,2025-11-05
2025-11-05,東北,22SJ-3,1.0,0.0,1,1,2025-11-05,9.1625,16.3125,3.25,0.0,6.8875,0.0,81.25,8,2025-11-05
2025-11-05,近畿,NB-1,2.0,18900.0,2,2,2025-11-05,14.525,17.4625,12.2,0.6875,0.3625,0.0,76.125,8,2025-11-05
2025-11-05,関東,22SJ-3,9.0,194400.0,8,9,2025-11-05,12.333333333333334,16.455555555555556,7.611111111111111,0.7777777777777778,2.6888888888888887,0.0,69.33333333333333,9,2025-11-05
2025-11-05,関東,NB-1,4.0,39900.0,2,3,2025-11-05,12.333333333333334,16.455555555555556,7.611111111111111,0.7777777777777778,2.6888888888888887,0.0,69.33333333333333,9,2025-11-05
2025-11-06,中部,NB-1,2.0,18000.0,1,1,2025-11-06,13.773333333333332,20.16,8.620000000000001,0.0333333333333333,6.02,0.0,76.4,15,2025-11-06
2025-11-06,北海道,22SJ-3,2.0,46800.0,2,2,2025-11-06,8.125,12.325,3.825,1.1875,4.9875,0.0,79.375,8,2025-11-06
2025-11-06,関東,NB-1,2.0,19950.0,1,2,2025-11-06,15.055555555555555,19.544444444444444,11.22222222222222,1.5,1.7000000000000002,0.0,71.55555555555556,9,2025-11-06
2025-11-07,九州沖縄,NB-1,1.0,9000.0,1,1,2025-11-07,18.25,24.1,13.425,0.4375,9.0625,0.0,64.5,8,2025-11-07
2025-11-07,関東,NB-1,1.0,9450.0,1,1,2025-11-07,14.833333333333334,21.077777777777776,9.622222222222222,0.0,9.033333333333331,0.0,52.44444444444444,9,2025-11-07
2025-11-10,中国,NB-1,1.0,9450.0,1,1,2025-11-10,13.914285714285716,18.15714285714285,8.385714285714286,0.2142857142857142,6.257142857142857,0.0,64.57142857142857,7,2025-11-10
2025-11-10,中部,NB-1,1.0,9450.0,1,1,2025-11-10,12.5,17.053333333333335,7.946666666666667,3.2666666666666666,4.246666666666666,0.0,74.0,15,2025-11-10
2025-11-10,九州沖縄,NB-1,2.0,18900.0,2,2,2025-11-10,17.7,20.475,12.8,0.0,5.5625,0.0,60.375,8,2025-11-10
2025-11-10,近畿,NB-1,2.0,19200.0,1,1,2025-11-10,14.4375,18.025,9.8875,0.5625,5.825,0.0,68.0,8,2025-11-10
2025-11-10,関東,NB-1,2.0,21000.0,1,1,2025-11-10,13.5,20.23333333333333,9.211111111111112,0.3333333333333333,7.044444444444444,0.0,68.66666666666667,9,2025-11-10
2025-11-11,中国,22SJ-3,1.0,23400.0,1,1,2025-11-11,11.328571428571427,18.042857142857144,6.228571428571429,0.0,7.371428571428572,0.0,73.71428571428571,7,2025-11-11
2025-11-11,中部,NB-1,1.0,9450.0,1,1,2025-11-11,9.98,15.073333333333332,6.3533333333333335,0.1666666666666666,4.293333333333334,0.0,70.53333333333333,15,2025-11-11
2025-11-11,九州沖縄,NB-1,1.0,9450.0,1,1,2025-11-11,14.9,18.7125,11.1125,7.375,1.05,0.0,73.125,8,2025-11-11
2025-11-11,近畿,NB-1,2.0,19950.0,1,1,2025-11-11,12.3125,17.6375,7.85,0.0,6.5375000000000005,0.0,66.5,8,2025-11-11
2025-11-11,関東,NB-1,1.0,8700.0,1,1,2025-11-11,11.466666666666669,16.422222222222224,7.355555555555556,0.0,3.355555555555556,0.0,57.888888888888886,9,2025-11-11
2025-11-12,関東,NB-1,1.0,9450.0,1,1,2025-11-12,10.755555555555556,15.4,6.655555555555556,0.0,8.077777777777778,0.0,58.77777777777778,9,2025-11-12
2025-11-14,関東,22SJ-3,1.0,21600.0,1,1,2025-11-14,13.411111111111111,19.27777777777778,7.177777777777777,0.0,7.944444444444445,0.0,63.11111111111112,9,2025-11-14
2025-11-17,中国,NB-1,1.0,9750.0,1,1,2025-11-17,14.37142857142857,20.957142857142856,9.8,0.0714285714285714,5.8,0.0,71.14285714285714,7,2025-11-17
2025-11-17,九州沖縄,22SJ-3,2.0,46800.0,2,2,2025-11-17,16.9375,21.6625,12.8625,0.0,3.15,0.0,72.125,8,2025-11-17
2025-11-17,九州沖縄,NB-1,1.0,9450.0,1,1,2025-11-17,16.9375,21.6625,12.8625,0.0,3.15,0.0,72.125,8,2025-11-17
2025-11-17,近畿,NB-1,1.0,9750.0,1,1,2025-11-17,14.5,20.65,9.4875,0.0,6.1875,0.0,69.375,8,2025-11-17
2025-11-17,関東,22SJ-3,2.0,46800.0,2,2,2025-11-17,14.844444444444443,21.522222222222226,8.844444444444443,0.0,9.22222222222222,0.0,65.66666666666667,9,2025-11-17
2025-11-17,関東,NB-1,2.0,19200.0,2,2,2025-11-17,14.844444444444443,21.522222222222226,8.844444444444443,0.0,9.22222222222222,0.0,65.66666666666667,9,2025-11-17
2025-11-18,中部,22SJ-3,1.0,21600.0,1,1,2025-11-18,8.92,13.14,5.1066666666666665,7.6,3.806666666666666,0.0,65.86666666666666,15,2025-11-18
2025-11-18,北海道,NB-1,1.0,9450.0,1,1,2025-11-18,-0.6125,1.6375,-2.2875,3.0,5.2,3.0,66.0,8,2025-11-18
2025-11-18,関東,22SJ-3,1.0,27000.0,1,1,2025-11-18,10.922222222222222,15.08888888888889,6.477777777777778,0.2222222222222222,2.3777777777777778,0.0,57.333333333333336,9,2025-11-18
2025-11-18,関東,NB-1,3.0,28650.0,2,3,2025-11-18,10.922222222222222,15.08888888888889,6.477777777777778,0.2222222222222222,2.3777777777777778,0.0,57.333333333333336,9,2025-11-18
2025-11-19,九州沖縄,NB-1,1.0,9450.0,1,1,2025-11-19,11.825,15.075,8.925,0.0,2.7,0.0,62.625,8,2025-11-19
2025-11-20,中部,22SJ-3,7.0,163800.0,5,7,2025-11-20,7.78,14.826666666666666,2.293333333333333,0.1333333333333333,8.866666666666667,0.0,67.33333333333333,15,2025-11-20
2025-11-20,中部,NB-1,3.0,27000.0,2,2,2025-11-20,7.78,14.826666666666666,2.293333333333333,0.1333333333333333,8.866666666666667,0.0,67.33333333333333,15,2025-11-20
2025-11-20,九州沖縄,22SJ-3,10.0,234000.0,6,9,2025-11-20,13.125,17.9,9.4375,0.0,6.0,0.0,65.125,8,2025-11-20
2025-11-20,北海道,22SJ-3,1.0,23400.0,1,1,2025-11-20,4.675,9.6,-0.6000000000000001,4.625,5.9,0.0,72.375,8,2025-11-20
2025-11-20,四国,22SJ-3,5.0,117000.0,4,5,2025-11-20,11.575,16.675,7.1,0.0,6.725,0.0,67.0,4,2025-11-20
2025-11-20,東北,22SJ-3,3.0,70200.0,3,3,2025-11-20,6.1,11.5625,1.3125,2.9375,5.6625,0.0,80.125,8,2025-11-20
2025-11-20,近畿,22SJ-3,8.0,187200.0,5,7,2025-11-20,9.6375,15.8125,5.0125,0.0,8.2625,0.0,71.75,8,2025-11-20
2025-11-20,関東,22SJ-3,4.0,93600.0,3,4,2025-11-20,8.600000000000001,14.5,4.166666666666667,0.0,6.877777777777777,0.0,65.0,9,2025-11-20
2025-11-21,中部,NB-1,1.0,9450.0,1,1,2025-11-21,9.866666666666667,15.726666666666668,4.713333333333334,5.566666666666666,5.453333333333333,0.0,71.13333333333334,15,2025-11-21
2025-11-21,関東,22SJ-3,2.0,46800.0,2,2,2025-11-21,10.211111111111112,17.444444444444443,3.811111111111111,0.0,8.622222222222222,0.0,67.77777777777777,9,2025-11-21
2025-11-25,関東,NB-1,1.0,9750.0,1,1,2025-11-25,9.577777777777778,12.422222222222222,6.777777777777778,0.4444444444444444,0.0666666666666666,0.0,83.22222222222223,9,2025-11-25
2025-11-26,中部,NB-1,1.0,9450.0,1,1,2025-11-26,9.973333333333333,15.646666666666668,5.78,6.466666666666667,5.9,0.0,78.4,15,2025-11-26
2025-11-26,近畿,22SJ-3,1.0,25200.0,1,1,2025-11-26,11.5,15.65,7.9875,1.5,4.575,0.0,78.25,8,2025-11-26
2025-11-26,関東,NB-1,1.0,9450.0,1,1,2025-11-26,11.2,17.84444444444445,5.344444444444445,0.0,8.277777777777779,0.0,70.0,9,2025-11-26
2025-12-01,中部,NB-1,1.0,9450.0,1,1,2025-12-01,12.08,18.80666666666667,5.746666666666667,0.1,5.253333333333333,0.0,69.13333333333334,15,2025-12-01
2025-12-01,関東,NB-1,1.0,8700.0,1,1,2025-12-01,12.044444444444444,19.711111111111112,5.011111111111111,0.0,7.733333333333332,0.0,67.33333333333333,9,2025-12-01
2025-12-02,中部,NB-1,1.0,9000.0,1,1,2025-12-02,11.973333333333333,18.453333333333333,7.073333333333333,0.1666666666666666,6.566666666666666,0.0,76.46666666666667,15,2025-12-02
2025-12-02,北海道,22SJ-3,1.0,21600.0,1,1,2025-12-02,2.6,5.725,-1.15,3.3125,3.8625,1.125,67.75,8,2025-12-02
2025-12-02,東北,NB-1,1.0,9450.0,1,1,2025-12-02,8.475,12.525,4.425,2.875,2.9625,0.0,81.75,8,2025-12-02
2025-12-02,近畿,NB-1,3.0,30450.0,1,1,2025-12-02,13.8,19.1,9.7125,0.0,6.1875,0.0,76.5,8,2025-12-02
2025-12-02,関東,NB-1,3.0,28950.0,2,2,2025-12-02,12.733333333333333,17.266666666666666,8.322222222222223,0.0,2.577777777777777,0.0,77.11111111111111,9,2025-12-02
2025-12-08,近畿,NB-1,1.0,9750.0,1,1,2025-12-08,10.2375,16.725,5.9125000000000005,0.0,3.875,0.0,75.125,8,2025-12-08
2025-12-08,関東,NB-1,1.0,9750.0,1,1,2025-12-08,9.988888888888887,17.41111111111111,2.7666666666666666,0.0,8.7,0.0,58.0,9,2025-12-08
2025-12-09,九州沖縄,NB-1,1.0,9450.0,1,1,2025-12-09,11.1125,16.175,6.725,0.0,8.35,0.0,63.625,8,2025-12-09
2025-12-09,関東,NB-1,2.0,18900.0,1,2,2025-12-09,8.488888888888889,13.088888888888889,4.188888888888889,0.0,6.777777777777778,0.0,52.77777777777778,9,2025-12-09
2025-12-10,東北,22SJ-3,1.0,21600.0,1,1,2025-12-10,2.2375,6.65,-1.2375,0.625,3.05,0.0,80.875,8,2025-12-10
2025-12-10,関東,NB-1,1.0,11250.0,1,1,2025-12-10,7.2555555555555555,14.055555555555555,1.7222222222222223,0.0,8.38888888888889,0.0,58.22222222222222,9,2025-12-10
2025-12-11,中部,NB-1,1.0,9750.0,1,1,2025-12-11,8.3,14.98,2.2266666666666666,4.966666666666667,5.96,0.0,67.93333333333334,15,2025-12-11
2025-12-11,関東,NB-1,1.0,9450.0,1,1,2025-12-11,8.522222222222222,14.266666666666667,3.377777777777778,0.0,5.044444444444444,0.0,65.66666666666667,9,2025-12-11
2025-12-12,近畿,22SJ-3,2.0,43200.0,2,2,2025-12-12,6.8875,11.5375,4.9125,1.5625,3.1375,0.0,59.375,8,2025-12-12
2025-12-15,中部,22SJ-3,1.0,23400.0,1,1,2025-12-15,6.153333333333333,9.786666666666669,2.5,3.033333333333333,4.819999999999999,0.6666666666666666,66.33333333333333,15,2025-12-15
2025-12-15,九州沖縄,NB-1,1.0,9450.0,1,1,2025-12-15,9.675,13.8875,5.825,0.0625,6.074999999999999,0.0,61.875,8,2025-12-15
2025-12-15,東北,NB-1,1.0,9750.0,1,1,2025-12-15,4.8625,7.949999999999999,2.5625,4.6875,2.225,0.0,73.0,8,2025-12-15
2025-12-15,近畿,NB-1,1.0,10500.0,1,1,2025-12-15,7.0875,10.5875,4.2125,2.375,3.4125,0.0,74.0,8,2025-12-15
2025-12-15,関東,NB-1,2.0,21000.0,1,1,2025-12-15,7.98888888888889,12.766666666666667,3.333333333333333,0.0,8.977777777777778,0.0,55.333333333333336,9,2025-12-15
2025-12-16,関東,NB-1,1.0,9450.0,1,1,2025-12-16,6.488888888888889,12.444444444444445,1.6444444444444444,0.0,7.477777777777778,0.0,59.0,9,2025-12-16
2025-12-17,九州沖縄,22SJ-3,1.0,23400.0,1,1,2025-12-17,11.825,17.375,7.5,2.125,3.225,0.0,78.625,8,2025-12-17
2025-12-17,近畿,NB-1,1.0,10500.0,1,1,2025-12-17,8.6,13.325,4.525,3.5,1.9875,0.0,83.25,8,2025-12-17
2025-12-17,関東,NB-1,2.0,19950.0,1,2,2025-12-17,7.7555555555555555,13.466666666666669,1.822222222222222,0.0,8.422222222222222,0.0,66.33333333333333,9,2025-12-17
2025-12-18,関東,22SJ-3,2.0,45000.0,2,2,2025-12-18,7.7666666666666675,12.72222222222222,3.566666666666667,0.0,8.666666666666666,0.0,54.11111111111112,9,2025-12-18
2025-12-18,関東,NB-1,2.0,18900.0,1,2,2025-12-18,7.7666666666666675,12.72222222222222,3.566666666666667,0.0,8.666666666666666,0.0,54.11111111111112,9,2025-12-18
2025-12-23,中国,NB-1,2.0,19200.0,1,1,2025-12-23,7.399999999999999,13.257142857142856,1.5714285714285714,0.0,7.071428571428571,0.0,72.14285714285714,7,2025-12-23
2025-12-23,四国,22SJ-3,1.0,23400.0,1,1,2025-12-23,9.15,13.975,3.65,3.5,7.95,0.0,73.5,4,2025-12-23
2025-12-23,四国,NB-1,2.0,19200.0,2,2,2025-12-23,9.15,13.975,3.65,3.5,7.95,0.0,73.5,4,2025-12-23
2025-12-23,東北,22SJ-3,1.0,21600.0,1,1,2025-12-23,2.0875,5.9375,-1.2125,0.0,6.0,0.0,67.25,8,2025-12-23
2025-12-23,近畿,NB-1,1.0,9450.0,1,1,2025-12-23,7.9625,13.625,2.3125,5.4375,7.45,0.0,75.25,8,2025-12-23
2025-12-23,関東,22SJ-3,1.0,23400.0,1,1,2025-12-23,5.199999999999999,9.477777777777778,0.9555555555555556,0.0,7.411111111111111,0.0,63.0,9,2025-12-23
2025-12-23,関東,NB-1,4.0,28350.0,1,2,2025-12-23,5.199999999999999,9.477777777777778,0.9555555555555556,0.0,7.411111111111111,0.0,63.0,9,2025-12-23
2025-12-24,中部,NB-1,2.0,18000.0,1,1,2025-12-24,9.106666666666666,11.366666666666667,6.526666666666667,13.233333333333333,0.02,0.0,92.13333333333334,15,2025-12-24
2025-12-24,四国,NB-1,1.0,9450.0,1,1,2025-12-24,11.6,14.35,8.899999999999999,2.125,0.325,0.0,89.75,4,2025-12-24
2025-12-25,中部,NB-1,2.0,18000.0,1,1,2025-12-25,9.026666666666667,11.533333333333331,6.246666666666667,11.7,0.0666666666666666,0.0,92.73333333333332,15,2025-12-25
2025-12-25,東北,22SJ-3,1.0,21600.0,1,1,2025-12-25,5.0125,7.774999999999999,3.0500000000000003,9.625,0.15,0.0,94.875,8,2025-12-25
2025-12-26,関東,NB-1,1.0,10500.0,1,1,2025-12-26,6.4,10.366666666666667,1.211111111111111,0.6111111111111112,6.611111111111111,0.0,57.888888888888886,9,2025-12-26
2025-12-29,中国,NB-1,1.0,9450.0,1,1,2025-12-29,7.614285714285714,12.428571428571429,2.3428571428571425,0.4285714285714285,2.957142857142857,0.0,76.42857142857143,7,2025-12-29
