2021,202103,20210310,0431,南海部品 熊谷店,4524486093678,21SJ-14K ﾚｻﾞｰｼﾞｬｹｯﾄ BK 流水雪輪 L,21SJ-14K 流水雪輪,BK,L,埼玉県,1.00,NAPS
2021,202103,20210310,0431,南海部品 熊谷店,4524486093692,21SJ-14K ﾚｻﾞｰｼﾞｬｹｯﾄ BK 桧垣桜 M,21SJ-14K 桧垣桜,BK,M,埼玉県,1.00,NAPS
2021,202103,20210312,0432,南海部品 小山店,4524486093678,21SJ-14K ﾚｻﾞｰｼﾞｬｹｯﾄ BK 流水雪輪 L,21SJ-14K 流水雪輪,BK,L,栃木県,1.00,NAPS
2021,202103,20210315,0415,有限会社 ﾎﾝﾀﾞｵｰﾄｾﾝﾀｰ青森,4524486093708,21SJ-14K ﾚｻﾞｰｼﾞｬｹｯﾄ BK 桧垣桜 L,21SJ-14K 桧垣桜,BK,L,青森県,1.00,NAPS
2021,202103,20210323,0000,いちげん,4524486093630,21SJ-14K ﾚｻﾞｰｼﾞｬｹｯﾄ BK 風神雷神BE M,21SJ-14K 風神雷神,BK/BE,M,NULL,1.00,NULL
2021,202103,20210323,0015,株式会社 ｱｸﾄﾜｰﾙﾄﾞ,4524486093715,21SJ-14K ﾚｻﾞｰｼﾞｬｹｯﾄ BK 桧垣桜 XL,21SJ-14K 桧垣桜,BK,XL,北海道,1.00,卸
2021,202103,20210325,show,デグナー京都本店,4524486093715,21SJ-14K ﾚｻﾞｰｼﾞｬｹｯﾄ BK 桧垣桜 XL,21SJ-14K 桧垣桜,BK,XL,京都府,1.00,NULL
2021,202103,20210326,1189,ﾓﾄﾌｨｰﾙﾄﾞﾄﾞｯｶｰｽﾞ東京本店,4524486093661,21SJ-14K ﾚｻﾞｰｼﾞｬｹｯﾄ BK 流水雪輪 M,21SJ-14K 流水雪輪,BK,M,東京都,1.00,NAPS
2021,202103,20210326,1189,ﾓﾄﾌｨｰﾙﾄﾞﾄﾞｯｶｰｽﾞ東京本店,4524486093685,21SJ-14K ﾚｻﾞｰｼﾞｬｹｯﾄ BK 流水雪輪 XL,21SJ-14K 流水雪輪,BK,XL,東京都,1.00,NAPS
2021,202103,20210326,1189,ﾓﾄﾌｨｰﾙﾄﾞﾄﾞｯｶｰｽﾞ東京本店,4524486093708,21SJ-14K ﾚｻﾞｰｼﾞｬｹｯﾄ BK 桧垣桜 L,21SJ-14K 桧垣桜,BK,L,東京都,1.00,NAPS
2021,202103,20210326,1189,ﾓﾄﾌｨｰﾙﾄﾞﾄﾞｯｶｰｽﾞ東京本店,4524486093715,21SJ-14K ﾚｻﾞｰｼﾞｬｹｯﾄ BK 桧垣桜 XL,21SJ-14K 桧垣桜,BK,XL,東京都,1.00,NAPS
2021,202103,20210329,0168,ﾗｲｺﾗﾝﾄﾞ 柏店,4524486093661,21SJ-14K ﾚｻﾞｰｼﾞｬｹｯﾄ BK 流水雪輪 M,21SJ-14K 流水雪輪,BK,M,千葉県,1.00,NAPS
2021,202103,20210329,0168,ﾗｲｺﾗﾝﾄﾞ 柏店,4524486093708,21SJ-14K ﾚｻﾞｰｼﾞｬｹｯﾄ BK 桧垣桜 L,21SJ-14K 桧垣桜,BK,L,千葉県,1.00,NAPS
2021,202103,20210329,0168,ﾗｲｺﾗﾝﾄﾞ 柏店,4524486093715,21SJ-14K ﾚｻﾞｰｼﾞｬｹｯﾄ BK 桧垣桜 XL,21SJ-14K 桧垣桜,BK,XL,千葉県,1.00,NAPS
2021,202104,20210401,0000,いちげん,4524486093692,21SJ-14K ﾚｻﾞｰｼﾞｬｹｯﾄ BK 桧垣桜 M,21SJ-14K 桧垣桜,BK,M,NULL,1.00,NULL
2021,202104,20210403,show,デグナー京都本店,4524486093609,21SJ-14K ﾚｻﾞｰｼﾞｬｹｯﾄ BK 風神雷神BK M,21SJ-14K 風神雷神,BK/BK,M,京都府,1.00,NULL
2021,202104,20210404,show,デグナー京都本店,4524486093654,21SJ-14K ﾚｻﾞｰｼﾞｬｹｯﾄ BK 風神雷神BE XL,21SJ-14K 風神雷神,BK/BE,XL,京都府,1.00,NULL
2021,202104,20210407,0000,いちげん,4524486093630,21SJ-14K ﾚｻﾞｰｼﾞｬｹｯﾄ BK 風神雷神BE M,21SJ-14K 風神雷神,BK/BE,M,NULL,1.00,NULL
2021,202104,20210408,1247,ﾗｲｺﾗﾝﾄﾞ 水戸店,4524486093661,21SJ-14K ﾚｻﾞｰｼﾞｬｹｯﾄ BK 流水雪輪 M,21SJ-14K 流水雪輪,BK,M,茨城県,1.00,NAPS
2021,202104,20210408,1247,ﾗｲｺﾗﾝﾄﾞ 水戸店,4524486093678,21SJ-14K ﾚｻﾞｰｼﾞｬｹｯﾄ BK 流水雪輪 L,21SJ-14K 流水雪輪,BK,L,茨城県,1.00,NAPS
2021,202104,20210408,1247,ﾗｲｺﾗﾝﾄﾞ 水戸店,4524486093685,21SJ-14K ﾚｻﾞｰｼﾞｬｹｯﾄ BK 流水雪輪 XL,21SJ-14K 流水雪輪,BK,XL,茨城県,1.00,NAPS
2021,202104,20210408,1247,ﾗｲｺﾗﾝﾄﾞ 水戸店,4524486093692,21SJ-14K ﾚｻﾞｰｼﾞｬｹｯﾄ BK 桧垣桜 M,21SJ-14K 桧垣桜,BK,M,茨城県,1.00,NAPS
2021,202104,20210408,1247,ﾗｲｺﾗﾝﾄﾞ 水戸店,4524486093708,21SJ-14K ﾚｻﾞｰｼﾞｬｹｯﾄ BK 桧垣桜 L,21SJ-14K 桧垣桜,BK,L,茨城県,1.00,NAPS
2021,202104,20210408,1247,ﾗｲｺﾗﾝﾄﾞ 水戸店,4524486093715,21SJ-14K ﾚｻﾞｰｼﾞｬｹｯﾄ BK 桧垣桜 XL,21SJ-14K 桧垣桜,BK,XL,茨城県,1.00,NAPS
2021,202104,20210409,1189,ﾓﾄﾌｨｰﾙﾄﾞﾄﾞｯｶｰｽﾞ東京本店,4524486093678,21SJ-14K ﾚｻﾞｰｼﾞｬｹｯﾄ BK 流水雪輪 L,21SJ-14K 流水雪輪,BK,L,東京都,1.00,NAPS
2021,202104,20210409,1189,ﾓﾄﾌｨｰﾙﾄﾞﾄﾞｯｶｰｽﾞ東京本店,4524486093692,21SJ-14K ﾚｻﾞｰｼﾞｬｹｯﾄ BK 桧垣桜 M,21SJ-14K 桧垣桜,BK,M,東京都,1.00,NAPS
2021,202104,20210412,0697,Honda DREAM 京都東,4524486093692,21SJ-14K ﾚｻﾞｰｼﾞｬｹｯﾄ BK 桧垣桜 M,21SJ-14K 桧垣桜,BK,M,京都府,1.00,NAPS
2021,202104,20210412,1223,ﾗｲｺﾗﾝﾄﾞ CuBe札幌白石店,4524486093661,21SJ-14K ﾚｻﾞｰｼﾞｬｹｯﾄ BK 流水雪輪 M,21SJ-14K 流水雪輪,BK,M,北海道,1.00,NAPS
2021,202104,20210412,1223,ﾗｲｺﾗﾝﾄﾞ CuBe札幌白石店,4524486093678,21SJ-14K ﾚｻﾞｰｼﾞｬｹｯﾄ BK 流水雪輪 L,21SJ-14K 流水雪輪,BK,L,北海道,1.00,NAPS
2021,202104,20210412,1223,ﾗｲｺﾗﾝﾄﾞ CuBe札幌白石店,4524486093685,21SJ-14K ﾚｻﾞｰｼﾞｬｹｯﾄ BK 流水雪輪 XL,21SJ-14K 流水雪輪,BK,XL,北海道,1.00,NAPS
2021,202104,20210412,1223,ﾗｲｺﾗﾝﾄﾞ CuBe札幌白石店,4524486093692,21SJ-14K ﾚｻﾞｰｼﾞｬｹｯﾄ BK 桧垣桜 M,21SJ-14K 桧垣桜,BK,M,北海道,1.00,NAPS
2021,202104,20210412,1223,ﾗｲｺﾗﾝﾄﾞ CuBe札幌白石店,4524486093708,21SJ-14K ﾚｻﾞｰｼﾞｬｹｯﾄ BK 桧垣桜 L,21SJ-14K 桧垣桜,BK,L,北海道,1.00,NAPS
2021,202104,20210412,1223,ﾗｲｺﾗﾝﾄﾞ CuBe札幌白石店,4524486093715,21SJ-14K ﾚｻﾞｰｼﾞｬｹｯﾄ BK 桧垣桜 XL,21SJ-14K 桧垣桜,BK,XL,北海道,1.00,NAPS
2021,202104,20210413,1187,【閉店】ﾗｲｺﾗﾝﾄﾞCube都城,4524486093616,21SJ-14K ﾚｻﾞｰｼﾞｬｹｯﾄ BK 風神雷神BK L,21SJ-14K 風神雷神,BK/BK,L,宮崎県,1.00,NULL
2021,202104,20210413,1187,【閉店】ﾗｲｺﾗﾝﾄﾞCube都城,4524486093692,21SJ-14K ﾚｻﾞｰｼﾞｬｹｯﾄ BK 桧垣桜 M,21SJ-14K 桧垣桜,BK,M,宮崎県,1.00,NULL
2021,202104,20210413,1187,【閉店】ﾗｲｺﾗﾝﾄﾞCube都城,4524486093708,21SJ-14K ﾚｻﾞｰｼﾞｬｹｯﾄ BK 桧垣桜 L,21SJ-14K 桧垣桜,BK,L,宮崎県,1.00,NULL
2021,202104,20210413,1187,【閉店】ﾗｲｺﾗﾝﾄﾞCube都城,4524486093715,21SJ-14K ﾚｻﾞｰｼﾞｬｹｯﾄ BK 桧垣桜 XL,21SJ-14K 桧垣桜,BK,XL,宮崎県,1.00,NULL
2021,202104,20210414,1286,ﾗｲｺﾗﾝﾄﾞ 郡山店,4524486093678,21SJ-14K ﾚｻﾞｰｼﾞｬｹｯﾄ BK 流水雪輪 L,21SJ-14K 流水雪輪,BK,L,福島県,1.00,NAPS
2021,202104,20210414,1286,ﾗｲｺﾗﾝﾄﾞ 郡山店,4524486093685,21SJ-14K ﾚｻﾞｰｼﾞｬｹｯﾄ BK 流水雪輪 XL,21SJ-14K 流水雪輪,BK,XL,福島県,1.00,NAPS
2021,202104,20210416,1273,ﾗｲｺﾗﾝﾄﾞ 小倉店,4524486093708,21SJ-14K ﾚｻﾞｰｼﾞｬｹｯﾄ BK 桧垣桜 L,21SJ-14K 桧垣桜,BK,L,福岡県,1.00,NAPS
2021,202104,20210421,0000,いちげん,4524486093708,21SJ-14K ﾚｻﾞｰｼﾞｬｹｯﾄ BK 桧垣桜 L,21SJ-14K 桧垣桜,BK,L,NULL,1.00,NULL
2021,202105,20210505,show,デグナー京都本店,4524486093654,21SJ-14K ﾚｻﾞｰｼﾞｬｹｯﾄ BK 風神雷神BE XL,21SJ-14K 風神雷神,BK/BE,XL,京都府,1.00,NULL
2021,202105,20210507,0000,いちげん,4524486093708,21SJ-14K ﾚｻﾞｰｼﾞｬｹｯﾄ BK 桧垣桜 L,21SJ-14K 桧垣桜,BK,L,NULL,1.00,NULL
2021,202105,20210510,0000,いちげん,4524486093623,21SJ-14K ﾚｻﾞｰｼﾞｬｹｯﾄ BK 風神雷神BK XL,21SJ-14K 風神雷神,BK/BK,XL,NULL,1.00,NULL
2021,202105,20210510,0000,いちげん,4524486093708,21SJ-14K ﾚｻﾞｰｼﾞｬｹｯﾄ BK 桧垣桜 L,21SJ-14K 桧垣桜,BK,L,NULL,1.00,NULL
2021,202105,20210518,0000,いちげん,4524486093678,21SJ-14K ﾚｻﾞｰｼﾞｬｹｯﾄ BK 流水雪輪 L,21SJ-14K 流水雪輪,BK,L,NULL,1.00,NULL
2021,202105,20210518,0000,いちげん,4524486093685,21SJ-14K ﾚｻﾞｰｼﾞｬｹｯﾄ BK 流水雪輪 XL,21SJ-14K 流水雪輪,BK,XL,NULL,1.00,NULL
2021,202105,20210518,1019,【閉店】ﾘｰｽﾞﾝ株式会社 仙台店,4524486093678,21SJ-14K ﾚｻﾞｰｼﾞｬｹｯﾄ BK 流水雪輪 L,21SJ-14K 流水雪輪,BK,L,宮城県,1.00,NULL
2021,202105,20210518,1019,【閉店】ﾘｰｽﾞﾝ株式会社 仙台店,4524486093685,21SJ-14K ﾚｻﾞｰｼﾞｬｹｯﾄ BK 流水雪輪 XL,21SJ-14K 流水雪輪,BK,XL,宮城県,1.00,NULL
2021,202105,20210519,0000,いちげん,4524486093678,21SJ-14K ﾚｻﾞｰｼﾞｬｹｯﾄ BK 流水雪輪 L,21SJ-14K 流水雪輪,BK,L,NULL,1.00,NULL
2021,202105,20210528,show,デグナー京都本店,4524486093616,21SJ-14K ﾚｻﾞｰｼﾞｬｹｯﾄ BK 風神雷神BK L,21SJ-14K 風神雷神,BK/BK,L,京都府,1.00,NULL
2021,202106,20210603,show,デグナー京都本店,4524486093692,21SJ-14K ﾚｻﾞｰｼﾞｬｹｯﾄ BK 桧垣桜 M,21SJ-14K 桧垣桜,BK,M,京都府,1.00,NULL
2021,202106,20210607,0000,いちげん,4524486093685,21SJ-14K ﾚｻﾞｰｼﾞｬｹｯﾄ BK 流水雪輪 XL,21SJ-14K 流水雪輪,BK,XL,NULL,1.00,NULL
2021,202106,20210608,0168,ﾗｲｺﾗﾝﾄﾞ 柏店,4524486093708,21SJ-14K ﾚｻﾞｰｼﾞｬｹｯﾄ BK 桧垣桜 L,21SJ-14K 桧垣桜,BK,L,千葉県,-1.00,NAPS
2021,202106,20210608,0168,ﾗｲｺﾗﾝﾄﾞ 柏店,4524486093715,21SJ-14K ﾚｻﾞｰｼﾞｬｹｯﾄ BK 桧垣桜 XL,21SJ-14K 桧垣桜,BK,XL,千葉県,-1.00,NAPS
2021,202106,20210611,0432,南海部品 小山店,4524486093685,21SJ-14K ﾚｻﾞｰｼﾞｬｹｯﾄ BK 流水雪輪 XL,21SJ-14K 流水雪輪,BK,XL,栃木県,1.00,NAPS
2021,202106,20210611,0432,南海部品 小山店,4524486093708,21SJ-14K ﾚｻﾞｰｼﾞｬｹｯﾄ BK 桧垣桜 L,21SJ-14K 桧垣桜,BK,L,栃木県,1.00,NAPS
2021,202106,20210613,show,デグナー京都本店,4524486093647,21SJ-14K ﾚｻﾞｰｼﾞｬｹｯﾄ BK 風神雷神BE L,21SJ-14K 風神雷神,BK/BE,L,京都府,1.00,NULL
2021,202106,20210625,0000,いちげん,4524486093708,21SJ-14K ﾚｻﾞｰｼﾞｬｹｯﾄ BK 桧垣桜 L,21SJ-14K 桧垣桜,BK,L,NULL,1.00,NULL
2021,202107,20210716,0574,株式会社ﾘﾊﾞｰｸﾚｲﾝ,4524486093678,21SJ-14K ﾚｻﾞｰｼﾞｬｹｯﾄ BK 流水雪輪 L,21SJ-14K 流水雪輪,BK,L,神奈川県,1.00,KMC北関東
2021,202107,20210716,1378,KTM YAMAGATA,4524486093708,21SJ-14K ﾚｻﾞｰｼﾞｬｹｯﾄ BK 桧垣桜 L,21SJ-14K 桧垣桜,BK,L,山形県,1.00,NAPS
2021,202107,20210726,1301,ﾊﾟｰｸｱｯﾌﾟ株式会社,4524486093692,21SJ-14K ﾚｻﾞｰｼﾞｬｹｯﾄ BK 桧垣桜 M,21SJ-14K,桧垣 BK,M,兵庫県,1.00,KMC北関東
2021,202107,20210726,1378,KTM YAMAGATA,4524486093685,21SJ-14K ﾚｻﾞｰｼﾞｬｹｯﾄ BK 流水雪輪 XL,21SJ-14K,流水 BK,XL,山形県,1.00,NAPS
2021,202107,20210728,0574,株式会社ﾘﾊﾞｰｸﾚｲﾝ,4524486093685,21SJ-14K ﾚｻﾞｰｼﾞｬｹｯﾄ BK 流水雪輪 XL,21SJ-14K,流水 BK,XL,神奈川県,1.00,KMC北関東
2021,202107,20210728,1019,【閉店】ﾘｰｽﾞﾝ株式会社 仙台店,4524486093685,21SJ-14K ﾚｻﾞｰｼﾞｬｹｯﾄ BK 流水雪輪 XL,21SJ-14K,流水 BK,XL,宮城県,-1.00,NULL
2021,202108,20210805,1223,ﾗｲｺﾗﾝﾄﾞ CuBe札幌白石店,4524486093678,21SJ-14K ﾚｻﾞｰｼﾞｬｹｯﾄ BK 流水雪輪 L,21SJ-14K,流水 BK,L,北海道,1.00,NAPS
2021,202108,20210805,1223,ﾗｲｺﾗﾝﾄﾞ CuBe札幌白石店,4524486093685,21SJ-14K ﾚｻﾞｰｼﾞｬｹｯﾄ BK 流水雪輪 XL,21SJ-14K,流水 BK,XL,北海道,1.00,NAPS
2021,202108,20210805,1223,ﾗｲｺﾗﾝﾄﾞ CuBe札幌白石店,4524486093692,21SJ-14K ﾚｻﾞｰｼﾞｬｹｯﾄ BK 桧垣桜 M,21SJ-14K,桧垣 BK,M,北海道,1.00,NAPS
2021,202108,20210805,1223,ﾗｲｺﾗﾝﾄﾞ CuBe札幌白石店,4524486093708,21SJ-14K ﾚｻﾞｰｼﾞｬｹｯﾄ BK 桧垣桜 L,21SJ-14K,桧垣 BK,L,北海道,1.00,NAPS
2021,202108,20210805,1223,ﾗｲｺﾗﾝﾄﾞ CuBe札幌白石店,4524486093715,21SJ-14K ﾚｻﾞｰｼﾞｬｹｯﾄ BK 桧垣桜 XL,21SJ-14K,桧垣 BK,XL,北海道,1.00,NAPS
2021,202108,20210819,0574,株式会社ﾘﾊﾞｰｸﾚｲﾝ,4524486093678,21SJ-14K ﾚｻﾞｰｼﾞｬｹｯﾄ BK 流水雪輪 L,21SJ-14K,流水 BK,L,神奈川県,1.00,KMC北関東
2021,202108,20210822,show,デグナー京都本店,4524486093661,21SJ-14K ﾚｻﾞｰｼﾞｬｹｯﾄ BK 流水雪輪 M,21SJ-14K,流水 BK,M,京都府,1.00,NULL
2021,202109,20210901,0324,ﾗｲｺﾗﾝﾄﾞ 埼玉店,4524486093678,21SJ-14K ﾚｻﾞｰｼﾞｬｹｯﾄ BK 流水雪輪 L,21SJ-14K 流水雪輪,BK,L,埼玉県,1.00,NAPS
2021,202109,20210901,0324,ﾗｲｺﾗﾝﾄﾞ 埼玉店,4524486093715,21SJ-14K ﾚｻﾞｰｼﾞｬｹｯﾄ BK 桧垣桜 XL,21SJ-14K 桧垣桜,BK,XL,埼玉県,1.00,NAPS
2021,202109,20210901,1223,ﾗｲｺﾗﾝﾄﾞ CuBe札幌白石店,4524486093715,21SJ-14K ﾚｻﾞｰｼﾞｬｹｯﾄ BK 桧垣桜 XL,21SJ-14K,桧垣 BK,XL,北海道,1.00,NAPS
2021,202109,20210906,1301,ﾊﾟｰｸｱｯﾌﾟ株式会社,4524486093715,21SJ-14K ﾚｻﾞｰｼﾞｬｹｯﾄ BK 桧垣桜 XL,21SJ-14K,桧垣 BK,XL,兵庫県,1.00,KMC北関東
2021,202109,20210906,1375,南海部品 福島店,4524486093708,21SJ-14K ﾚｻﾞｰｼﾞｬｹｯﾄ BK 桧垣桜 L,21SJ-14K 桧垣桜,BK,L,福島県,1.00,NAPS
2021,202109,20210914,0598,ﾗｲｺﾗﾝﾄﾞ TokyoBay東雲店,4524486093661,21SJ-14K ﾚｻﾞｰｼﾞｬｹｯﾄ BK 流水雪輪 M,21SJ-14K 流水雪輪,BK,M,東京都,1.00,NAPS
2021,202109,20210914,0598,ﾗｲｺﾗﾝﾄﾞ TokyoBay東雲店,4524486093678,21SJ-14K ﾚｻﾞｰｼﾞｬｹｯﾄ BK 流水雪輪 L,21SJ-14K 流水雪輪,BK,L,東京都,1.00,NAPS
2021,202109,20210914,0598,ﾗｲｺﾗﾝﾄﾞ TokyoBay東雲店,4524486093685,21SJ-14K ﾚｻﾞｰｼﾞｬｹｯﾄ BK 流水雪輪 XL,21SJ-14K 流水雪輪,BK,XL,東京都,1.00,NAPS
2021,202109,20210914,0598,ﾗｲｺﾗﾝﾄﾞ TokyoBay東雲店,4524486093692,21SJ-14K ﾚｻﾞｰｼﾞｬｹｯﾄ BK 桧垣桜 M,21SJ-14K 桧垣桜,BK,M,東京都,1.00,NAPS
2021,202109,20210914,0598,ﾗｲｺﾗﾝﾄﾞ TokyoBay東雲店,4524486093708,21SJ-14K ﾚｻﾞｰｼﾞｬｹｯﾄ BK 桧垣桜 L,21SJ-14K 桧垣桜,BK,L,東京都,1.00,NAPS
2021,202109,20210914,0598,ﾗｲｺﾗﾝﾄﾞ TokyoBay東雲店,4524486093715,21SJ-14K ﾚｻﾞｰｼﾞｬｹｯﾄ BK 桧垣桜 XL,21SJ-14K 桧垣桜,BK,XL,東京都,1.00,NAPS
2021,202109,20210916,0324,ﾗｲｺﾗﾝﾄﾞ 埼玉店,4524486093692,21SJ-14K ﾚｻﾞｰｼﾞｬｹｯﾄ BK 桧垣桜 M,21SJ-14K 桧垣桜,BK,M,埼玉県,1.00,NAPS
2021,202109,20210927,0000,いちげん,4524486093678,21SJ-14K ﾚｻﾞｰｼﾞｬｹｯﾄ BK 流水雪輪 L,21SJ-14K,流水 BK,L,NULL,1.00,NULL
2021,202109,20210927,show,デグナー京都本店,4524486093692,21SJ-14K ﾚｻﾞｰｼﾞｬｹｯﾄ BK 桧垣桜 M,21SJ-14K,桧垣 BK,M,京都府,1.00,NULL
2021,202109,20210929,0759,ﾗｲｺﾗﾝﾄﾞ 小牧ｲﾝﾀｰ店,4524486093678,21SJ-14K ﾚｻﾞｰｼﾞｬｹｯﾄ BK 流水雪輪 L,21SJ-14K,流水 BK,L,愛知県,1.00,NAPS
2021,202109,20210929,0759,ﾗｲｺﾗﾝﾄﾞ 小牧ｲﾝﾀｰ店,4524486093692,21SJ-14K ﾚｻﾞｰｼﾞｬｹｯﾄ BK 桧垣桜 M,21SJ-14K,桧垣 BK,M,愛知県,1.00,NAPS
2021,202109,20210929,0759,ﾗｲｺﾗﾝﾄﾞ 小牧ｲﾝﾀｰ店,4524486093715,21SJ-14K ﾚｻﾞｰｼﾞｬｹｯﾄ BK 桧垣桜 XL,21SJ-14K,桧垣 BK,XL,愛知県,1.00,NAPS
2021,202110,20211005,0759,ﾗｲｺﾗﾝﾄﾞ 小牧ｲﾝﾀｰ店,4524486093692,21SJ-14K ﾚｻﾞｰｼﾞｬｹｯﾄ BK 桧垣桜 M,21SJ-14K,桧垣 BK,M,愛知県,1.00,NAPS
2021,202110,20211007,0759,ﾗｲｺﾗﾝﾄﾞ 小牧ｲﾝﾀｰ店,4524486093692,21SJ-14K ﾚｻﾞｰｼﾞｬｹｯﾄ BK 桧垣桜 M,21SJ-14K,桧垣 BK,M,愛知県,1.00,NAPS
2021,202110,20211008,0653,株式会社 光輝 南海部品仙台店,4524486093692,21SJ-14K ﾚｻﾞｰｼﾞｬｹｯﾄ BK 桧垣桜 M,21SJ-14K,桧垣 BK,M,宮城県,1.00,NAPS
2021,202110,20211008,0653,株式会社 光輝 南海部品仙台店,4524486093708,21SJ-14K ﾚｻﾞｰｼﾞｬｹｯﾄ BK 桧垣桜 L,21SJ-14K,桧垣 BK,L,宮城県,1.00,NAPS
2021,202110,20211008,1344,ﾗｲｺﾗﾝﾄﾞ 盛岡店,4524486094958,21SJ-14K ﾚｻﾞｰｼﾞｬｹｯﾄ BK 鉄流水雪輪 M,21SJ-14K,鉄流 BK,M,岩手県,1.00,NAPS
2021,202110,20211008,1344,ﾗｲｺﾗﾝﾄﾞ 盛岡店,4524486094965,21SJ-14K ﾚｻﾞｰｼﾞｬｹｯﾄ BK 鉄流水雪輪 L,21SJ-14K,鉄流 BK,L,岩手県,1.00,NAPS
2021,202110,20211008,1344,ﾗｲｺﾗﾝﾄﾞ 盛岡店,4524486094972,21SJ-14K ﾚｻﾞｰｼﾞｬｹｯﾄ BK 鉄流水雪輪 XL,21SJ-14K,鉄流 BK,XL,岩手県,1.00,NAPS
2021,202110,20211010,show,デグナー京都本店,4524486093630,21SJ-14K ﾚｻﾞｰｼﾞｬｹｯﾄ BK 風神雷神BE M,21SJ-14K,風BK/BE,M,京都府,1.00,NULL
2021,202110,20211011,0000,いちげん,4524486094941,21SJ-14K ﾚｻﾞｰｼﾞｬｹｯﾄ BK 松 XL,21SJ-14K,松 BK,XL,NULL,1.00,NULL
2021,202110,20211015,0000,いちげん,4524486094958,21SJ-14K ﾚｻﾞｰｼﾞｬｹｯﾄ BK 鉄流水雪輪 M,21SJ-14K,鉄流 BK,M,NULL,1.00,NULL
2021,202110,20211015,show,デグナー京都本店,4524486093647,21SJ-14K ﾚｻﾞｰｼﾞｬｹｯﾄ BK 風神雷神BE L,21SJ-14K,風BK/BE,L,京都府,1.00,NULL
2021,202110,20211018,0328,232 千葉北2りんかん,4524486093678,21SJ-14K ﾚｻﾞｰｼﾞｬｹｯﾄ BK 流水雪輪 L,21SJ-14K,流水 BK,L,千葉県,1.00,KMC北日本
2021,202110,20211018,1223,ﾗｲｺﾗﾝﾄﾞ CuBe札幌白石店,4524486094927,21SJ-14K ﾚｻﾞｰｼﾞｬｹｯﾄ BK 松 M,21SJ-14K,松 BK,M,北海道,1.00,NAPS
2021,202110,20211018,1223,ﾗｲｺﾗﾝﾄﾞ CuBe札幌白石店,4524486094934,21SJ-14K ﾚｻﾞｰｼﾞｬｹｯﾄ BK 松 L,21SJ-14K,松 BK,L,北海道,1.00,NAPS
2021,202110,20211018,1223,ﾗｲｺﾗﾝﾄﾞ CuBe札幌白石店,4524486094941,21SJ-14K ﾚｻﾞｰｼﾞｬｹｯﾄ BK 松 XL,21SJ-14K,松 BK,XL,北海道,1.00,NAPS
2021,202110,20211018,1247,ﾗｲｺﾗﾝﾄﾞ 水戸店,4524486093685,21SJ-14K ﾚｻﾞｰｼﾞｬｹｯﾄ BK 流水雪輪 XL,21SJ-14K,流水 BK,XL,茨城県,1.00,NAPS
2021,202110,20211018,1247,ﾗｲｺﾗﾝﾄﾞ 水戸店,4524486093708,21SJ-14K ﾚｻﾞｰｼﾞｬｹｯﾄ BK 桧垣桜 L,21SJ-14K,桧垣 BK,L,茨城県,1.00,NAPS
2021,202110,20211018,1247,ﾗｲｺﾗﾝﾄﾞ 水戸店,4524486093715,21SJ-14K ﾚｻﾞｰｼﾞｬｹｯﾄ BK 桧垣桜 XL,21SJ-14K,桧垣 BK,XL,茨城県,1.00,NAPS
2021,202110,20211018,1247,ﾗｲｺﾗﾝﾄﾞ 水戸店,4524486094965,21SJ-14K ﾚｻﾞｰｼﾞｬｹｯﾄ BK 鉄流水雪輪 L,21SJ-14K,鉄流 BK,L,茨城県,1.00,NAPS
2021,202110,20211018,1247,ﾗｲｺﾗﾝﾄﾞ 水戸店,4524486094972,21SJ-14K ﾚｻﾞｰｼﾞｬｹｯﾄ BK 鉄流水雪輪 XL,21SJ-14K,鉄流 BK,XL,茨城県,1.00,NAPS
2021,202110,20211021,0598,ﾗｲｺﾗﾝﾄﾞ TokyoBay東雲店,4524486093708,21SJ-14K ﾚｻﾞｰｼﾞｬｹｯﾄ BK 桧垣桜 L,21SJ-14K,桧垣 BK,L,東京都,1.00,NAPS
2021,202110,20211021,0598,ﾗｲｺﾗﾝﾄﾞ TokyoBay東雲店,4524486093715,21SJ-14K ﾚｻﾞｰｼﾞｬｹｯﾄ BK 桧垣桜 XL,21SJ-14K,桧垣 BK,XL,東京都,1.00,NAPS
2021,202110,20211021,0598,ﾗｲｺﾗﾝﾄﾞ TokyoBay東雲店,4524486094965,21SJ-14K ﾚｻﾞｰｼﾞｬｹｯﾄ BK 鉄流水雪輪 L,21SJ-14K,鉄流 BK,L,東京都,1.00,NAPS
2021,202110,20211021,0598,ﾗｲｺﾗﾝﾄﾞ TokyoBay東雲店,4524486094972,21SJ-14K ﾚｻﾞｰｼﾞｬｹｯﾄ BK 鉄流水雪輪 XL,21SJ-14K,鉄流 BK,XL,東京都,1.00,NAPS
2021,202110,20211022,rmwc,Riding My Way Company,4524486093661,21SJ-14K ﾚｻﾞｰｼﾞｬｹｯﾄ BK 流水雪輪 M,21SJ-14K,流水 BK,M,台湾,3.00,NULL
2021,202110,20211022,rmwc,Riding My Way Company,4524486093678,21SJ-14K ﾚｻﾞｰｼﾞｬｹｯﾄ BK 流水雪輪 L,21SJ-14K,流水 BK,L,台湾,1.00,NULL
2021,202110,20211022,rmwc,Riding My Way Company,4524486093685,21SJ-14K ﾚｻﾞｰｼﾞｬｹｯﾄ BK 流水雪輪 XL,21SJ-14K,流水 BK,XL,台湾,2.00,NULL
2021,202110,20211026,1301,ﾊﾟｰｸｱｯﾌﾟ株式会社,4524486093708,21SJ-14K ﾚｻﾞｰｼﾞｬｹｯﾄ BK 桧垣桜 L,21SJ-14K,桧垣 BK,L,兵庫県,1.00,KMC北関東
2021,202110,20211027,show,デグナー京都本店,4524486093647,21SJ-14K ﾚｻﾞｰｼﾞｬｹｯﾄ BK 風神雷神BE L,21SJ-14K,風BK/BE,L,京都府,1.00,NULL
2021,202110,20211028,0574,株式会社ﾘﾊﾞｰｸﾚｲﾝ,4524486093647,21SJ-14K ﾚｻﾞｰｼﾞｬｹｯﾄ BK 風神雷神BE L,21SJ-14K,風BK/BE,L,神奈川県,1.00,KMC北関東
2021,202110,20211028,0574,株式会社ﾘﾊﾞｰｸﾚｲﾝ,4524486093715,21SJ-14K ﾚｻﾞｰｼﾞｬｹｯﾄ BK 桧垣桜 XL,21SJ-14K,桧垣 BK,XL,神奈川県,1.00,KMC北関東
2021,202110,20211029,0000,いちげん,4524486093692,21SJ-14K ﾚｻﾞｰｼﾞｬｹｯﾄ BK 桧垣桜 M,21SJ-14K,桧垣 BK,M,NULL,1.00,NULL
2021,202110,20211031,show,デグナー京都本店,4524486094934,21SJ-14K ﾚｻﾞｰｼﾞｬｹｯﾄ BK 松 L,21SJ-14K,松 BK,L,京都府,1.00,NULL
2021,202111,20211101,0000,いちげん,4524486093715,21SJ-14K ﾚｻﾞｰｼﾞｬｹｯﾄ BK 桧垣桜 XL,21SJ-14K,桧垣 BK,XL,NULL,1.00,NULL
2021,202111,20211102,0000,いちげん,4524486093715,21SJ-14K ﾚｻﾞｰｼﾞｬｹｯﾄ BK 桧垣桜 XL,21SJ-14K,桧垣 BK,XL,NULL,1.00,NULL
2021,202111,20211104,0357,有限会社 ｴｲﾁ･ｴｽｼｰ 沼津店,4524486093715,21SJ-14K ﾚｻﾞｰｼﾞｬｹｯﾄ BK 桧垣桜 XL,21SJ-14K,桧垣 BK,XL,静岡県,1.00,NAPS
2021,202111,20211104,0357,有限会社 ｴｲﾁ･ｴｽｼｰ 沼津店,4524486094972,21SJ-14K ﾚｻﾞｰｼﾞｬｹｯﾄ BK 鉄流水雪輪 XL,21SJ-14K,鉄流 BK,XL,静岡県,1.00,NAPS
2021,202111,20211106,0000,いちげん,4524486094972,21SJ-14K ﾚｻﾞｰｼﾞｬｹｯﾄ BK 鉄流水雪輪 XL,21SJ-14K,鉄流 BK,XL,NULL,1.00,NULL
2021,202111,20211108,0357,有限会社 ｴｲﾁ･ｴｽｼｰ 沼津店,4524486093715,21SJ-14K ﾚｻﾞｰｼﾞｬｹｯﾄ BK 桧垣桜 XL,21SJ-14K,桧垣 BK,XL,静岡県,-1.00,NAPS
2021,202111,20211109,0000,いちげん,4524486094965,21SJ-14K ﾚｻﾞｰｼﾞｬｹｯﾄ BK 鉄流水雪輪 L,21SJ-14K,鉄流 BK,L,NULL,1.00,NULL
2021,202111,20211109,0628,株式会社 山城 岡崎営業所,4524486094965,21SJ-14K ﾚｻﾞｰｼﾞｬｹｯﾄ BK 鉄流水雪輪 L,21SJ-14K,鉄流 BK,L,愛知県,1.00,KMC中部
2021,202111,20211115,0000,いちげん,4524486093647,21SJ-14K ﾚｻﾞｰｼﾞｬｹｯﾄ BK 風神雷神BE L,21SJ-14K,風BK/BE,L,NULL,1.00,NULL
2021,202111,20211115,0000,いちげん,4524486094972,21SJ-14K ﾚｻﾞｰｼﾞｬｹｯﾄ BK 鉄流水雪輪 XL,21SJ-14K,鉄流 BK,XL,NULL,1.00,NULL
2021,202111,20211121,show,デグナー京都本店,4524486093708,21SJ-14K ﾚｻﾞｰｼﾞｬｹｯﾄ BK 桧垣桜 L,21SJ-14K,桧垣 BK,L,京都府,1.00,NULL
2021,202111,20211123,show,デグナー京都本店,4524486093708,21SJ-14K ﾚｻﾞｰｼﾞｬｹｯﾄ BK 桧垣桜 L,21SJ-14K,桧垣 BK,L,京都府,1.00,NULL
2021,202111,20211124,0000,いちげん,4524486093708,21SJ-14K ﾚｻﾞｰｼﾞｬｹｯﾄ BK 桧垣桜 L,21SJ-14K,桧垣 BK,L,NULL,1.00,NULL
2021,202111,20211124,0000,いちげん,4524486094965,21SJ-14K ﾚｻﾞｰｼﾞｬｹｯﾄ BK 鉄流水雪輪 L,21SJ-14K,鉄流 BK,L,NULL,1.00,NULL
2021,202111,20211124,0574,株式会社ﾘﾊﾞｰｸﾚｲﾝ,4524486093654,21SJ-14K ﾚｻﾞｰｼﾞｬｹｯﾄ BK 風神雷神BE XL,21SJ-14K,風BK/BE,XL,神奈川県,1.00,KMC北関東
2021,202111,20211125,0000,いちげん,4524486093708,21SJ-14K ﾚｻﾞｰｼﾞｬｹｯﾄ BK 桧垣桜 L,21SJ-14K,桧垣 BK,L,NULL,1.00,NULL
2021,202111,20211125,0000,いちげん,4524486094972,21SJ-14K ﾚｻﾞｰｼﾞｬｹｯﾄ BK 鉄流水雪輪 XL,21SJ-14K,鉄流 BK,XL,NULL,1.00,NULL
2021,202111,20211130,0574,株式会社ﾘﾊﾞｰｸﾚｲﾝ,4524486093661,21SJ-14K ﾚｻﾞｰｼﾞｬｹｯﾄ BK 流水雪輪 M,21SJ-14K,流水 BK,M,神奈川県,1.00,KMC北関東
2021,202112,20211201,0000,いちげん,4524486093715,21SJ-14K ﾚｻﾞｰｼﾞｬｹｯﾄ BK 桧垣桜 XL,21SJ-14K,桧垣 BK,XL,NULL,1.00,NULL
2021,202112,20211203,0402,ﾅｯﾌﾟｽ 足立店,4524486093708,21SJ-14K ﾚｻﾞｰｼﾞｬｹｯﾄ BK 桧垣桜 L,21SJ-14K,桧垣 BK,L,東京都,1.00,NAPS
2021,202112,20211203,0402,ﾅｯﾌﾟｽ 足立店,4524486093715,21SJ-14K ﾚｻﾞｰｼﾞｬｹｯﾄ BK 桧垣桜 XL,21SJ-14K,桧垣 BK,XL,東京都,1.00,NAPS
2021,202112,20211207,1251,帝都産業 株式会社,4524486094972,21SJ-14K ﾚｻﾞｰｼﾞｬｹｯﾄ BK 鉄流水雪輪 XL,21SJ-14K,鉄流 BK,XL,東京都,1.00,KMC南関東
2021,202112,20211208,rmwc,Riding My Way Company,4524486094958,21SJ-14K ﾚｻﾞｰｼﾞｬｹｯﾄ BK 鉄流水雪輪 M,21SJ-14K,鉄流 BK,M,台湾,3.00,NULL
2021,202112,20211208,rmwc,Riding My Way Company,4524486094965,21SJ-14K ﾚｻﾞｰｼﾞｬｹｯﾄ BK 鉄流水雪輪 L,21SJ-14K,鉄流 BK,L,台湾,3.00,NULL
2021,202112,20211210,0000,いちげん,4524486093692,21SJ-14K ﾚｻﾞｰｼﾞｬｹｯﾄ BK 桧垣桜 M,21SJ-14K,桧垣 BK,M,NULL,1.00,NULL
2021,202112,20211212,show,デグナー京都本店,4524486093654,21SJ-14K ﾚｻﾞｰｼﾞｬｹｯﾄ BK 風神雷神BE XL,21SJ-14K,風BK/BE,XL,京都府,1.00,NULL
2021,202112,20211219,show,デグナー京都本店,4524486093708,21SJ-14K ﾚｻﾞｰｼﾞｬｹｯﾄ BK 桧垣桜 L,21SJ-14K,桧垣 BK,L,京都府,1.00,NULL
2021,202112,20211221,9996,株式会社 ﾃﾞｸﾞﾅｰ,4524486093630,21SJ-14K ﾚｻﾞｰｼﾞｬｹｯﾄ BK 風神雷神BE M,21SJ-14K,風BK/BE,M,NULL,1.00,NULL
2021,202112,20211221,9996,株式会社 ﾃﾞｸﾞﾅｰ,4524486093692,21SJ-14K ﾚｻﾞｰｼﾞｬｹｯﾄ BK 桧垣桜 M,21SJ-14K,桧垣 BK,M,NULL,1.00,NULL
2021,202112,20211221,9996,株式会社 ﾃﾞｸﾞﾅｰ,4524486094965,21SJ-14K ﾚｻﾞｰｼﾞｬｹｯﾄ BK 鉄流水雪輪 L,21SJ-14K,鉄流 BK,L,NULL,1.00,NULL
2021,202112,20211221,9996,株式会社 ﾃﾞｸﾞﾅｰ,4524486094972,21SJ-14K ﾚｻﾞｰｼﾞｬｹｯﾄ BK 鉄流水雪輪 XL,21SJ-14K,鉄流 BK,XL,NULL,1.00,NULL
2021,202112,20211222,9996,株式会社 ﾃﾞｸﾞﾅｰ,4524486094927,21SJ-14K ﾚｻﾞｰｼﾞｬｹｯﾄ BK 松 M,21SJ-14K,松 BK,M,NULL,1.00,NULL
2021,202112,20211226,show,デグナー京都本店,4524486093647,21SJ-14K ﾚｻﾞｰｼﾞｬｹｯﾄ BK 風神雷神BE L,21SJ-14K,風BK/BE,L,京都府,1.00,NULL
2021,202112,20211229,0598,ﾗｲｺﾗﾝﾄﾞ TokyoBay東雲店,4524486093685,21SJ-14K ﾚｻﾞｰｼﾞｬｹｯﾄ BK 流水雪輪 XL,21SJ-14K,流水 BK,XL,東京都,1.00,NAPS
2021,202112,20211229,1067,株式会社 ﾓﾉﾀﾞｲﾚｸﾄ,4524486093685,21SJ-14K ﾚｻﾞｰｼﾞｬｹｯﾄ BK 流水雪輪 XL,21SJ-14K,流水 BK,XL,神奈川県,1.00,KMC北関東
2021,202112,20211229,show,デグナー京都本店,4524486093692,21SJ-14K ﾚｻﾞｰｼﾞｬｹｯﾄ BK 桧垣桜 M,21SJ-14K,桧垣 BK,M,京都府,1.00,NULL
2022,202201,20220105,0000,いちげん,4524486093708,21SJ-14K ﾚｻﾞｰｼﾞｬｹｯﾄ BK 桧垣桜 L,21SJ-14K,桧垣 BK,L,NULL,1.00,NULL
2022,202201,20220105,0000,いちげん,4524486094972,21SJ-14K ﾚｻﾞｰｼﾞｬｹｯﾄ BK 鉄流水雪輪 XL,21SJ-14K,鉄流 BK,XL,NULL,1.00,NULL
2022,202201,20220105,1266,ﾅｯﾌﾟｽ EC事業,4524486094958,21SJ-14K ﾚｻﾞｰｼﾞｬｹｯﾄ BK 鉄流水雪輪 M,21SJ-14K,鉄流 BK,M,神奈川県,1.00,NAPS
2022,202201,20220108,9996,株式会社 ﾃﾞｸﾞﾅｰ,4524486093654,21SJ-14K ﾚｻﾞｰｼﾞｬｹｯﾄ BK 風神雷神BE XL,21SJ-14K,風BK/BE,XL,NULL,1.00,NULL
2022,202201,20220108,show,デグナー京都本店,4524486094958,21SJ-14K ﾚｻﾞｰｼﾞｬｹｯﾄ BK 鉄流水雪輪 M,21SJ-14K,鉄流 BK,M,京都府,1.00,NULL
2022,202201,20220115,0000,いちげん,4524486093609,21SJ-14K ﾚｻﾞｰｼﾞｬｹｯﾄ BK 風神雷神BK M,21SJ-14K,風BK/BK,M,NULL,1.00,NULL
2022,202201,20220116,9996,株式会社 ﾃﾞｸﾞﾅｰ,4524486093661,21SJ-14K ﾚｻﾞｰｼﾞｬｹｯﾄ BK 流水雪輪 M,21SJ-14K,流水 BK,M,NULL,1.00,NULL
2022,202201,20220119,rmwc,Riding My Way Company,4524486094965,21SJ-14K ﾚｻﾞｰｼﾞｬｹｯﾄ BK 鉄流水雪輪 L,21SJ-14K,鉄流 BK,L,台湾,2.00,NULL
2022,202201,20220119,rmwc,Riding My Way Company,4524486094972,21SJ-14K ﾚｻﾞｰｼﾞｬｹｯﾄ BK 鉄流水雪輪 XL,21SJ-14K,鉄流 BK,XL,台湾,2.00,NULL
2022,202201,20220125,0000,いちげん,4524486094965,21SJ-14K ﾚｻﾞｰｼﾞｬｹｯﾄ BK 鉄流水雪輪 L,21SJ-14K,鉄流 BK,L,NULL,1.00,NULL
2022,202201,20220126,0000,いちげん,4524486093654,21SJ-14K ﾚｻﾞｰｼﾞｬｹｯﾄ BK 風神雷神BE XL,21SJ-14K,風BK/BE,XL,NULL,1.00,NULL
2022,202201,20220126,0000,いちげん,4524486094972,21SJ-14K ﾚｻﾞｰｼﾞｬｹｯﾄ BK 鉄流水雪輪 XL,21SJ-14K,鉄流 BK,XL,NULL,1.00,NULL
2022,202202,20220202,0000,いちげん,4524486093623,21SJ-14K ﾚｻﾞｰｼﾞｬｹｯﾄ BK 風神雷神BK XL,21SJ-14K,風BK/BK,XL,NULL,1.00,NULL
2022,202202,20220208,0000,いちげん,4524486093623,21SJ-14K ﾚｻﾞｰｼﾞｬｹｯﾄ BK 風神雷神BK XL,21SJ-14K,風BK/BK,XL,NULL,-1.00,NULL
2022,202202,20220208,0000,いちげん,4524486093647,21SJ-14K ﾚｻﾞｰｼﾞｬｹｯﾄ BK 風神雷神BE L,21SJ-14K,風BK/BE,L,NULL,1.00,NULL
2022,202202,20220210,0000,いちげん,4524486094972,21SJ-14K ﾚｻﾞｰｼﾞｬｹｯﾄ BK 鉄流水雪輪 XL,21SJ-14K,鉄流 BK,XL,NULL,1.00,NULL
2022,202202,20220211,9996,株式会社 ﾃﾞｸﾞﾅｰ,4524486093708,21SJ-14K ﾚｻﾞｰｼﾞｬｹｯﾄ BK 桧垣桜 L,21SJ-14K,桧垣 BK,L,NULL,1.00,NULL
2022,202202,20220214,0000,いちげん,4524486094965,21SJ-14K ﾚｻﾞｰｼﾞｬｹｯﾄ BK 鉄流水雪輪 L,21SJ-14K,鉄流 BK,L,NULL,1.00,NULL
2022,202202,20220216,1301,ﾊﾟｰｸｱｯﾌﾟ株式会社,4524486093630,21SJ-14K ﾚｻﾞｰｼﾞｬｹｯﾄ BK 風神雷神BE M,21SJ-14K,風BK/BE,M,兵庫県,1.00,KMC北関東
2022,202202,20220217,0432,南海部品 小山店,4524486093678,21SJ-14K ﾚｻﾞｰｼﾞｬｹｯﾄ BK 流水雪輪 L,21SJ-14K,流水 BK,L,栃木県,1.00,NAPS
2022,202202,20220217,0432,南海部品 小山店,4524486094972,21SJ-14K ﾚｻﾞｰｼﾞｬｹｯﾄ BK 鉄流水雪輪 XL,21SJ-14K,鉄流 BK,XL,栃木県,1.00,NAPS
2022,202202,20220221,0000,いちげん,4524486093654,21SJ-14K ﾚｻﾞｰｼﾞｬｹｯﾄ BK 風神雷神BE XL,21SJ-14K,風BK/BE,XL,NULL,1.00,NULL
2022,202202,20220223,9996,株式会社 ﾃﾞｸﾞﾅｰ,4524486093647,21SJ-14K ﾚｻﾞｰｼﾞｬｹｯﾄ BK 風神雷神BE L,21SJ-14K,風BK/BE,L,NULL,1.00,NULL
2022,202203,20220301,1286,ﾗｲｺﾗﾝﾄﾞ 郡山店,4524486094958,21SJ-14K ﾚｻﾞｰｼﾞｬｹｯﾄ BK 鉄流水雪輪 M,21SJ-14K,鉄流 BK,M,福島県,1.00,NAPS
2022,202203,20220301,1286,ﾗｲｺﾗﾝﾄﾞ 郡山店,4524486094965,21SJ-14K ﾚｻﾞｰｼﾞｬｹｯﾄ BK 鉄流水雪輪 L,21SJ-14K,鉄流 BK,L,福島県,1.00,NAPS
2022,202203,20220301,1286,ﾗｲｺﾗﾝﾄﾞ 郡山店,4524486094972,21SJ-14K ﾚｻﾞｰｼﾞｬｹｯﾄ BK 鉄流水雪輪 XL,21SJ-14K,鉄流 BK,XL,福島県,1.00,NAPS
2022,202203,20220311,0000,いちげん,4524486094965,21SJ-14K ﾚｻﾞｰｼﾞｬｹｯﾄ BK 鉄流水雪輪 L,21SJ-14K,鉄流 BK,L,NULL,1.00,NULL
2022,202203,20220311,ansi,ANSIN MOTO CO.,4524486093678,21SJ-14K ﾚｻﾞｰｼﾞｬｹｯﾄ BK 流水雪輪 L,21SJ-14K,流水 BK,L,台湾,1.00,NULL
2022,202203,20220311,ansi,ANSIN MOTO CO.,4524486093685,21SJ-14K ﾚｻﾞｰｼﾞｬｹｯﾄ BK 流水雪輪 XL,21SJ-14K,流水 BK,XL,台湾,1.00,NULL
2022,202203,20220312,9996,株式会社 ﾃﾞｸﾞﾅｰ,4524486094934,21SJ-14K ﾚｻﾞｰｼﾞｬｹｯﾄ BK 松 L,21SJ-14K,松 BK,L,NULL,1.00,NULL
2022,202203,20220317,0434,南海部品 太田店,4524486094965,21SJ-14K ﾚｻﾞｰｼﾞｬｹｯﾄ BK 鉄流水雪輪 L,21SJ-14K,鉄流 BK,L,群馬県,1.00,NAPS
2022,202203,20220317,0951,【閉店】ﾗｲｺﾗﾝﾄﾞCube宇都宮店,4524486093708,21SJ-14K ﾚｻﾞｰｼﾞｬｹｯﾄ BK 桧垣桜 L,21SJ-14K,桧垣 BK,L,栃木県,1.00,NAPS
2022,202203,20220318,0653,株式会社 光輝 南海部品仙台店,4524486093708,21SJ-14K ﾚｻﾞｰｼﾞｬｹｯﾄ BK 桧垣桜 L,21SJ-14K,桧垣 BK,L,宮城県,1.00,NAPS
2022,202203,20220320,9996,株式会社 ﾃﾞｸﾞﾅｰ,4524486093654,21SJ-14K ﾚｻﾞｰｼﾞｬｹｯﾄ BK 風神雷神BE XL,21SJ-14K,風BK/BE,XL,NULL,1.00,NULL
2022,202203,20220320,show,デグナー京都本店,4524486093678,21SJ-14K ﾚｻﾞｰｼﾞｬｹｯﾄ BK 流水雪輪 L,21SJ-14K,流水 BK,L,京都府,1.00,NULL
2022,202203,20220323,show,デグナー京都本店,4524486094965,21SJ-14K ﾚｻﾞｰｼﾞｬｹｯﾄ BK 鉄流水雪輪 L,21SJ-14K,鉄流 BK,L,京都府,1.00,NULL
2022,202203,20220325,0789,ﾅｯﾌﾟｽ ﾍﾞｲｻｲﾄﾞ幸浦店,4524486093708,21SJ-14K ﾚｻﾞｰｼﾞｬｹｯﾄ BK 桧垣桜 L,21SJ-14K,桧垣 BK,L,神奈川県,1.00,NAPS
2022,202203,20220326,9996,株式会社 ﾃﾞｸﾞﾅｰ,4524486094965,21SJ-14K ﾚｻﾞｰｼﾞｬｹｯﾄ BK 鉄流水雪輪 L,21SJ-14K,鉄流 BK,L,NULL,1.00,NULL
2022,202204,20220403,9996,株式会社 ﾃﾞｸﾞﾅｰ,4524486094972,21SJ-14K ﾚｻﾞｰｼﾞｬｹｯﾄ BK 鉄流水雪輪 XL,21SJ-14K,鉄流 BK,XL,NULL,1.00,NULL
2022,202204,20220404,0598,ﾗｲｺﾗﾝﾄﾞ TokyoBay東雲店,4524486093708,21SJ-14K ﾚｻﾞｰｼﾞｬｹｯﾄ BK 桧垣桜 L,21SJ-14K,桧垣 BK,L,東京都,2.00,NAPS
2022,202204,20220405,1223,ﾗｲｺﾗﾝﾄﾞ CuBe札幌白石店,4524486093678,21SJ-14K ﾚｻﾞｰｼﾞｬｹｯﾄ BK 流水雪輪 L,21SJ-14K,流水 BK,L,北海道,1.00,NAPS
2022,202204,20220405,rmwc,Riding My Way Company,4524486093661,21SJ-14K ﾚｻﾞｰｼﾞｬｹｯﾄ BK 流水雪輪 M,21SJ-14K,流水 BK,M,台湾,1.00,NULL
2022,202204,20220405,rmwc,Riding My Way Company,4524486093661,21SJ-14K ﾚｻﾞｰｼﾞｬｹｯﾄ BK 流水雪輪 M,21SJ-14K,流水 BK,M,台湾,1.00,NULL
2022,202204,20220405,rmwc,Riding My Way Company,4524486093661,21SJ-14K ﾚｻﾞｰｼﾞｬｹｯﾄ BK 流水雪輪 M,21SJ-14K,流水 BK,M,台湾,1.00,NULL
2022,202204,20220405,rmwc,Riding My Way Company,4524486093678,21SJ-14K ﾚｻﾞｰｼﾞｬｹｯﾄ BK 流水雪輪 L,21SJ-14K,流水 BK,L,台湾,2.00,NULL
2022,202204,20220405,rmwc,Riding My Way Company,4524486093685,21SJ-14K ﾚｻﾞｰｼﾞｬｹｯﾄ BK 流水雪輪 XL,21SJ-14K,流水 BK,XL,台湾,2.00,NULL
2022,202204,20220406,0598,ﾗｲｺﾗﾝﾄﾞ TokyoBay東雲店,4524486093685,21SJ-14K ﾚｻﾞｰｼﾞｬｹｯﾄ BK 流水雪輪 XL,21SJ-14K,流水 BK,XL,東京都,1.00,NAPS
2022,202204,20220408,0000,いちげん,4524486094934,21SJ-14K ﾚｻﾞｰｼﾞｬｹｯﾄ BK 松 L,21SJ-14K,松 BK,L,NULL,1.00,NULL
2022,202204,20220408,0434,南海部品 太田店,4524486093708,21SJ-14K ﾚｻﾞｰｼﾞｬｹｯﾄ BK 桧垣桜 L,21SJ-14K,桧垣 BK,L,群馬県,1.00,NAPS
2022,202204,20220408,0574,株式会社ﾘﾊﾞｰｸﾚｲﾝ,4524486093692,21SJ-14K ﾚｻﾞｰｼﾞｬｹｯﾄ BK 桧垣桜 M,21SJ-14K,桧垣 BK,M,神奈川県,1.00,KMC北関東
2022,202204,20220408,0598,ﾗｲｺﾗﾝﾄﾞ TokyoBay東雲店,4524486093692,21SJ-14K ﾚｻﾞｰｼﾞｬｹｯﾄ BK 桧垣桜 M,21SJ-14K,桧垣 BK,M,東京都,1.00,NAPS
2022,202204,20220408,0653,株式会社 光輝 南海部品仙台店,4524486093692,21SJ-14K ﾚｻﾞｰｼﾞｬｹｯﾄ BK 桧垣桜 M,21SJ-14K,桧垣 BK,M,宮城県,1.00,NAPS
2022,202204,20220408,1251,帝都産業 株式会社,4524486093692,21SJ-14K ﾚｻﾞｰｼﾞｬｹｯﾄ BK 桧垣桜 M,21SJ-14K,桧垣 BK,M,東京都,1.00,KMC南関東
2022,202204,20220409,0000,いちげん,4524486097973,21SJ-14K ﾚｻﾞｰｼﾞｬｹｯﾄ BK 桧垣桜 LW,21SJ-14K,桧垣 BK,LW,NULL,1.00,NULL
2022,202204,20220410,0000,いちげん,4524486093692,21SJ-14K ﾚｻﾞｰｼﾞｬｹｯﾄ BK 桧垣桜 M,21SJ-14K,桧垣 BK,M,NULL,1.00,NULL
2022,202204,20220410,0000,いちげん,4524486093708,21SJ-14K ﾚｻﾞｰｼﾞｬｹｯﾄ BK 桧垣桜 L,21SJ-14K,桧垣 BK,L,NULL,1.00,NULL
2022,202204,20220411,0000,いちげん,4524486093692,21SJ-14K ﾚｻﾞｰｼﾞｬｹｯﾄ BK 桧垣桜 M,21SJ-14K,桧垣 BK,M,NULL,1.00,NULL
2022,202204,20220411,0000,いちげん,4524486093692,21SJ-14K ﾚｻﾞｰｼﾞｬｹｯﾄ BK 桧垣桜 M,21SJ-14K,桧垣 BK,M,NULL,1.00,NULL
2022,202204,20220411,0000,いちげん,4524486093715,21SJ-14K ﾚｻﾞｰｼﾞｬｹｯﾄ BK 桧垣桜 XL,21SJ-14K,桧垣 BK,XL,NULL,1.00,NULL
2022,202204,20220411,0000,いちげん,4524486097973,21SJ-14K ﾚｻﾞｰｼﾞｬｹｯﾄ BK 桧垣桜 LW,21SJ-14K,桧垣 BK,LW,NULL,1.00,NULL
2022,202204,20220412,1067,株式会社 ﾓﾉﾀﾞｲﾚｸﾄ,4524486093715,21SJ-14K ﾚｻﾞｰｼﾞｬｹｯﾄ BK 桧垣桜 XL,21SJ-14K,桧垣 BK,XL,神奈川県,1.00,KMC北関東
2022,202204,20220419,0000,いちげん,4524486093692,21SJ-14K ﾚｻﾞｰｼﾞｬｹｯﾄ BK 桧垣桜 M,21SJ-14K,桧垣 BK,M,NULL,1.00,NULL
2022,202204,20220420,0000,いちげん,4524486093715,21SJ-14K ﾚｻﾞｰｼﾞｬｹｯﾄ BK 桧垣桜 XL,21SJ-14K,桧垣 BK,XL,NULL,1.00,NULL
2022,202204,20220420,show,デグナー京都本店,4524486097973,21SJ-14K ﾚｻﾞｰｼﾞｬｹｯﾄ BK 桧垣桜 LW,21SJ-14K,桧垣 BK,LW,京都府,1.00,NULL
2022,202204,20220423,show,デグナー京都本店,4524486093623,21SJ-14K ﾚｻﾞｰｼﾞｬｹｯﾄ BK 風神雷神BK XL,21SJ-14K,風BK/BK,XL,京都府,1.00,NULL
2022,202204,20220426,0000,いちげん,4524486093715,21SJ-14K ﾚｻﾞｰｼﾞｬｹｯﾄ BK 桧垣桜 XL,21SJ-14K,桧垣 BK,XL,NULL,1.00,NULL
2022,202205,20220501,show,デグナー京都本店,4524486093715,21SJ-14K ﾚｻﾞｰｼﾞｬｹｯﾄ BK 桧垣桜 XL,21SJ-14K,桧垣 BK,XL,京都府,1.00,NULL
2022,202205,20220502,9996,株式会社 ﾃﾞｸﾞﾅｰ,4524486093708,21SJ-14K ﾚｻﾞｰｼﾞｬｹｯﾄ BK 桧垣桜 L,21SJ-14K,桧垣 BK,L,NULL,1.00,NULL
2022,202205,20220505,9996,株式会社 ﾃﾞｸﾞﾅｰ,4524486093715,21SJ-14K ﾚｻﾞｰｼﾞｬｹｯﾄ BK 桧垣桜 XL,21SJ-14K,桧垣 BK,XL,NULL,1.00,NULL
2022,202205,20220506,0000,いちげん,4524486093692,21SJ-14K ﾚｻﾞｰｼﾞｬｹｯﾄ BK 桧垣桜 M,21SJ-14K,桧垣 BK,M,NULL,1.00,NULL
2022,202205,20220509,0000,いちげん,4524486093708,21SJ-14K ﾚｻﾞｰｼﾞｬｹｯﾄ BK 桧垣桜 L,21SJ-14K,桧垣 BK,L,NULL,1.00,NULL
2022,202205,20220510,1223,ﾗｲｺﾗﾝﾄﾞ CuBe札幌白石店,4524486093708,21SJ-14K ﾚｻﾞｰｼﾞｬｹｯﾄ BK 桧垣桜 L,21SJ-14K,桧垣 BK,L,北海道,1.00,NAPS
2022,202205,20220511,show,デグナー京都本店,4524486093708,21SJ-14K ﾚｻﾞｰｼﾞｬｹｯﾄ BK 桧垣桜 L,21SJ-14K,桧垣 BK,L,京都府,1.00,NULL
2022,202205,20220512,0000,いちげん,4524486093692,21SJ-14K ﾚｻﾞｰｼﾞｬｹｯﾄ BK 桧垣桜 M,21SJ-14K,桧垣 BK,M,NULL,1.00,NULL
2022,202205,20220516,0000,いちげん,4524486097973,21SJ-14K ﾚｻﾞｰｼﾞｬｹｯﾄ BK 桧垣桜 LW,21SJ-14K,桧垣 BK,LW,NULL,1.00,NULL
2022,202205,20220519,1266,ﾅｯﾌﾟｽ EC事業,4524486093708,21SJ-14K ﾚｻﾞｰｼﾞｬｹｯﾄ BK 桧垣桜 L,21SJ-14K,桧垣 BK,L,神奈川県,2.00,NAPS
2022,202205,20220519,1266,ﾅｯﾌﾟｽ EC事業,4524486093715,21SJ-14K ﾚｻﾞｰｼﾞｬｹｯﾄ BK 桧垣桜 XL,21SJ-14K,桧垣 BK,XL,神奈川県,1.00,NAPS
2022,202205,20220524,0324,ﾗｲｺﾗﾝﾄﾞ 埼玉店,4524486093708,21SJ-14K ﾚｻﾞｰｼﾞｬｹｯﾄ BK 桧垣桜 L,21SJ-14K,桧垣 BK,L,埼玉県,1.00,NAPS
2022,202205,20220524,0324,ﾗｲｺﾗﾝﾄﾞ 埼玉店,4524486093715,21SJ-14K ﾚｻﾞｰｼﾞｬｹｯﾄ BK 桧垣桜 XL,21SJ-14K,桧垣 BK,XL,埼玉県,1.00,NAPS
2022,202205,20220525,show,デグナー京都本店,4524486094927,21SJ-14K ﾚｻﾞｰｼﾞｬｹｯﾄ BK 松 M,21SJ-14K,松 BK,M,京都府,1.00,NULL
2022,202205,20220527,0015,株式会社 ｱｸﾄﾜｰﾙﾄﾞ,4524486097966,21SJ-14K ﾚｻﾞｰｼﾞｬｹｯﾄ BK 鉄流水雪輪 LW,21SJ-14K,鉄流 BK,LW,北海道,1.00,卸
2022,202205,20220527,0432,南海部品 小山店,4524486093647,21SJ-14K ﾚｻﾞｰｼﾞｬｹｯﾄ BK 風神雷神BE L,21SJ-14K,風BK/BE,L,栃木県,1.00,NAPS
2022,202205,20220527,0432,南海部品 小山店,4524486093661,21SJ-14K ﾚｻﾞｰｼﾞｬｹｯﾄ BK 流水雪輪 M,21SJ-14K,流水 BK,M,栃木県,1.00,NAPS
2022,202205,20220527,0432,南海部品 小山店,4524486093678,21SJ-14K ﾚｻﾞｰｼﾞｬｹｯﾄ BK 流水雪輪 L,21SJ-14K,流水 BK,L,栃木県,1.00,NAPS
2022,202205,20220527,0432,南海部品 小山店,4524486094972,21SJ-14K ﾚｻﾞｰｼﾞｬｹｯﾄ BK 鉄流水雪輪 XL,21SJ-14K,鉄流 BK,XL,栃木県,1.00,NAPS
2022,202205,20220527,0598,ﾗｲｺﾗﾝﾄﾞ TokyoBay東雲店,4524486093647,21SJ-14K ﾚｻﾞｰｼﾞｬｹｯﾄ BK 風神雷神BE L,21SJ-14K,風BK/BE,L,東京都,1.00,NAPS
2022,202205,20220527,0660,503 豊山2りんかん,4524486093654,21SJ-14K ﾚｻﾞｰｼﾞｬｹｯﾄ BK 風神雷神BE XL,21SJ-14K,風BK/BE,XL,愛知県,1.00,KMC北日本
2022,202205,20220528,show,デグナー京都本店,4524486094965,21SJ-14K ﾚｻﾞｰｼﾞｬｹｯﾄ BK 鉄流水雪輪 L,21SJ-14K,鉄流 BK,L,京都府,1.00,NULL
2022,202206,20220601,0000,いちげん,4524486094958,21SJ-14K ﾚｻﾞｰｼﾞｬｹｯﾄ BK 鉄流水雪輪 M,21SJ-14K,鉄流 BK,M,NULL,1.00,NULL
2022,202206,20220602,show,デグナー京都本店,4524486093678,21SJ-14K ﾚｻﾞｰｼﾞｬｹｯﾄ BK 流水雪輪 L,21SJ-14K,流水 BK,L,京都府,1.00,NULL
2022,202206,20220606,0015,株式会社 ｱｸﾄﾜｰﾙﾄﾞ,4524486097959,21SJ-14K ﾚｻﾞｰｼﾞｬｹｯﾄ BK 流水雪輪 LW,21SJ-14K,流水 BK,LW,北海道,1.00,卸
2022,202206,20220609,9996,株式会社 ﾃﾞｸﾞﾅｰ,4524486093661,21SJ-14K ﾚｻﾞｰｼﾞｬｹｯﾄ BK 流水雪輪 M,21SJ-14K,流水 BK,M,NULL,1.00,NULL
2022,202206,20220610,0000,いちげん,4524486094965,21SJ-14K ﾚｻﾞｰｼﾞｬｹｯﾄ BK 鉄流水雪輪 L,21SJ-14K,鉄流 BK,L,NULL,1.00,NULL
2022,202206,20220610,ansi,ANSIN MOTO CO.,4524486093678,21SJ-14K ﾚｻﾞｰｼﾞｬｹｯﾄ BK 流水雪輪 L,21SJ-14K,流水 BK,L,台湾,1.00,NULL
2022,202206,20220610,ansi,ANSIN MOTO CO.,4524486093685,21SJ-14K ﾚｻﾞｰｼﾞｬｹｯﾄ BK 流水雪輪 XL,21SJ-14K,流水 BK,XL,台湾,1.00,NULL
2022,202206,20220614,1223,ﾗｲｺﾗﾝﾄﾞ CuBe札幌白石店,4524486094941,21SJ-14K ﾚｻﾞｰｼﾞｬｹｯﾄ BK 松 XL,21SJ-14K,松 BK,XL,北海道,1.00,NAPS
2022,202206,20220615,show,デグナー京都本店,4524486093661,21SJ-14K ﾚｻﾞｰｼﾞｬｹｯﾄ BK 流水雪輪 M,21SJ-14K,流水 BK,M,京都府,1.00,NULL
2022,202206,20220617,0000,いちげん,4524486093661,21SJ-14K ﾚｻﾞｰｼﾞｬｹｯﾄ BK 流水雪輪 M,21SJ-14K,流水 BK,M,NULL,1.00,NULL
2022,202206,20220620,1247,ﾗｲｺﾗﾝﾄﾞ 水戸店,4524486094965,21SJ-14K ﾚｻﾞｰｼﾞｬｹｯﾄ BK 鉄流水雪輪 L,21SJ-14K,鉄流 BK,L,茨城県,1.00,NAPS
2022,202206,20220627,1251,帝都産業 株式会社,4524486093708,21SJ-14K ﾚｻﾞｰｼﾞｬｹｯﾄ BK 桧垣桜 L,21SJ-14K,桧垣 BK,L,東京都,1.00,KMC南関東
2022,202207,20220701,1392,株式会社JTBふるさと開発事業部,4524486093685,21SJ-14K ﾚｻﾞｰｼﾞｬｹｯﾄ BK 流水雪輪 XL,21SJ-14K,流水 BK,XL,NULL,1.00,NULL
2022,202207,20220704,ansi,ANSIN MOTO CO.,4524486093630,21SJ-14K ﾚｻﾞｰｼﾞｬｹｯﾄ BK 風神雷神BE M,21SJ-14K,風BK/BE,M,台湾,1.00,NULL
2022,202207,20220705,0000,いちげん,4524486093654,21SJ-14K ﾚｻﾞｰｼﾞｬｹｯﾄ BK 風神雷神BE XL,21SJ-14K,風BK/BE,XL,NULL,1.00,NULL
2022,202207,20220713,1223,ﾗｲｺﾗﾝﾄﾞ CuBe札幌白石店,4524486093661,21SJ-14K ﾚｻﾞｰｼﾞｬｹｯﾄ BK 流水雪輪 M,21SJ-14K,流水 BK,M,北海道,1.00,NAPS
2022,202207,20220713,1223,ﾗｲｺﾗﾝﾄﾞ CuBe札幌白石店,4524486093692,21SJ-14K ﾚｻﾞｰｼﾞｬｹｯﾄ BK 桧垣桜 M,21SJ-14K,桧垣 BK,M,北海道,1.00,NAPS
2022,202207,20220714,1392,株式会社JTBふるさと開発事業部,4524486093708,21SJ-14K ﾚｻﾞｰｼﾞｬｹｯﾄ BK 桧垣桜 L,21SJ-14K,桧垣 BK,L,NULL,1.00,NULL
2022,202207,20220714,1392,株式会社JTBふるさと開発事業部,4524486093708,21SJ-14K ﾚｻﾞｰｼﾞｬｹｯﾄ BK 桧垣桜 L,21SJ-14K,桧垣 BK,L,NULL,1.00,NULL
2022,202207,20220719,1392,株式会社JTBふるさと開発事業部,4524486093685,21SJ-14K ﾚｻﾞｰｼﾞｬｹｯﾄ BK 流水雪輪 XL,21SJ-14K,流水 BK,XL,NULL,1.00,NULL
2022,202207,20220725,show,デグナー京都本店,4524486093630,21SJ-14K ﾚｻﾞｰｼﾞｬｹｯﾄ BK 風神雷神BE M,21SJ-14K,風BK/BE,M,京都府,1.00,NULL
2022,202207,20220729,show,デグナー京都本店,4524486094958,21SJ-14K ﾚｻﾞｰｼﾞｬｹｯﾄ BK 鉄流水雪輪 M,21SJ-14K,鉄流 BK,M,京都府,1.00,NULL
2022,202208,20220802,1392,株式会社JTBふるさと開発事業部,4524486093708,21SJ-14K ﾚｻﾞｰｼﾞｬｹｯﾄ BK 桧垣桜 L,21SJ-14K,桧垣 BK,L,NULL,1.00,NULL
2022,202208,20220803,1392,株式会社JTBふるさと開発事業部,4524486093685,21SJ-14K ﾚｻﾞｰｼﾞｬｹｯﾄ BK 流水雪輪 XL,21SJ-14K,流水 BK,XL,NULL,1.00,NULL
2022,202208,20220805,0434,南海部品 太田店,4524486093708,21SJ-14K ﾚｻﾞｰｼﾞｬｹｯﾄ BK 桧垣桜 L,21SJ-14K,桧垣 BK,L,群馬県,1.00,NAPS
2022,202208,20220815,show,デグナー京都本店,4524486097973,21SJ-14K ﾚｻﾞｰｼﾞｬｹｯﾄ BK 桧垣桜 LW,21SJ-14K,桧垣 BK,LW,京都府,1.00,NULL
2022,202208,20220827,show,デグナー京都本店,4524486094958,21SJ-14K ﾚｻﾞｰｼﾞｬｹｯﾄ BK 鉄流水雪輪 M,21SJ-14K,鉄流 BK,M,京都府,1.00,NULL
2022,202208,20220830,0855,ﾅｯﾌﾟｽ 福岡店,4524486093692,21SJ-14K ﾚｻﾞｰｼﾞｬｹｯﾄ BK 桧垣桜 M,21SJ-14K,桧垣 BK,M,福岡県,1.00,NAPS
2022,202208,20220830,0855,ﾅｯﾌﾟｽ 福岡店,4524486093708,21SJ-14K ﾚｻﾞｰｼﾞｬｹｯﾄ BK 桧垣桜 L,21SJ-14K,桧垣 BK,L,福岡県,1.00,NAPS
2022,202208,20220830,0855,ﾅｯﾌﾟｽ 福岡店,4524486093715,21SJ-14K ﾚｻﾞｰｼﾞｬｹｯﾄ BK 桧垣桜 XL,21SJ-14K,桧垣 BK,XL,福岡県,1.00,NAPS
2022,202208,20220830,1392,株式会社JTBふるさと開発事業部,4524486093708,21SJ-14K ﾚｻﾞｰｼﾞｬｹｯﾄ BK 桧垣桜 L,21SJ-14K,桧垣 BK,L,NULL,1.00,NULL
2022,202209,20220902,1067,株式会社 ﾓﾉﾀﾞｲﾚｸﾄ,4524486093715,21SJ-14K ﾚｻﾞｰｼﾞｬｹｯﾄ BK 桧垣桜 XL,21SJ-14K,桧垣 BK,XL,神奈川県,1.00,KMC北関東
2022,202209,20220905,0574,株式会社ﾘﾊﾞｰｸﾚｲﾝ,4524486093685,21SJ-14K ﾚｻﾞｰｼﾞｬｹｯﾄ BK 流水雪輪 XL,21SJ-14K,流水 BK,XL,神奈川県,1.00,KMC北関東
2022,202209,20220906,0000,いちげん,4524486093708,21SJ-14K ﾚｻﾞｰｼﾞｬｹｯﾄ BK 桧垣桜 L,21SJ-14K,桧垣 BK,L,NULL,1.00,NULL
2022,202209,20220906,1223,ﾗｲｺﾗﾝﾄﾞ CuBe札幌白石店,4524486093708,21SJ-14K ﾚｻﾞｰｼﾞｬｹｯﾄ BK 桧垣桜 L,21SJ-14K,桧垣 BK,L,北海道,1.00,NAPS
2022,202209,20220906,1392,株式会社JTBふるさと開発事業部,4524486093678,21SJ-14K ﾚｻﾞｰｼﾞｬｹｯﾄ BK 流水雪輪 L,21SJ-14K,流水 BK,L,NULL,1.00,NULL
2022,202209,20220906,1392,株式会社JTBふるさと開発事業部,4524486093708,21SJ-14K ﾚｻﾞｰｼﾞｬｹｯﾄ BK 桧垣桜 L,21SJ-14K,桧垣 BK,L,NULL,1.00,NULL
2022,202209,20220908,1247,ﾗｲｺﾗﾝﾄﾞ 水戸店,4524486093678,21SJ-14K ﾚｻﾞｰｼﾞｬｹｯﾄ BK 流水雪輪 L,21SJ-14K,流水 BK,L,茨城県,1.00,NAPS
2022,202209,20220908,1247,ﾗｲｺﾗﾝﾄﾞ 水戸店,4524486093708,21SJ-14K ﾚｻﾞｰｼﾞｬｹｯﾄ BK 桧垣桜 L,21SJ-14K,桧垣 BK,L,茨城県,1.00,NAPS
2022,202209,20220908,9996,株式会社 ﾃﾞｸﾞﾅｰ,4524486093647,21SJ-14K ﾚｻﾞｰｼﾞｬｹｯﾄ BK 風神雷神BE L,21SJ-14K,風BK/BE,L,NULL,1.00,NULL
2022,202209,20220908,show,デグナー京都本店,4524486093630,21SJ-14K ﾚｻﾞｰｼﾞｬｹｯﾄ BK 風神雷神BE M,21SJ-14K,風BK/BE,M,京都府,1.00,NULL
2022,202209,20220909,0598,ﾗｲｺﾗﾝﾄﾞ TokyoBay東雲店,4524486093661,21SJ-14K ﾚｻﾞｰｼﾞｬｹｯﾄ BK 流水雪輪 M,21SJ-14K,流水 BK,M,東京都,1.00,NAPS
2022,202209,20220909,0598,ﾗｲｺﾗﾝﾄﾞ TokyoBay東雲店,4524486093678,21SJ-14K ﾚｻﾞｰｼﾞｬｹｯﾄ BK 流水雪輪 L,21SJ-14K,流水 BK,L,東京都,1.00,NAPS
2022,202209,20220909,0598,ﾗｲｺﾗﾝﾄﾞ TokyoBay東雲店,4524486093692,21SJ-14K ﾚｻﾞｰｼﾞｬｹｯﾄ BK 桧垣桜 M,21SJ-14K,桧垣 BK,M,東京都,1.00,NAPS
2022,202209,20220909,0598,ﾗｲｺﾗﾝﾄﾞ TokyoBay東雲店,4524486093708,21SJ-14K ﾚｻﾞｰｼﾞｬｹｯﾄ BK 桧垣桜 L,21SJ-14K,桧垣 BK,L,東京都,1.00,NAPS
2022,202209,20220909,1067,株式会社 ﾓﾉﾀﾞｲﾚｸﾄ,4524486093715,21SJ-14K ﾚｻﾞｰｼﾞｬｹｯﾄ BK 桧垣桜 XL,21SJ-14K,桧垣 BK,XL,神奈川県,1.00,KMC北関東
2022,202209,20220912,1008,341 仙台南2りんかん,4524486093685,21SJ-14K ﾚｻﾞｰｼﾞｬｹｯﾄ BK 流水雪輪 XL,21SJ-14K,流水 BK,XL,宮城県,1.00,KMC北日本
2022,202209,20220913,1223,ﾗｲｺﾗﾝﾄﾞ CuBe札幌白石店,4524486093678,21SJ-14K ﾚｻﾞｰｼﾞｬｹｯﾄ BK 流水雪輪 L,21SJ-14K,流水 BK,L,北海道,1.00,NAPS
2022,202209,20220915,1286,ﾗｲｺﾗﾝﾄﾞ 郡山店,4524486093692,21SJ-14K ﾚｻﾞｰｼﾞｬｹｯﾄ BK 桧垣桜 M,21SJ-14K,桧垣 BK,M,福島県,1.00,NAPS
2022,202209,20220915,1286,ﾗｲｺﾗﾝﾄﾞ 郡山店,4524486093708,21SJ-14K ﾚｻﾞｰｼﾞｬｹｯﾄ BK 桧垣桜 L,21SJ-14K,桧垣 BK,L,福島県,1.00,NAPS
2022,202209,20220915,1286,ﾗｲｺﾗﾝﾄﾞ 郡山店,4524486093715,21SJ-14K ﾚｻﾞｰｼﾞｬｹｯﾄ BK 桧垣桜 XL,21SJ-14K,桧垣 BK,XL,福島県,1.00,NAPS
2022,202209,20220917,blue,ﾌﾞﾙｰｽｶｲへﾌﾞﾝ,4524486094972,21SJ-14K ﾚｻﾞｰｼﾞｬｹｯﾄ BK 鉄流水雪輪 XL,21SJ-14K,鉄流 BK,XL,NULL,1.00,NULL
2022,202209,20220920,0000,いちげん,4524486093692,21SJ-14K ﾚｻﾞｰｼﾞｬｹｯﾄ BK 桧垣桜 M,21SJ-14K,桧垣 BK,M,NULL,1.00,NULL
2022,202209,20220921,1392,株式会社JTBふるさと開発事業部,4524486093661,21SJ-14K ﾚｻﾞｰｼﾞｬｹｯﾄ BK 流水雪輪 M,21SJ-14K,流水 BK,M,NULL,1.00,NULL
2022,202209,20220921,show,デグナー京都本店,4524486093647,21SJ-14K ﾚｻﾞｰｼﾞｬｹｯﾄ BK 風神雷神BE L,21SJ-14K,風BK/BE,L,京都府,1.00,NULL
2022,202209,20220922,1392,株式会社JTBふるさと開発事業部,4524486093708,21SJ-14K ﾚｻﾞｰｼﾞｬｹｯﾄ BK 桧垣桜 L,21SJ-14K,桧垣 BK,L,NULL,1.00,NULL
2022,202209,20220923,9996,株式会社 ﾃﾞｸﾞﾅｰ,4524486093630,21SJ-14K ﾚｻﾞｰｼﾞｬｹｯﾄ BK 風神雷神BE M,21SJ-14K,風BK/BE,M,NULL,1.00,NULL
2022,202209,20220926,0000,いちげん,4524486097959,21SJ-14K ﾚｻﾞｰｼﾞｬｹｯﾄ BK 流水雪輪 LW,21SJ-14K,流水 BK,LW,NULL,1.00,NULL
2022,202209,20220927,0574,株式会社ﾘﾊﾞｰｸﾚｲﾝ,4524486094958,21SJ-14K ﾚｻﾞｰｼﾞｬｹｯﾄ BK 鉄流水雪輪 M,21SJ-14K,鉄流 BK,M,神奈川県,1.00,KMC北関東
2022,202209,20220927,1392,株式会社JTBふるさと開発事業部,4524486093661,21SJ-14K ﾚｻﾞｰｼﾞｬｹｯﾄ BK 流水雪輪 M,21SJ-14K,流水 BK,M,NULL,1.00,NULL
2022,202209,20220927,1392,株式会社JTBふるさと開発事業部,4524486093678,21SJ-14K ﾚｻﾞｰｼﾞｬｹｯﾄ BK 流水雪輪 L,21SJ-14K,流水 BK,L,NULL,1.00,NULL
2022,202209,20220929,1392,株式会社JTBふるさと開発事業部,4524486093715,21SJ-14K ﾚｻﾞｰｼﾞｬｹｯﾄ BK 桧垣桜 XL,21SJ-14K,桧垣 BK,XL,NULL,1.00,NULL
2022,202210,20221001,9996,株式会社 ﾃﾞｸﾞﾅｰ,4524486097973,21SJ-14K ﾚｻﾞｰｼﾞｬｹｯﾄ BK 桧垣桜 LW,21SJ-14K,桧垣 BK,LW,NULL,1.00,NULL
2022,202210,20221004,0647,株式会社 ｺﾞｰﾀﾞ,4524486097966,21SJ-14K ﾚｻﾞｰｼﾞｬｹｯﾄ BK 鉄流水雪輪 LW,21SJ-14K,鉄流 BK,LW,大阪府,1.00,NAPS
2022,202210,20221005,0747,ﾅｯﾌﾟｽ 広島店,4524486093647,21SJ-14K ﾚｻﾞｰｼﾞｬｹｯﾄ BK 風神雷神BE L,21SJ-14K,風BK/BE,L,広島県,1.00,NAPS
2022,202210,20221005,9996,株式会社 ﾃﾞｸﾞﾅｰ,4524486093647,21SJ-14K ﾚｻﾞｰｼﾞｬｹｯﾄ BK 風神雷神BE L,21SJ-14K,風BK/BE,L,NULL,1.00,NULL
2022,202210,20221006,0000,いちげん,4524486093678,21SJ-14K ﾚｻﾞｰｼﾞｬｹｯﾄ BK 流水雪輪 L,21SJ-14K,流水 BK,L,NULL,1.00,NULL
2022,202210,20221006,0000,いちげん,4524486097959,21SJ-14K ﾚｻﾞｰｼﾞｬｹｯﾄ BK 流水雪輪 LW,21SJ-14K,流水 BK,LW,NULL,-1.00,NULL
2022,202210,20221006,1392,株式会社JTBふるさと開発事業部,4524486093692,21SJ-14K ﾚｻﾞｰｼﾞｬｹｯﾄ BK 桧垣桜 M,21SJ-14K,桧垣 BK,M,NULL,1.00,NULL
2022,202210,20221008,9996,株式会社 ﾃﾞｸﾞﾅｰ,4524486094958,21SJ-14K ﾚｻﾞｰｼﾞｬｹｯﾄ BK 鉄流水雪輪 M,21SJ-14K,鉄流 BK,M,NULL,1.00,NULL
2022,202210,20221008,show,デグナー京都本店,4524486094965,21SJ-14K ﾚｻﾞｰｼﾞｬｹｯﾄ BK 鉄流水雪輪 L,21SJ-14K,鉄流 BK,L,京都府,1.00,NULL
2022,202210,20221011,0434,南海部品 太田店,4524486093692,21SJ-14K ﾚｻﾞｰｼﾞｬｹｯﾄ BK 桧垣桜 M,21SJ-14K,桧垣 BK,M,群馬県,1.00,NAPS
2022,202210,20221011,1392,株式会社JTBふるさと開発事業部,4524486093678,21SJ-14K ﾚｻﾞｰｼﾞｬｹｯﾄ BK 流水雪輪 L,21SJ-14K,流水 BK,L,NULL,1.00,NULL
2022,202210,20221012,1392,株式会社JTBふるさと開発事業部,4524486093685,21SJ-14K ﾚｻﾞｰｼﾞｬｹｯﾄ BK 流水雪輪 XL,21SJ-14K,流水 BK,XL,NULL,1.00,NULL
2022,202210,20221012,1392,株式会社JTBふるさと開発事業部,4524486093685,21SJ-14K ﾚｻﾞｰｼﾞｬｹｯﾄ BK 流水雪輪 XL,21SJ-14K,流水 BK,XL,NULL,1.00,NULL
2022,202210,20221013,1392,株式会社JTBふるさと開発事業部,4524486093685,21SJ-14K ﾚｻﾞｰｼﾞｬｹｯﾄ BK 流水雪輪 XL,21SJ-14K,流水 BK,XL,NULL,1.00,NULL
2022,202210,20221013,1392,株式会社JTBふるさと開発事業部,4524486093692,21SJ-14K ﾚｻﾞｰｼﾞｬｹｯﾄ BK 桧垣桜 M,21SJ-14K,桧垣 BK,M,NULL,1.00,NULL
2022,202210,20221014,0747,ﾅｯﾌﾟｽ 広島店,4524486093654,21SJ-14K ﾚｻﾞｰｼﾞｬｹｯﾄ BK 風神雷神BE XL,21SJ-14K,風BK/BE,XL,広島県,1.00,NAPS
2022,202210,20221017,0693,ﾅｯﾌﾟｽ 埼玉店,4524486093678,21SJ-14K ﾚｻﾞｰｼﾞｬｹｯﾄ BK 流水雪輪 L,21SJ-14K,流水 BK,L,埼玉県,1.00,NAPS
2022,202210,20221017,0693,ﾅｯﾌﾟｽ 埼玉店,4524486093685,21SJ-14K ﾚｻﾞｰｼﾞｬｹｯﾄ BK 流水雪輪 XL,21SJ-14K,流水 BK,XL,埼玉県,1.00,NAPS
2022,202210,20221017,1251,帝都産業 株式会社,4524486094972,21SJ-14K ﾚｻﾞｰｼﾞｬｹｯﾄ BK 鉄流水雪輪 XL,21SJ-14K,鉄流 BK,XL,東京都,1.00,KMC南関東
2022,202210,20221017,show,デグナー京都本店,4524486093715,21SJ-14K ﾚｻﾞｰｼﾞｬｹｯﾄ BK 桧垣桜 XL,21SJ-14K,桧垣 BK,XL,京都府,1.00,NULL
2022,202210,20221018,0000,いちげん,4524486094972,21SJ-14K ﾚｻﾞｰｼﾞｬｹｯﾄ BK 鉄流水雪輪 XL,21SJ-14K,鉄流 BK,XL,NULL,1.00,NULL
2022,202210,20221019,1392,株式会社JTBふるさと開発事業部,4524486093692,21SJ-14K ﾚｻﾞｰｼﾞｬｹｯﾄ BK 桧垣桜 M,21SJ-14K,桧垣 BK,M,NULL,1.00,NULL
2022,202210,20221020,1392,株式会社JTBふるさと開発事業部,4524486093678,21SJ-14K ﾚｻﾞｰｼﾞｬｹｯﾄ BK 流水雪輪 L,21SJ-14K,流水 BK,L,NULL,1.00,NULL
2022,202210,20221021,rmwc,Riding My Way Company,4524486093661,21SJ-14K ﾚｻﾞｰｼﾞｬｹｯﾄ BK 流水雪輪 M,21SJ-14K,流水 BK,M,台湾,3.00,NULL
2022,202210,20221021,rmwc,Riding My Way Company,4524486093678,21SJ-14K ﾚｻﾞｰｼﾞｬｹｯﾄ BK 流水雪輪 L,21SJ-14K,流水 BK,L,台湾,4.00,NULL
2022,202210,20221021,rmwc,Riding My Way Company,4524486093685,21SJ-14K ﾚｻﾞｰｼﾞｬｹｯﾄ BK 流水雪輪 XL,21SJ-14K,流水 BK,XL,台湾,3.00,NULL
2022,202210,20221023,9996,株式会社 ﾃﾞｸﾞﾅｰ,4524486094965,21SJ-14K ﾚｻﾞｰｼﾞｬｹｯﾄ BK 鉄流水雪輪 L,21SJ-14K,鉄流 BK,L,NULL,1.00,NULL
2022,202210,20221023,show,デグナー京都本店,4524486093692,21SJ-14K ﾚｻﾞｰｼﾞｬｹｯﾄ BK 桧垣桜 M,21SJ-14K,桧垣 BK,M,京都府,1.00,NULL
2022,202210,20221024,0000,いちげん,4524486093692,21SJ-14K ﾚｻﾞｰｼﾞｬｹｯﾄ BK 桧垣桜 M,21SJ-14K,桧垣 BK,M,NULL,1.00,NULL
2022,202210,20221024,0653,株式会社 光輝 南海部品仙台店,4524486094972,21SJ-14K ﾚｻﾞｰｼﾞｬｹｯﾄ BK 鉄流水雪輪 XL,21SJ-14K,鉄流 BK,XL,宮城県,1.00,NAPS
2022,202210,20221025,1392,株式会社JTBふるさと開発事業部,4524486093692,21SJ-14K ﾚｻﾞｰｼﾞｬｹｯﾄ BK 桧垣桜 M,21SJ-14K,桧垣 BK,M,NULL,1.00,NULL
2022,202210,20221026,0000,いちげん,4524486097973,21SJ-14K ﾚｻﾞｰｼﾞｬｹｯﾄ BK 桧垣桜 LW,21SJ-14K,桧垣 BK,LW,NULL,1.00,NULL
2022,202210,20221026,1251,帝都産業 株式会社,4524486094972,21SJ-14K ﾚｻﾞｰｼﾞｬｹｯﾄ BK 鉄流水雪輪 XL,21SJ-14K,鉄流 BK,XL,東京都,1.00,KMC南関東
2022,202210,20221026,ansi,ANSIN MOTO CO.,4524486093678,21SJ-14K ﾚｻﾞｰｼﾞｬｹｯﾄ BK 流水雪輪 L,21SJ-14K,流水 BK,L,台湾,1.00,NULL
2022,202210,20221026,show,デグナー京都本店,4524486093647,21SJ-14K ﾚｻﾞｰｼﾞｬｹｯﾄ BK 風神雷神BE L,21SJ-14K,風BK/BE,L,京都府,1.00,NULL
2022,202210,20221026,show,デグナー京都本店,4524486097966,21SJ-14K ﾚｻﾞｰｼﾞｬｹｯﾄ BK 鉄流水雪輪 LW,21SJ-14K,鉄流 BK,LW,京都府,1.00,NULL
2022,202210,20221027,0693,ﾅｯﾌﾟｽ 埼玉店,4524486093685,21SJ-14K ﾚｻﾞｰｼﾞｬｹｯﾄ BK 流水雪輪 XL,21SJ-14K,流水 BK,XL,埼玉県,1.00,NAPS
2022,202210,20221027,9996,株式会社 ﾃﾞｸﾞﾅｰ,4524486093647,21SJ-14K ﾚｻﾞｰｼﾞｬｹｯﾄ BK 風神雷神BE L,21SJ-14K,風BK/BE,L,NULL,1.00,NULL
2022,202210,20221027,show,デグナー京都本店,4524486094965,21SJ-14K ﾚｻﾞｰｼﾞｬｹｯﾄ BK 鉄流水雪輪 L,21SJ-14K,鉄流 BK,L,京都府,1.00,NULL
2022,202210,20221029,show,デグナー京都本店,4524486094958,21SJ-14K ﾚｻﾞｰｼﾞｬｹｯﾄ BK 鉄流水雪輪 M,21SJ-14K,鉄流 BK,M,京都府,1.00,NULL
2022,202210,20221029,show,デグナー京都本店,4524486097973,21SJ-14K ﾚｻﾞｰｼﾞｬｹｯﾄ BK 桧垣桜 LW,21SJ-14K,桧垣 BK,LW,京都府,1.00,NULL
2022,202210,20221031,0000,いちげん,4524486093654,21SJ-14K ﾚｻﾞｰｼﾞｬｹｯﾄ BK 風神雷神BE XL,21SJ-14K,風BK/BE,XL,NULL,1.00,NULL
2022,202210,20221031,1392,株式会社JTBふるさと開発事業部,4524486093708,21SJ-14K ﾚｻﾞｰｼﾞｬｹｯﾄ BK 桧垣桜 L,21SJ-14K,桧垣 BK,L,NULL,1.00,NULL
2022,202211,20221101,0318,有限会社ﾃｨﾋﾟﾓｰﾀｰｻｲｸﾙ,4524486093708,21SJ-14K ﾚｻﾞｰｼﾞｬｹｯﾄ BK 桧垣桜 L,21SJ-14K,桧垣 BK,L,京都府,1.00,NAPS
2022,202211,20221101,1392,株式会社JTBふるさと開発事業部,4524486093685,21SJ-14K ﾚｻﾞｰｼﾞｬｹｯﾄ BK 流水雪輪 XL,21SJ-14K,流水 BK,XL,NULL,1.00,NULL
2022,202211,20221102,0324,ﾗｲｺﾗﾝﾄﾞ 埼玉店,4524486093708,21SJ-14K ﾚｻﾞｰｼﾞｬｹｯﾄ BK 桧垣桜 L,21SJ-14K,桧垣 BK,L,埼玉県,1.00,NAPS
2022,202211,20221102,0855,ﾅｯﾌﾟｽ 福岡店,4524486093708,21SJ-14K ﾚｻﾞｰｼﾞｬｹｯﾄ BK 桧垣桜 L,21SJ-14K,桧垣 BK,L,福岡県,1.00,NAPS
2022,202211,20221103,show,デグナー京都本店,4524486093678,21SJ-14K ﾚｻﾞｰｼﾞｬｹｯﾄ BK 流水雪輪 L,21SJ-14K,流水 BK,L,京都府,1.00,NULL
2022,202211,20221104,1392,株式会社JTBふるさと開発事業部,4524486093715,21SJ-14K ﾚｻﾞｰｼﾞｬｹｯﾄ BK 桧垣桜 XL,21SJ-14K,桧垣 BK,XL,NULL,1.00,NULL
2022,202211,20221107,0000,いちげん,4524486093678,21SJ-14K ﾚｻﾞｰｼﾞｬｹｯﾄ BK 流水雪輪 L,21SJ-14K,流水 BK,L,NULL,1.00,NULL
2022,202211,20221107,ansi,ANSIN MOTO CO.,4524486093678,21SJ-14K ﾚｻﾞｰｼﾞｬｹｯﾄ BK 流水雪輪 L,21SJ-14K,流水 BK,L,台湾,1.00,NULL
2022,202211,20221108,1392,株式会社JTBふるさと開発事業部,4524486093678,21SJ-14K ﾚｻﾞｰｼﾞｬｹｯﾄ BK 流水雪輪 L,21SJ-14K,流水 BK,L,NULL,1.00,NULL
2022,202211,20221108,1392,株式会社JTBふるさと開発事業部,4524486093678,21SJ-14K ﾚｻﾞｰｼﾞｬｹｯﾄ BK 流水雪輪 L,21SJ-14K,流水 BK,L,NULL,1.00,NULL
2022,202211,20221108,1392,株式会社JTBふるさと開発事業部,4524486093708,21SJ-14K ﾚｻﾞｰｼﾞｬｹｯﾄ BK 桧垣桜 L,21SJ-14K,桧垣 BK,L,NULL,1.00,NULL
2022,202211,20221108,1392,株式会社JTBふるさと開発事業部,4524486093715,21SJ-14K ﾚｻﾞｰｼﾞｬｹｯﾄ BK 桧垣桜 XL,21SJ-14K,桧垣 BK,XL,NULL,1.00,NULL
2022,202211,20221109,show,デグナー京都本店,4524486094972,21SJ-14K ﾚｻﾞｰｼﾞｬｹｯﾄ BK 鉄流水雪輪 XL,21SJ-14K,鉄流 BK,XL,京都府,1.00,NULL
2022,202211,20221109,show,デグナー京都本店,4524486097959,21SJ-14K ﾚｻﾞｰｼﾞｬｹｯﾄ BK 流水雪輪 LW,21SJ-14K,流水 BK,LW,京都府,1.00,NULL
2022,202211,20221110,1392,株式会社JTBふるさと開発事業部,4524486093685,21SJ-14K ﾚｻﾞｰｼﾞｬｹｯﾄ BK 流水雪輪 XL,21SJ-14K,流水 BK,XL,NULL,1.00,NULL
2022,202211,20221110,1392,株式会社JTBふるさと開発事業部,4524486093715,21SJ-14K ﾚｻﾞｰｼﾞｬｹｯﾄ BK 桧垣桜 XL,21SJ-14K,桧垣 BK,XL,NULL,1.00,NULL
2022,202211,20221114,0000,いちげん,4524486093708,21SJ-14K ﾚｻﾞｰｼﾞｬｹｯﾄ BK 桧垣桜 L,21SJ-14K,桧垣 BK,L,NULL,1.00,NULL
2022,202211,20221114,show,デグナー京都本店,4524486093708,21SJ-14K ﾚｻﾞｰｼﾞｬｹｯﾄ BK 桧垣桜 L,21SJ-14K,桧垣 BK,L,京都府,1.00,NULL
2022,202211,20221115,0747,ﾅｯﾌﾟｽ 広島店,4524486093630,21SJ-14K ﾚｻﾞｰｼﾞｬｹｯﾄ BK 風神雷神BE M,21SJ-14K,風BK/BE,M,広島県,1.00,NAPS
2022,202211,20221115,1392,株式会社JTBふるさと開発事業部,4524486093678,21SJ-14K ﾚｻﾞｰｼﾞｬｹｯﾄ BK 流水雪輪 L,21SJ-14K,流水 BK,L,NULL,1.00,NULL
2022,202211,20221118,1392,株式会社JTBふるさと開発事業部,4524486093661,21SJ-14K ﾚｻﾞｰｼﾞｬｹｯﾄ BK 流水雪輪 M,21SJ-14K,流水 BK,M,NULL,1.00,NULL
2022,202211,20221118,show,デグナー京都本店,4524486093630,21SJ-14K ﾚｻﾞｰｼﾞｬｹｯﾄ BK 風神雷神BE M,21SJ-14K,風BK/BE,M,京都府,1.00,NULL
2022,202211,20221121,0434,南海部品 太田店,4524486093692,21SJ-14K ﾚｻﾞｰｼﾞｬｹｯﾄ BK 桧垣桜 M,21SJ-14K,桧垣 BK,M,群馬県,1.00,NAPS
2022,202211,20221121,1067,株式会社 ﾓﾉﾀﾞｲﾚｸﾄ,4524486093715,21SJ-14K ﾚｻﾞｰｼﾞｬｹｯﾄ BK 桧垣桜 XL,21SJ-14K,桧垣 BK,XL,神奈川県,1.00,KMC北関東
2022,202211,20221121,1392,株式会社JTBふるさと開発事業部,4524486093678,21SJ-14K ﾚｻﾞｰｼﾞｬｹｯﾄ BK 流水雪輪 L,21SJ-14K,流水 BK,L,NULL,1.00,NULL
2022,202211,20221122,1251,帝都産業 株式会社,4524486093678,21SJ-14K ﾚｻﾞｰｼﾞｬｹｯﾄ BK 流水雪輪 L,21SJ-14K,流水 BK,L,東京都,1.00,KMC南関東
2022,202211,20221123,9996,株式会社 ﾃﾞｸﾞﾅｰ,4524486093692,21SJ-14K ﾚｻﾞｰｼﾞｬｹｯﾄ BK 桧垣桜 M,21SJ-14K,桧垣 BK,M,NULL,1.00,NULL
2022,202211,20221124,ansi,ANSIN MOTO CO.,4524486093661,21SJ-14K ﾚｻﾞｰｼﾞｬｹｯﾄ BK 流水雪輪 M,21SJ-14K,流水 BK,M,台湾,1.00,NULL
2022,202211,20221124,ansi,ANSIN MOTO CO.,4524486093685,21SJ-14K ﾚｻﾞｰｼﾞｬｹｯﾄ BK 流水雪輪 XL,21SJ-14K,流水 BK,XL,台湾,1.00,NULL
2022,202211,20221125,1392,株式会社JTBふるさと開発事業部,4524486093685,21SJ-14K ﾚｻﾞｰｼﾞｬｹｯﾄ BK 流水雪輪 XL,21SJ-14K,流水 BK,XL,NULL,1.00,NULL
2022,202211,20221128,1392,株式会社JTBふるさと開発事業部,4524486093685,21SJ-14K ﾚｻﾞｰｼﾞｬｹｯﾄ BK 流水雪輪 XL,21SJ-14K,流水 BK,XL,NULL,1.00,NULL
2022,202211,20221129,1392,株式会社JTBふるさと開発事業部,4524486093678,21SJ-14K ﾚｻﾞｰｼﾞｬｹｯﾄ BK 流水雪輪 L,21SJ-14K,流水 BK,L,NULL,1.00,NULL
2022,202211,20221129,1392,株式会社JTBふるさと開発事業部,4524486093692,21SJ-14K ﾚｻﾞｰｼﾞｬｹｯﾄ BK 桧垣桜 M,21SJ-14K,桧垣 BK,M,NULL,1.00,NULL
2022,202211,20221129,rmwc,Riding My Way Company,4524486093661,21SJ-14K ﾚｻﾞｰｼﾞｬｹｯﾄ BK 流水雪輪 M,21SJ-14K,流水 BK,M,台湾,2.00,NULL
2022,202211,20221129,rmwc,Riding My Way Company,4524486093678,21SJ-14K ﾚｻﾞｰｼﾞｬｹｯﾄ BK 流水雪輪 L,21SJ-14K,流水 BK,L,台湾,5.00,NULL
2022,202211,20221129,rmwc,Riding My Way Company,4524486093685,21SJ-14K ﾚｻﾞｰｼﾞｬｹｯﾄ BK 流水雪輪 XL,21SJ-14K,流水 BK,XL,台湾,5.00,NULL
2022,202211,20221130,1392,株式会社JTBふるさと開発事業部,4524486093661,21SJ-14K ﾚｻﾞｰｼﾞｬｹｯﾄ BK 流水雪輪 M,21SJ-14K,流水 BK,M,NULL,1.00,NULL
2022,202212,20221202,1392,株式会社JTBふるさと開発事業部,4524486093715,21SJ-14K ﾚｻﾞｰｼﾞｬｹｯﾄ BK 桧垣桜 XL,21SJ-14K,桧垣 BK,XL,NULL,1.00,NULL
2022,202212,20221203,9996,株式会社 ﾃﾞｸﾞﾅｰ,4524486093654,21SJ-14K ﾚｻﾞｰｼﾞｬｹｯﾄ BK 風神雷神BE XL,21SJ-14K,風BK/BE,XL,NULL,1.00,NULL
2022,202212,20221203,9996,株式会社 ﾃﾞｸﾞﾅｰ,4524486097973,21SJ-14K ﾚｻﾞｰｼﾞｬｹｯﾄ BK 桧垣桜 LW,21SJ-14K,桧垣 BK,LW,NULL,1.00,NULL
2022,202212,20221203,show,デグナー京都本店,4524486093715,21SJ-14K ﾚｻﾞｰｼﾞｬｹｯﾄ BK 桧垣桜 XL,21SJ-14K,桧垣 BK,XL,京都府,1.00,NULL
2022,202212,20221203,show,デグナー京都本店,4524486094958,21SJ-14K ﾚｻﾞｰｼﾞｬｹｯﾄ BK 鉄流水雪輪 M,21SJ-14K,鉄流 BK,M,京都府,1.00,NULL
2022,202212,20221206,1392,株式会社JTBふるさと開発事業部,4524486093661,21SJ-14K ﾚｻﾞｰｼﾞｬｹｯﾄ BK 流水雪輪 M,21SJ-14K,流水 BK,M,NULL,1.00,NULL
2022,202212,20221206,1392,株式会社JTBふるさと開発事業部,4524486093678,21SJ-14K ﾚｻﾞｰｼﾞｬｹｯﾄ BK 流水雪輪 L,21SJ-14K,流水 BK,L,NULL,1.00,NULL
2022,202212,20221206,1392,株式会社JTBふるさと開発事業部,4524486093692,21SJ-14K ﾚｻﾞｰｼﾞｬｹｯﾄ BK 桧垣桜 M,21SJ-14K,桧垣 BK,M,NULL,1.00,NULL
2022,202212,20221206,1392,株式会社JTBふるさと開発事業部,4524486093715,21SJ-14K ﾚｻﾞｰｼﾞｬｹｯﾄ BK 桧垣桜 XL,21SJ-14K,桧垣 BK,XL,NULL,1.00,NULL
2022,202212,20221206,1392,株式会社JTBふるさと開発事業部,4524486093715,21SJ-14K ﾚｻﾞｰｼﾞｬｹｯﾄ BK 桧垣桜 XL,21SJ-14K,桧垣 BK,XL,NULL,1.00,NULL
2022,202212,20221207,0434,南海部品 太田店,4524486094965,21SJ-14K ﾚｻﾞｰｼﾞｬｹｯﾄ BK 鉄流水雪輪 L,21SJ-14K,鉄流 BK,L,群馬県,1.00,NAPS
2022,202212,20221208,1392,株式会社JTBふるさと開発事業部,4524486093692,21SJ-14K ﾚｻﾞｰｼﾞｬｹｯﾄ BK 桧垣桜 M,21SJ-14K,桧垣 BK,M,NULL,1.00,NULL
2022,202212,20221208,1392,株式会社JTBふるさと開発事業部,4524486093708,21SJ-14K ﾚｻﾞｰｼﾞｬｹｯﾄ BK 桧垣桜 L,21SJ-14K,桧垣 BK,L,NULL,1.00,NULL
2022,202212,20221208,1392,株式会社JTBふるさと開発事業部,4524486093715,21SJ-14K ﾚｻﾞｰｼﾞｬｹｯﾄ BK 桧垣桜 XL,21SJ-14K,桧垣 BK,XL,NULL,1.00,NULL
2022,202212,20221209,0574,株式会社ﾘﾊﾞｰｸﾚｲﾝ,4524486094972,21SJ-14K ﾚｻﾞｰｼﾞｬｹｯﾄ BK 鉄流水雪輪 XL,21SJ-14K,鉄流 BK,XL,神奈川県,1.00,KMC北関東
2022,202212,20221209,1392,株式会社JTBふるさと開発事業部,4524486093715,21SJ-14K ﾚｻﾞｰｼﾞｬｹｯﾄ BK 桧垣桜 XL,21SJ-14K,桧垣 BK,XL,NULL,1.00,NULL
2022,202212,20221212,0434,南海部品 太田店,4524486093647,21SJ-14K ﾚｻﾞｰｼﾞｬｹｯﾄ BK 風神雷神BE L,21SJ-14K,風BK/BE,L,群馬県,1.00,NAPS
2022,202212,20221212,1273,ﾗｲｺﾗﾝﾄﾞ 小倉店,4524486093708,21SJ-14K ﾚｻﾞｰｼﾞｬｹｯﾄ BK 桧垣桜 L,21SJ-14K,桧垣 BK,L,福岡県,1.00,NAPS
2022,202212,20221212,1273,ﾗｲｺﾗﾝﾄﾞ 小倉店,4524486093715,21SJ-14K ﾚｻﾞｰｼﾞｬｹｯﾄ BK 桧垣桜 XL,21SJ-14K,桧垣 BK,XL,福岡県,1.00,NAPS
2022,202212,20221213,0574,株式会社ﾘﾊﾞｰｸﾚｲﾝ,4524486094972,21SJ-14K ﾚｻﾞｰｼﾞｬｹｯﾄ BK 鉄流水雪輪 XL,21SJ-14K,鉄流 BK,XL,神奈川県,1.00,KMC北関東
2022,202212,20221213,1392,株式会社JTBふるさと開発事業部,4524486093661,21SJ-14K ﾚｻﾞｰｼﾞｬｹｯﾄ BK 流水雪輪 M,21SJ-14K,流水 BK,M,NULL,1.00,NULL
2022,202212,20221213,1392,株式会社JTBふるさと開発事業部,4524486093685,21SJ-14K ﾚｻﾞｰｼﾞｬｹｯﾄ BK 流水雪輪 XL,21SJ-14K,流水 BK,XL,NULL,1.00,NULL
2022,202212,20221213,1392,株式会社JTBふるさと開発事業部,4524486093692,21SJ-14K ﾚｻﾞｰｼﾞｬｹｯﾄ BK 桧垣桜 M,21SJ-14K,桧垣 BK,M,NULL,1.00,NULL
2022,202212,20221213,1392,株式会社JTBふるさと開発事業部,4524486093692,21SJ-14K ﾚｻﾞｰｼﾞｬｹｯﾄ BK 桧垣桜 M,21SJ-14K,桧垣 BK,M,NULL,1.00,NULL
2022,202212,20221214,1392,株式会社JTBふるさと開発事業部,4524486093708,21SJ-14K ﾚｻﾞｰｼﾞｬｹｯﾄ BK 桧垣桜 L,21SJ-14K,桧垣 BK,L,NULL,1.00,NULL
2022,202212,20221217,9996,株式会社 ﾃﾞｸﾞﾅｰ,4524486093708,21SJ-14K ﾚｻﾞｰｼﾞｬｹｯﾄ BK 桧垣桜 L,21SJ-14K,桧垣 BK,L,NULL,1.00,NULL
2022,202212,20221218,9996,株式会社 ﾃﾞｸﾞﾅｰ,4524486093708,21SJ-14K ﾚｻﾞｰｼﾞｬｹｯﾄ BK 桧垣桜 L,21SJ-14K,桧垣 BK,L,NULL,1.00,NULL
2022,202212,20221218,9996,株式会社 ﾃﾞｸﾞﾅｰ,4524486093715,21SJ-14K ﾚｻﾞｰｼﾞｬｹｯﾄ BK 桧垣桜 XL,21SJ-14K,桧垣 BK,XL,NULL,1.00,NULL
2022,202212,20221218,izea,稲妻ﾌｪｽﾃｨﾊﾞﾙEAST,4524486093654,21SJ-14K ﾚｻﾞｰｼﾞｬｹｯﾄ BK 風神雷神BE XL,21SJ-14K,風BK/BE,XL,NULL,1.00,NULL
2022,202212,20221219,0000,いちげん,4524486093692,21SJ-14K ﾚｻﾞｰｼﾞｬｹｯﾄ BK 桧垣桜 M,21SJ-14K,桧垣 BK,M,NULL,1.00,NULL
2022,202212,20221219,1113,ﾅｯﾌﾟｽ 仙台泉ｲﾝﾀｰ店,4524486093678,21SJ-14K ﾚｻﾞｰｼﾞｬｹｯﾄ BK 流水雪輪 L,21SJ-14K,流水 BK,L,宮城県,1.00,NAPS
2022,202212,20221219,1113,ﾅｯﾌﾟｽ 仙台泉ｲﾝﾀｰ店,4524486094972,21SJ-14K ﾚｻﾞｰｼﾞｬｹｯﾄ BK 鉄流水雪輪 XL,21SJ-14K,鉄流 BK,XL,宮城県,1.00,NAPS
2022,202212,20221220,1392,株式会社JTBふるさと開発事業部,4524486093661,21SJ-14K ﾚｻﾞｰｼﾞｬｹｯﾄ BK 流水雪輪 M,21SJ-14K,流水 BK,M,NULL,1.00,NULL
2022,202212,20221220,1392,株式会社JTBふるさと開発事業部,4524486093708,21SJ-14K ﾚｻﾞｰｼﾞｬｹｯﾄ BK 桧垣桜 L,21SJ-14K,桧垣 BK,L,NULL,1.00,NULL
2022,202212,20221220,1392,株式会社JTBふるさと開発事業部,4524486093708,21SJ-14K ﾚｻﾞｰｼﾞｬｹｯﾄ BK 桧垣桜 L,21SJ-14K,桧垣 BK,L,NULL,1.00,NULL
2022,202212,20221220,show,デグナー京都本店,4524486094958,21SJ-14K ﾚｻﾞｰｼﾞｬｹｯﾄ BK 鉄流水雪輪 M,21SJ-14K,鉄流 BK,M,京都府,1.00,NULL
2022,202212,20221221,9996,株式会社 ﾃﾞｸﾞﾅｰ,4524486093630,21SJ-14K ﾚｻﾞｰｼﾞｬｹｯﾄ BK 風神雷神BE M,21SJ-14K,風BK/BE,M,NULL,1.00,NULL
2022,202212,20221222,0000,いちげん,4524486094958,21SJ-14K ﾚｻﾞｰｼﾞｬｹｯﾄ BK 鉄流水雪輪 M,21SJ-14K,鉄流 BK,M,NULL,1.00,NULL
2022,202212,20221222,0574,株式会社ﾘﾊﾞｰｸﾚｲﾝ,4524486093708,21SJ-14K ﾚｻﾞｰｼﾞｬｹｯﾄ BK 桧垣桜 L,21SJ-14K,桧垣 BK,L,神奈川県,1.00,KMC北関東
2022,202212,20221222,1392,株式会社JTBふるさと開発事業部,4524486093661,21SJ-14K ﾚｻﾞｰｼﾞｬｹｯﾄ BK 流水雪輪 M,21SJ-14K,流水 BK,M,NULL,1.00,NULL
2022,202212,20221224,9996,株式会社 ﾃﾞｸﾞﾅｰ,4524486093630,21SJ-14K ﾚｻﾞｰｼﾞｬｹｯﾄ BK 風神雷神BE M,21SJ-14K,風BK/BE,M,NULL,1.00,NULL
2022,202212,20221224,9996,株式会社 ﾃﾞｸﾞﾅｰ,4524486093715,21SJ-14K ﾚｻﾞｰｼﾞｬｹｯﾄ BK 桧垣桜 XL,21SJ-14K,桧垣 BK,XL,NULL,1.00,NULL
2022,202212,20221225,show,デグナー京都本店,4524486093630,21SJ-14K ﾚｻﾞｰｼﾞｬｹｯﾄ BK 風神雷神BE M,21SJ-14K,風BK/BE,M,京都府,1.00,NULL
2022,202212,20221226,1067,株式会社 ﾓﾉﾀﾞｲﾚｸﾄ,4524486093647,21SJ-14K ﾚｻﾞｰｼﾞｬｹｯﾄ BK 風神雷神BE L,21SJ-14K,風BK/BE,L,神奈川県,1.00,KMC北関東
2023,202301,20230102,show,デグナー京都本店,4524486093708,21SJ-14K ﾚｻﾞｰｼﾞｬｹｯﾄ BK 桧垣桜 L,21SJ-14K,桧垣 BK,L,京都府,1.00,NULL
2023,202301,20230105,0000,いちげん,4524486093647,21SJ-14K ﾚｻﾞｰｼﾞｬｹｯﾄ BK 風神雷神BE L,21SJ-14K,風BK/BE,L,NULL,1.00,NULL
2023,202301,20230105,0000,いちげん,4524486093715,21SJ-14K ﾚｻﾞｰｼﾞｬｹｯﾄ BK 桧垣桜 XL,21SJ-14K,桧垣 BK,XL,NULL,1.00,NULL
2023,202301,20230105,1113,ﾅｯﾌﾟｽ 仙台泉ｲﾝﾀｰ店,4524486094972,21SJ-14K ﾚｻﾞｰｼﾞｬｹｯﾄ BK 鉄流水雪輪 XL,21SJ-14K,鉄流 BK,XL,宮城県,1.00,NAPS
2023,202301,20230105,show,デグナー京都本店,4524486097959,21SJ-14K ﾚｻﾞｰｼﾞｬｹｯﾄ BK 流水雪輪 LW,21SJ-14K,流水 BK,LW,京都府,1.00,NULL
2023,202301,20230105,show,デグナー京都本店,4524486097966,21SJ-14K ﾚｻﾞｰｼﾞｬｹｯﾄ BK 鉄流水雪輪 LW,21SJ-14K,鉄流 BK,LW,京都府,1.00,NULL
2023,202301,20230106,0747,ﾅｯﾌﾟｽ 広島店,4524486093654,21SJ-14K ﾚｻﾞｰｼﾞｬｹｯﾄ BK 風神雷神BE XL,21SJ-14K,風BK/BE,XL,広島県,1.00,NAPS
2023,202301,20230107,9996,株式会社 ﾃﾞｸﾞﾅｰ,4524486093708,21SJ-14K ﾚｻﾞｰｼﾞｬｹｯﾄ BK 桧垣桜 L,21SJ-14K,桧垣 BK,L,NULL,1.00,NULL
2023,202301,20230108,9996,株式会社 ﾃﾞｸﾞﾅｰ,4524486093661,21SJ-14K ﾚｻﾞｰｼﾞｬｹｯﾄ BK 流水雪輪 M,21SJ-14K,流水 BK,M,NULL,1.00,NULL
2023,202301,20230109,show,デグナー京都本店,4524486093647,21SJ-14K ﾚｻﾞｰｼﾞｬｹｯﾄ BK 風神雷神BE L,21SJ-14K,風BK/BE,L,京都府,1.00,NULL
2023,202301,20230111,1392,株式会社JTBふるさと開発事業部,4524486093678,21SJ-14K ﾚｻﾞｰｼﾞｬｹｯﾄ BK 流水雪輪 L,21SJ-14K,流水 BK,L,NULL,1.00,NULL
2023,202301,20230111,1392,株式会社JTBふるさと開発事業部,4524486093708,21SJ-14K ﾚｻﾞｰｼﾞｬｹｯﾄ BK 桧垣桜 L,21SJ-14K,桧垣 BK,L,NULL,1.00,NULL
2023,202301,20230111,1392,株式会社JTBふるさと開発事業部,4524486093708,21SJ-14K ﾚｻﾞｰｼﾞｬｹｯﾄ BK 桧垣桜 L,21SJ-14K,桧垣 BK,L,NULL,1.00,NULL
2023,202301,20230112,1392,株式会社JTBふるさと開発事業部,4524486093708,21SJ-14K ﾚｻﾞｰｼﾞｬｹｯﾄ BK 桧垣桜 L,21SJ-14K,桧垣 BK,L,NULL,1.00,NULL
2023,202301,20230112,ansi,ANSIN MOTO CO.,4524486093715,21SJ-14K ﾚｻﾞｰｼﾞｬｹｯﾄ BK 桧垣桜 XL,21SJ-14K,桧垣 BK,XL,台湾,1.00,NULL
2023,202301,20230116,0000,いちげん,4524486093692,21SJ-14K ﾚｻﾞｰｼﾞｬｹｯﾄ BK 桧垣桜 M,21SJ-14K,桧垣 BK,M,NULL,1.00,NULL
2023,202301,20230116,1392,株式会社JTBふるさと開発事業部,4524486093678,21SJ-14K ﾚｻﾞｰｼﾞｬｹｯﾄ BK 流水雪輪 L,21SJ-14K,流水 BK,L,NULL,1.00,NULL
2023,202301,20230116,1392,株式会社JTBふるさと開発事業部,4524486093708,21SJ-14K ﾚｻﾞｰｼﾞｬｹｯﾄ BK 桧垣桜 L,21SJ-14K,桧垣 BK,L,NULL,1.00,NULL
2023,202301,20230116,9996,株式会社 ﾃﾞｸﾞﾅｰ,4524486094958,21SJ-14K ﾚｻﾞｰｼﾞｬｹｯﾄ BK 鉄流水雪輪 M,21SJ-14K,鉄流 BK,M,NULL,1.00,NULL
2023,202301,20230116,9996,株式会社 ﾃﾞｸﾞﾅｰ,4524486094965,21SJ-14K ﾚｻﾞｰｼﾞｬｹｯﾄ BK 鉄流水雪輪 L,21SJ-14K,鉄流 BK,L,NULL,1.00,NULL
2023,202301,20230117,0000,いちげん,4524486093661,21SJ-14K ﾚｻﾞｰｼﾞｬｹｯﾄ BK 流水雪輪 M,21SJ-14K,流水 BK,M,NULL,1.00,NULL
2023,202301,20230117,0000,いちげん,4524486093708,21SJ-14K ﾚｻﾞｰｼﾞｬｹｯﾄ BK 桧垣桜 L,21SJ-14K,桧垣 BK,L,NULL,1.00,NULL
2023,202301,20230117,0000,いちげん,4524486093715,21SJ-14K ﾚｻﾞｰｼﾞｬｹｯﾄ BK 桧垣桜 XL,21SJ-14K,桧垣 BK,XL,NULL,-1.00,NULL
2023,202301,20230117,0693,ﾅｯﾌﾟｽ 埼玉店,4524486093685,21SJ-14K ﾚｻﾞｰｼﾞｬｹｯﾄ BK 流水雪輪 XL,21SJ-14K,流水 BK,XL,埼玉県,1.00,NAPS
2023,202301,20230117,1113,ﾅｯﾌﾟｽ 仙台泉ｲﾝﾀｰ店,4524486093678,21SJ-14K ﾚｻﾞｰｼﾞｬｹｯﾄ BK 流水雪輪 L,21SJ-14K,流水 BK,L,宮城県,1.00,NAPS
2023,202301,20230117,1273,ﾗｲｺﾗﾝﾄﾞ 小倉店,4524486093708,21SJ-14K ﾚｻﾞｰｼﾞｬｹｯﾄ BK 桧垣桜 L,21SJ-14K,桧垣 BK,L,福岡県,1.00,NAPS
2023,202301,20230119,1392,株式会社JTBふるさと開発事業部,4524486093661,21SJ-14K ﾚｻﾞｰｼﾞｬｹｯﾄ BK 流水雪輪 M,21SJ-14K,流水 BK,M,NULL,1.00,NULL
2023,202301,20230119,1392,株式会社JTBふるさと開発事業部,4524486093661,21SJ-14K ﾚｻﾞｰｼﾞｬｹｯﾄ BK 流水雪輪 M,21SJ-14K,流水 BK,M,NULL,1.00,NULL
2023,202301,20230119,1392,株式会社JTBふるさと開発事業部,4524486093678,21SJ-14K ﾚｻﾞｰｼﾞｬｹｯﾄ BK 流水雪輪 L,21SJ-14K,流水 BK,L,NULL,1.00,NULL
2023,202301,20230119,1392,株式会社JTBふるさと開発事業部,4524486093678,21SJ-14K ﾚｻﾞｰｼﾞｬｹｯﾄ BK 流水雪輪 L,21SJ-14K,流水 BK,L,NULL,1.00,NULL
2023,202301,20230119,1392,株式会社JTBふるさと開発事業部,4524486093678,21SJ-14K ﾚｻﾞｰｼﾞｬｹｯﾄ BK 流水雪輪 L,21SJ-14K,流水 BK,L,NULL,1.00,NULL
2023,202301,20230119,1392,株式会社JTBふるさと開発事業部,4524486093692,21SJ-14K ﾚｻﾞｰｼﾞｬｹｯﾄ BK 桧垣桜 M,21SJ-14K,桧垣 BK,M,NULL,1.00,NULL
2023,202301,20230119,1392,株式会社JTBふるさと開発事業部,4524486093692,21SJ-14K ﾚｻﾞｰｼﾞｬｹｯﾄ BK 桧垣桜 M,21SJ-14K,桧垣 BK,M,NULL,1.00,NULL
2023,202301,20230119,1392,株式会社JTBふるさと開発事業部,4524486093708,21SJ-14K ﾚｻﾞｰｼﾞｬｹｯﾄ BK 桧垣桜 L,21SJ-14K,桧垣 BK,L,NULL,1.00,NULL
2023,202301,20230123,1392,株式会社JTBふるさと開発事業部,4524486093661,21SJ-14K ﾚｻﾞｰｼﾞｬｹｯﾄ BK 流水雪輪 M,21SJ-14K,流水 BK,M,NULL,1.00,NULL
2023,202301,20230124,1392,株式会社JTBふるさと開発事業部,4524486093715,21SJ-14K ﾚｻﾞｰｼﾞｬｹｯﾄ BK 桧垣桜 XL,21SJ-14K,桧垣 BK,XL,NULL,1.00,NULL
2023,202301,20230124,1408,ﾅｯﾌﾟｽ 堺ｲﾝﾀｰ店,4524486093692,21SJ-14K ﾚｻﾞｰｼﾞｬｹｯﾄ BK 桧垣桜 M,21SJ-14K,桧垣 BK,M,大阪府,1.00,NAPS
2023,202301,20230124,1408,ﾅｯﾌﾟｽ 堺ｲﾝﾀｰ店,4524486093715,21SJ-14K ﾚｻﾞｰｼﾞｬｹｯﾄ BK 桧垣桜 XL,21SJ-14K,桧垣 BK,XL,大阪府,1.00,NAPS
2023,202301,20230124,ansi,ANSIN MOTO CO.,4524486093692,21SJ-14K ﾚｻﾞｰｼﾞｬｹｯﾄ BK 桧垣桜 M,21SJ-14K,桧垣 BK,M,台湾,1.00,NULL
2023,202301,20230126,0000,いちげん,4524486093715,21SJ-14K ﾚｻﾞｰｼﾞｬｹｯﾄ BK 桧垣桜 XL,21SJ-14K,桧垣 BK,XL,NULL,1.00,NULL
2023,202301,20230126,9996,株式会社 ﾃﾞｸﾞﾅｰ,4524486093654,21SJ-14K ﾚｻﾞｰｼﾞｬｹｯﾄ BK 風神雷神BE XL,21SJ-14K,風BK/BE,XL,NULL,1.00,NULL
2023,202301,20230131,ansi,ANSIN MOTO CO.,4524486094972,21SJ-14K ﾚｻﾞｰｼﾞｬｹｯﾄ BK 鉄流水雪輪 XL,21SJ-14K,鉄流 BK,XL,台湾,1.00,NULL
2023,202302,20230201,1392,株式会社JTBふるさと開発事業部,4524486093661,21SJ-14K ﾚｻﾞｰｼﾞｬｹｯﾄ BK 流水雪輪 M,21SJ-14K,流水 BK,M,NULL,1.00,NULL
2023,202302,20230201,1392,株式会社JTBふるさと開発事業部,4524486093678,21SJ-14K ﾚｻﾞｰｼﾞｬｹｯﾄ BK 流水雪輪 L,21SJ-14K,流水 BK,L,NULL,-1.00,NULL
2023,202302,20230201,1392,株式会社JTBふるさと開発事業部,4524486093685,21SJ-14K ﾚｻﾞｰｼﾞｬｹｯﾄ BK 流水雪輪 XL,21SJ-14K,流水 BK,XL,NULL,1.00,NULL
2023,202302,20230201,1392,株式会社JTBふるさと開発事業部,4524486093708,21SJ-14K ﾚｻﾞｰｼﾞｬｹｯﾄ BK 桧垣桜 L,21SJ-14K,桧垣 BK,L,NULL,1.00,NULL
2023,202302,20230201,1408,ﾅｯﾌﾟｽ 堺ｲﾝﾀｰ店,4524486093708,21SJ-14K ﾚｻﾞｰｼﾞｬｹｯﾄ BK 桧垣桜 L,21SJ-14K,桧垣 BK,L,大阪府,1.00,NAPS
2023,202302,20230203,9996,株式会社 ﾃﾞｸﾞﾅｰ,4524486093647,21SJ-14K ﾚｻﾞｰｼﾞｬｹｯﾄ BK 風神雷神BE L,21SJ-14K,風BK/BE,L,NULL,1.00,NULL
2023,202302,20230206,0000,いちげん,4524486097959,21SJ-14K ﾚｻﾞｰｼﾞｬｹｯﾄ BK 流水雪輪 LW,21SJ-14K,流水 BK,LW,NULL,1.00,NULL
2023,202302,20230209,a278,ﾊｰﾚｰｶｽﾀﾏｰｼﾞｬﾊﾟﾝ,4524486093654,21SJ-14K ﾚｻﾞｰｼﾞｬｹｯﾄ BK 風神雷神BE XL,21SJ-14K,風BK/BE,XL,広島県,1.00,KMC南関東
2023,202302,20230211,show,デグナー京都本店,4524486093715,21SJ-14K ﾚｻﾞｰｼﾞｬｹｯﾄ BK 桧垣桜 XL,21SJ-14K,桧垣 BK,XL,京都府,1.00,NULL
2023,202302,20230213,0000,いちげん,4524486094972,21SJ-14K ﾚｻﾞｰｼﾞｬｹｯﾄ BK 鉄流水雪輪 XL,21SJ-14K,鉄流 BK,XL,NULL,1.00,NULL
2023,202302,20230213,9996,株式会社 ﾃﾞｸﾞﾅｰ,4524486093647,21SJ-14K ﾚｻﾞｰｼﾞｬｹｯﾄ BK 風神雷神BE L,21SJ-14K,風BK/BE,L,NULL,1.00,NULL
2023,202302,20230214,0598,ﾗｲｺﾗﾝﾄﾞ TokyoBay東雲店,4524486093715,21SJ-14K ﾚｻﾞｰｼﾞｬｹｯﾄ BK 桧垣桜 XL,21SJ-14K,桧垣 BK,XL,東京都,1.00,NAPS
2023,202302,20230217,0598,ﾗｲｺﾗﾝﾄﾞ TokyoBay東雲店,4524486093685,21SJ-14K ﾚｻﾞｰｼﾞｬｹｯﾄ BK 流水雪輪 XL,21SJ-14K,流水 BK,XL,東京都,1.00,NAPS
2023,202302,20230217,1251,帝都産業 株式会社,4524486093661,21SJ-14K ﾚｻﾞｰｼﾞｬｹｯﾄ BK 流水雪輪 M,21SJ-14K,流水 BK,M,東京都,1.00,KMC南関東
2023,202302,20230217,1256,株式会社 ｵｰｳﾞｧｰﾎｰﾙﾃﾞｨﾝｸﾞｽ,4524486093708,21SJ-14K ﾚｻﾞｰｼﾞｬｹｯﾄ BK 桧垣桜 L,21SJ-14K,桧垣 BK,L,三重県,1.00,NAPS
2023,202302,20230220,0000,いちげん,4524486094965,21SJ-14K ﾚｻﾞｰｼﾞｬｹｯﾄ BK 鉄流水雪輪 L,21SJ-14K,鉄流 BK,L,NULL,1.00,NULL
2023,202302,20230220,1392,株式会社JTBふるさと開発事業部,4524486093685,21SJ-14K ﾚｻﾞｰｼﾞｬｹｯﾄ BK 流水雪輪 XL,21SJ-14K,流水 BK,XL,NULL,1.00,NULL
2023,202302,20230220,1392,株式会社JTBふるさと開発事業部,4524486093685,21SJ-14K ﾚｻﾞｰｼﾞｬｹｯﾄ BK 流水雪輪 XL,21SJ-14K,流水 BK,XL,NULL,1.00,NULL
2023,202302,20230220,ansi,ANSIN MOTO CO.,4524486093661,21SJ-14K ﾚｻﾞｰｼﾞｬｹｯﾄ BK 流水雪輪 M,21SJ-14K,流水 BK,M,台湾,1.00,NULL
2023,202302,20230220,ansi,ANSIN MOTO CO.,4524486093678,21SJ-14K ﾚｻﾞｰｼﾞｬｹｯﾄ BK 流水雪輪 L,21SJ-14K,流水 BK,L,台湾,1.00,NULL
2023,202302,20230220,ansi,ANSIN MOTO CO.,4524486093685,21SJ-14K ﾚｻﾞｰｼﾞｬｹｯﾄ BK 流水雪輪 XL,21SJ-14K,流水 BK,XL,台湾,1.00,NULL
2023,202302,20230221,1392,株式会社JTBふるさと開発事業部,4524486093685,21SJ-14K ﾚｻﾞｰｼﾞｬｹｯﾄ BK 流水雪輪 XL,21SJ-14K,流水 BK,XL,NULL,1.00,NULL
2023,202302,20230221,1392,株式会社JTBふるさと開発事業部,4524486093685,21SJ-14K ﾚｻﾞｰｼﾞｬｹｯﾄ BK 流水雪輪 XL,21SJ-14K,流水 BK,XL,NULL,1.00,NULL
2023,202302,20230221,1392,株式会社JTBふるさと開発事業部,4524486093685,21SJ-14K ﾚｻﾞｰｼﾞｬｹｯﾄ BK 流水雪輪 XL,21SJ-14K,流水 BK,XL,NULL,1.00,NULL
2023,202302,20230221,1409,ﾅｯﾌﾟｽ ららぽーと立川立飛店,4524486093692,21SJ-14K ﾚｻﾞｰｼﾞｬｹｯﾄ BK 桧垣桜 M,21SJ-14K,桧垣 BK,M,東京都,1.00,NAPS
2023,202302,20230221,1409,ﾅｯﾌﾟｽ ららぽーと立川立飛店,4524486093708,21SJ-14K ﾚｻﾞｰｼﾞｬｹｯﾄ BK 桧垣桜 L,21SJ-14K,桧垣 BK,L,東京都,1.00,NAPS
2023,202302,20230221,1409,ﾅｯﾌﾟｽ ららぽーと立川立飛店,4524486093715,21SJ-14K ﾚｻﾞｰｼﾞｬｹｯﾄ BK 桧垣桜 XL,21SJ-14K,桧垣 BK,XL,東京都,1.00,NAPS
2023,202302,20230222,0000,いちげん,4524486093708,21SJ-14K ﾚｻﾞｰｼﾞｬｹｯﾄ BK 桧垣桜 L,21SJ-14K,桧垣 BK,L,NULL,1.00,NULL
2023,202302,20230222,0693,ﾅｯﾌﾟｽ 埼玉店,4524486093685,21SJ-14K ﾚｻﾞｰｼﾞｬｹｯﾄ BK 流水雪輪 XL,21SJ-14K,流水 BK,XL,埼玉県,1.00,NAPS
2023,202302,20230222,1392,株式会社JTBふるさと開発事業部,4524486093661,21SJ-14K ﾚｻﾞｰｼﾞｬｹｯﾄ BK 流水雪輪 M,21SJ-14K,流水 BK,M,NULL,1.00,NULL
2023,202302,20230222,1392,株式会社JTBふるさと開発事業部,4524486093685,21SJ-14K ﾚｻﾞｰｼﾞｬｹｯﾄ BK 流水雪輪 XL,21SJ-14K,流水 BK,XL,NULL,1.00,NULL
2023,202302,20230223,show,デグナー京都本店,4524486094972,21SJ-14K ﾚｻﾞｰｼﾞｬｹｯﾄ BK 鉄流水雪輪 XL,21SJ-14K,鉄流 BK,XL,京都府,1.00,NULL
2023,202302,20230224,9996,株式会社 ﾃﾞｸﾞﾅｰ,4524486093715,21SJ-14K ﾚｻﾞｰｼﾞｬｹｯﾄ BK 桧垣桜 XL,21SJ-14K,桧垣 BK,XL,NULL,1.00,NULL
2023,202302,20230226,show,デグナー京都本店,4524486097959,21SJ-14K ﾚｻﾞｰｼﾞｬｹｯﾄ BK 流水雪輪 LW,21SJ-14K,流水 BK,LW,京都府,1.00,NULL
2023,202302,20230227,1392,株式会社JTBふるさと開発事業部,4524486093685,21SJ-14K ﾚｻﾞｰｼﾞｬｹｯﾄ BK 流水雪輪 XL,21SJ-14K,流水 BK,XL,NULL,1.00,NULL
2023,202302,20230227,1392,株式会社JTBふるさと開発事業部,4524486093685,21SJ-14K ﾚｻﾞｰｼﾞｬｹｯﾄ BK 流水雪輪 XL,21SJ-14K,流水 BK,XL,NULL,1.00,NULL
2023,202303,20230301,0653,株式会社 光輝 南海部品仙台店,4524486093708,21SJ-14K ﾚｻﾞｰｼﾞｬｹｯﾄ BK 桧垣桜 L,21SJ-14K,桧垣 BK,L,宮城県,1.00,NAPS
2023,202303,20230301,1392,株式会社JTBふるさと開発事業部,4524486093678,21SJ-14K ﾚｻﾞｰｼﾞｬｹｯﾄ BK 流水雪輪 L,21SJ-14K,流水 BK,L,NULL,1.00,NULL
2023,202303,20230301,ansi,ANSIN MOTO CO.,4524486093708,21SJ-14K ﾚｻﾞｰｼﾞｬｹｯﾄ BK 桧垣桜 L,21SJ-14K,桧垣 BK,L,台湾,1.00,NULL
2023,202303,20230301,ansi,ANSIN MOTO CO.,4524486093715,21SJ-14K ﾚｻﾞｰｼﾞｬｹｯﾄ BK 桧垣桜 XL,21SJ-14K,桧垣 BK,XL,台湾,1.00,NULL
2023,202303,20230302,0000,いちげん,4524486093715,21SJ-14K ﾚｻﾞｰｼﾞｬｹｯﾄ BK 桧垣桜 XL,21SJ-14K,桧垣 BK,XL,NULL,1.00,NULL
2023,202303,20230302,0978,ﾗｲｺﾗﾝﾄﾞ 福岡空港店,4524486093708,21SJ-14K ﾚｻﾞｰｼﾞｬｹｯﾄ BK 桧垣桜 L,21SJ-14K,桧垣 BK,L,福岡県,1.00,NAPS
2023,202303,20230302,0978,ﾗｲｺﾗﾝﾄﾞ 福岡空港店,4524486094972,21SJ-14K ﾚｻﾞｰｼﾞｬｹｯﾄ BK 鉄流水雪輪 XL,21SJ-14K,鉄流 BK,XL,福岡県,1.00,NAPS
2023,202303,20230303,0324,ﾗｲｺﾗﾝﾄﾞ 埼玉店,4524486093715,21SJ-14K ﾚｻﾞｰｼﾞｬｹｯﾄ BK 桧垣桜 XL,21SJ-14K,桧垣 BK,XL,埼玉県,1.00,NAPS
2023,202303,20230307,1392,株式会社JTBふるさと開発事業部,4524486093715,21SJ-14K ﾚｻﾞｰｼﾞｬｹｯﾄ BK 桧垣桜 XL,21SJ-14K,桧垣 BK,XL,NULL,1.00,NULL
2023,202303,20230308,0000,いちげん,4524486093708,21SJ-14K ﾚｻﾞｰｼﾞｬｹｯﾄ BK 桧垣桜 L,21SJ-14K,桧垣 BK,L,NULL,1.00,NULL
2023,202303,20230308,0000,いちげん,4524486093715,21SJ-14K ﾚｻﾞｰｼﾞｬｹｯﾄ BK 桧垣桜 XL,21SJ-14K,桧垣 BK,XL,NULL,-1.00,NULL
2023,202303,20230309,0000,いちげん,4524486093708,21SJ-14K ﾚｻﾞｰｼﾞｬｹｯﾄ BK 桧垣桜 L,21SJ-14K,桧垣 BK,L,NULL,1.00,NULL
2023,202303,20230310,show,デグナー京都本店,4524486093678,21SJ-14K ﾚｻﾞｰｼﾞｬｹｯﾄ BK 流水雪輪 L,21SJ-14K,流水 BK,L,京都府,1.00,NULL
2023,202303,20230311,9996,株式会社 ﾃﾞｸﾞﾅｰ,4524486093654,21SJ-14K ﾚｻﾞｰｼﾞｬｹｯﾄ BK 風神雷神BE XL,21SJ-14K,風BK/BE,XL,NULL,1.00,NULL
2023,202303,20230318,show,デグナー京都本店,4524486097959,21SJ-14K ﾚｻﾞｰｼﾞｬｹｯﾄ BK 流水雪輪 LW,21SJ-14K,流水 BK,LW,京都府,1.00,NULL
2023,202303,20230318,show,デグナー京都本店,4524486097973,21SJ-14K ﾚｻﾞｰｼﾞｬｹｯﾄ BK 桧垣桜 LW,21SJ-14K,桧垣 BK,LW,京都府,1.00,NULL
2023,202303,20230319,show,デグナー京都本店,4524486094965,21SJ-14K ﾚｻﾞｰｼﾞｬｹｯﾄ BK 鉄流水雪輪 L,21SJ-14K,鉄流 BK,L,京都府,1.00,NULL
2023,202303,20230319,show,デグナー京都本店,4524486103247,21SJ-14K ﾚｻﾞｰｼﾞｬｹｯﾄ BK L 雲龍,21SJ-14K,雲龍 BK,L,京都府,1.00,NULL
2023,202303,20230320,0000,いちげん,4524486103230,21SJ-14K ﾚｻﾞｰｼﾞｬｹｯﾄ BK M 雲龍,21SJ-14K,雲龍 BK,M,NULL,1.00,NULL
2023,202303,20230322,0000,いちげん,4524486093678,21SJ-14K ﾚｻﾞｰｼﾞｬｹｯﾄ BK 流水雪輪 L,21SJ-14K,流水 BK,L,NULL,1.00,NULL
2023,202303,20230322,0855,ﾅｯﾌﾟｽ 福岡店,4524486093692,21SJ-14K ﾚｻﾞｰｼﾞｬｹｯﾄ BK 桧垣桜 M,21SJ-14K,桧垣 BK,M,福岡県,1.00,NAPS
2023,202303,20230322,0855,ﾅｯﾌﾟｽ 福岡店,4524486093715,21SJ-14K ﾚｻﾞｰｼﾞｬｹｯﾄ BK 桧垣桜 XL,21SJ-14K,桧垣 BK,XL,福岡県,1.00,NAPS
2023,202303,20230323,0574,株式会社ﾘﾊﾞｰｸﾚｲﾝ,4524486093661,21SJ-14K ﾚｻﾞｰｼﾞｬｹｯﾄ BK 流水雪輪 M,21SJ-14K,流水 BK,M,神奈川県,1.00,KMC北関東
2023,202303,20230325,show,デグナー京都本店,4524486093692,21SJ-14K ﾚｻﾞｰｼﾞｬｹｯﾄ BK 桧垣桜 M,21SJ-14K,桧垣 BK,M,京都府,1.00,NULL
2023,202303,20230325,show,デグナー京都本店,4524486094972,21SJ-14K ﾚｻﾞｰｼﾞｬｹｯﾄ BK 鉄流水雪輪 XL,21SJ-14K,鉄流 BK,XL,京都府,1.00,NULL
2023,202303,20230327,1409,ﾅｯﾌﾟｽ ららぽーと立川立飛店,4524486093708,21SJ-14K ﾚｻﾞｰｼﾞｬｹｯﾄ BK 桧垣桜 L,21SJ-14K,桧垣 BK,L,東京都,1.00,NAPS
2023,202303,20230327,show,デグナー京都本店,4524486094958,21SJ-14K ﾚｻﾞｰｼﾞｬｹｯﾄ BK 鉄流水雪輪 M,21SJ-14K,鉄流 BK,M,京都府,1.00,NULL
2023,202303,20230328,1113,ﾅｯﾌﾟｽ 仙台泉ｲﾝﾀｰ店,4524486093678,21SJ-14K ﾚｻﾞｰｼﾞｬｹｯﾄ BK 流水雪輪 L,21SJ-14K,流水 BK,L,宮城県,1.00,NAPS
2023,202303,20230328,ride,Riderment Company,4524486094972,21SJ-14K ﾚｻﾞｰｼﾞｬｹｯﾄ BK 鉄流水雪輪 XL,21SJ-14K,鉄流 BK,XL,台湾,1.00,NULL
2023,202303,20230330,9996,株式会社 ﾃﾞｸﾞﾅｰ,4524486103247,21SJ-14K ﾚｻﾞｰｼﾞｬｹｯﾄ BK L 雲龍,21SJ-14K,雲龍 BK,L,NULL,1.00,NULL
2023,202303,20230331,9996,株式会社 ﾃﾞｸﾞﾅｰ,4524486093630,21SJ-14K ﾚｻﾞｰｼﾞｬｹｯﾄ BK 風神雷神BE M,21SJ-14K,風BK/BE,M,NULL,1.00,NULL
2023,202304,20230401,9996,株式会社 ﾃﾞｸﾞﾅｰ,4524486093678,21SJ-14K ﾚｻﾞｰｼﾞｬｹｯﾄ BK 流水雪輪 L,21SJ-14K,流水 BK,L,NULL,1.00,NULL
2023,202304,20230402,9996,株式会社 ﾃﾞｸﾞﾅｰ,4524486094965,21SJ-14K ﾚｻﾞｰｼﾞｬｹｯﾄ BK 鉄流水雪輪 L,21SJ-14K,鉄流 BK,L,NULL,1.00,NULL
2023,202304,20230403,0434,南海部品 太田店,4524486093708,21SJ-14K ﾚｻﾞｰｼﾞｬｹｯﾄ BK 桧垣桜 L,21SJ-14K,桧垣 BK,L,群馬県,1.00,NAPS
2023,202304,20230404,0375,SEED 岡崎店SPROUT,4524486093647,21SJ-14K ﾚｻﾞｰｼﾞｬｹｯﾄ BK 風神雷神BE L,21SJ-14K,風BK/BE,L,愛知県,1.00,NAPS
2023,202304,20230404,0375,SEED 岡崎店SPROUT,4524486093685,21SJ-14K ﾚｻﾞｰｼﾞｬｹｯﾄ BK 流水雪輪 XL,21SJ-14K,流水 BK,XL,愛知県,1.00,NAPS
2023,202304,20230404,0375,SEED 岡崎店SPROUT,4524486093692,21SJ-14K ﾚｻﾞｰｼﾞｬｹｯﾄ BK 桧垣桜 M,21SJ-14K,桧垣 BK,M,愛知県,1.00,NAPS
2023,202304,20230404,0375,SEED 岡崎店SPROUT,4524486093708,21SJ-14K ﾚｻﾞｰｼﾞｬｹｯﾄ BK 桧垣桜 L,21SJ-14K,桧垣 BK,L,愛知県,1.00,NAPS
2023,202304,20230404,0375,SEED 岡崎店SPROUT,4524486094965,21SJ-14K ﾚｻﾞｰｼﾞｬｹｯﾄ BK 鉄流水雪輪 L,21SJ-14K,鉄流 BK,L,愛知県,1.00,NAPS
2023,202304,20230404,0375,SEED 岡崎店SPROUT,4524486094972,21SJ-14K ﾚｻﾞｰｼﾞｬｹｯﾄ BK 鉄流水雪輪 XL,21SJ-14K,鉄流 BK,XL,愛知県,1.00,NAPS
2023,202304,20230407,0000,いちげん,4524486094972,21SJ-14K ﾚｻﾞｰｼﾞｬｹｯﾄ BK 鉄流水雪輪 XL,21SJ-14K,鉄流 BK,XL,NULL,1.00,NULL
2023,202304,20230407,1067,株式会社 ﾓﾉﾀﾞｲﾚｸﾄ,4524486094965,21SJ-14K ﾚｻﾞｰｼﾞｬｹｯﾄ BK 鉄流水雪輪 L,21SJ-14K,鉄流 BK,L,神奈川県,1.00,KMC北関東
2023,202304,20230409,0000,いちげん,4524486093630,21SJ-14K ﾚｻﾞｰｼﾞｬｹｯﾄ BK 風神雷神BE M,21SJ-14K,風BK/BE,M,NULL,1.00,NULL
2023,202304,20230410,0000,いちげん,4524486093654,21SJ-14K ﾚｻﾞｰｼﾞｬｹｯﾄ BK 風神雷神BE XL,21SJ-14K,風BK/BE,XL,NULL,1.00,NULL
2023,202304,20230413,1113,ﾅｯﾌﾟｽ 仙台泉ｲﾝﾀｰ店,4524486093678,21SJ-14K ﾚｻﾞｰｼﾞｬｹｯﾄ BK 流水雪輪 L,21SJ-14K,流水 BK,L,宮城県,1.00,NAPS
2023,202304,20230417,0000,いちげん,4524486094958,21SJ-14K ﾚｻﾞｰｼﾞｬｹｯﾄ BK 鉄流水雪輪 M,21SJ-14K,鉄流 BK,M,NULL,1.00,NULL
2023,202304,20230418,1251,帝都産業 株式会社,4524486094965,21SJ-14K ﾚｻﾞｰｼﾞｬｹｯﾄ BK 鉄流水雪輪 L,21SJ-14K,鉄流 BK,L,東京都,1.00,KMC南関東
2023,202304,20230419,1392,株式会社JTBふるさと開発事業部,4524486093692,21SJ-14K ﾚｻﾞｰｼﾞｬｹｯﾄ BK 桧垣桜 M,21SJ-14K,桧垣 BK,M,NULL,1.00,NULL
2023,202304,20230419,1392,株式会社JTBふるさと開発事業部,4524486093708,21SJ-14K ﾚｻﾞｰｼﾞｬｹｯﾄ BK 桧垣桜 L,21SJ-14K,桧垣 BK,L,NULL,1.00,NULL
2023,202304,20230419,1392,株式会社JTBふるさと開発事業部,4524486093708,21SJ-14K ﾚｻﾞｰｼﾞｬｹｯﾄ BK 桧垣桜 L,21SJ-14K,桧垣 BK,L,NULL,1.00,NULL
2023,202304,20230420,1223,ﾗｲｺﾗﾝﾄﾞ CuBe札幌白石店,4524486093661,21SJ-14K ﾚｻﾞｰｼﾞｬｹｯﾄ BK 流水雪輪 M,21SJ-14K,流水 BK,M,北海道,1.00,NAPS
2023,202304,20230420,1223,ﾗｲｺﾗﾝﾄﾞ CuBe札幌白石店,4524486094958,21SJ-14K ﾚｻﾞｰｼﾞｬｹｯﾄ BK 鉄流水雪輪 M,21SJ-14K,鉄流 BK,M,北海道,1.00,NAPS
2023,202304,20230420,1223,ﾗｲｺﾗﾝﾄﾞ CuBe札幌白石店,4524486094965,21SJ-14K ﾚｻﾞｰｼﾞｬｹｯﾄ BK 鉄流水雪輪 L,21SJ-14K,鉄流 BK,L,北海道,1.00,NAPS
2023,202304,20230420,1223,ﾗｲｺﾗﾝﾄﾞ CuBe札幌白石店,4524486094972,21SJ-14K ﾚｻﾞｰｼﾞｬｹｯﾄ BK 鉄流水雪輪 XL,21SJ-14K,鉄流 BK,XL,北海道,1.00,NAPS
2023,202304,20230420,1223,ﾗｲｺﾗﾝﾄﾞ CuBe札幌白石店,4524486097966,21SJ-14K ﾚｻﾞｰｼﾞｬｹｯﾄ BK 鉄流水雪輪 LW,21SJ-14K,鉄流 BK,LW,北海道,1.00,NAPS
2023,202304,20230420,1223,ﾗｲｺﾗﾝﾄﾞ CuBe札幌白石店,4524486097973,21SJ-14K ﾚｻﾞｰｼﾞｬｹｯﾄ BK 桧垣桜 LW,21SJ-14K,桧垣 BK,LW,北海道,1.00,NAPS
2023,202304,20230420,1392,株式会社JTBふるさと開発事業部,4524486093715,21SJ-14K ﾚｻﾞｰｼﾞｬｹｯﾄ BK 桧垣桜 XL,21SJ-14K,桧垣 BK,XL,NULL,1.00,NULL
2023,202304,20230424,0000,いちげん,4524486093692,21SJ-14K ﾚｻﾞｰｼﾞｬｹｯﾄ BK 桧垣桜 M,21SJ-14K,桧垣 BK,M,NULL,1.00,NULL
2023,202304,20230424,0000,いちげん,4524486097966,21SJ-14K ﾚｻﾞｰｼﾞｬｹｯﾄ BK 鉄流水雪輪 LW,21SJ-14K,鉄流 BK,LW,NULL,1.00,NULL
2023,202304,20230424,0582,株式会社 ｷｼﾞﾏ,4524486093654,21SJ-14K ﾚｻﾞｰｼﾞｬｹｯﾄ BK 風神雷神BE XL,21SJ-14K,風BK/BE,XL,東京都,1.00,卸
2023,202304,20230424,1223,ﾗｲｺﾗﾝﾄﾞ CuBe札幌白石店,4524486097959,21SJ-14K ﾚｻﾞｰｼﾞｬｹｯﾄ BK 流水雪輪 LW,21SJ-14K,流水 BK,LW,北海道,1.00,NAPS
2023,202304,20230424,9996,株式会社 ﾃﾞｸﾞﾅｰ,4524486093630,21SJ-14K ﾚｻﾞｰｼﾞｬｹｯﾄ BK 風神雷神BE M,21SJ-14K,風BK/BE,M,NULL,1.00,NULL
2023,202304,20230424,9996,株式会社 ﾃﾞｸﾞﾅｰ,4524486093708,21SJ-14K ﾚｻﾞｰｼﾞｬｹｯﾄ BK 桧垣桜 L,21SJ-14K,桧垣 BK,L,NULL,1.00,NULL
2023,202304,20230425,1392,株式会社JTBふるさと開発事業部,4524486093661,21SJ-14K ﾚｻﾞｰｼﾞｬｹｯﾄ BK 流水雪輪 M,21SJ-14K,流水 BK,M,NULL,1.00,NULL
2023,202304,20230426,1251,帝都産業 株式会社,4524486093708,21SJ-14K ﾚｻﾞｰｼﾞｬｹｯﾄ BK 桧垣桜 L,21SJ-14K,桧垣 BK,L,東京都,1.00,KMC南関東
2023,202304,20230429,show,デグナー京都本店,4524486093692,21SJ-14K ﾚｻﾞｰｼﾞｬｹｯﾄ BK M 桧垣桜,21SJ-14K,BK 桧垣,M,京都府,1.00,NULL
2023,202305,20230501,0432,南海部品 小山店,4524486093678,21SJ-14K ﾚｻﾞｰｼﾞｬｹｯﾄ BK L 流水雪輪,21SJ-14K,BK 流水,L,栃木県,1.00,NAPS
2023,202305,20230501,0432,南海部品 小山店,4524486093708,21SJ-14K ﾚｻﾞｰｼﾞｬｹｯﾄ BK L 桧垣桜,21SJ-14K,BK 桧垣,L,栃木県,1.00,NAPS
2023,202305,20230501,0432,南海部品 小山店,4524486094972,21SJ-14K ﾚｻﾞｰｼﾞｬｹｯﾄ BK XL 鉄流水雪輪,21SJ-14K,BK 鉄流,XL,栃木県,1.00,NAPS
2023,202305,20230502,1113,ﾅｯﾌﾟｽ 仙台泉ｲﾝﾀｰ店,4524486093678,21SJ-14K ﾚｻﾞｰｼﾞｬｹｯﾄ BK L 流水雪輪,21SJ-14K,BK 流水,L,宮城県,1.00,NAPS
2023,202305,20230502,1113,ﾅｯﾌﾟｽ 仙台泉ｲﾝﾀｰ店,4524486094972,21SJ-14K ﾚｻﾞｰｼﾞｬｹｯﾄ BK XL 鉄流水雪輪,21SJ-14K,BK 鉄流,XL,宮城県,1.00,NAPS
2023,202305,20230506,show,デグナー京都本店,4524486094958,21SJ-14K ﾚｻﾞｰｼﾞｬｹｯﾄ BK M 鉄流水雪輪,21SJ-14K,BK 鉄流,M,京都府,1.00,NULL
2023,202305,20230508,0574,株式会社ﾘﾊﾞｰｸﾚｲﾝ,4524486103254,21SJ-14K ﾚｻﾞｰｼﾞｬｹｯﾄ BK XL 雲龍,21SJ-14K,BK 雲龍,XL,神奈川県,1.00,KMC北関東
2023,202305,20230508,0747,ﾅｯﾌﾟｽ 広島店,4524486093654,21SJ-14K ﾚｻﾞｰｼﾞｬｹｯﾄ BK XL 風神雷神BE,21SJ-14K,BK-BE風,XL,広島県,1.00,NAPS
2023,202305,20230509,0598,ﾗｲｺﾗﾝﾄﾞ TokyoBay東雲店,4524486093692,21SJ-14K ﾚｻﾞｰｼﾞｬｹｯﾄ BK M 桧垣桜,21SJ-14K,BK 桧垣,M,東京都,1.00,NAPS
2023,202305,20230509,0598,ﾗｲｺﾗﾝﾄﾞ TokyoBay東雲店,4524486093708,21SJ-14K ﾚｻﾞｰｼﾞｬｹｯﾄ BK L 桧垣桜,21SJ-14K,BK 桧垣,L,東京都,1.00,NAPS
2023,202305,20230509,0693,ﾅｯﾌﾟｽ 埼玉店,4524486093678,21SJ-14K ﾚｻﾞｰｼﾞｬｹｯﾄ BK L 流水雪輪,21SJ-14K,BK 流水,L,埼玉県,1.00,NAPS
2023,202305,20230510,1223,ﾗｲｺﾗﾝﾄﾞ CuBe札幌白石店,4524486094958,21SJ-14K ﾚｻﾞｰｼﾞｬｹｯﾄ BK M 鉄流水雪輪,21SJ-14K,BK 鉄流,M,北海道,1.00,NAPS
2023,202305,20230510,1392,株式会社JTBふるさと開発事業部,4524486093661,21SJ-14K ﾚｻﾞｰｼﾞｬｹｯﾄ BK M 流水雪輪,21SJ-14K,BK 流水,M,NULL,1.00,NULL
2023,202305,20230510,1392,株式会社JTBふるさと開発事業部,4524486093685,21SJ-14K ﾚｻﾞｰｼﾞｬｹｯﾄ BK XL 流水雪輪,21SJ-14K,BK 流水,XL,NULL,1.00,NULL
2023,202305,20230510,show,デグナー京都本店,4524486103254,21SJ-14K ﾚｻﾞｰｼﾞｬｹｯﾄ BK XL 雲龍,21SJ-14K,BK 雲龍,XL,京都府,1.00,NULL
2023,202305,20230512,0574,株式会社ﾘﾊﾞｰｸﾚｲﾝ,4524486097966,21SJ-14K ﾚｻﾞｰｼﾞｬｹｯﾄ BK LW 鉄流水雪輪,21SJ-14K,BK 鉄流,LW,神奈川県,1.00,KMC北関東
2023,202305,20230515,0000,いちげん,4524486093685,21SJ-14K ﾚｻﾞｰｼﾞｬｹｯﾄ BK XL 流水雪輪,21SJ-14K,BK 流水,XL,NULL,1.00,NULL
2023,202305,20230516,0000,いちげん,4524486093661,21SJ-14K ﾚｻﾞｰｼﾞｬｹｯﾄ BK M 流水雪輪,21SJ-14K,BK 流水,M,NULL,1.00,NULL
2023,202305,20230517,9996,株式会社 ﾃﾞｸﾞﾅｰ,4524486093630,21SJ-14K ﾚｻﾞｰｼﾞｬｹｯﾄ BK M 風神雷神BE,21SJ-14K,BK-BE風,M,NULL,1.00,NULL
2023,202305,20230517,show,デグナー京都本店,4524486094972,21SJ-14K ﾚｻﾞｰｼﾞｬｹｯﾄ BK XL 鉄流水雪輪,21SJ-14K,BK 鉄流,XL,京都府,1.00,NULL
2023,202305,20230519,0747,ﾅｯﾌﾟｽ 広島店,4524486093647,21SJ-14K ﾚｻﾞｰｼﾞｬｹｯﾄ BK L 風神雷神BE,21SJ-14K,BK-BE風,L,広島県,1.00,NAPS
2023,202305,20230520,9996,株式会社 ﾃﾞｸﾞﾅｰ,4524486103230,21SJ-14K ﾚｻﾞｰｼﾞｬｹｯﾄ BK M 雲龍,21SJ-14K,BK 雲龍,M,NULL,1.00,NULL
2023,202305,20230525,0000,いちげん,4524486093708,21SJ-14K ﾚｻﾞｰｼﾞｬｹｯﾄ BK L 桧垣桜,21SJ-14K,BK 桧垣,L,NULL,1.00,NULL
2023,202305,20230526,a407,ｺｰｹﾝ,4524486094958,21SJ-14K ﾚｻﾞｰｼﾞｬｹｯﾄ BK M 鉄流水雪輪,21SJ-14K,BK 鉄流,M,神奈川県,1.00,KMC南関東
2023,202305,20230530,1067,株式会社 ﾓﾉﾀﾞｲﾚｸﾄ,4524486094965,21SJ-14K ﾚｻﾞｰｼﾞｬｹｯﾄ BK L 鉄流水雪輪,21SJ-14K,BK 鉄流,L,神奈川県,1.00,KMC北関東
2023,202305,20230531,1392,株式会社JTBふるさと開発事業部,4524486093692,21SJ-14K ﾚｻﾞｰｼﾞｬｹｯﾄ BK M 桧垣桜,21SJ-14K,BK 桧垣,M,NULL,1.00,NULL
2023,202306,20230602,1223,ﾗｲｺﾗﾝﾄﾞ CuBe札幌白石店,4524486093715,21SJ-14K ﾚｻﾞｰｼﾞｬｹｯﾄ BK XL 桧垣桜,21SJ-14K,BK 桧垣,XL,北海道,1.00,NAPS
2023,202306,20230603,9996,株式会社 ﾃﾞｸﾞﾅｰ,4524486093692,21SJ-14K ﾚｻﾞｰｼﾞｬｹｯﾄ BK M 桧垣桜,21SJ-14K,BK 桧垣,M,NULL,1.00,NULL
2023,202306,20230605,1408,ﾅｯﾌﾟｽ 堺ｲﾝﾀｰ店,4524486093692,21SJ-14K ﾚｻﾞｰｼﾞｬｹｯﾄ BK M 桧垣桜,21SJ-14K,BK 桧垣,M,大阪府,-1.00,NAPS
2023,202306,20230605,1408,ﾅｯﾌﾟｽ 堺ｲﾝﾀｰ店,4524486093692,21SJ-14K ﾚｻﾞｰｼﾞｬｹｯﾄ BK M 桧垣桜,21SJ-14K,BK 桧垣,M,大阪府,1.00,NAPS
2023,202306,20230607,ansi,ANSIN MOTO CO.,4524486093661,21SJ-14K ﾚｻﾞｰｼﾞｬｹｯﾄ BK M 流水雪輪,21SJ-14K,BK 流水,M,台湾,2.00,NULL
2023,202306,20230607,ansi,ANSIN MOTO CO.,4524486093678,21SJ-14K ﾚｻﾞｰｼﾞｬｹｯﾄ BK L 流水雪輪,21SJ-14K,BK 流水,L,台湾,1.00,NULL
2023,202306,20230607,ansi,ANSIN MOTO CO.,4524486093678,21SJ-14K ﾚｻﾞｰｼﾞｬｹｯﾄ BK L 流水雪輪,21SJ-14K,BK 流水,L,台湾,1.00,NULL
2023,202306,20230607,ansi,ANSIN MOTO CO.,4524486093685,21SJ-14K ﾚｻﾞｰｼﾞｬｹｯﾄ BK XL 流水雪輪,21SJ-14K,BK 流水,XL,台湾,1.00,NULL
2023,202306,20230607,ansi,ANSIN MOTO CO.,4524486093692,21SJ-14K ﾚｻﾞｰｼﾞｬｹｯﾄ BK M 桧垣桜,21SJ-14K,BK 桧垣,M,台湾,1.00,NULL
2023,202306,20230607,ansi,ANSIN MOTO CO.,4524486094972,21SJ-14K ﾚｻﾞｰｼﾞｬｹｯﾄ BK XL 鉄流水雪輪,21SJ-14K,BK 鉄流,XL,台湾,1.00,NULL
2023,202306,20230608,0000,いちげん,4524486097973,21SJ-14K ﾚｻﾞｰｼﾞｬｹｯﾄ BK LW 桧垣桜,21SJ-14K,BK 桧垣,LW,NULL,1.00,NULL
2023,202306,20230608,0432,南海部品 小山店,4524486093708,21SJ-14K ﾚｻﾞｰｼﾞｬｹｯﾄ BK L 桧垣桜,21SJ-14K,BK 桧垣,L,栃木県,1.00,NAPS
2023,202306,20230613,1392,株式会社JTBふるさと開発事業部,4524486093708,21SJ-14K ﾚｻﾞｰｼﾞｬｹｯﾄ BK L 桧垣桜,21SJ-14K,BK 桧垣,L,NULL,1.00,NULL
2023,202306,20230621,0000,いちげん,4524486103230,21SJ-14K ﾚｻﾞｰｼﾞｬｹｯﾄ BK M 雲龍,21SJ-14K,BK 雲龍,M,NULL,1.00,NULL
2023,202306,20230621,1350,602 高松2りんかん,4524486097959,21SJ-14K ﾚｻﾞｰｼﾞｬｹｯﾄ BK LW 流水雪輪,21SJ-14K,BK 流水,LW,香川県,1.00,KMC北日本
2023,202306,20230623,0000,いちげん,4524486103247,21SJ-14K ﾚｻﾞｰｼﾞｬｹｯﾄ BK L 雲龍,21SJ-14K,BK 雲龍,L,NULL,1.00,NULL
2023,202306,20230623,1392,株式会社JTBふるさと開発事業部,4524486093678,21SJ-14K ﾚｻﾞｰｼﾞｬｹｯﾄ BK L 流水雪輪,21SJ-14K,BK 流水,L,NULL,1.00,NULL
2023,202306,20230623,1392,株式会社JTBふるさと開発事業部,4524486103230,21SJ-14K ﾚｻﾞｰｼﾞｬｹｯﾄ BK M 雲龍,21SJ-14K,BK 雲龍,M,NULL,1.00,NULL
2023,202306,20230626,0000,いちげん,4524486103247,21SJ-14K ﾚｻﾞｰｼﾞｬｹｯﾄ BK L 雲龍,21SJ-14K,BK 雲龍,L,NULL,1.00,NULL
2023,202306,20230626,1113,ﾅｯﾌﾟｽ 仙台泉ｲﾝﾀｰ店,4524486094972,21SJ-14K ﾚｻﾞｰｼﾞｬｹｯﾄ BK XL 鉄流水雪輪,21SJ-14K,BK 鉄流,XL,宮城県,1.00,NAPS
2023,202306,20230627,1392,株式会社JTBふるさと開発事業部,4524486093715,21SJ-14K ﾚｻﾞｰｼﾞｬｹｯﾄ BK XL 桧垣桜,21SJ-14K,BK 桧垣,XL,NULL,1.00,NULL
2023,202306,20230628,0699,Enshin株式会社,4524486093708,21SJ-14K ﾚｻﾞｰｼﾞｬｹｯﾄ BK L 桧垣桜,21SJ-14K,BK 桧垣,L,東京都,1.00,KMC中部
2023,202306,20230630,0318,有限会社ﾃｨﾋﾟﾓｰﾀｰｻｲｸﾙ,4524486093692,21SJ-14K ﾚｻﾞｰｼﾞｬｹｯﾄ BK M 桧垣桜,21SJ-14K,BK 桧垣,M,京都府,1.00,NAPS
2023,202306,20230630,0318,有限会社ﾃｨﾋﾟﾓｰﾀｰｻｲｸﾙ,4524486093692,21SJ-14K ﾚｻﾞｰｼﾞｬｹｯﾄ BK M 桧垣桜,21SJ-14K,BK 桧垣,M,京都府,3.00,NAPS
2023,202306,20230630,0318,有限会社ﾃｨﾋﾟﾓｰﾀｰｻｲｸﾙ,4524486093708,21SJ-14K ﾚｻﾞｰｼﾞｬｹｯﾄ BK L 桧垣桜,21SJ-14K,BK 桧垣,L,京都府,5.00,NAPS
2023,202306,20230630,0318,有限会社ﾃｨﾋﾟﾓｰﾀｰｻｲｸﾙ,4524486093715,21SJ-14K ﾚｻﾞｰｼﾞｬｹｯﾄ BK XL 桧垣桜,21SJ-14K,BK 桧垣,XL,京都府,1.00,NAPS
2023,202306,20230630,0318,有限会社ﾃｨﾋﾟﾓｰﾀｰｻｲｸﾙ,4524486097973,21SJ-14K ﾚｻﾞｰｼﾞｬｹｯﾄ BK LW 桧垣桜,21SJ-14K,BK 桧垣,LW,京都府,1.00,NAPS
2023,202307,20230706,1113,ﾅｯﾌﾟｽ 仙台泉ｲﾝﾀｰ店,4524486093678,21SJ-14K ﾚｻﾞｰｼﾞｬｹｯﾄ BK L 流水雪輪,21SJ-14K,BK 流水,L,宮城県,1.00,NAPS
2023,202307,20230709,9996,株式会社 ﾃﾞｸﾞﾅｰ,4524486093654,21SJ-14K ﾚｻﾞｰｼﾞｬｹｯﾄ BK XL 風神雷神BE,21SJ-14K,BK-BE風,XL,NULL,1.00,NULL
2023,202307,20230710,1147,361 札幌2りんかん,4524486097973,21SJ-14K ﾚｻﾞｰｼﾞｬｹｯﾄ BK LW 桧垣桜,21SJ-14K,BK 桧垣,LW,北海道,1.00,KMC北日本
2023,202307,20230712,1223,ﾗｲｺﾗﾝﾄﾞ CuBe札幌白石店,4524486103230,21SJ-14K ﾚｻﾞｰｼﾞｬｹｯﾄ BK M 雲龍,21SJ-14K,BK 雲龍,M,北海道,1.00,NAPS
2023,202307,20230712,1223,ﾗｲｺﾗﾝﾄﾞ CuBe札幌白石店,4524486103247,21SJ-14K ﾚｻﾞｰｼﾞｬｹｯﾄ BK L 雲龍,21SJ-14K,BK 雲龍,L,北海道,1.00,NAPS
2023,202307,20230712,1223,ﾗｲｺﾗﾝﾄﾞ CuBe札幌白石店,4524486103254,21SJ-14K ﾚｻﾞｰｼﾞｬｹｯﾄ BK XL 雲龍,21SJ-14K,BK 雲龍,XL,北海道,1.00,NAPS
2023,202307,20230716,0000,いちげん,4524486103230,21SJ-14K ﾚｻﾞｰｼﾞｬｹｯﾄ BK M 雲龍,21SJ-14K,BK 雲龍,M,NULL,1.00,NULL
2023,202307,20230716,show,デグナー京都本店,4524486093654,21SJ-14K ﾚｻﾞｰｼﾞｬｹｯﾄ BK XL 風神雷神BE,21SJ-14K,BK-BE風,XL,京都府,1.00,NULL
2023,202307,20230718,0000,いちげん,4524486094965,21SJ-14K ﾚｻﾞｰｼﾞｬｹｯﾄ BK L 鉄流水雪輪,21SJ-14K,BK 鉄流,L,NULL,1.00,NULL
2023,202307,20230719,9996,株式会社 ﾃﾞｸﾞﾅｰ,4524486103247,21SJ-14K ﾚｻﾞｰｼﾞｬｹｯﾄ BK L 雲龍,21SJ-14K,BK 雲龍,L,NULL,1.00,NULL
2023,202307,20230724,1392,株式会社JTBふるさと開発事業部,4524486093692,21SJ-14K ﾚｻﾞｰｼﾞｬｹｯﾄ BK M 桧垣桜,21SJ-14K,BK 桧垣,M,NULL,1.00,NULL
2023,202307,20230727,ansi,ANSIN MOTO CO.,4524486093661,21SJ-14K ﾚｻﾞｰｼﾞｬｹｯﾄ BK M 流水雪輪,21SJ-14K,BK 流水,M,台湾,4.00,NULL
2023,202307,20230727,ansi,ANSIN MOTO CO.,4524486093708,21SJ-14K ﾚｻﾞｰｼﾞｬｹｯﾄ BK L 桧垣桜,21SJ-14K,BK 桧垣,L,台湾,1.00,NULL
2023,202307,20230727,ansi,ANSIN MOTO CO.,4524486094958,21SJ-14K ﾚｻﾞｰｼﾞｬｹｯﾄ BK M 鉄流水雪輪,21SJ-14K,BK 鉄流,M,台湾,1.00,NULL
2023,202307,20230727,show,デグナー京都本店,4524486093630,21SJ-14K ﾚｻﾞｰｼﾞｬｹｯﾄ BK M 風神雷神BE,21SJ-14K,BK-BE風,M,京都府,1.00,NULL
2023,202307,20230729,show,デグナー京都本店,4524486093661,21SJ-14K ﾚｻﾞｰｼﾞｬｹｯﾄ BK M 流水雪輪,21SJ-14K,BK 流水,M,京都府,1.00,NULL
2023,202308,20230801,1251,帝都産業 株式会社,4524486093692,21SJ-14K ﾚｻﾞｰｼﾞｬｹｯﾄ BK M 桧垣桜,21SJ-14K,BK 桧垣,M,東京都,1.00,KMC南関東
2023,202308,20230804,ansi,ANSIN MOTO CO.,4524486094958,21SJ-14K ﾚｻﾞｰｼﾞｬｹｯﾄ BK M 鉄流水雪輪,21SJ-14K,BK 鉄流,M,台湾,1.00,NULL
2023,202308,20230809,1223,ﾗｲｺﾗﾝﾄﾞ CuBe札幌白石店,4524486093715,21SJ-14K ﾚｻﾞｰｼﾞｬｹｯﾄ BK XL 桧垣桜,21SJ-14K,BK 桧垣,XL,北海道,1.00,NAPS
2023,202308,20230809,9996,株式会社 ﾃﾞｸﾞﾅｰ,4524486103315,21SJ-14K ﾚｻﾞｰｼﾞｬｹｯﾄ BK XL 鳥獣戯画,21SJ-14K,BK 鳥獣,XL,NULL,1.00,NULL
2023,202308,20230810,1223,ﾗｲｺﾗﾝﾄﾞ CuBe札幌白石店,4524486093692,21SJ-14K ﾚｻﾞｰｼﾞｬｹｯﾄ BK M 桧垣桜,21SJ-14K,BK 桧垣,M,北海道,1.00,NAPS
2023,202308,20230810,1392,株式会社JTBふるさと開発事業部,4524486093678,21SJ-14K ﾚｻﾞｰｼﾞｬｹｯﾄ BK L 流水雪輪,21SJ-14K,BK 流水,L,NULL,1.00,NULL
2023,202308,20230817,1392,株式会社JTBふるさと開発事業部,4524486093692,21SJ-14K ﾚｻﾞｰｼﾞｬｹｯﾄ BK M 桧垣桜,21SJ-14K,BK 桧垣,M,NULL,1.00,NULL
2023,202308,20230817,1392,株式会社JTBふるさと開発事業部,4524486093715,21SJ-14K ﾚｻﾞｰｼﾞｬｹｯﾄ BK XL 桧垣桜,21SJ-14K,BK 桧垣,XL,NULL,1.00,NULL
2023,202308,20230818,ansi,ANSIN MOTO CO.,4524486094965,21SJ-14K ﾚｻﾞｰｼﾞｬｹｯﾄ BK L 鉄流水雪輪,21SJ-14K,BK 鉄流,L,台湾,1.00,NULL
2023,202308,20230820,show,デグナー京都本店,4524486103247,21SJ-14K ﾚｻﾞｰｼﾞｬｹｯﾄ BK L 雲龍,21SJ-14K,BK 雲龍,L,京都府,1.00,NULL
2023,202308,20230824,1392,株式会社JTBふるさと開発事業部,4524486093692,21SJ-14K ﾚｻﾞｰｼﾞｬｹｯﾄ BK M 桧垣桜,21SJ-14K,BK 桧垣,M,NULL,1.00,NULL
2023,202308,20230824,1392,株式会社JTBふるさと開発事業部,4524486103254,21SJ-14K ﾚｻﾞｰｼﾞｬｹｯﾄ BK XL 雲龍,21SJ-14K,BK 雲龍,XL,NULL,1.00,NULL
2023,202308,20230830,0000,いちげん,4524486097973,21SJ-14K ﾚｻﾞｰｼﾞｬｹｯﾄ BK LW 桧垣桜,21SJ-14K,BK 桧垣,LW,NULL,1.00,NULL
2023,202308,20230830,0699,Enshin株式会社,4524486097973,21SJ-14K ﾚｻﾞｰｼﾞｬｹｯﾄ BK LW 桧垣桜,21SJ-14K,BK 桧垣,LW,東京都,1.00,KMC中部
2023,202308,20230831,0560,ﾄﾞﾗｲﾊﾞｰｽﾞ 神栖店,4524486093678,21SJ-14K ﾚｻﾞｰｼﾞｬｹｯﾄ BK L 流水雪輪,21SJ-14K,BK 流水,L,茨城県,1.00,NAPS
2023,202308,20230831,0560,ﾄﾞﾗｲﾊﾞｰｽﾞ 神栖店,4524486093685,21SJ-14K ﾚｻﾞｰｼﾞｬｹｯﾄ BK XL 流水雪輪,21SJ-14K,BK 流水,XL,茨城県,1.00,NAPS
2023,202309,20230901,1159,新潟中央部品株式会社 長岡店,4524486093685,21SJ-14K ﾚｻﾞｰｼﾞｬｹｯﾄ BK XL 流水雪輪,21SJ-14K,BK 流水,XL,新潟県,1.00,KMC北日本
2023,202309,20230901,1159,新潟中央部品株式会社 長岡店,4524486093708,21SJ-14K ﾚｻﾞｰｼﾞｬｹｯﾄ BK L 桧垣桜,21SJ-14K,BK 桧垣,L,新潟県,1.00,KMC北日本
2023,202309,20230901,1392,株式会社JTBふるさと開発事業部,4524486103230,21SJ-14K ﾚｻﾞｰｼﾞｬｹｯﾄ BK M 雲龍,21SJ-14K,BK 雲龍,M,NULL,1.00,NULL
2023,202309,20230904,1223,ﾗｲｺﾗﾝﾄﾞ CuBe札幌白石店,4524486093678,21SJ-14K ﾚｻﾞｰｼﾞｬｹｯﾄ BK L 流水雪輪,21SJ-14K,BK 流水,L,北海道,1.00,NAPS
2023,202309,20230904,1223,ﾗｲｺﾗﾝﾄﾞ CuBe札幌白石店,4524486097966,21SJ-14K ﾚｻﾞｰｼﾞｬｹｯﾄ BK LW 鉄流水雪輪,21SJ-14K,BK 鉄流,LW,北海道,1.00,NAPS
2023,202309,20230904,1223,ﾗｲｺﾗﾝﾄﾞ CuBe札幌白石店,4524486097973,21SJ-14K ﾚｻﾞｰｼﾞｬｹｯﾄ BK LW 桧垣桜,21SJ-14K,BK 桧垣,LW,北海道,1.00,NAPS
2023,202309,20230904,rmwc,Riding My Way Company,4524486103230,21SJ-14K ﾚｻﾞｰｼﾞｬｹｯﾄ BK M 雲龍,21SJ-14K,BK 雲龍,M,台湾,1.00,NULL
2023,202309,20230904,show,デグナー京都本店,4524486093708,21SJ-14K ﾚｻﾞｰｼﾞｬｹｯﾄ BK L 桧垣桜,21SJ-14K,BK 桧垣,L,京都府,1.00,NULL
2023,202309,20230905,0000,いちげん,4524486103230,21SJ-14K ﾚｻﾞｰｼﾞｬｹｯﾄ BK M 雲龍,21SJ-14K,BK 雲龍,M,NULL,1.00,NULL
2023,202309,20230905,0688,南海部品株式会社,4524486093661,21SJ-14K ﾚｻﾞｰｼﾞｬｹｯﾄ BK M 流水雪輪,21SJ-14K,BK 流水,M,大阪府,1.00,卸
2023,202309,20230905,0688,南海部品株式会社,4524486093708,21SJ-14K ﾚｻﾞｰｼﾞｬｹｯﾄ BK L 桧垣桜,21SJ-14K,BK 桧垣,L,大阪府,1.00,卸
2023,202309,20230905,0688,南海部品株式会社,4524486094972,21SJ-14K ﾚｻﾞｰｼﾞｬｹｯﾄ BK XL 鉄流水雪輪,21SJ-14K,BK 鉄流,XL,大阪府,1.00,卸
2023,202309,20230905,1223,ﾗｲｺﾗﾝﾄﾞ CuBe札幌白石店,4524486093715,21SJ-14K ﾚｻﾞｰｼﾞｬｹｯﾄ BK XL 桧垣桜,21SJ-14K,BK 桧垣,XL,北海道,1.00,NAPS
2023,202309,20230906,1113,ﾅｯﾌﾟｽ 仙台泉ｲﾝﾀｰ店,4524486093678,21SJ-14K ﾚｻﾞｰｼﾞｬｹｯﾄ BK L 流水雪輪,21SJ-14K,BK 流水,L,宮城県,1.00,NAPS
2023,202309,20230907,1392,株式会社JTBふるさと開発事業部,4524486093708,21SJ-14K ﾚｻﾞｰｼﾞｬｹｯﾄ BK L 桧垣桜,21SJ-14K,BK 桧垣,L,NULL,1.00,NULL
2023,202309,20230908,1392,株式会社JTBふるさと開発事業部,4524486093678,21SJ-14K ﾚｻﾞｰｼﾞｬｹｯﾄ BK L 流水雪輪,21SJ-14K,BK 流水,L,NULL,1.00,NULL
2023,202309,20230913,1392,株式会社JTBふるさと開発事業部,4524486093708,21SJ-14K ﾚｻﾞｰｼﾞｬｹｯﾄ BK L 桧垣桜,21SJ-14K,BK 桧垣,L,NULL,1.00,NULL
2023,202309,20230913,1392,株式会社JTBふるさと開発事業部,4524486103247,21SJ-14K ﾚｻﾞｰｼﾞｬｹｯﾄ BK L 雲龍,21SJ-14K,BK 雲龍,L,NULL,1.00,NULL
2023,202309,20230913,1392,株式会社JTBふるさと開発事業部,4524486103254,21SJ-14K ﾚｻﾞｰｼﾞｬｹｯﾄ BK XL 雲龍,21SJ-14K,BK 雲龍,XL,NULL,1.00,NULL
2023,202309,20230917,show,デグナー京都本店,4524486093630,21SJ-14K ﾚｻﾞｰｼﾞｬｹｯﾄ BK M 風神雷神BE,21SJ-14K,BK-BE風,M,京都府,1.00,NULL
2023,202309,20230919,0000,いちげん,4524486093654,21SJ-14K ﾚｻﾞｰｼﾞｬｹｯﾄ BK XL 風神雷神BE,21SJ-14K,BK-BE風,XL,NULL,1.00,NULL
2023,202309,20230919,0574,株式会社ﾘﾊﾞｰｸﾚｲﾝ,4524486097973,21SJ-14K ﾚｻﾞｰｼﾞｬｹｯﾄ BK LW 桧垣桜,21SJ-14K,BK 桧垣,LW,神奈川県,1.00,KMC北関東
2023,202309,20230920,0574,株式会社ﾘﾊﾞｰｸﾚｲﾝ,4524486103292,21SJ-14K ﾚｻﾞｰｼﾞｬｹｯﾄ BK M 鳥獣戯画,21SJ-14K,BK 鳥獣,M,神奈川県,1.00,KMC北関東
2023,202309,20230920,1017,株式会社 ﾊﾞｲｸﾜｰﾙﾄﾞりんくうｼｰｸﾙ店,4524486093678,21SJ-14K ﾚｻﾞｰｼﾞｬｹｯﾄ BK L 流水雪輪,21SJ-14K,BK 流水,L,大阪府,1.00,NAPS
2023,202309,20230920,1392,株式会社JTBふるさと開発事業部,4524486093692,21SJ-14K ﾚｻﾞｰｼﾞｬｹｯﾄ BK M 桧垣桜,21SJ-14K,BK 桧垣,M,NULL,1.00,NULL
2023,202309,20230921,0747,ﾅｯﾌﾟｽ 広島店,4524486093708,21SJ-14K ﾚｻﾞｰｼﾞｬｹｯﾄ BK L 桧垣桜,21SJ-14K,BK 桧垣,L,広島県,1.00,NAPS
2023,202309,20230921,0747,ﾅｯﾌﾟｽ 広島店,4524486093715,21SJ-14K ﾚｻﾞｰｼﾞｬｹｯﾄ BK XL 桧垣桜,21SJ-14K,BK 桧垣,XL,広島県,1.00,NAPS
2023,202309,20230921,1392,株式会社JTBふるさと開発事業部,4524486103247,21SJ-14K ﾚｻﾞｰｼﾞｬｹｯﾄ BK L 雲龍,21SJ-14K,BK 雲龍,L,NULL,1.00,NULL
2023,202309,20230922,0000,いちげん,4524486097959,21SJ-14K ﾚｻﾞｰｼﾞｬｹｯﾄ BK LW 流水雪輪,21SJ-14K,BK 流水,LW,NULL,1.00,NULL
2023,202309,20230922,0688,南海部品株式会社,4524486093678,21SJ-14K ﾚｻﾞｰｼﾞｬｹｯﾄ BK L 流水雪輪,21SJ-14K,BK 流水,L,大阪府,1.00,卸
2023,202309,20230922,0688,南海部品株式会社,4524486093685,21SJ-14K ﾚｻﾞｰｼﾞｬｹｯﾄ BK XL 流水雪輪,21SJ-14K,BK 流水,XL,大阪府,1.00,卸
2023,202309,20230922,1392,株式会社JTBふるさと開発事業部,4524486093661,21SJ-14K ﾚｻﾞｰｼﾞｬｹｯﾄ BK M 流水雪輪,21SJ-14K,BK 流水,M,NULL,1.00,NULL
2023,202309,20230922,1392,株式会社JTBふるさと開発事業部,4524486093661,21SJ-14K ﾚｻﾞｰｼﾞｬｹｯﾄ BK M 流水雪輪,21SJ-14K,BK 流水,M,NULL,1.00,NULL
2023,202309,20230922,1392,株式会社JTBふるさと開発事業部,4524486093715,21SJ-14K ﾚｻﾞｰｼﾞｬｹｯﾄ BK XL 桧垣桜,21SJ-14K,BK 桧垣,XL,NULL,1.00,NULL
2023,202309,20230926,a232,ﾏﾙﾃｨ 出雲店,4524486093647,21SJ-14K ﾚｻﾞｰｼﾞｬｹｯﾄ BK L 風神雷神BE,21SJ-14K,BK-BE風,L,島根県,1.00,KMC北日本
2023,202309,20230926,show,デグナー京都本店,4524486103247,21SJ-14K ﾚｻﾞｰｼﾞｬｹｯﾄ BK L 雲龍,21SJ-14K,BK 雲龍,L,京都府,1.00,NULL
2023,202309,20230927,9996,株式会社 ﾃﾞｸﾞﾅｰ,4524486097973,21SJ-14K ﾚｻﾞｰｼﾞｬｹｯﾄ BK LW 桧垣桜,21SJ-14K,BK 桧垣,LW,NULL,1.00,NULL
2023,202309,20230929,0000,いちげん,4524486103292,21SJ-14K ﾚｻﾞｰｼﾞｬｹｯﾄ BK M 鳥獣戯画,21SJ-14K,BK 鳥獣,M,NULL,1.00,NULL
2023,202309,20230929,1170,ﾅｯﾌﾟｽ 岡山店,4524486093647,21SJ-14K ﾚｻﾞｰｼﾞｬｹｯﾄ BK L 風神雷神BE,21SJ-14K,BK-BE風,L,岡山県,1.00,NAPS
2023,202309,20230929,1170,ﾅｯﾌﾟｽ 岡山店,4524486093692,21SJ-14K ﾚｻﾞｰｼﾞｬｹｯﾄ BK M 桧垣桜,21SJ-14K,BK 桧垣,M,岡山県,1.00,NAPS
2023,202309,20230929,1170,ﾅｯﾌﾟｽ 岡山店,4524486093708,21SJ-14K ﾚｻﾞｰｼﾞｬｹｯﾄ BK L 桧垣桜,21SJ-14K,BK 桧垣,L,岡山県,1.00,NAPS
2023,202309,20230929,1170,ﾅｯﾌﾟｽ 岡山店,4524486093715,21SJ-14K ﾚｻﾞｰｼﾞｬｹｯﾄ BK XL 桧垣桜,21SJ-14K,BK 桧垣,XL,岡山県,1.00,NAPS
2023,202309,20230929,1170,ﾅｯﾌﾟｽ 岡山店,4524486094958,21SJ-14K ﾚｻﾞｰｼﾞｬｹｯﾄ BK M 鉄流水雪輪,21SJ-14K,BK 鉄流,M,岡山県,1.00,NAPS
2023,202309,20230929,1170,ﾅｯﾌﾟｽ 岡山店,4524486094965,21SJ-14K ﾚｻﾞｰｼﾞｬｹｯﾄ BK L 鉄流水雪輪,21SJ-14K,BK 鉄流,L,岡山県,1.00,NAPS
2023,202309,20230929,1170,ﾅｯﾌﾟｽ 岡山店,4524486103254,21SJ-14K ﾚｻﾞｰｼﾞｬｹｯﾄ BK XL 雲龍,21SJ-14K,BK 雲龍,XL,岡山県,1.00,NAPS
2023,202309,20230929,1170,ﾅｯﾌﾟｽ 岡山店,4524486103308,21SJ-14K ﾚｻﾞｰｼﾞｬｹｯﾄ BK L 鳥獣戯画,21SJ-14K,BK 鳥獣,L,岡山県,1.00,NAPS
2023,202309,20230929,1392,株式会社JTBふるさと開発事業部,4524486093692,21SJ-14K ﾚｻﾞｰｼﾞｬｹｯﾄ BK M 桧垣桜,21SJ-14K,BK 桧垣,M,NULL,1.00,NULL
2023,202309,20230929,1392,株式会社JTBふるさと開発事業部,4524486093708,21SJ-14K ﾚｻﾞｰｼﾞｬｹｯﾄ BK L 桧垣桜,21SJ-14K,BK 桧垣,L,NULL,1.00,NULL
2023,202309,20230929,1392,株式会社JTBふるさと開発事業部,4524486103247,21SJ-14K ﾚｻﾞｰｼﾞｬｹｯﾄ BK L 雲龍,21SJ-14K,BK 雲龍,L,NULL,1.00,NULL
2023,202309,20230929,1392,株式会社JTBふるさと開発事業部,4524486103254,21SJ-14K ﾚｻﾞｰｼﾞｬｹｯﾄ BK XL 雲龍,21SJ-14K,BK 雲龍,XL,NULL,1.00,NULL
2023,202309,20230930,9996,株式会社 ﾃﾞｸﾞﾅｰ,4524486103308,21SJ-14K ﾚｻﾞｰｼﾞｬｹｯﾄ BK L 鳥獣戯画,21SJ-14K,BK 鳥獣,L,NULL,1.00,NULL
2023,202310,20231002,0000,いちげん,4524486097959,21SJ-14K ﾚｻﾞｰｼﾞｬｹｯﾄ BK LW 流水雪輪,21SJ-14K,BK 流水,LW,NULL,1.00,NULL
2023,202310,20231002,0598,ﾗｲｺﾗﾝﾄﾞ TokyoBay東雲店,4524486093661,21SJ-14K ﾚｻﾞｰｼﾞｬｹｯﾄ BK M 流水雪輪,21SJ-14K,BK 流水,M,東京都,1.00,NAPS
2023,202310,20231002,0598,ﾗｲｺﾗﾝﾄﾞ TokyoBay東雲店,4524486093678,21SJ-14K ﾚｻﾞｰｼﾞｬｹｯﾄ BK L 流水雪輪,21SJ-14K,BK 流水,L,東京都,1.00,NAPS
2023,202310,20231002,0598,ﾗｲｺﾗﾝﾄﾞ TokyoBay東雲店,4524486093685,21SJ-14K ﾚｻﾞｰｼﾞｬｹｯﾄ BK XL 流水雪輪,21SJ-14K,BK 流水,XL,東京都,1.00,NAPS
2023,202310,20231002,0598,ﾗｲｺﾗﾝﾄﾞ TokyoBay東雲店,4524486093692,21SJ-14K ﾚｻﾞｰｼﾞｬｹｯﾄ BK M 桧垣桜,21SJ-14K,BK 桧垣,M,東京都,1.00,NAPS
2023,202310,20231002,0598,ﾗｲｺﾗﾝﾄﾞ TokyoBay東雲店,4524486093715,21SJ-14K ﾚｻﾞｰｼﾞｬｹｯﾄ BK XL 桧垣桜,21SJ-14K,BK 桧垣,XL,東京都,1.00,NAPS
2023,202310,20231002,0598,ﾗｲｺﾗﾝﾄﾞ TokyoBay東雲店,4524486094958,21SJ-14K ﾚｻﾞｰｼﾞｬｹｯﾄ BK M 鉄流水雪輪,21SJ-14K,BK 鉄流,M,東京都,1.00,NAPS
2023,202310,20231002,0598,ﾗｲｺﾗﾝﾄﾞ TokyoBay東雲店,4524486094965,21SJ-14K ﾚｻﾞｰｼﾞｬｹｯﾄ BK L 鉄流水雪輪,21SJ-14K,BK 鉄流,L,東京都,1.00,NAPS
2023,202310,20231002,0598,ﾗｲｺﾗﾝﾄﾞ TokyoBay東雲店,4524486094972,21SJ-14K ﾚｻﾞｰｼﾞｬｹｯﾄ BK XL 鉄流水雪輪,21SJ-14K,BK 鉄流,XL,東京都,1.00,NAPS
2023,202310,20231002,0688,南海部品株式会社,4524486093685,21SJ-14K ﾚｻﾞｰｼﾞｬｹｯﾄ BK XL 流水雪輪,21SJ-14K,BK 流水,XL,大阪府,1.00,卸
2023,202310,20231002,1017,株式会社 ﾊﾞｲｸﾜｰﾙﾄﾞりんくうｼｰｸﾙ店,4524486093678,21SJ-14K ﾚｻﾞｰｼﾞｬｹｯﾄ BK L 流水雪輪,21SJ-14K,BK 流水,L,大阪府,1.00,NAPS
2023,202310,20231002,1392,株式会社JTBふるさと開発事業部,4524486093715,21SJ-14K ﾚｻﾞｰｼﾞｬｹｯﾄ BK XL 桧垣桜,21SJ-14K,BK 桧垣,XL,NULL,1.00,NULL
2023,202310,20231003,1392,株式会社JTBふるさと開発事業部,4524486093708,21SJ-14K ﾚｻﾞｰｼﾞｬｹｯﾄ BK L 桧垣桜,21SJ-14K,BK 桧垣,L,NULL,1.00,NULL
2023,202310,20231004,1113,ﾅｯﾌﾟｽ 仙台泉ｲﾝﾀｰ店,4524486103247,21SJ-14K ﾚｻﾞｰｼﾞｬｹｯﾄ BK L 雲龍,21SJ-14K,BK 雲龍,L,宮城県,1.00,NAPS
2023,202310,20231004,9996,株式会社 ﾃﾞｸﾞﾅｰ,4524486103254,21SJ-14K ﾚｻﾞｰｼﾞｬｹｯﾄ BK XL 雲龍,21SJ-14K,BK 雲龍,XL,NULL,1.00,NULL
2023,202310,20231005,0000,いちげん,4524486103247,21SJ-14K ﾚｻﾞｰｼﾞｬｹｯﾄ BK L 雲龍,21SJ-14K,BK 雲龍,L,NULL,1.00,NULL
2023,202310,20231006,1392,株式会社JTBふるさと開発事業部,4524486093715,21SJ-14K ﾚｻﾞｰｼﾞｬｹｯﾄ BK XL 桧垣桜,21SJ-14K,BK 桧垣,XL,NULL,1.00,NULL
2023,202310,20231006,1392,株式会社JTBふるさと開発事業部,4524486093715,21SJ-14K ﾚｻﾞｰｼﾞｬｹｯﾄ BK XL 桧垣桜,21SJ-14K,BK 桧垣,XL,NULL,1.00,NULL
2023,202310,20231006,1392,株式会社JTBふるさと開発事業部,4524486103230,21SJ-14K ﾚｻﾞｰｼﾞｬｹｯﾄ BK M 雲龍,21SJ-14K,BK 雲龍,M,NULL,1.00,NULL
2023,202310,20231006,1392,株式会社JTBふるさと開発事業部,4524486103247,21SJ-14K ﾚｻﾞｰｼﾞｬｹｯﾄ BK L 雲龍,21SJ-14K,BK 雲龍,L,NULL,1.00,NULL
2023,202310,20231008,show,デグナー京都本店,4524486103247,21SJ-14K ﾚｻﾞｰｼﾞｬｹｯﾄ BK L 雲龍,21SJ-14K,BK 雲龍,L,京都府,1.00,NULL
2023,202310,20231009,9996,株式会社 ﾃﾞｸﾞﾅｰ,4524486093654,21SJ-14K ﾚｻﾞｰｼﾞｬｹｯﾄ BK XL 風神雷神BE,21SJ-14K,BK-BE風,XL,NULL,1.00,NULL
2023,202310,20231010,0000,いちげん,4524486093661,21SJ-14K ﾚｻﾞｰｼﾞｬｹｯﾄ BK M 流水雪輪,21SJ-14K,BK 流水,M,NULL,1.00,NULL
2023,202310,20231010,0000,いちげん,4524486093685,21SJ-14K ﾚｻﾞｰｼﾞｬｹｯﾄ BK XL 流水雪輪,21SJ-14K,BK 流水,XL,NULL,1.00,NULL
2023,202310,20231011,0324,ﾗｲｺﾗﾝﾄﾞ 埼玉店,4524486093708,21SJ-14K ﾚｻﾞｰｼﾞｬｹｯﾄ BK L 桧垣桜,21SJ-14K,BK 桧垣,L,埼玉県,1.00,NAPS
2023,202310,20231011,0574,株式会社ﾘﾊﾞｰｸﾚｲﾝ,4524486097966,21SJ-14K ﾚｻﾞｰｼﾞｬｹｯﾄ BK LW 鉄流水雪輪,21SJ-14K,BK 鉄流,LW,神奈川県,1.00,KMC北関東
2023,202310,20231011,0688,南海部品株式会社,4524486093661,21SJ-14K ﾚｻﾞｰｼﾞｬｹｯﾄ BK M 流水雪輪,21SJ-14K,BK 流水,M,大阪府,1.00,卸
2023,202310,20231011,1113,ﾅｯﾌﾟｽ 仙台泉ｲﾝﾀｰ店,4524486093647,21SJ-14K ﾚｻﾞｰｼﾞｬｹｯﾄ BK L 風神雷神BE,21SJ-14K,BK-BE風,L,宮城県,1.00,NAPS
2023,202310,20231011,1113,ﾅｯﾌﾟｽ 仙台泉ｲﾝﾀｰ店,4524486097959,21SJ-14K ﾚｻﾞｰｼﾞｬｹｯﾄ BK LW 流水雪輪,21SJ-14K,BK 流水,LW,宮城県,1.00,NAPS
2023,202310,20231011,1113,ﾅｯﾌﾟｽ 仙台泉ｲﾝﾀｰ店,4524486103247,21SJ-14K ﾚｻﾞｰｼﾞｬｹｯﾄ BK L 雲龍,21SJ-14K,BK 雲龍,L,宮城県,1.00,NAPS
2023,202310,20231011,show,デグナー京都本店,4524486103254,21SJ-14K ﾚｻﾞｰｼﾞｬｹｯﾄ BK XL 雲龍,21SJ-14K,BK 雲龍,XL,京都府,1.00,NULL
2023,202310,20231012,9996,株式会社 ﾃﾞｸﾞﾅｰ,4524486103247,21SJ-14K ﾚｻﾞｰｼﾞｬｹｯﾄ BK L 雲龍,21SJ-14K,BK 雲龍,L,NULL,1.00,NULL
2023,202310,20231013,0660,503 豊山2りんかん,4524486103254,21SJ-14K ﾚｻﾞｰｼﾞｬｹｯﾄ BK XL 雲龍,21SJ-14K,BK 雲龍,XL,愛知県,1.00,KMC北日本
2023,202310,20231013,0660,503 豊山2りんかん,4524486103315,21SJ-14K ﾚｻﾞｰｼﾞｬｹｯﾄ BK XL 鳥獣戯画,21SJ-14K,BK 鳥獣,XL,愛知県,1.00,KMC北日本
2023,202310,20231013,1392,株式会社JTBふるさと開発事業部,4524486103254,21SJ-14K ﾚｻﾞｰｼﾞｬｹｯﾄ BK XL 雲龍,21SJ-14K,BK 雲龍,XL,NULL,1.00,NULL
2023,202310,20231014,9996,株式会社 ﾃﾞｸﾞﾅｰ,4524486093685,21SJ-14K ﾚｻﾞｰｼﾞｬｹｯﾄ BK XL 流水雪輪,21SJ-14K,BK 流水,XL,NULL,1.00,NULL
2023,202310,20231014,9996,株式会社 ﾃﾞｸﾞﾅｰ,4524486093708,21SJ-14K ﾚｻﾞｰｼﾞｬｹｯﾄ BK L 桧垣桜,21SJ-14K,BK 桧垣,L,NULL,1.00,NULL
2023,202310,20231014,9996,株式会社 ﾃﾞｸﾞﾅｰ,4524486094972,21SJ-14K ﾚｻﾞｰｼﾞｬｹｯﾄ BK XL 鉄流水雪輪,21SJ-14K,BK 鉄流,XL,NULL,1.00,NULL
2023,202310,20231014,9996,株式会社 ﾃﾞｸﾞﾅｰ,4524486103230,21SJ-14K ﾚｻﾞｰｼﾞｬｹｯﾄ BK M 雲龍,21SJ-14K,BK 雲龍,M,NULL,1.00,NULL
2023,202310,20231014,show,デグナー京都本店,4524486093692,21SJ-14K ﾚｻﾞｰｼﾞｬｹｯﾄ BK M 桧垣桜,21SJ-14K,BK 桧垣,M,京都府,1.00,NULL
2023,202310,20231015,9996,株式会社 ﾃﾞｸﾞﾅｰ,4524486093692,21SJ-14K ﾚｻﾞｰｼﾞｬｹｯﾄ BK M 桧垣桜,21SJ-14K,BK 桧垣,M,NULL,1.00,NULL
2023,202310,20231016,0560,ﾄﾞﾗｲﾊﾞｰｽﾞ 神栖店,4524486094972,21SJ-14K ﾚｻﾞｰｼﾞｬｹｯﾄ BK XL 鉄流水雪輪,21SJ-14K,BK 鉄流,XL,茨城県,1.00,NAPS
2023,202310,20231016,0855,ﾅｯﾌﾟｽ 福岡店,4524486093647,21SJ-14K ﾚｻﾞｰｼﾞｬｹｯﾄ BK L 風神雷神BE,21SJ-14K,BK-BE風,L,福岡県,1.00,NAPS
2023,202310,20231016,0855,ﾅｯﾌﾟｽ 福岡店,4524486093708,21SJ-14K ﾚｻﾞｰｼﾞｬｹｯﾄ BK L 桧垣桜,21SJ-14K,BK 桧垣,L,福岡県,1.00,NAPS
2023,202310,20231016,0855,ﾅｯﾌﾟｽ 福岡店,4524486093715,21SJ-14K ﾚｻﾞｰｼﾞｬｹｯﾄ BK XL 桧垣桜,21SJ-14K,BK 桧垣,XL,福岡県,1.00,NAPS
2023,202310,20231016,show,デグナー京都本店,4524486103308,21SJ-14K ﾚｻﾞｰｼﾞｬｹｯﾄ BK L 鳥獣戯画,21SJ-14K,BK 鳥獣,L,京都府,1.00,NULL
2023,202310,20231017,0168,ﾗｲｺﾗﾝﾄﾞ 柏店,4524486094958,21SJ-14K ﾚｻﾞｰｼﾞｬｹｯﾄ BK M 鉄流水雪輪,21SJ-14K,BK 鉄流,M,千葉県,1.00,NAPS
2023,202310,20231018,0699,Enshin株式会社,4524486097966,21SJ-14K ﾚｻﾞｰｼﾞｬｹｯﾄ BK LW 鉄流水雪輪,21SJ-14K,BK 鉄流,LW,東京都,1.00,KMC中部
2023,202310,20231019,show,デグナー京都本店,4524486094965,21SJ-14K ﾚｻﾞｰｼﾞｬｹｯﾄ BK L 鉄流水雪輪,21SJ-14K,BK 鉄流,L,京都府,1.00,NULL
2023,202310,20231021,show,デグナー京都本店,4524486103247,21SJ-14K ﾚｻﾞｰｼﾞｬｹｯﾄ BK L 雲龍,21SJ-14K,BK 雲龍,L,京都府,1.00,NULL
2023,202310,20231023,1170,ﾅｯﾌﾟｽ 岡山店,4524486093685,21SJ-14K ﾚｻﾞｰｼﾞｬｹｯﾄ BK XL 流水雪輪,21SJ-14K,BK 流水,XL,岡山県,1.00,NAPS
2023,202310,20231023,1392,株式会社JTBふるさと開発事業部,4524486093715,21SJ-14K ﾚｻﾞｰｼﾞｬｹｯﾄ BK XL 桧垣桜,21SJ-14K,BK 桧垣,XL,NULL,1.00,NULL
2023,202310,20231023,1392,株式会社JTBふるさと開発事業部,4524486093715,21SJ-14K ﾚｻﾞｰｼﾞｬｹｯﾄ BK XL 桧垣桜,21SJ-14K,BK 桧垣,XL,NULL,1.00,NULL
2023,202310,20231023,show,デグナー京都本店,4524486093715,21SJ-14K ﾚｻﾞｰｼﾞｬｹｯﾄ BK XL 桧垣桜,21SJ-14K,BK 桧垣,XL,京都府,1.00,NULL
2023,202310,20231024,0000,いちげん,4524486093692,21SJ-14K ﾚｻﾞｰｼﾞｬｹｯﾄ BK M 桧垣桜,21SJ-14K,BK 桧垣,M,NULL,1.00,NULL
2023,202310,20231024,0324,ﾗｲｺﾗﾝﾄﾞ 埼玉店,4524486093708,21SJ-14K ﾚｻﾞｰｼﾞｬｹｯﾄ BK L 桧垣桜,21SJ-14K,BK 桧垣,L,埼玉県,1.00,NAPS
2023,202310,20231026,0574,株式会社ﾘﾊﾞｰｸﾚｲﾝ,4524486093708,21SJ-14K ﾚｻﾞｰｼﾞｬｹｯﾄ BK L 桧垣桜,21SJ-14K,BK 桧垣,L,神奈川県,1.00,KMC北関東
2023,202310,20231026,1170,ﾅｯﾌﾟｽ 岡山店,4524486094958,21SJ-14K ﾚｻﾞｰｼﾞｬｹｯﾄ BK M 鉄流水雪輪,21SJ-14K,BK 鉄流,M,岡山県,1.00,NAPS
2023,202310,20231026,1170,ﾅｯﾌﾟｽ 岡山店,4524486094965,21SJ-14K ﾚｻﾞｰｼﾞｬｹｯﾄ BK L 鉄流水雪輪,21SJ-14K,BK 鉄流,L,岡山県,1.00,NAPS
2023,202310,20231026,1301,ﾊﾟｰｸｱｯﾌﾟ株式会社,4524486093692,21SJ-14K ﾚｻﾞｰｼﾞｬｹｯﾄ BK M 桧垣桜,21SJ-14K,BK 桧垣,M,兵庫県,1.00,KMC北関東
2023,202310,20231027,0574,株式会社ﾘﾊﾞｰｸﾚｲﾝ,4524486103254,21SJ-14K ﾚｻﾞｰｼﾞｬｹｯﾄ BK XL 雲龍,21SJ-14K,BK 雲龍,XL,神奈川県,1.00,KMC北関東
2023,202310,20231030,0000,いちげん,4524486093678,21SJ-14K ﾚｻﾞｰｼﾞｬｹｯﾄ BK L 流水雪輪,21SJ-14K,BK 流水,L,NULL,1.00,NULL
2023,202310,20231030,0688,南海部品株式会社,4524486093685,21SJ-14K ﾚｻﾞｰｼﾞｬｹｯﾄ BK XL 流水雪輪,21SJ-14K,BK 流水,XL,大阪府,1.00,卸
2023,202310,20231030,0688,南海部品株式会社,4524486097959,21SJ-14K ﾚｻﾞｰｼﾞｬｹｯﾄ BK LW 流水雪輪,21SJ-14K,BK 流水,LW,大阪府,1.00,卸
2023,202310,20231030,0699,Enshin株式会社,4524486094972,21SJ-14K ﾚｻﾞｰｼﾞｬｹｯﾄ BK XL 鉄流水雪輪,21SJ-14K,BK 鉄流,XL,東京都,1.00,KMC中部
2023,202310,20231030,9996,株式会社 ﾃﾞｸﾞﾅｰ,4524486093654,21SJ-14K ﾚｻﾞｰｼﾞｬｹｯﾄ BK XL 風神雷神BE,21SJ-14K,BK-BE風,XL,NULL,1.00,NULL
2023,202310,20231030,show,デグナー京都本店,4524486097973,21SJ-14K ﾚｻﾞｰｼﾞｬｹｯﾄ BK LW 桧垣桜,21SJ-14K,BK 桧垣,LW,京都府,1.00,NULL
2023,202311,20231101,0000,いちげん,4524486103254,21SJ-14K ﾚｻﾞｰｼﾞｬｹｯﾄ BK XL 雲龍,21SJ-14K,BK 雲龍,XL,NULL,1.00,NULL
2023,202311,20231101,1392,株式会社JTBふるさと開発事業部,4524486093678,21SJ-14K ﾚｻﾞｰｼﾞｬｹｯﾄ BK L 流水雪輪,21SJ-14K,BK 流水,L,NULL,1.00,NULL
2023,202311,20231101,1392,株式会社JTBふるさと開発事業部,4524486093678,21SJ-14K ﾚｻﾞｰｼﾞｬｹｯﾄ BK L 流水雪輪,21SJ-14K,BK 流水,L,NULL,1.00,NULL
2023,202311,20231102,0000,いちげん,4524486093708,21SJ-14K ﾚｻﾞｰｼﾞｬｹｯﾄ BK L 桧垣桜,21SJ-14K,BK 桧垣,L,NULL,1.00,NULL
2023,202311,20231102,1392,株式会社JTBふるさと開発事業部,4524486093708,21SJ-14K ﾚｻﾞｰｼﾞｬｹｯﾄ BK L 桧垣桜,21SJ-14K,BK 桧垣,L,NULL,1.00,NULL
2023,202311,20231102,rmwc,Riding My Way Company,4524486093661,21SJ-14K ﾚｻﾞｰｼﾞｬｹｯﾄ BK M 流水雪輪,21SJ-14K,BK 流水,M,台湾,1.00,NULL
2023,202311,20231102,rmwc,Riding My Way Company,4524486093678,21SJ-14K ﾚｻﾞｰｼﾞｬｹｯﾄ BK L 流水雪輪,21SJ-14K,BK 流水,L,台湾,3.00,NULL
2023,202311,20231102,rmwc,Riding My Way Company,4524486093685,21SJ-14K ﾚｻﾞｰｼﾞｬｹｯﾄ BK XL 流水雪輪,21SJ-14K,BK 流水,XL,台湾,2.00,NULL
2023,202311,20231103,show,デグナー京都本店,4524486093708,21SJ-14K ﾚｻﾞｰｼﾞｬｹｯﾄ BK L 桧垣桜,21SJ-14K,BK 桧垣,L,京都府,1.00,NULL
2023,202311,20231104,9996,株式会社 ﾃﾞｸﾞﾅｰ,4524486093708,21SJ-14K ﾚｻﾞｰｼﾞｬｹｯﾄ BK L 桧垣桜,21SJ-14K,BK 桧垣,L,NULL,1.00,NULL
2023,202311,20231105,9996,株式会社 ﾃﾞｸﾞﾅｰ,4524486093654,21SJ-14K ﾚｻﾞｰｼﾞｬｹｯﾄ BK XL 風神雷神BE,21SJ-14K,BK-BE風,XL,NULL,1.00,NULL
2023,202311,20231106,1251,帝都産業 株式会社,4524486093708,21SJ-14K ﾚｻﾞｰｼﾞｬｹｯﾄ BK L 桧垣桜,21SJ-14K,BK 桧垣,L,東京都,1.00,KMC南関東
2023,202311,20231106,1392,株式会社JTBふるさと開発事業部,4524486103230,21SJ-14K ﾚｻﾞｰｼﾞｬｹｯﾄ BK M 雲龍,21SJ-14K,BK 雲龍,M,NULL,1.00,NULL
2023,202311,20231106,1392,株式会社JTBふるさと開発事業部,4524486103230,21SJ-14K ﾚｻﾞｰｼﾞｬｹｯﾄ BK M 雲龍,21SJ-14K,BK 雲龍,M,NULL,1.00,NULL
2023,202311,20231107,0688,南海部品株式会社,4524486093678,21SJ-14K ﾚｻﾞｰｼﾞｬｹｯﾄ BK L 流水雪輪,21SJ-14K,BK 流水,L,大阪府,1.00,卸
2023,202311,20231107,1392,株式会社JTBふるさと開発事業部,4524486093692,21SJ-14K ﾚｻﾞｰｼﾞｬｹｯﾄ BK M 桧垣桜,21SJ-14K,BK 桧垣,M,NULL,1.00,NULL
2023,202311,20231108,0000,いちげん,4524486103292,21SJ-14K ﾚｻﾞｰｼﾞｬｹｯﾄ BK M 鳥獣戯画,21SJ-14K,BK 鳥獣,M,NULL,1.00,NULL
2023,202311,20231113,0000,いちげん,4524486093647,21SJ-14K ﾚｻﾞｰｼﾞｬｹｯﾄ BK L 風神雷神BE,21SJ-14K,BK-BE風,L,NULL,1.00,NULL
2023,202311,20231113,0000,いちげん,4524486093654,21SJ-14K ﾚｻﾞｰｼﾞｬｹｯﾄ BK XL 風神雷神BE,21SJ-14K,BK-BE風,XL,NULL,1.00,NULL
2023,202311,20231115,9996,株式会社 ﾃﾞｸﾞﾅｰ,4524486103292,21SJ-14K ﾚｻﾞｰｼﾞｬｹｯﾄ BK M 鳥獣戯画,21SJ-14K,BK 鳥獣,M,NULL,1.00,NULL
2023,202311,20231116,1017,株式会社 ﾊﾞｲｸﾜｰﾙﾄﾞりんくうｼｰｸﾙ店,4524486093678,21SJ-14K ﾚｻﾞｰｼﾞｬｹｯﾄ BK L 流水雪輪,21SJ-14K,BK 流水,L,大阪府,1.00,NAPS
2023,202311,20231116,1017,株式会社 ﾊﾞｲｸﾜｰﾙﾄﾞりんくうｼｰｸﾙ店,4524486093685,21SJ-14K ﾚｻﾞｰｼﾞｬｹｯﾄ BK XL 流水雪輪,21SJ-14K,BK 流水,XL,大阪府,1.00,NAPS
2023,202311,20231116,1392,株式会社JTBふるさと開発事業部,4524486093685,21SJ-14K ﾚｻﾞｰｼﾞｬｹｯﾄ BK XL 流水雪輪,21SJ-14K,BK 流水,XL,NULL,1.00,NULL
2023,202311,20231116,ansi,ANSIN MOTO CO.,4524486093678,21SJ-14K ﾚｻﾞｰｼﾞｬｹｯﾄ BK L 流水雪輪,21SJ-14K,BK 流水,L,台湾,1.00,NULL
2023,202311,20231116,show,デグナー京都本店,4524486093692,21SJ-14K ﾚｻﾞｰｼﾞｬｹｯﾄ BK M 桧垣桜,21SJ-14K,BK 桧垣,M,京都府,1.00,NULL
2023,202311,20231117,0855,ﾅｯﾌﾟｽ 福岡店,4524486093678,21SJ-14K ﾚｻﾞｰｼﾞｬｹｯﾄ BK L 流水雪輪,21SJ-14K,BK 流水,L,福岡県,1.00,NAPS
2023,202311,20231117,0855,ﾅｯﾌﾟｽ 福岡店,4524486094958,21SJ-14K ﾚｻﾞｰｼﾞｬｹｯﾄ BK M 鉄流水雪輪,21SJ-14K,BK 鉄流,M,福岡県,1.00,NAPS
2023,202311,20231117,0855,ﾅｯﾌﾟｽ 福岡店,4524486103247,21SJ-14K ﾚｻﾞｰｼﾞｬｹｯﾄ BK L 雲龍,21SJ-14K,BK 雲龍,L,福岡県,1.00,NAPS
2023,202311,20231117,0855,ﾅｯﾌﾟｽ 福岡店,4524486103315,21SJ-14K ﾚｻﾞｰｼﾞｬｹｯﾄ BK XL 鳥獣戯画,21SJ-14K,BK 鳥獣,XL,福岡県,1.00,NAPS
2023,202311,20231119,9996,株式会社 ﾃﾞｸﾞﾅｰ,4524486093630,21SJ-14K ﾚｻﾞｰｼﾞｬｹｯﾄ BK M 風神雷神BE,21SJ-14K,BK-BE風,M,NULL,1.00,NULL
2023,202311,20231119,9996,株式会社 ﾃﾞｸﾞﾅｰ,4524486097973,21SJ-14K ﾚｻﾞｰｼﾞｬｹｯﾄ BK LW 桧垣桜,21SJ-14K,BK 桧垣,LW,NULL,1.00,NULL
2023,202311,20231119,show,デグナー京都本店,4524486093708,21SJ-14K ﾚｻﾞｰｼﾞｬｹｯﾄ BK L 桧垣桜,21SJ-14K,BK 桧垣,L,京都府,1.00,NULL
2023,202311,20231120,0701,208 246溝口2りんかん,4524486093692,21SJ-14K ﾚｻﾞｰｼﾞｬｹｯﾄ BK M 桧垣桜,21SJ-14K,BK 桧垣,M,神奈川県,1.00,KMC北日本
2023,202311,20231120,1017,株式会社 ﾊﾞｲｸﾜｰﾙﾄﾞりんくうｼｰｸﾙ店,4524486093678,21SJ-14K ﾚｻﾞｰｼﾞｬｹｯﾄ BK L 流水雪輪,21SJ-14K,BK 流水,L,大阪府,1.00,NAPS
2023,202311,20231120,1170,ﾅｯﾌﾟｽ 岡山店,4524486093715,21SJ-14K ﾚｻﾞｰｼﾞｬｹｯﾄ BK XL 桧垣桜,21SJ-14K,BK 桧垣,XL,岡山県,1.00,NAPS
2023,202311,20231120,1392,株式会社JTBふるさと開発事業部,4524486103230,21SJ-14K ﾚｻﾞｰｼﾞｬｹｯﾄ BK M 雲龍,21SJ-14K,BK 雲龍,M,NULL,1.00,NULL
2023,202311,20231121,1392,株式会社JTBふるさと開発事業部,4524486093678,21SJ-14K ﾚｻﾞｰｼﾞｬｹｯﾄ BK L 流水雪輪,21SJ-14K,BK 流水,L,NULL,1.00,NULL
2023,202311,20231122,ansi,ANSIN MOTO CO.,4524486093661,21SJ-14K ﾚｻﾞｰｼﾞｬｹｯﾄ BK M 流水雪輪,21SJ-14K,BK 流水,M,台湾,1.00,NULL
2023,202311,20231122,ansi,ANSIN MOTO CO.,4524486093685,21SJ-14K ﾚｻﾞｰｼﾞｬｹｯﾄ BK XL 流水雪輪,21SJ-14K,BK 流水,XL,台湾,2.00,NULL
2023,202311,20231123,9996,株式会社 ﾃﾞｸﾞﾅｰ,4524486093647,21SJ-14K ﾚｻﾞｰｼﾞｬｹｯﾄ BK L 風神雷神BE,21SJ-14K,BK-BE風,L,NULL,1.00,NULL
2023,202311,20231124,0574,株式会社ﾘﾊﾞｰｸﾚｲﾝ,4524486093692,21SJ-14K ﾚｻﾞｰｼﾞｬｹｯﾄ BK M 桧垣桜,21SJ-14K,BK 桧垣,M,神奈川県,1.00,KMC北関東
2023,202311,20231124,0855,ﾅｯﾌﾟｽ 福岡店,4524486093715,21SJ-14K ﾚｻﾞｰｼﾞｬｹｯﾄ BK XL 桧垣桜,21SJ-14K,BK 桧垣,XL,福岡県,1.00,NAPS
2023,202311,20231124,show,デグナー京都本店,4524486093647,21SJ-14K ﾚｻﾞｰｼﾞｬｹｯﾄ BK L 風神雷神BE,21SJ-14K,BK-BE風,L,京都府,1.00,NULL
2023,202311,20231126,9996,株式会社 ﾃﾞｸﾞﾅｰ,4524486094972,21SJ-14K ﾚｻﾞｰｼﾞｬｹｯﾄ BK XL 鉄流水雪輪,21SJ-14K,BK 鉄流,XL,NULL,1.00,NULL
2023,202311,20231126,ansi,ANSIN MOTO CO.,4524486093678,21SJ-14K ﾚｻﾞｰｼﾞｬｹｯﾄ BK L 流水雪輪,21SJ-14K,BK 流水,L,台湾,2.00,NULL
2023,202311,20231127,0000,いちげん,4524486093678,21SJ-14K ﾚｻﾞｰｼﾞｬｹｯﾄ BK L 流水雪輪,21SJ-14K,BK 流水,L,NULL,1.00,NULL
2023,202311,20231128,0855,ﾅｯﾌﾟｽ 福岡店,4524486093678,21SJ-14K ﾚｻﾞｰｼﾞｬｹｯﾄ BK L 流水雪輪,21SJ-14K,BK 流水,L,福岡県,-1.00,NAPS
2023,202311,20231128,0855,ﾅｯﾌﾟｽ 福岡店,4524486094958,21SJ-14K ﾚｻﾞｰｼﾞｬｹｯﾄ BK M 鉄流水雪輪,21SJ-14K,BK 鉄流,M,福岡県,-1.00,NAPS
2023,202311,20231128,0855,ﾅｯﾌﾟｽ 福岡店,4524486103247,21SJ-14K ﾚｻﾞｰｼﾞｬｹｯﾄ BK L 雲龍,21SJ-14K,BK 雲龍,L,福岡県,-1.00,NAPS
2023,202311,20231128,0855,ﾅｯﾌﾟｽ 福岡店,4524486103315,21SJ-14K ﾚｻﾞｰｼﾞｬｹｯﾄ BK XL 鳥獣戯画,21SJ-14K,BK 鳥獣,XL,福岡県,-1.00,NAPS
2023,202311,20231128,papa,PAPAMOTO,4524486093630,21SJ-14K ﾚｻﾞｰｼﾞｬｹｯﾄ BK M 風神雷神BE,21SJ-14K,BK-BE風,M,台湾,1.00,NULL
2023,202311,20231129,1392,株式会社JTBふるさと開発事業部,4524486093708,21SJ-14K ﾚｻﾞｰｼﾞｬｹｯﾄ BK L 桧垣桜,21SJ-14K,BK 桧垣,L,NULL,1.00,NULL
2023,202311,20231129,1392,株式会社JTBふるさと開発事業部,4524486093708,21SJ-14K ﾚｻﾞｰｼﾞｬｹｯﾄ BK L 桧垣桜,21SJ-14K,BK 桧垣,L,NULL,1.00,NULL
2023,202311,20231129,1392,株式会社JTBふるさと開発事業部,4524486093708,21SJ-14K ﾚｻﾞｰｼﾞｬｹｯﾄ BK L 桧垣桜,21SJ-14K,BK 桧垣,L,NULL,1.00,NULL
2023,202311,20231130,9996,株式会社 ﾃﾞｸﾞﾅｰ,4524486093678,21SJ-14K ﾚｻﾞｰｼﾞｬｹｯﾄ BK L 流水雪輪,21SJ-14K,BK 流水,L,NULL,1.00,NULL
2023,202311,20231130,ansi,ANSIN MOTO CO.,4524486093692,21SJ-14K ﾚｻﾞｰｼﾞｬｹｯﾄ BK M 桧垣桜,21SJ-14K,BK 桧垣,M,台湾,1.00,NULL
2023,202311,20231130,ansi,ANSIN MOTO CO.,4524486093708,21SJ-14K ﾚｻﾞｰｼﾞｬｹｯﾄ BK L 桧垣桜,21SJ-14K,BK 桧垣,L,台湾,1.00,NULL
2023,202311,20231130,ansi,ANSIN MOTO CO.,4524486093715,21SJ-14K ﾚｻﾞｰｼﾞｬｹｯﾄ BK XL 桧垣桜,21SJ-14K,BK 桧垣,XL,台湾,1.00,NULL
2023,202312,20231202,show,デグナー京都本店,4524486094965,21SJ-14K ﾚｻﾞｰｼﾞｬｹｯﾄ BK L 鉄流水雪輪,21SJ-14K,BK 鉄流,L,京都府,1.00,NULL
2023,202312,20231203,show,デグナー京都本店,4524486103292,21SJ-14K ﾚｻﾞｰｼﾞｬｹｯﾄ BK M 鳥獣戯画,21SJ-14K,BK 鳥獣,M,京都府,1.00,NULL
2023,202312,20231204,1017,株式会社 ﾊﾞｲｸﾜｰﾙﾄﾞりんくうｼｰｸﾙ店,4524486093685,21SJ-14K ﾚｻﾞｰｼﾞｬｹｯﾄ BK XL 流水雪輪,21SJ-14K,BK 流水,XL,大阪府,1.00,NAPS
2023,202312,20231205,0693,ﾅｯﾌﾟｽ 埼玉店,4524486093685,21SJ-14K ﾚｻﾞｰｼﾞｬｹｯﾄ BK XL 流水雪輪,21SJ-14K,BK 流水,XL,埼玉県,1.00,NAPS
2023,202312,20231205,0795,ﾅｯﾌﾟｽ 浜松店,4524486093630,21SJ-14K ﾚｻﾞｰｼﾞｬｹｯﾄ BK M 風神雷神BE,21SJ-14K,BK-BE風,M,静岡県,1.00,NAPS
2023,202312,20231205,0795,ﾅｯﾌﾟｽ 浜松店,4524486093685,21SJ-14K ﾚｻﾞｰｼﾞｬｹｯﾄ BK XL 流水雪輪,21SJ-14K,BK 流水,XL,静岡県,1.00,NAPS
2023,202312,20231205,0795,ﾅｯﾌﾟｽ 浜松店,4524486093715,21SJ-14K ﾚｻﾞｰｼﾞｬｹｯﾄ BK XL 桧垣桜,21SJ-14K,BK 桧垣,XL,静岡県,1.00,NAPS
2023,202312,20231205,0795,ﾅｯﾌﾟｽ 浜松店,4524486097966,21SJ-14K ﾚｻﾞｰｼﾞｬｹｯﾄ BK LW 鉄流水雪輪,21SJ-14K,BK 鉄流,LW,静岡県,1.00,NAPS
2023,202312,20231205,0795,ﾅｯﾌﾟｽ 浜松店,4524486103247,21SJ-14K ﾚｻﾞｰｼﾞｬｹｯﾄ BK L 雲龍,21SJ-14K,BK 雲龍,L,静岡県,1.00,NAPS
2023,202312,20231205,0795,ﾅｯﾌﾟｽ 浜松店,4524486103308,21SJ-14K ﾚｻﾞｰｼﾞｬｹｯﾄ BK L 鳥獣戯画,21SJ-14K,BK 鳥獣,L,静岡県,1.00,NAPS
2023,202312,20231205,1170,ﾅｯﾌﾟｽ 岡山店,4524486093715,21SJ-14K ﾚｻﾞｰｼﾞｬｹｯﾄ BK XL 桧垣桜,21SJ-14K,BK 桧垣,XL,岡山県,1.00,NAPS
2023,202312,20231206,0699,Enshin株式会社,4524486093654,21SJ-14K ﾚｻﾞｰｼﾞｬｹｯﾄ BK XL 風神雷神BE,21SJ-14K,BK-BE風,XL,東京都,1.00,KMC中部
2023,202312,20231206,1392,株式会社JTBふるさと開発事業部,4524486093685,21SJ-14K ﾚｻﾞｰｼﾞｬｹｯﾄ BK XL 流水雪輪,21SJ-14K,BK 流水,XL,NULL,1.00,NULL
2023,202312,20231206,1392,株式会社JTBふるさと開発事業部,4524486093715,21SJ-14K ﾚｻﾞｰｼﾞｬｹｯﾄ BK XL 桧垣桜,21SJ-14K,BK 桧垣,XL,NULL,1.00,NULL
2023,202312,20231208,0574,株式会社ﾘﾊﾞｰｸﾚｲﾝ,4524486093678,21SJ-14K ﾚｻﾞｰｼﾞｬｹｯﾄ BK L 流水雪輪,21SJ-14K,BK 流水,L,神奈川県,1.00,KMC北関東
2023,202312,20231208,1392,株式会社JTBふるさと開発事業部,4524486093692,21SJ-14K ﾚｻﾞｰｼﾞｬｹｯﾄ BK M 桧垣桜,21SJ-14K,BK 桧垣,M,NULL,1.00,NULL
2023,202312,20231208,1392,株式会社JTBふるさと開発事業部,4524486093708,21SJ-14K ﾚｻﾞｰｼﾞｬｹｯﾄ BK L 桧垣桜,21SJ-14K,BK 桧垣,L,NULL,-1.00,NULL
2023,202312,20231210,9996,株式会社 ﾃﾞｸﾞﾅｰ,4524486093654,21SJ-14K ﾚｻﾞｰｼﾞｬｹｯﾄ BK XL 風神雷神BE,21SJ-14K,BK-BE風,XL,NULL,1.00,NULL
2023,202312,20231211,0000,いちげん,4524486094958,21SJ-14K ﾚｻﾞｰｼﾞｬｹｯﾄ BK M 鉄流水雪輪,21SJ-14K,BK 鉄流,M,NULL,1.00,NULL
2023,202312,20231212,ansi,ANSIN MOTO CO.,4524486093661,21SJ-14K ﾚｻﾞｰｼﾞｬｹｯﾄ BK M 流水雪輪,21SJ-14K,BK 流水,M,台湾,2.00,NULL
2023,202312,20231213,0795,ﾅｯﾌﾟｽ 浜松店,4524486093630,21SJ-14K ﾚｻﾞｰｼﾞｬｹｯﾄ BK M 風神雷神BE,21SJ-14K,BK-BE風,M,静岡県,-1.00,NAPS
2023,202312,20231213,0795,ﾅｯﾌﾟｽ 浜松店,4524486093685,21SJ-14K ﾚｻﾞｰｼﾞｬｹｯﾄ BK XL 流水雪輪,21SJ-14K,BK 流水,XL,静岡県,-1.00,NAPS
2023,202312,20231213,0795,ﾅｯﾌﾟｽ 浜松店,4524486093715,21SJ-14K ﾚｻﾞｰｼﾞｬｹｯﾄ BK XL 桧垣桜,21SJ-14K,BK 桧垣,XL,静岡県,-1.00,NAPS
2023,202312,20231213,0795,ﾅｯﾌﾟｽ 浜松店,4524486097966,21SJ-14K ﾚｻﾞｰｼﾞｬｹｯﾄ BK LW 鉄流水雪輪,21SJ-14K,BK 鉄流,LW,静岡県,-1.00,NAPS
2023,202312,20231213,0795,ﾅｯﾌﾟｽ 浜松店,4524486103247,21SJ-14K ﾚｻﾞｰｼﾞｬｹｯﾄ BK L 雲龍,21SJ-14K,BK 雲龍,L,静岡県,-1.00,NAPS
2023,202312,20231213,0795,ﾅｯﾌﾟｽ 浜松店,4524486103308,21SJ-14K ﾚｻﾞｰｼﾞｬｹｯﾄ BK L 鳥獣戯画,21SJ-14K,BK 鳥獣,L,静岡県,-1.00,NAPS
2023,202312,20231214,0000,いちげん,4524486103247,21SJ-14K ﾚｻﾞｰｼﾞｬｹｯﾄ BK L 雲龍,21SJ-14K,BK 雲龍,L,NULL,1.00,NULL
2023,202312,20231214,0560,ﾄﾞﾗｲﾊﾞｰｽﾞ 神栖店,4524486093678,21SJ-14K ﾚｻﾞｰｼﾞｬｹｯﾄ BK L 流水雪輪,21SJ-14K,BK 流水,L,茨城県,1.00,NAPS
2023,202312,20231214,1392,株式会社JTBふるさと開発事業部,4524486093661,21SJ-14K ﾚｻﾞｰｼﾞｬｹｯﾄ BK M 流水雪輪,21SJ-14K,BK 流水,M,NULL,1.00,NULL
2023,202312,20231214,1392,株式会社JTBふるさと開発事業部,4524486093678,21SJ-14K ﾚｻﾞｰｼﾞｬｹｯﾄ BK L 流水雪輪,21SJ-14K,BK 流水,L,NULL,1.00,NULL
2023,202312,20231215,show,デグナー京都本店,4524486093647,21SJ-14K ﾚｻﾞｰｼﾞｬｹｯﾄ BK L 風神雷神BE,21SJ-14K,BK-BE風,L,京都府,1.00,NULL
2023,202312,20231217,0000,いちげん,4524486097973,21SJ-14K ﾚｻﾞｰｼﾞｬｹｯﾄ BK LW 桧垣桜,21SJ-14K,BK 桧垣,LW,NULL,1.00,NULL
2023,202312,20231217,9996,株式会社 ﾃﾞｸﾞﾅｰ,4524486093715,21SJ-14K ﾚｻﾞｰｼﾞｬｹｯﾄ BK XL 桧垣桜,21SJ-14K,BK 桧垣,XL,NULL,1.00,NULL
2023,202312,20231217,9996,株式会社 ﾃﾞｸﾞﾅｰ,4524486103292,21SJ-14K ﾚｻﾞｰｼﾞｬｹｯﾄ BK M 鳥獣戯画,21SJ-14K,BK 鳥獣,M,NULL,1.00,NULL
2023,202312,20231217,9996,株式会社 ﾃﾞｸﾞﾅｰ,4524486103315,21SJ-14K ﾚｻﾞｰｼﾞｬｹｯﾄ BK XL 鳥獣戯画,21SJ-14K,BK 鳥獣,XL,NULL,1.00,NULL
2023,202312,20231218,0000,いちげん,4524486093654,21SJ-14K ﾚｻﾞｰｼﾞｬｹｯﾄ BK XL 風神雷神BE,21SJ-14K,BK-BE風,XL,NULL,1.00,NULL
2023,202312,20231218,0000,いちげん,4524486103247,21SJ-14K ﾚｻﾞｰｼﾞｬｹｯﾄ BK L 雲龍,21SJ-14K,BK 雲龍,L,NULL,1.00,NULL
2023,202312,20231218,1017,株式会社 ﾊﾞｲｸﾜｰﾙﾄﾞりんくうｼｰｸﾙ店,4524486093685,21SJ-14K ﾚｻﾞｰｼﾞｬｹｯﾄ BK XL 流水雪輪,21SJ-14K,BK 流水,XL,大阪府,1.00,NAPS
2023,202312,20231218,9996,株式会社 ﾃﾞｸﾞﾅｰ,4524486094972,21SJ-14K ﾚｻﾞｰｼﾞｬｹｯﾄ BK XL 鉄流水雪輪,21SJ-14K,BK 鉄流,XL,NULL,1.00,NULL
2023,202312,20231219,1392,株式会社JTBふるさと開発事業部,4524486093685,21SJ-14K ﾚｻﾞｰｼﾞｬｹｯﾄ BK XL 流水雪輪,21SJ-14K,BK 流水,XL,NULL,1.00,NULL
2023,202312,20231219,1392,株式会社JTBふるさと開発事業部,4524486093708,21SJ-14K ﾚｻﾞｰｼﾞｬｹｯﾄ BK L 桧垣桜,21SJ-14K,BK 桧垣,L,NULL,1.00,NULL
2023,202312,20231219,suss,Super Speed Supplier,4524486093678,21SJ-14K ﾚｻﾞｰｼﾞｬｹｯﾄ BK L 流水雪輪,21SJ-14K,BK 流水,L,台湾,1.00,NULL
2023,202312,20231220,1392,株式会社JTBふるさと開発事業部,4524486093661,21SJ-14K ﾚｻﾞｰｼﾞｬｹｯﾄ BK M 流水雪輪,21SJ-14K,BK 流水,M,NULL,1.00,NULL
2023,202312,20231220,1392,株式会社JTBふるさと開発事業部,4524486093678,21SJ-14K ﾚｻﾞｰｼﾞｬｹｯﾄ BK L 流水雪輪,21SJ-14K,BK 流水,L,NULL,1.00,NULL
2023,202312,20231222,1392,株式会社JTBふるさと開発事業部,4524486093715,21SJ-14K ﾚｻﾞｰｼﾞｬｹｯﾄ BK XL 桧垣桜,21SJ-14K,BK 桧垣,XL,NULL,1.00,NULL
2023,202312,20231225,0000,いちげん,4524486093647,21SJ-14K ﾚｻﾞｰｼﾞｬｹｯﾄ BK L 風神雷神BE,21SJ-14K,BK-BE風,L,NULL,1.00,NULL
2023,202312,20231225,0000,いちげん,4524486093654,21SJ-14K ﾚｻﾞｰｼﾞｬｹｯﾄ BK XL 風神雷神BE,21SJ-14K,BK-BE風,XL,NULL,-1.00,NULL
2023,202312,20231225,0688,南海部品株式会社,4524486097959,21SJ-14K ﾚｻﾞｰｼﾞｬｹｯﾄ BK LW 流水雪輪,21SJ-14K,BK 流水,LW,大阪府,1.00,卸
2023,202312,20231226,1392,株式会社JTBふるさと開発事業部,4524486093685,21SJ-14K ﾚｻﾞｰｼﾞｬｹｯﾄ BK XL 流水雪輪,21SJ-14K,BK 流水,XL,NULL,1.00,NULL
2023,202312,20231226,1392,株式会社JTBふるさと開発事業部,4524486103254,21SJ-14K ﾚｻﾞｰｼﾞｬｹｯﾄ BK XL 雲龍,21SJ-14K,BK 雲龍,XL,NULL,1.00,NULL
2023,202312,20231226,1392,株式会社JTBふるさと開発事業部,4524486103254,21SJ-14K ﾚｻﾞｰｼﾞｬｹｯﾄ BK XL 雲龍,21SJ-14K,BK 雲龍,XL,NULL,1.00,NULL
2023,202312,20231228,0000,いちげん,4524486097973,21SJ-14K ﾚｻﾞｰｼﾞｬｹｯﾄ BK LW 桧垣桜,21SJ-14K,BK 桧垣,LW,NULL,1.00,NULL
2023,202312,20231228,1392,株式会社JTBふるさと開発事業部,4524486093678,21SJ-14K ﾚｻﾞｰｼﾞｬｹｯﾄ BK L 流水雪輪,21SJ-14K,BK 流水,L,NULL,1.00,NULL
2023,202312,20231228,1392,株式会社JTBふるさと開発事業部,4524486093692,21SJ-14K ﾚｻﾞｰｼﾞｬｹｯﾄ BK M 桧垣桜,21SJ-14K,BK 桧垣,M,NULL,1.00,NULL
2023,202312,20231228,1392,株式会社JTBふるさと開発事業部,4524486093708,21SJ-14K ﾚｻﾞｰｼﾞｬｹｯﾄ BK L 桧垣桜,21SJ-14K,BK 桧垣,L,NULL,1.00,NULL
2023,202312,20231228,1392,株式会社JTBふるさと開発事業部,4524486093708,21SJ-14K ﾚｻﾞｰｼﾞｬｹｯﾄ BK L 桧垣桜,21SJ-14K,BK 桧垣,L,NULL,1.00,NULL
2023,202312,20231228,1392,株式会社JTBふるさと開発事業部,4524486093708,21SJ-14K ﾚｻﾞｰｼﾞｬｹｯﾄ BK L 桧垣桜,21SJ-14K,BK 桧垣,L,NULL,1.00,NULL
2023,202312,20231228,1392,株式会社JTBふるさと開発事業部,4524486093715,21SJ-14K ﾚｻﾞｰｼﾞｬｹｯﾄ BK XL 桧垣桜,21SJ-14K,BK 桧垣,XL,NULL,1.00,NULL
2023,202312,20231228,1392,株式会社JTBふるさと開発事業部,4524486093715,21SJ-14K ﾚｻﾞｰｼﾞｬｹｯﾄ BK XL 桧垣桜,21SJ-14K,BK 桧垣,XL,NULL,1.00,NULL
2023,202312,20231228,1392,株式会社JTBふるさと開発事業部,4524486103230,21SJ-14K ﾚｻﾞｰｼﾞｬｹｯﾄ BK M 雲龍,21SJ-14K,BK 雲龍,M,NULL,1.00,NULL
2023,202312,20231228,1392,株式会社JTBふるさと開発事業部,4524486103230,21SJ-14K ﾚｻﾞｰｼﾞｬｹｯﾄ BK M 雲龍,21SJ-14K,BK 雲龍,M,NULL,1.00,NULL
2023,202312,20231228,1392,株式会社JTBふるさと開発事業部,4524486103247,21SJ-14K ﾚｻﾞｰｼﾞｬｹｯﾄ BK L 雲龍,21SJ-14K,BK 雲龍,L,NULL,1.00,NULL
2023,202312,20231228,1392,株式会社JTBふるさと開発事業部,4524486103247,21SJ-14K ﾚｻﾞｰｼﾞｬｹｯﾄ BK L 雲龍,21SJ-14K,BK 雲龍,L,NULL,1.00,NULL
2024,202401,20240103,show,デグナー京都本店,4524486093654,21SJ-14K ﾚｻﾞｰｼﾞｬｹｯﾄ BK XL 風神雷神BE,21SJ-14K,BK-BE風,XL,京都府,1.00,NULL
2024,202401,20240105,0688,南海部品株式会社,4524486093678,21SJ-14K ﾚｻﾞｰｼﾞｬｹｯﾄ BK L 流水雪輪,21SJ-14K,BK 流水,L,大阪府,1.00,卸
2024,202401,20240105,1273,ﾗｲｺﾗﾝﾄﾞ 小倉店,4524486093715,21SJ-14K ﾚｻﾞｰｼﾞｬｹｯﾄ BK XL 桧垣桜,21SJ-14K,BK 桧垣,XL,福岡県,1.00,NAPS
2024,202401,20240107,show,デグナー京都本店,4524486106552,21SJ-14K ﾚｻﾞｰｼﾞｬｹｯﾄ RD XL 鉄流水雪輪,21SJ-14K,RD 鉄流,XL,京都府,1.00,NULL
2024,202401,20240108,show,デグナー京都本店,4524486106545,21SJ-14K ﾚｻﾞｰｼﾞｬｹｯﾄ RD L 鉄流水雪輪,21SJ-14K,RD 鉄流,L,京都府,1.00,NULL
2024,202401,20240109,1113,ﾅｯﾌﾟｽ 仙台泉ｲﾝﾀｰ店,4524486094972,21SJ-14K ﾚｻﾞｰｼﾞｬｹｯﾄ BK XL 鉄流水雪輪,21SJ-14K,BK 鉄流,XL,宮城県,1.00,NAPS
2024,202401,20240109,1113,ﾅｯﾌﾟｽ 仙台泉ｲﾝﾀｰ店,4524486103247,21SJ-14K ﾚｻﾞｰｼﾞｬｹｯﾄ BK L 雲龍,21SJ-14K,BK 雲龍,L,宮城県,1.00,NAPS
2024,202401,20240110,0000,いちげん,4524486103254,21SJ-14K ﾚｻﾞｰｼﾞｬｹｯﾄ BK XL 雲龍,21SJ-14K,BK 雲龍,XL,NULL,1.00,NULL
2024,202401,20240110,9996,株式会社 ﾃﾞｸﾞﾅｰ,4524486097973,21SJ-14K ﾚｻﾞｰｼﾞｬｹｯﾄ BK LW 桧垣桜,21SJ-14K,BK 桧垣,LW,NULL,1.00,NULL
2024,202401,20240110,ride,Riderment Company,4524486097959,21SJ-14K ﾚｻﾞｰｼﾞｬｹｯﾄ BK LW 流水雪輪,21SJ-14K,BK 流水,LW,台湾,1.00,NULL
2024,202401,20240112,0000,いちげん,4524486097959,21SJ-14K ﾚｻﾞｰｼﾞｬｹｯﾄ BK LW 流水雪輪,21SJ-14K,BK 流水,LW,NULL,1.00,NULL
2024,202401,20240112,1017,株式会社 ﾊﾞｲｸﾜｰﾙﾄﾞりんくうｼｰｸﾙ店,4524486093685,21SJ-14K ﾚｻﾞｰｼﾞｬｹｯﾄ BK XL 流水雪輪,21SJ-14K,BK 流水,XL,大阪府,1.00,NAPS
2024,202401,20240115,0000,いちげん,4524486093708,21SJ-14K ﾚｻﾞｰｼﾞｬｹｯﾄ BK L 桧垣桜,21SJ-14K,BK 桧垣,L,NULL,1.00,NULL
2024,202401,20240115,1170,ﾅｯﾌﾟｽ 岡山店,4524486093647,21SJ-14K ﾚｻﾞｰｼﾞｬｹｯﾄ BK L 風神雷神BE,21SJ-14K,BK-BE風,L,岡山県,-1.00,NAPS
2024,202401,20240115,1170,ﾅｯﾌﾟｽ 岡山店,4524486093685,21SJ-14K ﾚｻﾞｰｼﾞｬｹｯﾄ BK XL 流水雪輪,21SJ-14K,BK 流水,XL,岡山県,1.00,NAPS
2024,202401,20240115,1170,ﾅｯﾌﾟｽ 岡山店,4524486093692,21SJ-14K ﾚｻﾞｰｼﾞｬｹｯﾄ BK M 桧垣桜,21SJ-14K,BK 桧垣,M,岡山県,-1.00,NAPS
2024,202401,20240115,1170,ﾅｯﾌﾟｽ 岡山店,4524486093715,21SJ-14K ﾚｻﾞｰｼﾞｬｹｯﾄ BK XL 桧垣桜,21SJ-14K,BK 桧垣,XL,岡山県,-1.00,NAPS
2024,202401,20240115,1170,ﾅｯﾌﾟｽ 岡山店,4524486094965,21SJ-14K ﾚｻﾞｰｼﾞｬｹｯﾄ BK L 鉄流水雪輪,21SJ-14K,BK 鉄流,L,岡山県,-1.00,NAPS
2024,202401,20240115,1170,ﾅｯﾌﾟｽ 岡山店,4524486103254,21SJ-14K ﾚｻﾞｰｼﾞｬｹｯﾄ BK XL 雲龍,21SJ-14K,BK 雲龍,XL,岡山県,-1.00,NAPS
2024,202401,20240115,1170,ﾅｯﾌﾟｽ 岡山店,4524486103308,21SJ-14K ﾚｻﾞｰｼﾞｬｹｯﾄ BK L 鳥獣戯画,21SJ-14K,BK 鳥獣,L,岡山県,-1.00,NAPS
2024,202401,20240115,1392,株式会社JTBふるさと開発事業部,4524486106538,21SJ-14K ﾚｻﾞｰｼﾞｬｹｯﾄ RD M 鉄流水雪輪,21SJ-14K,RD 鉄流,M,NULL,1.00,NULL
2024,202401,20240115,1392,株式会社JTBふるさと開発事業部,4524486106538,21SJ-14K ﾚｻﾞｰｼﾞｬｹｯﾄ RD M 鉄流水雪輪,21SJ-14K,RD 鉄流,M,NULL,1.00,NULL
2024,202401,20240116,1392,株式会社JTBふるさと開発事業部,4524486093678,21SJ-14K ﾚｻﾞｰｼﾞｬｹｯﾄ BK L 流水雪輪,21SJ-14K,BK 流水,L,NULL,1.00,NULL
2024,202401,20240116,1392,株式会社JTBふるさと開発事業部,4524486093678,21SJ-14K ﾚｻﾞｰｼﾞｬｹｯﾄ BK L 流水雪輪,21SJ-14K,BK 流水,L,NULL,1.00,NULL
2024,202401,20240116,1392,株式会社JTBふるさと開発事業部,4524486093678,21SJ-14K ﾚｻﾞｰｼﾞｬｹｯﾄ BK L 流水雪輪,21SJ-14K,BK 流水,L,NULL,1.00,NULL
2024,202401,20240116,1392,株式会社JTBふるさと開発事業部,4524486093692,21SJ-14K ﾚｻﾞｰｼﾞｬｹｯﾄ BK M 桧垣桜,21SJ-14K,BK 桧垣,M,NULL,1.00,NULL
2024,202401,20240116,1392,株式会社JTBふるさと開発事業部,4524486093715,21SJ-14K ﾚｻﾞｰｼﾞｬｹｯﾄ BK XL 桧垣桜,21SJ-14K,BK 桧垣,XL,NULL,1.00,NULL
2024,202401,20240116,1392,株式会社JTBふるさと開発事業部,4524486103230,21SJ-14K ﾚｻﾞｰｼﾞｬｹｯﾄ BK M 雲龍,21SJ-14K,BK 雲龍,M,NULL,1.00,NULL
2024,202401,20240116,1392,株式会社JTBふるさと開発事業部,4524486103247,21SJ-14K ﾚｻﾞｰｼﾞｬｹｯﾄ BK L 雲龍,21SJ-14K,BK 雲龍,L,NULL,1.00,NULL
2024,202401,20240116,1392,株式会社JTBふるさと開発事業部,4524486103247,21SJ-14K ﾚｻﾞｰｼﾞｬｹｯﾄ BK L 雲龍,21SJ-14K,BK 雲龍,L,NULL,1.00,NULL
2024,202401,20240116,1392,株式会社JTBふるさと開発事業部,4524486103254,21SJ-14K ﾚｻﾞｰｼﾞｬｹｯﾄ BK XL 雲龍,21SJ-14K,BK 雲龍,XL,NULL,1.00,NULL
2024,202401,20240116,rmwc,Riding My Way Company,4524486093661,21SJ-14K ﾚｻﾞｰｼﾞｬｹｯﾄ BK M 流水雪輪,21SJ-14K,BK 流水,M,台湾,3.00,NULL
2024,202401,20240116,rmwc,Riding My Way Company,4524486093678,21SJ-14K ﾚｻﾞｰｼﾞｬｹｯﾄ BK L 流水雪輪,21SJ-14K,BK 流水,L,台湾,2.00,NULL
2024,202401,20240116,rmwc,Riding My Way Company,4524486093685,21SJ-14K ﾚｻﾞｰｼﾞｬｹｯﾄ BK XL 流水雪輪,21SJ-14K,BK 流水,XL,台湾,1.00,NULL
2024,202401,20240117,0000,いちげん,4524486093692,21SJ-14K ﾚｻﾞｰｼﾞｬｹｯﾄ BK M 桧垣桜,21SJ-14K,BK 桧垣,M,NULL,1.00,NULL
2024,202401,20240117,0000,いちげん,4524486093708,21SJ-14K ﾚｻﾞｰｼﾞｬｹｯﾄ BK L 桧垣桜,21SJ-14K,BK 桧垣,L,NULL,-1.00,NULL
2024,202401,20240117,ansi,ANSIN MOTO CO.,4524486093661,21SJ-14K ﾚｻﾞｰｼﾞｬｹｯﾄ BK M 流水雪輪,21SJ-14K,BK 流水,M,台湾,2.00,NULL
2024,202401,20240117,ansi,ANSIN MOTO CO.,4524486093685,21SJ-14K ﾚｻﾞｰｼﾞｬｹｯﾄ BK XL 流水雪輪,21SJ-14K,BK 流水,XL,台湾,1.00,NULL
2024,202401,20240117,show,デグナー京都本店,4524486103308,21SJ-14K ﾚｻﾞｰｼﾞｬｹｯﾄ BK L 鳥獣戯画,21SJ-14K,BK 鳥獣,L,京都府,1.00,NULL
2024,202401,20240118,0000,いちげん,4524486097959,21SJ-14K ﾚｻﾞｰｼﾞｬｹｯﾄ BK LW 流水雪輪,21SJ-14K,BK 流水,LW,NULL,1.00,NULL
2024,202401,20240118,1392,株式会社JTBふるさと開発事業部,4524486093685,21SJ-14K ﾚｻﾞｰｼﾞｬｹｯﾄ BK XL 流水雪輪,21SJ-14K,BK 流水,XL,NULL,1.00,NULL
2024,202401,20240118,1392,株式会社JTBふるさと開発事業部,4524486093715,21SJ-14K ﾚｻﾞｰｼﾞｬｹｯﾄ BK XL 桧垣桜,21SJ-14K,BK 桧垣,XL,NULL,1.00,NULL
2024,202401,20240119,1392,株式会社JTBふるさと開発事業部,4524486093661,21SJ-14K ﾚｻﾞｰｼﾞｬｹｯﾄ BK M 流水雪輪,21SJ-14K,BK 流水,M,NULL,1.00,NULL
2024,202401,20240119,1392,株式会社JTBふるさと開発事業部,4524486093692,21SJ-14K ﾚｻﾞｰｼﾞｬｹｯﾄ BK M 桧垣桜,21SJ-14K,BK 桧垣,M,NULL,1.00,NULL
2024,202401,20240119,1392,株式会社JTBふるさと開発事業部,4524486093708,21SJ-14K ﾚｻﾞｰｼﾞｬｹｯﾄ BK L 桧垣桜,21SJ-14K,BK 桧垣,L,NULL,1.00,NULL
2024,202401,20240119,1392,株式会社JTBふるさと開発事業部,4524486103230,21SJ-14K ﾚｻﾞｰｼﾞｬｹｯﾄ BK M 雲龍,21SJ-14K,BK 雲龍,M,NULL,1.00,NULL
2024,202401,20240121,9996,株式会社 ﾃﾞｸﾞﾅｰ,4524486093692,21SJ-14K ﾚｻﾞｰｼﾞｬｹｯﾄ BK M 桧垣桜,21SJ-14K,BK 桧垣,M,NULL,1.00,NULL
2024,202401,20240122,0000,いちげん,4524486093715,21SJ-14K ﾚｻﾞｰｼﾞｬｹｯﾄ BK XL 桧垣桜,21SJ-14K,BK 桧垣,XL,NULL,1.00,NULL
2024,202401,20240122,0688,南海部品株式会社,4524486093678,21SJ-14K ﾚｻﾞｰｼﾞｬｹｯﾄ BK L 流水雪輪,21SJ-14K,BK 流水,L,大阪府,1.00,卸
2024,202401,20240122,show,デグナー京都本店,4524486097966,21SJ-14K ﾚｻﾞｰｼﾞｬｹｯﾄ BK LW 鉄流水雪輪,21SJ-14K,BK 鉄流,LW,京都府,1.00,NULL
2024,202401,20240123,0688,南海部品株式会社,4524486106538,21SJ-14K ﾚｻﾞｰｼﾞｬｹｯﾄ RD M 鉄流水雪輪,21SJ-14K,RD 鉄流,M,大阪府,1.00,卸
2024,202401,20240123,0688,南海部品株式会社,4524486106545,21SJ-14K ﾚｻﾞｰｼﾞｬｹｯﾄ RD L 鉄流水雪輪,21SJ-14K,RD 鉄流,L,大阪府,1.00,卸
2024,202401,20240123,0688,南海部品株式会社,4524486106552,21SJ-14K ﾚｻﾞｰｼﾞｬｹｯﾄ RD XL 鉄流水雪輪,21SJ-14K,RD 鉄流,XL,大阪府,1.00,卸
2024,202401,20240124,9996,株式会社 ﾃﾞｸﾞﾅｰ,4524486094972,21SJ-14K ﾚｻﾞｰｼﾞｬｹｯﾄ BK XL 鉄流水雪輪,21SJ-14K,BK 鉄流,XL,NULL,1.00,NULL
2024,202401,20240124,ansi,ANSIN MOTO CO.,4524486093685,21SJ-14K ﾚｻﾞｰｼﾞｬｹｯﾄ BK XL 流水雪輪,21SJ-14K,BK 流水,XL,台湾,1.00,NULL
2024,202401,20240124,ansi,ANSIN MOTO CO.,4524486093692,21SJ-14K ﾚｻﾞｰｼﾞｬｹｯﾄ BK M 桧垣桜,21SJ-14K,BK 桧垣,M,台湾,1.00,NULL
2024,202401,20240125,0598,ﾗｲｺﾗﾝﾄﾞ TokyoBay東雲店,4524486093661,21SJ-14K ﾚｻﾞｰｼﾞｬｹｯﾄ BK M 流水雪輪,21SJ-14K,BK 流水,M,東京都,1.00,NAPS
2024,202401,20240125,0598,ﾗｲｺﾗﾝﾄﾞ TokyoBay東雲店,4524486093685,21SJ-14K ﾚｻﾞｰｼﾞｬｹｯﾄ BK XL 流水雪輪,21SJ-14K,BK 流水,XL,東京都,1.00,NAPS
2024,202401,20240125,0598,ﾗｲｺﾗﾝﾄﾞ TokyoBay東雲店,4524486093692,21SJ-14K ﾚｻﾞｰｼﾞｬｹｯﾄ BK M 桧垣桜,21SJ-14K,BK 桧垣,M,東京都,1.00,NAPS
2024,202401,20240125,0598,ﾗｲｺﾗﾝﾄﾞ TokyoBay東雲店,4524486093708,21SJ-14K ﾚｻﾞｰｼﾞｬｹｯﾄ BK L 桧垣桜,21SJ-14K,BK 桧垣,L,東京都,1.00,NAPS
2024,202401,20240125,0598,ﾗｲｺﾗﾝﾄﾞ TokyoBay東雲店,4524486093715,21SJ-14K ﾚｻﾞｰｼﾞｬｹｯﾄ BK XL 桧垣桜,21SJ-14K,BK 桧垣,XL,東京都,1.00,NAPS
2024,202401,20240125,0598,ﾗｲｺﾗﾝﾄﾞ TokyoBay東雲店,4524486094965,21SJ-14K ﾚｻﾞｰｼﾞｬｹｯﾄ BK L 鉄流水雪輪,21SJ-14K,BK 鉄流,L,東京都,1.00,NAPS
2024,202401,20240125,0598,ﾗｲｺﾗﾝﾄﾞ TokyoBay東雲店,4524486094972,21SJ-14K ﾚｻﾞｰｼﾞｬｹｯﾄ BK XL 鉄流水雪輪,21SJ-14K,BK 鉄流,XL,東京都,1.00,NAPS
2024,202401,20240127,9996,株式会社 ﾃﾞｸﾞﾅｰ,4524486106538,21SJ-14K ﾚｻﾞｰｼﾞｬｹｯﾄ RD M 鉄流水雪輪,21SJ-14K,RD 鉄流,M,NULL,1.00,NULL
2024,202401,20240129,0000,いちげん,4524486094972,21SJ-14K ﾚｻﾞｰｼﾞｬｹｯﾄ BK XL 鉄流水雪輪,21SJ-14K,BK 鉄流,XL,NULL,1.00,NULL
2024,202401,20240129,0000,いちげん,4524486097973,21SJ-14K ﾚｻﾞｰｼﾞｬｹｯﾄ BK LW 桧垣桜,21SJ-14K,BK 桧垣,LW,NULL,1.00,NULL
2024,202402,20240201,0432,南海部品 小山店,4524486093708,21SJ-14K ﾚｻﾞｰｼﾞｬｹｯﾄ BK L 桧垣桜,21SJ-14K,BK 桧垣,L,栃木県,1.00,NAPS
2024,202402,20240201,1301,ﾊﾟｰｸｱｯﾌﾟ株式会社,4524486093661,21SJ-14K ﾚｻﾞｰｼﾞｬｹｯﾄ BK M 流水雪輪,21SJ-14K,BK 流水,M,兵庫県,1.00,KMC北関東
2024,202402,20240201,1392,株式会社JTBふるさと開発事業部,4524486106538,21SJ-14K ﾚｻﾞｰｼﾞｬｹｯﾄ RD M 鉄流水雪輪,21SJ-14K,RD 鉄流,M,NULL,1.00,NULL
2024,202402,20240202,0199,株式会社 ﾜｲ･ｹｲ商事,4524486106545,21SJ-14K ﾚｻﾞｰｼﾞｬｹｯﾄ RD L 鉄流水雪輪,21SJ-14K,RD 鉄流,L,東京都,1.00,NAPS
2024,202402,20240202,0574,株式会社ﾘﾊﾞｰｸﾚｲﾝ,4524486094965,21SJ-14K ﾚｻﾞｰｼﾞｬｹｯﾄ BK L 鉄流水雪輪,21SJ-14K,BK 鉄流,L,神奈川県,1.00,KMC北関東
2024,202402,20240202,0747,ﾅｯﾌﾟｽ 広島店,4524486093647,21SJ-14K ﾚｻﾞｰｼﾞｬｹｯﾄ BK L 風神雷神BE,21SJ-14K,BK-BE風,L,広島県,1.00,NAPS
2024,202402,20240202,0747,ﾅｯﾌﾟｽ 広島店,4524486106545,21SJ-14K ﾚｻﾞｰｼﾞｬｹｯﾄ RD L 鉄流水雪輪,21SJ-14K,RD 鉄流,L,広島県,1.00,NAPS
2024,202402,20240202,1392,株式会社JTBふるさと開発事業部,4524486103254,21SJ-14K ﾚｻﾞｰｼﾞｬｹｯﾄ BK XL 雲龍,21SJ-14K,BK 雲龍,XL,NULL,1.00,NULL
2024,202402,20240203,9996,株式会社 ﾃﾞｸﾞﾅｰ,4524486097966,21SJ-14K ﾚｻﾞｰｼﾞｬｹｯﾄ BK LW 鉄流水雪輪,21SJ-14K,BK 鉄流,LW,NULL,1.00,NULL
2024,202402,20240203,show,デグナー京都本店,4524486093692,21SJ-14K ﾚｻﾞｰｼﾞｬｹｯﾄ BK M 桧垣桜,21SJ-14K,BK 桧垣,M,京都府,1.00,NULL
2024,202402,20240205,0598,ﾗｲｺﾗﾝﾄﾞ TokyoBay東雲店,4524486093630,21SJ-14K ﾚｻﾞｰｼﾞｬｹｯﾄ BK M 風神雷神BE,21SJ-14K,BK-BE風,M,東京都,1.00,NAPS
2024,202402,20240205,0598,ﾗｲｺﾗﾝﾄﾞ TokyoBay東雲店,4524486093647,21SJ-14K ﾚｻﾞｰｼﾞｬｹｯﾄ BK L 風神雷神BE,21SJ-14K,BK-BE風,L,東京都,1.00,NAPS
2024,202402,20240205,0598,ﾗｲｺﾗﾝﾄﾞ TokyoBay東雲店,4524486093654,21SJ-14K ﾚｻﾞｰｼﾞｬｹｯﾄ BK XL 風神雷神BE,21SJ-14K,BK-BE風,XL,東京都,1.00,NAPS
2024,202402,20240205,0598,ﾗｲｺﾗﾝﾄﾞ TokyoBay東雲店,4524486097959,21SJ-14K ﾚｻﾞｰｼﾞｬｹｯﾄ BK LW 流水雪輪,21SJ-14K,BK 流水,LW,東京都,1.00,NAPS
2024,202402,20240205,0598,ﾗｲｺﾗﾝﾄﾞ TokyoBay東雲店,4524486097966,21SJ-14K ﾚｻﾞｰｼﾞｬｹｯﾄ BK LW 鉄流水雪輪,21SJ-14K,BK 鉄流,LW,東京都,1.00,NAPS
2024,202402,20240205,0598,ﾗｲｺﾗﾝﾄﾞ TokyoBay東雲店,4524486097973,21SJ-14K ﾚｻﾞｰｼﾞｬｹｯﾄ BK LW 桧垣桜,21SJ-14K,BK 桧垣,LW,東京都,1.00,NAPS
2024,202402,20240205,0598,ﾗｲｺﾗﾝﾄﾞ TokyoBay東雲店,4524486103230,21SJ-14K ﾚｻﾞｰｼﾞｬｹｯﾄ BK M 雲龍,21SJ-14K,BK 雲龍,M,東京都,1.00,NAPS
2024,202402,20240205,0598,ﾗｲｺﾗﾝﾄﾞ TokyoBay東雲店,4524486103247,21SJ-14K ﾚｻﾞｰｼﾞｬｹｯﾄ BK L 雲龍,21SJ-14K,BK 雲龍,L,東京都,1.00,NAPS
2024,202402,20240205,0598,ﾗｲｺﾗﾝﾄﾞ TokyoBay東雲店,4524486103254,21SJ-14K ﾚｻﾞｰｼﾞｬｹｯﾄ BK XL 雲龍,21SJ-14K,BK 雲龍,XL,東京都,1.00,NAPS
2024,202402,20240205,0598,ﾗｲｺﾗﾝﾄﾞ TokyoBay東雲店,4524486103308,21SJ-14K ﾚｻﾞｰｼﾞｬｹｯﾄ BK L 鳥獣戯画,21SJ-14K,BK 鳥獣,L,東京都,1.00,NAPS
2024,202402,20240205,0598,ﾗｲｺﾗﾝﾄﾞ TokyoBay東雲店,4524486103315,21SJ-14K ﾚｻﾞｰｼﾞｬｹｯﾄ BK XL 鳥獣戯画,21SJ-14K,BK 鳥獣,XL,東京都,1.00,NAPS
2024,202402,20240205,0598,ﾗｲｺﾗﾝﾄﾞ TokyoBay東雲店,4524486106538,21SJ-14K ﾚｻﾞｰｼﾞｬｹｯﾄ RD M 鉄流水雪輪,21SJ-14K,RD 鉄流,M,東京都,1.00,NAPS
2024,202402,20240205,0598,ﾗｲｺﾗﾝﾄﾞ TokyoBay東雲店,4524486106545,21SJ-14K ﾚｻﾞｰｼﾞｬｹｯﾄ RD L 鉄流水雪輪,21SJ-14K,RD 鉄流,L,東京都,1.00,NAPS
2024,202402,20240205,0598,ﾗｲｺﾗﾝﾄﾞ TokyoBay東雲店,4524486106552,21SJ-14K ﾚｻﾞｰｼﾞｬｹｯﾄ RD XL 鉄流水雪輪,21SJ-14K,RD 鉄流,XL,東京都,1.00,NAPS
2024,202402,20240207,show,デグナー京都本店,4524486093661,21SJ-14K ﾚｻﾞｰｼﾞｬｹｯﾄ BK M 流水雪輪,21SJ-14K,BK 流水,M,京都府,1.00,NULL
2024,202402,20240207,show,デグナー京都本店,4524486103254,21SJ-14K ﾚｻﾞｰｼﾞｬｹｯﾄ BK XL 雲龍,21SJ-14K,BK 雲龍,XL,京都府,1.00,NULL
2024,202402,20240209,1392,株式会社JTBふるさと開発事業部,4524486106538,21SJ-14K ﾚｻﾞｰｼﾞｬｹｯﾄ RD M 鉄流水雪輪,21SJ-14K,RD 鉄流,M,NULL,1.00,NULL
2024,202402,20240210,9996,株式会社 ﾃﾞｸﾞﾅｰ,4524486094965,21SJ-14K ﾚｻﾞｰｼﾞｬｹｯﾄ BK L 鉄流水雪輪,21SJ-14K,BK 鉄流,L,NULL,1.00,NULL
2024,202402,20240213,1409,ﾅｯﾌﾟｽ ららぽーと立川立飛店,4524486093708,21SJ-14K ﾚｻﾞｰｼﾞｬｹｯﾄ BK L 桧垣桜,21SJ-14K,BK 桧垣,L,東京都,1.00,NAPS
2024,202402,20240214,0598,ﾗｲｺﾗﾝﾄﾞ TokyoBay東雲店,4524486103254,21SJ-14K ﾚｻﾞｰｼﾞｬｹｯﾄ BK XL 雲龍,21SJ-14K,BK 雲龍,XL,東京都,1.00,NAPS
2024,202402,20240214,0598,ﾗｲｺﾗﾝﾄﾞ TokyoBay東雲店,4524486106538,21SJ-14K ﾚｻﾞｰｼﾞｬｹｯﾄ RD M 鉄流水雪輪,21SJ-14K,RD 鉄流,M,東京都,1.00,NAPS
2024,202402,20240215,0000,いちげん,4524486093708,21SJ-14K ﾚｻﾞｰｼﾞｬｹｯﾄ BK L 桧垣桜,21SJ-14K,BK 桧垣,L,NULL,1.00,NULL
2024,202402,20240216,0699,Enshin株式会社,4524486103254,21SJ-14K ﾚｻﾞｰｼﾞｬｹｯﾄ BK XL 雲龍,21SJ-14K,BK 雲龍,XL,東京都,1.00,KMC中部
2024,202402,20240217,9996,株式会社 ﾃﾞｸﾞﾅｰ,4524486106552,21SJ-14K ﾚｻﾞｰｼﾞｬｹｯﾄ RD XL 鉄流水雪輪,21SJ-14K,RD 鉄流,XL,NULL,1.00,NULL
2024,202402,20240218,9996,株式会社 ﾃﾞｸﾞﾅｰ,4524486093708,21SJ-14K ﾚｻﾞｰｼﾞｬｹｯﾄ BK L 桧垣桜,21SJ-14K,BK 桧垣,L,NULL,1.00,NULL
2024,202402,20240219,0000,いちげん,4524486093692,21SJ-14K ﾚｻﾞｰｼﾞｬｹｯﾄ BK M 桧垣桜,21SJ-14K,BK 桧垣,M,NULL,1.00,NULL
2024,202402,20240219,0000,いちげん,4524486103230,21SJ-14K ﾚｻﾞｰｼﾞｬｹｯﾄ BK M 雲龍,21SJ-14K,BK 雲龍,M,NULL,1.00,NULL
2024,202402,20240221,1067,株式会社 ﾓﾉﾀﾞｲﾚｸﾄ,4524486094972,21SJ-14K ﾚｻﾞｰｼﾞｬｹｯﾄ BK XL 鉄流水雪輪,21SJ-14K,BK 鉄流,XL,神奈川県,1.00,KMC北関東
2024,202402,20240223,show,デグナー京都本店,4524486097966,21SJ-14K ﾚｻﾞｰｼﾞｬｹｯﾄ BK LW 鉄流水雪輪,21SJ-14K,BK 鉄流,LW,京都府,1.00,NULL
2024,202402,20240225,show,デグナー京都本店,4524486106583,21SJ-14K ﾚｻﾞｰｼﾞｬｹｯﾄ BK M 百鬼夜行,21SJ-14K,BK 百夜,M,京都府,1.00,NULL
2024,202402,20240226,0000,いちげん,4524486094972,21SJ-14K ﾚｻﾞｰｼﾞｬｹｯﾄ BK XL 鉄流水雪輪,21SJ-14K,BK 鉄流,XL,NULL,1.00,NULL
2024,202402,20240226,0000,いちげん,4524486106545,21SJ-14K ﾚｻﾞｰｼﾞｬｹｯﾄ RD L 鉄流水雪輪,21SJ-14K,RD 鉄流,L,NULL,1.00,NULL
2024,202402,20240226,0688,南海部品株式会社,4524486093661,21SJ-14K ﾚｻﾞｰｼﾞｬｹｯﾄ BK M 流水雪輪,21SJ-14K,BK 流水,M,大阪府,1.00,卸
2024,202402,20240226,0688,南海部品株式会社,4524486093678,21SJ-14K ﾚｻﾞｰｼﾞｬｹｯﾄ BK L 流水雪輪,21SJ-14K,BK 流水,L,大阪府,1.00,卸
2024,202402,20240226,0688,南海部品株式会社,4524486093685,21SJ-14K ﾚｻﾞｰｼﾞｬｹｯﾄ BK XL 流水雪輪,21SJ-14K,BK 流水,XL,大阪府,1.00,卸
2024,202402,20240226,0688,南海部品株式会社,4524486106545,21SJ-14K ﾚｻﾞｰｼﾞｬｹｯﾄ RD L 鉄流水雪輪,21SJ-14K,RD 鉄流,L,大阪府,1.00,卸
2024,202402,20240226,1067,株式会社 ﾓﾉﾀﾞｲﾚｸﾄ,4524486094965,21SJ-14K ﾚｻﾞｰｼﾞｬｹｯﾄ BK L 鉄流水雪輪,21SJ-14K,BK 鉄流,L,神奈川県,1.00,KMC北関東
2024,202402,20240226,show,デグナー京都本店,4524486093654,21SJ-14K ﾚｻﾞｰｼﾞｬｹｯﾄ BK XL 風神雷神BE,21SJ-14K,BK-BE風,XL,京都府,1.00,NULL
2024,202402,20240227,0693,ﾅｯﾌﾟｽ 埼玉店,4524486093678,21SJ-14K ﾚｻﾞｰｼﾞｬｹｯﾄ BK L 流水雪輪,21SJ-14K,BK 流水,L,埼玉県,1.00,NAPS
2024,202402,20240227,1113,ﾅｯﾌﾟｽ 仙台泉ｲﾝﾀｰ店,4524486103247,21SJ-14K ﾚｻﾞｰｼﾞｬｹｯﾄ BK L 雲龍,21SJ-14K,BK 雲龍,L,宮城県,1.00,NAPS
2024,202402,20240228,ansi,ANSIN MOTO CO.,4524486094958,21SJ-14K ﾚｻﾞｰｼﾞｬｹｯﾄ BK M 鉄流水雪輪,21SJ-14K,BK 鉄流,M,台湾,1.00,NULL
2024,202402,20240228,ansi,ANSIN MOTO CO.,4524486094965,21SJ-14K ﾚｻﾞｰｼﾞｬｹｯﾄ BK L 鉄流水雪輪,21SJ-14K,BK 鉄流,L,台湾,1.00,NULL
2024,202403,20240301,0168,ﾗｲｺﾗﾝﾄﾞ 柏店,4524486093678,21SJ-14K ﾚｻﾞｰｼﾞｬｹｯﾄ BK L 流水雪輪,21SJ-14K,BK 流水,L,千葉県,1.00,NAPS
2024,202403,20240301,0168,ﾗｲｺﾗﾝﾄﾞ 柏店,4524486093685,21SJ-14K ﾚｻﾞｰｼﾞｬｹｯﾄ BK XL 流水雪輪,21SJ-14K,BK 流水,XL,千葉県,1.00,NAPS
2024,202403,20240301,0168,ﾗｲｺﾗﾝﾄﾞ 柏店,4524486093692,21SJ-14K ﾚｻﾞｰｼﾞｬｹｯﾄ BK M 桧垣桜,21SJ-14K,BK 桧垣,M,千葉県,1.00,NAPS
2024,202403,20240301,0168,ﾗｲｺﾗﾝﾄﾞ 柏店,4524486093708,21SJ-14K ﾚｻﾞｰｼﾞｬｹｯﾄ BK L 桧垣桜,21SJ-14K,BK 桧垣,L,千葉県,1.00,NAPS
2024,202403,20240301,0168,ﾗｲｺﾗﾝﾄﾞ 柏店,4524486093715,21SJ-14K ﾚｻﾞｰｼﾞｬｹｯﾄ BK XL 桧垣桜,21SJ-14K,BK 桧垣,XL,千葉県,1.00,NAPS
2024,202403,20240301,0168,ﾗｲｺﾗﾝﾄﾞ 柏店,4524486103247,21SJ-14K ﾚｻﾞｰｼﾞｬｹｯﾄ BK L 雲龍,21SJ-14K,BK 雲龍,L,千葉県,1.00,NAPS
2024,202403,20240301,0168,ﾗｲｺﾗﾝﾄﾞ 柏店,4524486106545,21SJ-14K ﾚｻﾞｰｼﾞｬｹｯﾄ RD L 鉄流水雪輪,21SJ-14K,RD 鉄流,L,千葉県,1.00,NAPS
2024,202403,20240301,0168,ﾗｲｺﾗﾝﾄﾞ 柏店,4524486106552,21SJ-14K ﾚｻﾞｰｼﾞｬｹｯﾄ RD XL 鉄流水雪輪,21SJ-14K,RD 鉄流,XL,千葉県,1.00,NAPS
2024,202403,20240301,0598,ﾗｲｺﾗﾝﾄﾞ TokyoBay東雲店,4524486093661,21SJ-14K ﾚｻﾞｰｼﾞｬｹｯﾄ BK M 流水雪輪,21SJ-14K,BK 流水,M,東京都,1.00,NAPS
2024,202403,20240301,0598,ﾗｲｺﾗﾝﾄﾞ TokyoBay東雲店,4524486093715,21SJ-14K ﾚｻﾞｰｼﾞｬｹｯﾄ BK XL 桧垣桜,21SJ-14K,BK 桧垣,XL,東京都,1.00,NAPS
2024,202403,20240301,0598,ﾗｲｺﾗﾝﾄﾞ TokyoBay東雲店,4524486094965,21SJ-14K ﾚｻﾞｰｼﾞｬｹｯﾄ BK L 鉄流水雪輪,21SJ-14K,BK 鉄流,L,東京都,1.00,NAPS
2024,202403,20240301,0598,ﾗｲｺﾗﾝﾄﾞ TokyoBay東雲店,4524486103254,21SJ-14K ﾚｻﾞｰｼﾞｬｹｯﾄ BK XL 雲龍,21SJ-14K,BK 雲龍,XL,東京都,1.00,NAPS
2024,202403,20240301,0598,ﾗｲｺﾗﾝﾄﾞ TokyoBay東雲店,4524486106545,21SJ-14K ﾚｻﾞｰｼﾞｬｹｯﾄ RD L 鉄流水雪輪,21SJ-14K,RD 鉄流,L,東京都,1.00,NAPS
2024,202403,20240301,1159,新潟中央部品株式会社 長岡店,4524486093654,21SJ-14K ﾚｻﾞｰｼﾞｬｹｯﾄ BK XL 風神雷神BE,21SJ-14K,BK-BE風,XL,新潟県,1.00,KMC北日本
2024,202403,20240304,0000,いちげん,4524486103308,21SJ-14K ﾚｻﾞｰｼﾞｬｹｯﾄ BK L 鳥獣戯画,21SJ-14K,BK 鳥獣,L,NULL,1.00,NULL
2024,202403,20240304,0688,南海部品株式会社,4524486093685,21SJ-14K ﾚｻﾞｰｼﾞｬｹｯﾄ BK XL 流水雪輪,21SJ-14K,BK 流水,XL,大阪府,1.00,卸
2024,202403,20240306,1170,ﾅｯﾌﾟｽ 岡山店,4524486093708,21SJ-14K ﾚｻﾞｰｼﾞｬｹｯﾄ BK L 桧垣桜,21SJ-14K,BK 桧垣,L,岡山県,1.00,NAPS
2024,202403,20240307,0000,いちげん,4524486093708,21SJ-14K ﾚｻﾞｰｼﾞｬｹｯﾄ BK L 桧垣桜,21SJ-14K,BK 桧垣,L,NULL,1.00,NULL
2024,202403,20240307,0000,いちげん,4524486094965,21SJ-14K ﾚｻﾞｰｼﾞｬｹｯﾄ BK L 鉄流水雪輪,21SJ-14K,BK 鉄流,L,NULL,1.00,NULL
2024,202403,20240307,0000,いちげん,4524486094972,21SJ-14K ﾚｻﾞｰｼﾞｬｹｯﾄ BK XL 鉄流水雪輪,21SJ-14K,BK 鉄流,XL,NULL,-1.00,NULL
2024,202403,20240307,0598,ﾗｲｺﾗﾝﾄﾞ TokyoBay東雲店,4524486097966,21SJ-14K ﾚｻﾞｰｼﾞｬｹｯﾄ BK LW 鉄流水雪輪,21SJ-14K,BK 鉄流,LW,東京都,1.00,NAPS
2024,202403,20240307,1113,ﾅｯﾌﾟｽ 仙台泉ｲﾝﾀｰ店,4524486107566,21SJ-14K ﾚｻﾞｰｼﾞｬｹｯﾄ NV L 鉄流水雪輪,21SJ-14K,NV 鉄流,L,宮城県,1.00,NAPS
2024,202403,20240308,0000,いちげん,4524486093661,21SJ-14K ﾚｻﾞｰｼﾞｬｹｯﾄ BK M 流水雪輪,21SJ-14K,BK 流水,M,NULL,1.00,NULL
2024,202403,20240310,9996,株式会社 ﾃﾞｸﾞﾅｰ,4524486107573,21SJ-14K ﾚｻﾞｰｼﾞｬｹｯﾄ NV XL 鉄流水雪輪,21SJ-14K,NV 鉄流,XL,NULL,1.00,NULL
2024,202403,20240311,0688,南海部品株式会社,4524486093678,21SJ-14K ﾚｻﾞｰｼﾞｬｹｯﾄ BK L 流水雪輪,21SJ-14K,BK 流水,L,大阪府,1.00,卸
2024,202403,20240312,0000,いちげん,4524486103247,21SJ-14K ﾚｻﾞｰｼﾞｬｹｯﾄ BK L 雲龍,21SJ-14K,BK 雲龍,L,NULL,1.00,NULL
2024,202403,20240312,a233,ﾏﾙﾃｨｰ 松江店,4524486097959,21SJ-14K ﾚｻﾞｰｼﾞｬｹｯﾄ BK LW 流水雪輪,21SJ-14K,BK 流水,LW,島根県,1.00,KMC北日本
2024,202403,20240314,0000,いちげん,4524486093678,21SJ-14K ﾚｻﾞｰｼﾞｬｹｯﾄ BK L 流水雪輪,21SJ-14K,BK 流水,L,NULL,1.00,NULL
2024,202403,20240315,0000,いちげん,4524486093708,21SJ-14K ﾚｻﾞｰｼﾞｬｹｯﾄ BK L 桧垣桜,21SJ-14K,BK 桧垣,L,NULL,1.00,NULL
2024,202403,20240318,0688,南海部品株式会社,4524486107559,21SJ-14K ﾚｻﾞｰｼﾞｬｹｯﾄ NV M 鉄流水雪輪,21SJ-14K,NV 鉄流,M,大阪府,1.00,卸
2024,202403,20240318,0688,南海部品株式会社,4524486107566,21SJ-14K ﾚｻﾞｰｼﾞｬｹｯﾄ NV L 鉄流水雪輪,21SJ-14K,NV 鉄流,L,大阪府,1.00,卸
2024,202403,20240318,0688,南海部品株式会社,4524486107573,21SJ-14K ﾚｻﾞｰｼﾞｬｹｯﾄ NV XL 鉄流水雪輪,21SJ-14K,NV 鉄流,XL,大阪府,1.00,卸
2024,202403,20240319,1067,株式会社 ﾓﾉﾀﾞｲﾚｸﾄ,4524486093692,21SJ-14K ﾚｻﾞｰｼﾞｬｹｯﾄ BK M 桧垣桜,21SJ-14K,BK 桧垣,M,神奈川県,1.00,KMC北関東
2024,202403,20240319,1301,ﾊﾟｰｸｱｯﾌﾟ株式会社,4524486093692,21SJ-14K ﾚｻﾞｰｼﾞｬｹｯﾄ BK M 桧垣桜,21SJ-14K,BK 桧垣,M,兵庫県,1.00,KMC北関東
2024,202403,20240321,0000,いちげん,4524486093661,21SJ-14K ﾚｻﾞｰｼﾞｬｹｯﾄ BK M 流水雪輪,21SJ-14K,BK 流水,M,NULL,1.00,NULL
2024,202403,20240321,1223,ﾗｲｺﾗﾝﾄﾞ CuBe札幌白石店,4524486093692,21SJ-14K ﾚｻﾞｰｼﾞｬｹｯﾄ BK M 桧垣桜,21SJ-14K,BK 桧垣,M,北海道,1.00,NAPS
2024,202403,20240322,0598,ﾗｲｺﾗﾝﾄﾞ TokyoBay東雲店,4524486093692,21SJ-14K ﾚｻﾞｰｼﾞｬｹｯﾄ BK M 桧垣桜,21SJ-14K,BK 桧垣,M,東京都,1.00,NAPS
2024,202403,20240322,0598,ﾗｲｺﾗﾝﾄﾞ TokyoBay東雲店,4524486103254,21SJ-14K ﾚｻﾞｰｼﾞｬｹｯﾄ BK XL 雲龍,21SJ-14K,BK 雲龍,XL,東京都,1.00,NAPS
2024,202403,20240322,1392,株式会社JTBふるさと開発事業部,4524486093708,21SJ-14K ﾚｻﾞｰｼﾞｬｹｯﾄ BK L 桧垣桜,21SJ-14K,BK 桧垣,L,NULL,1.00,NULL
2024,202403,20240322,1392,株式会社JTBふるさと開発事業部,4524486103247,21SJ-14K ﾚｻﾞｰｼﾞｬｹｯﾄ BK L 雲龍,21SJ-14K,BK 雲龍,L,NULL,1.00,NULL
2024,202403,20240322,9996,株式会社 ﾃﾞｸﾞﾅｰ,4524486097966,21SJ-14K ﾚｻﾞｰｼﾞｬｹｯﾄ BK LW 鉄流水雪輪,21SJ-14K,BK 鉄流,LW,NULL,1.00,NULL
2024,202403,20240322,ansi,ANSIN MOTO CO.,4524486093661,21SJ-14K ﾚｻﾞｰｼﾞｬｹｯﾄ BK M 流水雪輪,21SJ-14K,BK 流水,M,台湾,1.00,NULL
2024,202403,20240323,9996,株式会社 ﾃﾞｸﾞﾅｰ,4524486093708,21SJ-14K ﾚｻﾞｰｼﾞｬｹｯﾄ BK L 桧垣桜,21SJ-14K,BK 桧垣,L,NULL,1.00,NULL
2024,202403,20240323,9996,株式会社 ﾃﾞｸﾞﾅｰ,4524486097973,21SJ-14K ﾚｻﾞｰｼﾞｬｹｯﾄ BK LW 桧垣桜,21SJ-14K,BK 桧垣,LW,NULL,1.00,NULL
2024,202403,20240323,9996,株式会社 ﾃﾞｸﾞﾅｰ,4524486106538,21SJ-14K ﾚｻﾞｰｼﾞｬｹｯﾄ RD M 鉄流水雪輪,21SJ-14K,RD 鉄流,M,NULL,1.00,NULL
2024,202403,20240323,9996,株式会社 ﾃﾞｸﾞﾅｰ,4524486106552,21SJ-14K ﾚｻﾞｰｼﾞｬｹｯﾄ RD XL 鉄流水雪輪,21SJ-14K,RD 鉄流,XL,NULL,1.00,NULL
2024,202403,20240323,show,デグナー京都本店,4524486103230,21SJ-14K ﾚｻﾞｰｼﾞｬｹｯﾄ BK M 雲龍,21SJ-14K,BK 雲龍,M,京都府,1.00,NULL
2024,202403,20240324,show,デグナー京都本店,4524486103247,21SJ-14K ﾚｻﾞｰｼﾞｬｹｯﾄ BK L 雲龍,21SJ-14K,BK 雲龍,L,京都府,1.00,NULL
2024,202403,20240325,0000,いちげん,4524486106538,21SJ-14K ﾚｻﾞｰｼﾞｬｹｯﾄ RD M 鉄流水雪輪,21SJ-14K,RD 鉄流,M,NULL,1.00,NULL
2024,202403,20240325,1017,株式会社 ﾊﾞｲｸﾜｰﾙﾄﾞりんくうｼｰｸﾙ店,4524486093678,21SJ-14K ﾚｻﾞｰｼﾞｬｹｯﾄ BK L 流水雪輪,21SJ-14K,BK 流水,L,大阪府,1.00,NAPS
2024,202403,20240325,1017,株式会社 ﾊﾞｲｸﾜｰﾙﾄﾞりんくうｼｰｸﾙ店,4524486093685,21SJ-14K ﾚｻﾞｰｼﾞｬｹｯﾄ BK XL 流水雪輪,21SJ-14K,BK 流水,XL,大阪府,1.00,NAPS
2024,202403,20240325,1113,ﾅｯﾌﾟｽ 仙台泉ｲﾝﾀｰ店,4524486093678,21SJ-14K ﾚｻﾞｰｼﾞｬｹｯﾄ BK L 流水雪輪,21SJ-14K,BK 流水,L,宮城県,1.00,NAPS
2024,202403,20240325,show,デグナー京都本店,4524486093708,21SJ-14K ﾚｻﾞｰｼﾞｬｹｯﾄ BK L 桧垣桜,21SJ-14K,BK 桧垣,L,京都府,1.00,NULL
2024,202403,20240328,0000,いちげん,4524486107566,21SJ-14K ﾚｻﾞｰｼﾞｬｹｯﾄ NV L 鉄流水雪輪,21SJ-14K,NV 鉄流,L,NULL,1.00,NULL
2024,202403,20240328,show,デグナー京都本店,4524486097959,21SJ-14K ﾚｻﾞｰｼﾞｬｹｯﾄ BK LW 流水雪輪,21SJ-14K,BK 流水,LW,京都府,1.00,NULL
2024,202403,20240329,0432,南海部品 小山店,4524486093678,21SJ-14K ﾚｻﾞｰｼﾞｬｹｯﾄ BK L 流水雪輪,21SJ-14K,BK 流水,L,栃木県,1.00,NAPS
2024,202403,20240329,0432,南海部品 小山店,4524486093685,21SJ-14K ﾚｻﾞｰｼﾞｬｹｯﾄ BK XL 流水雪輪,21SJ-14K,BK 流水,XL,栃木県,1.00,NAPS
2024,202403,20240329,0432,南海部品 小山店,4524486093715,21SJ-14K ﾚｻﾞｰｼﾞｬｹｯﾄ BK XL 桧垣桜,21SJ-14K,BK 桧垣,XL,栃木県,1.00,NAPS
2024,202403,20240329,0432,南海部品 小山店,4524486103247,21SJ-14K ﾚｻﾞｰｼﾞｬｹｯﾄ BK L 雲龍,21SJ-14K,BK 雲龍,L,栃木県,1.00,NAPS
2024,202403,20240329,0432,南海部品 小山店,4524486103254,21SJ-14K ﾚｻﾞｰｼﾞｬｹｯﾄ BK XL 雲龍,21SJ-14K,BK 雲龍,XL,栃木県,1.00,NAPS
2024,202403,20240329,9996,株式会社 ﾃﾞｸﾞﾅｰ,4524486097973,21SJ-14K ﾚｻﾞｰｼﾞｬｹｯﾄ BK LW 桧垣桜,21SJ-14K,BK 桧垣,LW,NULL,1.00,NULL
2024,202403,20240330,show,デグナー京都本店,4524486093708,21SJ-14K ﾚｻﾞｰｼﾞｬｹｯﾄ BK L 桧垣桜,21SJ-14K,BK 桧垣,L,京都府,1.00,NULL
2024,202403,20240330,show,デグナー京都本店,4524486093715,21SJ-14K ﾚｻﾞｰｼﾞｬｹｯﾄ BK XL 桧垣桜,21SJ-14K,BK 桧垣,XL,京都府,1.00,NULL
2024,202403,20240330,show,デグナー京都本店,4524486106590,21SJ-14K ﾚｻﾞｰｼﾞｬｹｯﾄ BK L 百鬼夜行,21SJ-14K,BK 百夜,L,京都府,1.00,NULL
2024,202403,20240331,9996,株式会社 ﾃﾞｸﾞﾅｰ,4524486093685,21SJ-14K ﾚｻﾞｰｼﾞｬｹｯﾄ BK XL 流水雪輪,21SJ-14K,BK 流水,XL,NULL,1.00,NULL
2024,202403,20240331,show,デグナー京都本店,4524486103230,21SJ-14K ﾚｻﾞｰｼﾞｬｹｯﾄ BK M 雲龍,21SJ-14K,BK 雲龍,M,京都府,1.00,NULL
2024,202404,20240401,0574,株式会社ﾘﾊﾞｰｸﾚｲﾝ,4524486107566,21SJ-14K ﾚｻﾞｰｼﾞｬｹｯﾄ NV L 鉄流水雪輪,21SJ-14K,NV 鉄流,L,神奈川県,1.00,KMC北関東
2024,202404,20240401,1067,株式会社 ﾓﾉﾀﾞｲﾚｸﾄ,4524486107573,21SJ-14K ﾚｻﾞｰｼﾞｬｹｯﾄ NV XL 鉄流水雪輪,21SJ-14K,NV 鉄流,XL,神奈川県,1.00,KMC北関東
2024,202404,20240402,0688,南海部品株式会社,4524486097959,21SJ-14K ﾚｻﾞｰｼﾞｬｹｯﾄ BK LW 流水雪輪,21SJ-14K,BK 流水,LW,大阪府,1.00,卸
2024,202404,20240403,0000,いちげん,4524486103247,21SJ-14K ﾚｻﾞｰｼﾞｬｹｯﾄ BK L 雲龍,21SJ-14K,BK 雲龍,L,NULL,1.00,NULL
2024,202404,20240403,1017,株式会社 ﾊﾞｲｸﾜｰﾙﾄﾞりんくうｼｰｸﾙ店,4524486093685,21SJ-14K ﾚｻﾞｰｼﾞｬｹｯﾄ BK XL 流水雪輪,21SJ-14K,BK 流水,XL,大阪府,1.00,NAPS
2024,202404,20240403,1223,ﾗｲｺﾗﾝﾄﾞ CuBe札幌白石店,4524486093678,21SJ-14K ﾚｻﾞｰｼﾞｬｹｯﾄ BK L 流水雪輪,21SJ-14K,BK 流水,L,北海道,1.00,NAPS
2024,202404,20240403,1223,ﾗｲｺﾗﾝﾄﾞ CuBe札幌白石店,4524486093685,21SJ-14K ﾚｻﾞｰｼﾞｬｹｯﾄ BK XL 流水雪輪,21SJ-14K,BK 流水,XL,北海道,1.00,NAPS
2024,202404,20240403,1223,ﾗｲｺﾗﾝﾄﾞ CuBe札幌白石店,4524486093692,21SJ-14K ﾚｻﾞｰｼﾞｬｹｯﾄ BK M 桧垣桜,21SJ-14K,BK 桧垣,M,北海道,1.00,NAPS
2024,202404,20240403,1223,ﾗｲｺﾗﾝﾄﾞ CuBe札幌白石店,4524486093715,21SJ-14K ﾚｻﾞｰｼﾞｬｹｯﾄ BK XL 桧垣桜,21SJ-14K,BK 桧垣,XL,北海道,1.00,NAPS
2024,202404,20240403,1223,ﾗｲｺﾗﾝﾄﾞ CuBe札幌白石店,4524486094958,21SJ-14K ﾚｻﾞｰｼﾞｬｹｯﾄ BK M 鉄流水雪輪,21SJ-14K,BK 鉄流,M,北海道,1.00,NAPS
2024,202404,20240403,1223,ﾗｲｺﾗﾝﾄﾞ CuBe札幌白石店,4524486094965,21SJ-14K ﾚｻﾞｰｼﾞｬｹｯﾄ BK L 鉄流水雪輪,21SJ-14K,BK 鉄流,L,北海道,1.00,NAPS
2024,202404,20240403,1223,ﾗｲｺﾗﾝﾄﾞ CuBe札幌白石店,4524486094972,21SJ-14K ﾚｻﾞｰｼﾞｬｹｯﾄ BK XL 鉄流水雪輪,21SJ-14K,BK 鉄流,XL,北海道,1.00,NAPS
2024,202404,20240403,1223,ﾗｲｺﾗﾝﾄﾞ CuBe札幌白石店,4524486097973,21SJ-14K ﾚｻﾞｰｼﾞｬｹｯﾄ BK LW 桧垣桜,21SJ-14K,BK 桧垣,LW,北海道,1.00,NAPS
2024,202404,20240404,0000,いちげん,4524486094965,21SJ-14K ﾚｻﾞｰｼﾞｬｹｯﾄ BK L 鉄流水雪輪,21SJ-14K,BK 鉄流,L,NULL,1.00,NULL
2024,202404,20240404,0574,株式会社ﾘﾊﾞｰｸﾚｲﾝ,4524486103308,21SJ-14K ﾚｻﾞｰｼﾞｬｹｯﾄ BK L 鳥獣戯画,21SJ-14K,BK 鳥獣,L,神奈川県,1.00,KMC北関東
2024,202404,20240405,1392,株式会社JTBふるさと開発事業部,4524486093692,21SJ-14K ﾚｻﾞｰｼﾞｬｹｯﾄ BK M 桧垣桜,21SJ-14K,BK 桧垣,M,NULL,1.00,NULL
2024,202404,20240405,1392,株式会社JTBふるさと開発事業部,4524486103230,21SJ-14K ﾚｻﾞｰｼﾞｬｹｯﾄ BK M 雲龍,21SJ-14K,BK 雲龍,M,NULL,1.00,NULL
2024,202404,20240405,1392,株式会社JTBふるさと開発事業部,4524486103247,21SJ-14K ﾚｻﾞｰｼﾞｬｹｯﾄ BK L 雲龍,21SJ-14K,BK 雲龍,L,NULL,1.00,NULL
2024,202404,20240406,EVNT,販売店様ｲﾍﾞﾝﾄ,4524486093715,21SJ-14K ﾚｻﾞｰｼﾞｬｹｯﾄ BK XL 桧垣桜,21SJ-14K,BK 桧垣,XL,NULL,1.00,NULL
2024,202404,20240406,EVNT,販売店様ｲﾍﾞﾝﾄ,4524486103308,21SJ-14K ﾚｻﾞｰｼﾞｬｹｯﾄ BK L 鳥獣戯画,21SJ-14K,BK 鳥獣,L,NULL,1.00,NULL
2024,202404,20240407,EVNT,販売店様ｲﾍﾞﾝﾄ,4524486093654,21SJ-14K ﾚｻﾞｰｼﾞｬｹｯﾄ BK XL 風神雷神BE,21SJ-14K,BK-BE風,XL,NULL,1.00,NULL
2024,202404,20240408,0747,ﾅｯﾌﾟｽ 広島店,4524486093708,21SJ-14K ﾚｻﾞｰｼﾞｬｹｯﾄ BK L 桧垣桜,21SJ-14K,BK 桧垣,L,広島県,1.00,NAPS
2024,202404,20240408,1344,ﾗｲｺﾗﾝﾄﾞ 盛岡店,4524486093692,21SJ-14K ﾚｻﾞｰｼﾞｬｹｯﾄ BK M 桧垣桜,21SJ-14K,BK 桧垣,M,岩手県,1.00,NAPS
2024,202404,20240409,0000,いちげん,4524486094972,21SJ-14K ﾚｻﾞｰｼﾞｬｹｯﾄ BK XL 鉄流水雪輪,21SJ-14K,BK 鉄流,XL,NULL,1.00,NULL
2024,202404,20240409,1113,ﾅｯﾌﾟｽ 仙台泉ｲﾝﾀｰ店,4524486093647,21SJ-14K ﾚｻﾞｰｼﾞｬｹｯﾄ BK L 風神雷神BE,21SJ-14K,BK-BE風,L,宮城県,1.00,NAPS
2024,202404,20240409,1159,新潟中央部品株式会社 長岡店,4524486103254,21SJ-14K ﾚｻﾞｰｼﾞｬｹｯﾄ BK XL 雲龍,21SJ-14K,BK 雲龍,XL,新潟県,1.00,KMC北日本
2024,202404,20240412,0000,いちげん,4524486106583,21SJ-14K ﾚｻﾞｰｼﾞｬｹｯﾄ BK M 百鬼夜行,21SJ-14K,BK 百夜,M,NULL,1.00,NULL
2024,202404,20240414,9996,株式会社 ﾃﾞｸﾞﾅｰ,4524486094958,21SJ-14K ﾚｻﾞｰｼﾞｬｹｯﾄ BK M 鉄流水雪輪,21SJ-14K,BK 鉄流,M,NULL,1.00,NULL
2024,202404,20240416,0168,ﾗｲｺﾗﾝﾄﾞ 柏店,4524486093685,21SJ-14K ﾚｻﾞｰｼﾞｬｹｯﾄ BK XL 流水雪輪,21SJ-14K,BK 流水,XL,千葉県,1.00,NAPS
2024,202404,20240416,0324,ﾗｲｺﾗﾝﾄﾞ 埼玉店,4524486093708,21SJ-14K ﾚｻﾞｰｼﾞｬｹｯﾄ BK L 桧垣桜,21SJ-14K,BK 桧垣,L,埼玉県,1.00,NAPS
2024,202404,20240417,0402,ﾅｯﾌﾟｽ 足立店,4524486093647,21SJ-14K ﾚｻﾞｰｼﾞｬｹｯﾄ BK L 風神雷神BE,21SJ-14K,BK-BE風,L,東京都,1.00,NAPS
2024,202404,20240417,0402,ﾅｯﾌﾟｽ 足立店,4524486103254,21SJ-14K ﾚｻﾞｰｼﾞｬｹｯﾄ BK XL 雲龍,21SJ-14K,BK 雲龍,XL,東京都,1.00,NAPS
2024,202404,20240417,0402,ﾅｯﾌﾟｽ 足立店,4524486107559,21SJ-14K ﾚｻﾞｰｼﾞｬｹｯﾄ NV M 鉄流水雪輪,21SJ-14K,NV 鉄流,M,東京都,1.00,NAPS
2024,202404,20240417,1273,ﾗｲｺﾗﾝﾄﾞ 小倉店,4524486093715,21SJ-14K ﾚｻﾞｰｼﾞｬｹｯﾄ BK XL 桧垣桜,21SJ-14K,BK 桧垣,XL,福岡県,1.00,NAPS
2024,202404,20240418,0598,ﾗｲｺﾗﾝﾄﾞ TokyoBay東雲店,4524486093678,21SJ-14K ﾚｻﾞｰｼﾞｬｹｯﾄ BK L 流水雪輪,21SJ-14K,BK 流水,L,東京都,1.00,NAPS
2024,202404,20240418,0598,ﾗｲｺﾗﾝﾄﾞ TokyoBay東雲店,4524486093692,21SJ-14K ﾚｻﾞｰｼﾞｬｹｯﾄ BK M 桧垣桜,21SJ-14K,BK 桧垣,M,東京都,1.00,NAPS
2024,202404,20240418,0598,ﾗｲｺﾗﾝﾄﾞ TokyoBay東雲店,4524486094958,21SJ-14K ﾚｻﾞｰｼﾞｬｹｯﾄ BK M 鉄流水雪輪,21SJ-14K,BK 鉄流,M,東京都,1.00,NAPS
2024,202404,20240418,0598,ﾗｲｺﾗﾝﾄﾞ TokyoBay東雲店,4524486106552,21SJ-14K ﾚｻﾞｰｼﾞｬｹｯﾄ RD XL 鉄流水雪輪,21SJ-14K,RD 鉄流,XL,東京都,1.00,NAPS
2024,202404,20240418,1392,株式会社JTBふるさと開発事業部,4524486093661,21SJ-14K ﾚｻﾞｰｼﾞｬｹｯﾄ BK M 流水雪輪,21SJ-14K,BK 流水,M,NULL,1.00,NULL
2024,202404,20240418,1392,株式会社JTBふるさと開発事業部,4524486093692,21SJ-14K ﾚｻﾞｰｼﾞｬｹｯﾄ BK M 桧垣桜,21SJ-14K,BK 桧垣,M,NULL,1.00,NULL
2024,202404,20240421,show,デグナー京都本店,4524486103230,21SJ-14K ﾚｻﾞｰｼﾞｬｹｯﾄ BK M 雲龍,21SJ-14K,BK 雲龍,M,京都府,1.00,NULL
2024,202404,20240422,0000,いちげん,4524486103247,21SJ-14K ﾚｻﾞｰｼﾞｬｹｯﾄ BK L 雲龍,21SJ-14K,BK 雲龍,L,NULL,1.00,NULL
2024,202404,20240422,0688,南海部品株式会社,4524486097959,21SJ-14K ﾚｻﾞｰｼﾞｬｹｯﾄ BK LW 流水雪輪,21SJ-14K,BK 流水,LW,大阪府,1.00,卸
2024,202404,20240423,0000,いちげん,4524486093654,21SJ-14K ﾚｻﾞｰｼﾞｬｹｯﾄ BK XL 風神雷神BE,21SJ-14K,BK-BE風,XL,NULL,1.00,NULL
2024,202404,20240423,0000,いちげん,4524486106552,21SJ-14K ﾚｻﾞｰｼﾞｬｹｯﾄ RD XL 鉄流水雪輪,21SJ-14K,RD 鉄流,XL,NULL,1.00,NULL
2024,202404,20240423,1223,ﾗｲｺﾗﾝﾄﾞ CuBe札幌白石店,4524486097973,21SJ-14K ﾚｻﾞｰｼﾞｬｹｯﾄ BK LW 桧垣桜,21SJ-14K,BK 桧垣,LW,北海道,1.00,NAPS
2024,202404,20240424,1170,ﾅｯﾌﾟｽ 岡山店,4524486093708,21SJ-14K ﾚｻﾞｰｼﾞｬｹｯﾄ BK L 桧垣桜,21SJ-14K,BK 桧垣,L,岡山県,1.00,NAPS
2024,202404,20240424,ansi,ANSIN MOTO CO.,4524486094965,21SJ-14K ﾚｻﾞｰｼﾞｬｹｯﾄ BK L 鉄流水雪輪,21SJ-14K,BK 鉄流,L,台湾,1.00,NULL
2024,202404,20240427,show,デグナー京都本店,4524486106590,21SJ-14K ﾚｻﾞｰｼﾞｬｹｯﾄ BK L 百鬼夜行,21SJ-14K,BK 百夜,L,京都府,1.00,NULL
2024,202405,20240501,1113,ﾅｯﾌﾟｽ 仙台泉ｲﾝﾀｰ店,4524486103247,21SJ-14K ﾚｻﾞｰｼﾞｬｹｯﾄ BK L 雲龍,21SJ-14K,BK 雲龍,L,宮城県,1.00,NAPS
2024,202405,20240502,1017,株式会社 ﾊﾞｲｸﾜｰﾙﾄﾞりんくうｼｰｸﾙ店,4524486093678,21SJ-14K ﾚｻﾞｰｼﾞｬｹｯﾄ BK L 流水雪輪,21SJ-14K,BK 流水,L,大阪府,1.00,NAPS
2024,202405,20240502,1223,ﾗｲｺﾗﾝﾄﾞ CuBe札幌白石店,4524486093708,21SJ-14K ﾚｻﾞｰｼﾞｬｹｯﾄ BK L 桧垣桜,21SJ-14K,BK 桧垣,L,北海道,1.00,NAPS
2024,202405,20240502,1223,ﾗｲｺﾗﾝﾄﾞ CuBe札幌白石店,4524486094958,21SJ-14K ﾚｻﾞｰｼﾞｬｹｯﾄ BK M 鉄流水雪輪,21SJ-14K,BK 鉄流,M,北海道,1.00,NAPS
2024,202405,20240503,show,デグナー京都本店,4524486094958,21SJ-14K ﾚｻﾞｰｼﾞｬｹｯﾄ BK M 鉄流水雪輪,21SJ-14K,BK 鉄流,M,京都府,1.00,NULL
2024,202405,20240504,9996,株式会社 ﾃﾞｸﾞﾅｰ,4524486093715,21SJ-14K ﾚｻﾞｰｼﾞｬｹｯﾄ BK XL 桧垣桜,21SJ-14K,BK 桧垣,XL,NULL,1.00,NULL
2024,202405,20240506,show,デグナー京都本店,4524486094972,21SJ-14K ﾚｻﾞｰｼﾞｬｹｯﾄ BK XL 鉄流水雪輪,21SJ-14K,BK 鉄流,XL,京都府,1.00,NULL
2024,202405,20240507,0000,いちげん,4524486094965,21SJ-14K ﾚｻﾞｰｼﾞｬｹｯﾄ BK L 鉄流水雪輪,21SJ-14K,BK 鉄流,L,NULL,1.00,NULL
2024,202405,20240507,1113,ﾅｯﾌﾟｽ 仙台泉ｲﾝﾀｰ店,4524486093647,21SJ-14K ﾚｻﾞｰｼﾞｬｹｯﾄ BK L 風神雷神BE,21SJ-14K,BK-BE風,L,宮城県,1.00,NAPS
2024,202405,20240507,1113,ﾅｯﾌﾟｽ 仙台泉ｲﾝﾀｰ店,4524486097959,21SJ-14K ﾚｻﾞｰｼﾞｬｹｯﾄ BK LW 流水雪輪,21SJ-14K,BK 流水,LW,宮城県,1.00,NAPS
2024,202405,20240508,0574,株式会社ﾘﾊﾞｰｸﾚｲﾝ,4524486103254,21SJ-14K ﾚｻﾞｰｼﾞｬｹｯﾄ BK XL 雲龍,21SJ-14K,BK 雲龍,XL,神奈川県,1.00,KMC北関東
2024,202405,20240508,1223,ﾗｲｺﾗﾝﾄﾞ CuBe札幌白石店,4524486093685,21SJ-14K ﾚｻﾞｰｼﾞｬｹｯﾄ BK XL 流水雪輪,21SJ-14K,BK 流水,XL,北海道,1.00,NAPS
2024,202405,20240509,0000,いちげん,4524486106545,21SJ-14K ﾚｻﾞｰｼﾞｬｹｯﾄ RD L 鉄流水雪輪,21SJ-14K,RD 鉄流,L,NULL,1.00,NULL
2024,202405,20240509,9996,株式会社 ﾃﾞｸﾞﾅｰ,4524486103230,21SJ-14K ﾚｻﾞｰｼﾞｬｹｯﾄ BK M 雲龍,21SJ-14K,BK 雲龍,M,NULL,1.00,NULL
2024,202405,20240511,9996,株式会社 ﾃﾞｸﾞﾅｰ,4524486103230,21SJ-14K ﾚｻﾞｰｼﾞｬｹｯﾄ BK M 雲龍,21SJ-14K,BK 雲龍,M,NULL,1.00,NULL
2024,202405,20240513,0000,いちげん,4524486093715,21SJ-14K ﾚｻﾞｰｼﾞｬｹｯﾄ BK XL 桧垣桜,21SJ-14K,BK 桧垣,XL,NULL,1.00,NULL
2024,202405,20240514,0168,ﾗｲｺﾗﾝﾄﾞ 柏店,4524486093678,21SJ-14K ﾚｻﾞｰｼﾞｬｹｯﾄ BK L 流水雪輪,21SJ-14K,BK 流水,L,千葉県,1.00,NAPS
2024,202405,20240519,9996,株式会社 ﾃﾞｸﾞﾅｰ,4524486097973,21SJ-14K ﾚｻﾞｰｼﾞｬｹｯﾄ BK LW 桧垣桜,21SJ-14K,BK 桧垣,LW,NULL,1.00,NULL
2024,202405,20240520,1392,株式会社JTBふるさと開発事業部,4524486093661,21SJ-14K ﾚｻﾞｰｼﾞｬｹｯﾄ BK M 流水雪輪,21SJ-14K,BK 流水,M,NULL,1.00,NULL
2024,202405,20240521,1273,ﾗｲｺﾗﾝﾄﾞ 小倉店,4524486093708,21SJ-14K ﾚｻﾞｰｼﾞｬｹｯﾄ BK L 桧垣桜,21SJ-14K,BK 桧垣,L,福岡県,1.00,NAPS
2024,202405,20240521,1392,株式会社JTBふるさと開発事業部,4524486093708,21SJ-14K ﾚｻﾞｰｼﾞｬｹｯﾄ BK L 桧垣桜,21SJ-14K,BK 桧垣,L,NULL,1.00,NULL
2024,202405,20240522,1429,ﾗｲｺﾗﾝﾄﾞ 新潟店,4524486093678,21SJ-14K ﾚｻﾞｰｼﾞｬｹｯﾄ BK L 流水雪輪,21SJ-14K,BK 流水,L,新潟県,1.00,NAPS
2024,202405,20240522,1429,ﾗｲｺﾗﾝﾄﾞ 新潟店,4524486093685,21SJ-14K ﾚｻﾞｰｼﾞｬｹｯﾄ BK XL 流水雪輪,21SJ-14K,BK 流水,XL,新潟県,1.00,NAPS
2024,202405,20240522,1429,ﾗｲｺﾗﾝﾄﾞ 新潟店,4524486093692,21SJ-14K ﾚｻﾞｰｼﾞｬｹｯﾄ BK M 桧垣桜,21SJ-14K,BK 桧垣,M,新潟県,1.00,NAPS
2024,202405,20240522,1429,ﾗｲｺﾗﾝﾄﾞ 新潟店,4524486093708,21SJ-14K ﾚｻﾞｰｼﾞｬｹｯﾄ BK L 桧垣桜,21SJ-14K,BK 桧垣,L,新潟県,1.00,NAPS
2024,202405,20240522,1429,ﾗｲｺﾗﾝﾄﾞ 新潟店,4524486093715,21SJ-14K ﾚｻﾞｰｼﾞｬｹｯﾄ BK XL 桧垣桜,21SJ-14K,BK 桧垣,XL,新潟県,1.00,NAPS
2024,202405,20240522,1429,ﾗｲｺﾗﾝﾄﾞ 新潟店,4524486094965,21SJ-14K ﾚｻﾞｰｼﾞｬｹｯﾄ BK L 鉄流水雪輪,21SJ-14K,BK 鉄流,L,新潟県,1.00,NAPS
2024,202405,20240522,1429,ﾗｲｺﾗﾝﾄﾞ 新潟店,4524486094972,21SJ-14K ﾚｻﾞｰｼﾞｬｹｯﾄ BK XL 鉄流水雪輪,21SJ-14K,BK 鉄流,XL,新潟県,1.00,NAPS
2024,202405,20240522,1429,ﾗｲｺﾗﾝﾄﾞ 新潟店,4524486103247,21SJ-14K ﾚｻﾞｰｼﾞｬｹｯﾄ BK L 雲龍,21SJ-14K,BK 雲龍,L,新潟県,1.00,NAPS
2024,202405,20240522,1429,ﾗｲｺﾗﾝﾄﾞ 新潟店,4524486103254,21SJ-14K ﾚｻﾞｰｼﾞｬｹｯﾄ BK XL 雲龍,21SJ-14K,BK 雲龍,XL,新潟県,1.00,NAPS
2024,202405,20240523,1017,株式会社 ﾊﾞｲｸﾜｰﾙﾄﾞりんくうｼｰｸﾙ店,4524486093678,21SJ-14K ﾚｻﾞｰｼﾞｬｹｯﾄ BK L 流水雪輪,21SJ-14K,BK 流水,L,大阪府,1.00,NAPS
2024,202405,20240526,9996,株式会社 ﾃﾞｸﾞﾅｰ,4524486103254,21SJ-14K ﾚｻﾞｰｼﾞｬｹｯﾄ BK XL 雲龍,21SJ-14K,BK 雲龍,XL,NULL,1.00,NULL
2024,202405,20240526,show,デグナー京都本店,4524486107559,21SJ-14K ﾚｻﾞｰｼﾞｬｹｯﾄ NV M 鉄流水雪輪,21SJ-14K,NV 鉄流,M,京都府,1.00,NULL
2024,202405,20240527,0000,いちげん,4524486093692,21SJ-14K ﾚｻﾞｰｼﾞｬｹｯﾄ BK M 桧垣桜,21SJ-14K,BK 桧垣,M,NULL,1.00,NULL
2024,202405,20240528,0000,いちげん,4524486093692,21SJ-14K ﾚｻﾞｰｼﾞｬｹｯﾄ BK M 桧垣桜,21SJ-14K,BK 桧垣,M,NULL,1.00,NULL
2024,202405,20240528,1170,ﾅｯﾌﾟｽ 岡山店,4524486097966,21SJ-14K ﾚｻﾞｰｼﾞｬｹｯﾄ BK LW 鉄流水雪輪,21SJ-14K,BK 鉄流,LW,岡山県,1.00,NAPS
2024,202405,20240528,1223,ﾗｲｺﾗﾝﾄﾞ CuBe札幌白石店,4524486097966,21SJ-14K ﾚｻﾞｰｼﾞｬｹｯﾄ BK LW 鉄流水雪輪,21SJ-14K,BK 鉄流,LW,北海道,1.00,NAPS
2024,202405,20240530,0000,いちげん,4524486093685,21SJ-14K ﾚｻﾞｰｼﾞｬｹｯﾄ BK XL 流水雪輪,21SJ-14K,BK 流水,XL,NULL,1.00,NULL
2024,202406,20240602,9996,株式会社 ﾃﾞｸﾞﾅｰ,4524486106606,21SJ-14K ﾚｻﾞｰｼﾞｬｹｯﾄ BK XL 百鬼夜行,21SJ-14K,BK 百夜,XL,NULL,1.00,NULL
2024,202406,20240603,0598,ﾗｲｺﾗﾝﾄﾞ TokyoBay東雲店,4524486093692,21SJ-14K ﾚｻﾞｰｼﾞｬｹｯﾄ BK M 桧垣桜,21SJ-14K,BK 桧垣,M,東京都,1.00,NAPS
2024,202406,20240603,0598,ﾗｲｺﾗﾝﾄﾞ TokyoBay東雲店,4524486094965,21SJ-14K ﾚｻﾞｰｼﾞｬｹｯﾄ BK L 鉄流水雪輪,21SJ-14K,BK 鉄流,L,東京都,1.00,NAPS
2024,202406,20240603,0598,ﾗｲｺﾗﾝﾄﾞ TokyoBay東雲店,4524486094972,21SJ-14K ﾚｻﾞｰｼﾞｬｹｯﾄ BK XL 鉄流水雪輪,21SJ-14K,BK 鉄流,XL,東京都,1.00,NAPS
2024,202406,20240603,0598,ﾗｲｺﾗﾝﾄﾞ TokyoBay東雲店,4524486097966,21SJ-14K ﾚｻﾞｰｼﾞｬｹｯﾄ BK LW 鉄流水雪輪,21SJ-14K,BK 鉄流,LW,東京都,1.00,NAPS
2024,202406,20240603,1170,ﾅｯﾌﾟｽ 岡山店,4524486107559,21SJ-14K ﾚｻﾞｰｼﾞｬｹｯﾄ NV M 鉄流水雪輪,21SJ-14K,NV 鉄流,M,岡山県,1.00,NAPS
2024,202406,20240603,1170,ﾅｯﾌﾟｽ 岡山店,4524486107566,21SJ-14K ﾚｻﾞｰｼﾞｬｹｯﾄ NV L 鉄流水雪輪,21SJ-14K,NV 鉄流,L,岡山県,1.00,NAPS
2024,202406,20240603,1170,ﾅｯﾌﾟｽ 岡山店,4524486107573,21SJ-14K ﾚｻﾞｰｼﾞｬｹｯﾄ NV XL 鉄流水雪輪,21SJ-14K,NV 鉄流,XL,岡山県,1.00,NAPS
2024,202406,20240604,0000,いちげん,4524486093708,21SJ-14K ﾚｻﾞｰｼﾞｬｹｯﾄ BK L 桧垣桜,21SJ-14K,BK 桧垣,L,NULL,1.00,NULL
2024,202406,20240604,1392,株式会社JTBふるさと開発事業部,4524486093715,21SJ-14K ﾚｻﾞｰｼﾞｬｹｯﾄ BK XL 桧垣桜,21SJ-14K,BK 桧垣,XL,NULL,1.00,NULL
2024,202406,20240605,1223,ﾗｲｺﾗﾝﾄﾞ CuBe札幌白石店,4524486103230,21SJ-14K ﾚｻﾞｰｼﾞｬｹｯﾄ BK M 雲龍,21SJ-14K,BK 雲龍,M,北海道,1.00,NAPS
2024,202406,20240607,0000,いちげん,4524486103308,21SJ-14K ﾚｻﾞｰｼﾞｬｹｯﾄ BK L 鳥獣戯画,21SJ-14K,BK 鳥獣,L,NULL,1.00,NULL
2024,202406,20240607,1392,株式会社JTBふるさと開発事業部,4524486093661,21SJ-14K ﾚｻﾞｰｼﾞｬｹｯﾄ BK M 流水雪輪,21SJ-14K,BK 流水,M,NULL,1.00,NULL
2024,202406,20240607,1392,株式会社JTBふるさと開発事業部,4524486093715,21SJ-14K ﾚｻﾞｰｼﾞｬｹｯﾄ BK XL 桧垣桜,21SJ-14K,BK 桧垣,XL,NULL,1.00,NULL
2024,202406,20240608,9996,株式会社 ﾃﾞｸﾞﾅｰ,4524486106552,21SJ-14K ﾚｻﾞｰｼﾞｬｹｯﾄ RD XL 鉄流水雪輪,21SJ-14K,RD 鉄流,XL,NULL,1.00,NULL
2024,202406,20240611,0168,ﾗｲｺﾗﾝﾄﾞ 柏店,4524486093685,21SJ-14K ﾚｻﾞｰｼﾞｬｹｯﾄ BK XL 流水雪輪,21SJ-14K,BK 流水,XL,千葉県,1.00,NAPS
2024,202406,20240612,1429,ﾗｲｺﾗﾝﾄﾞ 新潟店,4524486093692,21SJ-14K ﾚｻﾞｰｼﾞｬｹｯﾄ BK M 桧垣桜,21SJ-14K,BK 桧垣,M,新潟県,1.00,NAPS
2024,202406,20240613,1223,ﾗｲｺﾗﾝﾄﾞ CuBe札幌白石店,4524486097973,21SJ-14K ﾚｻﾞｰｼﾞｬｹｯﾄ BK LW 桧垣桜,21SJ-14K,BK 桧垣,LW,北海道,1.00,NAPS
2024,202406,20240614,1392,株式会社JTBふるさと開発事業部,4524486093678,21SJ-14K ﾚｻﾞｰｼﾞｬｹｯﾄ BK L 流水雪輪,21SJ-14K,BK 流水,L,NULL,1.00,NULL
2024,202406,20240617,1113,ﾅｯﾌﾟｽ 仙台泉ｲﾝﾀｰ店,4524486093647,21SJ-14K ﾚｻﾞｰｼﾞｬｹｯﾄ BK L 風神雷神BE,21SJ-14K,BK-BE風,L,宮城県,1.00,NAPS
2024,202406,20240618,1223,ﾗｲｺﾗﾝﾄﾞ CuBe札幌白石店,4524486093685,21SJ-14K ﾚｻﾞｰｼﾞｬｹｯﾄ BK XL 流水雪輪,21SJ-14K,BK 流水,XL,北海道,1.00,NAPS
2024,202406,20240618,1392,株式会社JTBふるさと開発事業部,4524486106545,21SJ-14K ﾚｻﾞｰｼﾞｬｹｯﾄ RD L 鉄流水雪輪,21SJ-14K,RD 鉄流,L,NULL,1.00,NULL
2024,202406,20240619,0000,いちげん,4524486106538,21SJ-14K ﾚｻﾞｰｼﾞｬｹｯﾄ RD M 鉄流水雪輪,21SJ-14K,RD 鉄流,M,NULL,1.00,NULL
2024,202406,20240622,9996,株式会社 ﾃﾞｸﾞﾅｰ,4524486093708,21SJ-14K ﾚｻﾞｰｼﾞｬｹｯﾄ BK L 桧垣桜,21SJ-14K,BK 桧垣,L,NULL,1.00,NULL
2024,202406,20240624,1113,ﾅｯﾌﾟｽ 仙台泉ｲﾝﾀｰ店,4524486094965,21SJ-14K ﾚｻﾞｰｼﾞｬｹｯﾄ BK L 鉄流水雪輪,21SJ-14K,BK 鉄流,L,宮城県,1.00,NAPS
2024,202406,20240628,1392,株式会社JTBふるさと開発事業部,4524486093685,21SJ-14K ﾚｻﾞｰｼﾞｬｹｯﾄ BK XL 流水雪輪,21SJ-14K,BK 流水,XL,NULL,1.00,NULL
2024,202406,20240628,1392,株式会社JTBふるさと開発事業部,4524486097959,21SJ-14K ﾚｻﾞｰｼﾞｬｹｯﾄ BK LW 流水雪輪,21SJ-14K,BK 流水,LW,NULL,1.00,NULL
2024,202407,20240701,1392,株式会社JTBふるさと開発事業部,4524486103230,21SJ-14K ﾚｻﾞｰｼﾞｬｹｯﾄ BK M 雲龍,21SJ-14K,BK 雲龍,M,NULL,1.00,NULL
2024,202407,20240702,0000,いちげん,4524486093654,21SJ-14K ﾚｻﾞｰｼﾞｬｹｯﾄ BK XL 風神雷神BE,21SJ-14K,BK-BE風,XL,NULL,1.00,NULL
2024,202407,20240702,1113,ﾅｯﾌﾟｽ 仙台泉ｲﾝﾀｰ店,4524486094965,21SJ-14K ﾚｻﾞｰｼﾞｬｹｯﾄ BK L 鉄流水雪輪,21SJ-14K,BK 鉄流,L,宮城県,1.00,NAPS
2024,202407,20240705,1392,株式会社JTBふるさと開発事業部,4524486093692,21SJ-14K ﾚｻﾞｰｼﾞｬｹｯﾄ BK M 桧垣桜,21SJ-14K,BK 桧垣,M,NULL,1.00,NULL
2024,202407,20240708,0000,いちげん,4524486093647,21SJ-14K ﾚｻﾞｰｼﾞｬｹｯﾄ BK L 風神雷神BE,21SJ-14K,BK-BE風,L,NULL,1.00,NULL
2024,202407,20240708,0000,いちげん,4524486093654,21SJ-14K ﾚｻﾞｰｼﾞｬｹｯﾄ BK XL 風神雷神BE,21SJ-14K,BK-BE風,XL,NULL,-1.00,NULL
2024,202407,20240710,1017,株式会社 ﾊﾞｲｸﾜｰﾙﾄﾞりんくうｼｰｸﾙ店,4524486093685,21SJ-14K ﾚｻﾞｰｼﾞｬｹｯﾄ BK XL 流水雪輪,21SJ-14K,BK 流水,XL,大阪府,1.00,NAPS
2024,202407,20240713,9996,株式会社 ﾃﾞｸﾞﾅｰ,4524486093685,21SJ-14K ﾚｻﾞｰｼﾞｬｹｯﾄ BK XL 流水雪輪,21SJ-14K,BK 流水,XL,NULL,1.00,NULL
2024,202407,20240713,9996,株式会社 ﾃﾞｸﾞﾅｰ,4524486106552,21SJ-14K ﾚｻﾞｰｼﾞｬｹｯﾄ RD XL 鉄流水雪輪,21SJ-14K,RD 鉄流,XL,NULL,1.00,NULL
2024,202407,20240713,show,デグナー京都本店,4524486093661,21SJ-14K ﾚｻﾞｰｼﾞｬｹｯﾄ BK M 流水雪輪,21SJ-14K,BK 流水,M,京都府,1.00,NULL
2024,202407,20240713,show,デグナー京都本店,4524486103230,21SJ-14K ﾚｻﾞｰｼﾞｬｹｯﾄ BK M 雲龍,21SJ-14K,BK 雲龍,M,京都府,1.00,NULL
2024,202407,20240714,show,デグナー京都本店,4524486106545,21SJ-14K ﾚｻﾞｰｼﾞｬｹｯﾄ RD L 鉄流水雪輪,21SJ-14K,RD 鉄流,L,京都府,1.00,NULL
2024,202407,20240717,0168,ﾗｲｺﾗﾝﾄﾞ 柏店,4524486093678,21SJ-14K ﾚｻﾞｰｼﾞｬｹｯﾄ BK L 流水雪輪,21SJ-14K,BK 流水,L,千葉県,-1.00,NAPS
2024,202407,20240717,0168,ﾗｲｺﾗﾝﾄﾞ 柏店,4524486093685,21SJ-14K ﾚｻﾞｰｼﾞｬｹｯﾄ BK XL 流水雪輪,21SJ-14K,BK 流水,XL,千葉県,-1.00,NAPS
2024,202407,20240717,1223,ﾗｲｺﾗﾝﾄﾞ CuBe札幌白石店,4524486093708,21SJ-14K ﾚｻﾞｰｼﾞｬｹｯﾄ BK L 桧垣桜,21SJ-14K,BK 桧垣,L,北海道,1.00,NAPS
2024,202407,20240719,1017,株式会社 ﾊﾞｲｸﾜｰﾙﾄﾞりんくうｼｰｸﾙ店,4524486093678,21SJ-14K ﾚｻﾞｰｼﾞｬｹｯﾄ BK L 流水雪輪,21SJ-14K,BK 流水,L,大阪府,1.00,NAPS
2024,202407,20240719,1299,ﾅｯﾌﾟｽ 東大阪店,4524486093661,21SJ-14K ﾚｻﾞｰｼﾞｬｹｯﾄ BK M 流水雪輪,21SJ-14K,BK 流水,M,大阪府,1.00,NAPS
2024,202407,20240719,1299,ﾅｯﾌﾟｽ 東大阪店,4524486093678,21SJ-14K ﾚｻﾞｰｼﾞｬｹｯﾄ BK L 流水雪輪,21SJ-14K,BK 流水,L,大阪府,1.00,NAPS
2024,202407,20240719,1299,ﾅｯﾌﾟｽ 東大阪店,4524486093685,21SJ-14K ﾚｻﾞｰｼﾞｬｹｯﾄ BK XL 流水雪輪,21SJ-14K,BK 流水,XL,大阪府,1.00,NAPS
2024,202407,20240719,1299,ﾅｯﾌﾟｽ 東大阪店,4524486093715,21SJ-14K ﾚｻﾞｰｼﾞｬｹｯﾄ BK XL 桧垣桜,21SJ-14K,BK 桧垣,XL,大阪府,1.00,NAPS
2024,202407,20240719,1299,ﾅｯﾌﾟｽ 東大阪店,4524486097973,21SJ-14K ﾚｻﾞｰｼﾞｬｹｯﾄ BK LW 桧垣桜,21SJ-14K,BK 桧垣,LW,大阪府,1.00,NAPS
2024,202407,20240719,1299,ﾅｯﾌﾟｽ 東大阪店,4524486106552,21SJ-14K ﾚｻﾞｰｼﾞｬｹｯﾄ RD XL 鉄流水雪輪,21SJ-14K,RD 鉄流,XL,大阪府,1.00,NAPS
2024,202407,20240719,RISI,Ridersity,4524486093685,21SJ-14K ﾚｻﾞｰｼﾞｬｹｯﾄ BK XL 流水雪輪,21SJ-14K,BK 流水,XL,台湾,1.00,NULL
2024,202407,20240719,RISI,Ridersity,4524486093708,21SJ-14K ﾚｻﾞｰｼﾞｬｹｯﾄ BK L 桧垣桜,21SJ-14K,BK 桧垣,L,台湾,1.00,NULL
2024,202407,20240719,RISI,Ridersity,4524486094972,21SJ-14K ﾚｻﾞｰｼﾞｬｹｯﾄ BK XL 鉄流水雪輪,21SJ-14K,BK 鉄流,XL,台湾,1.00,NULL
2024,202407,20240719,RISI,Ridersity,4524486103254,21SJ-14K ﾚｻﾞｰｼﾞｬｹｯﾄ BK XL 雲龍,21SJ-14K,BK 雲龍,XL,台湾,1.00,NULL
2024,202407,20240725,0000,いちげん,4524486103315,21SJ-14K ﾚｻﾞｰｼﾞｬｹｯﾄ BK XL 鳥獣戯画,21SJ-14K,BK 鳥獣,XL,NULL,1.00,NULL
2024,202407,20240726,9996,株式会社 ﾃﾞｸﾞﾅｰ,4524486094972,21SJ-14K ﾚｻﾞｰｼﾞｬｹｯﾄ BK XL 鉄流水雪輪,21SJ-14K,BK 鉄流,XL,NULL,1.00,NULL
2024,202408,20240801,0574,株式会社ﾘﾊﾞｰｸﾚｲﾝ,4524486107559,21SJ-14K ﾚｻﾞｰｼﾞｬｹｯﾄ NV M 鉄流水雪輪,21SJ-14K,NV 鉄流,M,神奈川県,1.00,KMC北関東
2024,202408,20240806,0688,南海部品株式会社,4524486093661,21SJ-14K ﾚｻﾞｰｼﾞｬｹｯﾄ BK M 流水雪輪,21SJ-14K,BK 流水,M,大阪府,1.00,卸
2024,202408,20240807,0000,いちげん,4524486093715,21SJ-14K ﾚｻﾞｰｼﾞｬｹｯﾄ BK XL 桧垣桜,21SJ-14K,BK 桧垣,XL,NULL,1.00,NULL
2024,202408,20240807,1392,株式会社JTBふるさと開発事業部,4524486093678,21SJ-14K ﾚｻﾞｰｼﾞｬｹｯﾄ BK L 流水雪輪,21SJ-14K,BK 流水,L,NULL,1.00,NULL
2024,202408,20240807,1392,株式会社JTBふるさと開発事業部,4524486093692,21SJ-14K ﾚｻﾞｰｼﾞｬｹｯﾄ BK M 桧垣桜,21SJ-14K,BK 桧垣,M,NULL,1.00,NULL
2024,202408,20240807,9996,株式会社 ﾃﾞｸﾞﾅｰ,4524486097973,21SJ-14K ﾚｻﾞｰｼﾞｬｹｯﾄ BK LW 桧垣桜,21SJ-14K,BK 桧垣,LW,NULL,1.00,NULL
2024,202408,20240809,0598,ﾗｲｺﾗﾝﾄﾞ TokyoBay東雲店,4524486093678,21SJ-14K ﾚｻﾞｰｼﾞｬｹｯﾄ BK L 流水雪輪,21SJ-14K,BK 流水,L,東京都,1.00,NAPS
2024,202408,20240810,show,デグナー京都本店,4524486103230,21SJ-14K ﾚｻﾞｰｼﾞｬｹｯﾄ BK M 雲龍,21SJ-14K,BK 雲龍,M,京都府,1.00,NULL
2024,202408,20240813,0000,いちげん,4524486103254,21SJ-14K ﾚｻﾞｰｼﾞｬｹｯﾄ BK XL 雲龍,21SJ-14K,BK 雲龍,XL,NULL,1.00,NULL
2024,202408,20240813,0598,ﾗｲｺﾗﾝﾄﾞ TokyoBay東雲店,4524486106552,21SJ-14K ﾚｻﾞｰｼﾞｬｹｯﾄ RD XL 鉄流水雪輪,21SJ-14K,RD 鉄流,XL,東京都,1.00,NAPS
2024,202408,20240814,0000,いちげん,4524486106552,21SJ-14K ﾚｻﾞｰｼﾞｬｹｯﾄ RD XL 鉄流水雪輪,21SJ-14K,RD 鉄流,XL,NULL,1.00,NULL
2024,202408,20240817,9996,株式会社 ﾃﾞｸﾞﾅｰ,4524486093685,21SJ-14K ﾚｻﾞｰｼﾞｬｹｯﾄ BK XL 流水雪輪,21SJ-14K,BK 流水,XL,NULL,1.00,NULL
2024,202408,20240819,0000,いちげん,4524486093678,21SJ-14K ﾚｻﾞｰｼﾞｬｹｯﾄ BK L 流水雪輪,21SJ-14K,BK 流水,L,NULL,1.00,NULL
2024,202408,20240819,0000,いちげん,4524486093692,21SJ-14K ﾚｻﾞｰｼﾞｬｹｯﾄ BK M 桧垣桜,21SJ-14K,BK 桧垣,M,NULL,1.00,NULL
2024,202408,20240819,0168,ﾗｲｺﾗﾝﾄﾞ 柏店,4524486093715,21SJ-14K ﾚｻﾞｰｼﾞｬｹｯﾄ BK XL 桧垣桜,21SJ-14K,BK 桧垣,XL,千葉県,1.00,NAPS
2024,202408,20240819,9996,株式会社 ﾃﾞｸﾞﾅｰ,4524486093678,21SJ-14K ﾚｻﾞｰｼﾞｬｹｯﾄ BK L 流水雪輪,21SJ-14K,BK 流水,L,NULL,1.00,NULL
2024,202408,20240819,show,デグナー京都本店,4524486094965,21SJ-14K ﾚｻﾞｰｼﾞｬｹｯﾄ BK L 鉄流水雪輪,21SJ-14K,BK 鉄流,L,京都府,1.00,NULL
2024,202408,20240820,1392,株式会社JTBふるさと開発事業部,4524486093661,21SJ-14K ﾚｻﾞｰｼﾞｬｹｯﾄ BK M 流水雪輪,21SJ-14K,BK 流水,M,NULL,1.00,NULL
2024,202408,20240820,1392,株式会社JTBふるさと開発事業部,4524486103247,21SJ-14K ﾚｻﾞｰｼﾞｬｹｯﾄ BK L 雲龍,21SJ-14K,BK 雲龍,L,NULL,1.00,NULL
2024,202408,20240822,1113,ﾅｯﾌﾟｽ 仙台泉ｲﾝﾀｰ店,4524486103247,21SJ-14K ﾚｻﾞｰｼﾞｬｹｯﾄ BK L 雲龍,21SJ-14K,BK 雲龍,L,宮城県,1.00,NAPS
2024,202408,20240823,0000,いちげん,4524486106545,21SJ-14K ﾚｻﾞｰｼﾞｬｹｯﾄ RD L 鉄流水雪輪,21SJ-14K,RD 鉄流,L,NULL,1.00,NULL
2024,202408,20240823,0000,いちげん,4524486106552,21SJ-14K ﾚｻﾞｰｼﾞｬｹｯﾄ RD XL 鉄流水雪輪,21SJ-14K,RD 鉄流,XL,NULL,-1.00,NULL
2024,202408,20240823,1346,ﾅｯﾌﾟｽ 松山店,4524486093661,21SJ-14K ﾚｻﾞｰｼﾞｬｹｯﾄ BK M 流水雪輪,21SJ-14K,BK 流水,M,愛媛県,1.00,NAPS
2024,202408,20240823,1346,ﾅｯﾌﾟｽ 松山店,4524486093708,21SJ-14K ﾚｻﾞｰｼﾞｬｹｯﾄ BK L 桧垣桜,21SJ-14K,BK 桧垣,L,愛媛県,1.00,NAPS
2024,202408,20240823,1346,ﾅｯﾌﾟｽ 松山店,4524486094972,21SJ-14K ﾚｻﾞｰｼﾞｬｹｯﾄ BK XL 鉄流水雪輪,21SJ-14K,BK 鉄流,XL,愛媛県,1.00,NAPS
2024,202408,20240823,1346,ﾅｯﾌﾟｽ 松山店,4524486103247,21SJ-14K ﾚｻﾞｰｼﾞｬｹｯﾄ BK L 雲龍,21SJ-14K,BK 雲龍,L,愛媛県,1.00,NAPS
2024,202408,20240823,1346,ﾅｯﾌﾟｽ 松山店,4524486103315,21SJ-14K ﾚｻﾞｰｼﾞｬｹｯﾄ BK XL 鳥獣戯画,21SJ-14K,BK 鳥獣,XL,愛媛県,1.00,NAPS
2024,202408,20240824,0000,いちげん,4524486093708,21SJ-14K ﾚｻﾞｰｼﾞｬｹｯﾄ BK L 桧垣桜,21SJ-14K,BK 桧垣,L,NULL,1.00,NULL
2024,202408,20240825,9996,株式会社 ﾃﾞｸﾞﾅｰ,4524486093661,21SJ-14K ﾚｻﾞｰｼﾞｬｹｯﾄ BK M 流水雪輪,21SJ-14K,BK 流水,M,NULL,1.00,NULL
2024,202408,20240829,0000,いちげん,4524486097973,21SJ-14K ﾚｻﾞｰｼﾞｬｹｯﾄ BK LW 桧垣桜,21SJ-14K,BK 桧垣,LW,NULL,1.00,NULL
2024,202409,20240901,9996,株式会社 ﾃﾞｸﾞﾅｰ,4524486107573,21SJ-14K ﾚｻﾞｰｼﾞｬｹｯﾄ NV XL 鉄流水雪輪,21SJ-14K,NV 鉄流,XL,NULL,1.00,NULL
2024,202409,20240902,0432,南海部品 小山店,4524486106552,21SJ-14K ﾚｻﾞｰｼﾞｬｹｯﾄ RD XL 鉄流水雪輪,21SJ-14K,RD 鉄流,XL,栃木県,1.00,NAPS
2024,202409,20240902,1159,新潟中央部品株式会社 長岡店,4524486094965,21SJ-14K ﾚｻﾞｰｼﾞｬｹｯﾄ BK L 鉄流水雪輪,21SJ-14K,BK 鉄流,L,新潟県,1.00,KMC北日本
2024,202409,20240902,1299,ﾅｯﾌﾟｽ 東大阪店,4524486106552,21SJ-14K ﾚｻﾞｰｼﾞｬｹｯﾄ RD XL 鉄流水雪輪,21SJ-14K,RD 鉄流,XL,大阪府,1.00,NAPS
2024,202409,20240903,0000,いちげん,4524486093678,21SJ-14K ﾚｻﾞｰｼﾞｬｹｯﾄ BK L 流水雪輪,21SJ-14K,BK 流水,L,NULL,1.00,NULL
2024,202409,20240903,1170,ﾅｯﾌﾟｽ 岡山店,4524486106545,21SJ-14K ﾚｻﾞｰｼﾞｬｹｯﾄ RD L 鉄流水雪輪,21SJ-14K,RD 鉄流,L,岡山県,1.00,NAPS
2024,202409,20240903,1170,ﾅｯﾌﾟｽ 岡山店,4524486107559,21SJ-14K ﾚｻﾞｰｼﾞｬｹｯﾄ NV M 鉄流水雪輪,21SJ-14K,NV 鉄流,M,岡山県,-1.00,NAPS
2024,202409,20240903,1170,ﾅｯﾌﾟｽ 岡山店,4524486107566,21SJ-14K ﾚｻﾞｰｼﾞｬｹｯﾄ NV L 鉄流水雪輪,21SJ-14K,NV 鉄流,L,岡山県,-1.00,NAPS
2024,202409,20240904,9996,株式会社 ﾃﾞｸﾞﾅｰ,4524486093708,21SJ-14K ﾚｻﾞｰｼﾞｬｹｯﾄ BK L 桧垣桜,21SJ-14K,BK 桧垣,L,NULL,1.00,NULL
2024,202409,20240906,1392,株式会社JTBふるさと開発事業部,4524486106538,21SJ-14K ﾚｻﾞｰｼﾞｬｹｯﾄ RD M 鉄流水雪輪,21SJ-14K,RD 鉄流,M,NULL,1.00,NULL
2024,202409,20240908,9996,株式会社 ﾃﾞｸﾞﾅｰ,4524486106545,21SJ-14K ﾚｻﾞｰｼﾞｬｹｯﾄ RD L 鉄流水雪輪,21SJ-14K,RD 鉄流,L,NULL,1.00,NULL
2024,202409,20240909,0000,いちげん,4524486097966,21SJ-14K ﾚｻﾞｰｼﾞｬｹｯﾄ BK LW 鉄流水雪輪,21SJ-14K,BK 鉄流,LW,NULL,1.00,NULL
2024,202409,20240909,1320,ﾗｲｺﾗﾝﾄﾞ 長野店,4524486094972,21SJ-14K ﾚｻﾞｰｼﾞｬｹｯﾄ BK XL 鉄流水雪輪,21SJ-14K,BK 鉄流,XL,長野県,1.00,NAPS
2024,202409,20240909,1320,ﾗｲｺﾗﾝﾄﾞ 長野店,4524486097959,21SJ-14K ﾚｻﾞｰｼﾞｬｹｯﾄ BK LW 流水雪輪,21SJ-14K,BK 流水,LW,長野県,1.00,NAPS
2024,202409,20240910,1159,新潟中央部品株式会社 長岡店,4524486093708,21SJ-14K ﾚｻﾞｰｼﾞｬｹｯﾄ BK L 桧垣桜,21SJ-14K,BK 桧垣,L,新潟県,1.00,KMC北日本
2024,202409,20240911,0560,ﾄﾞﾗｲﾊﾞｰｽﾞ 神栖店,4524486093678,21SJ-14K ﾚｻﾞｰｼﾞｬｹｯﾄ BK L 流水雪輪,21SJ-14K,BK 流水,L,茨城県,1.00,NAPS
2024,202409,20240911,0560,ﾄﾞﾗｲﾊﾞｰｽﾞ 神栖店,4524486094972,21SJ-14K ﾚｻﾞｰｼﾞｬｹｯﾄ BK XL 鉄流水雪輪,21SJ-14K,BK 鉄流,XL,茨城県,1.00,NAPS
2024,202409,20240911,1320,ﾗｲｺﾗﾝﾄﾞ 長野店,4524486097966,21SJ-14K ﾚｻﾞｰｼﾞｬｹｯﾄ BK LW 鉄流水雪輪,21SJ-14K,BK 鉄流,LW,長野県,1.00,NAPS
2024,202409,20240911,9996,株式会社 ﾃﾞｸﾞﾅｰ,4524486093685,21SJ-14K ﾚｻﾞｰｼﾞｬｹｯﾄ BK XL 流水雪輪,21SJ-14K,BK 流水,XL,NULL,1.00,NULL
2024,202409,20240911,ansi,ANSIN MOTO CO.,4524486093715,21SJ-14K ﾚｻﾞｰｼﾞｬｹｯﾄ BK XL 桧垣桜,21SJ-14K,BK 桧垣,XL,台湾,1.00,NULL
2024,202409,20240912,1223,ﾗｲｺﾗﾝﾄﾞ CuBe札幌白石店,4524486109485,21SJ-14K ﾚｻﾞｰｼﾞｬｹｯﾄ  BK M 鳳凰,21SJ-14K,BK 鳳凰,M,北海道,1.00,NAPS
2024,202409,20240912,1223,ﾗｲｺﾗﾝﾄﾞ CuBe札幌白石店,4524486109492,21SJ-14K ﾚｻﾞｰｼﾞｬｹｯﾄ  BK L 鳳凰,21SJ-14K,BK 鳳凰,L,北海道,1.00,NAPS
2024,202409,20240912,1223,ﾗｲｺﾗﾝﾄﾞ CuBe札幌白石店,4524486109508,21SJ-14K ﾚｻﾞｰｼﾞｬｹｯﾄ  BK XL 鳳凰,21SJ-14K,BK 鳳凰,XL,北海道,1.00,NAPS
2024,202409,20240912,1223,ﾗｲｺﾗﾝﾄﾞ CuBe札幌白石店,4524486109515,21SJ-14K ﾚｻﾞｰｼﾞｬｹｯﾄ  BK XLW 桧垣桜,21SJ-14K,BK 桧垣,XLW,北海道,1.00,NAPS
2024,202409,20240912,1223,ﾗｲｺﾗﾝﾄﾞ CuBe札幌白石店,4524486109522,21SJ-14K ﾚｻﾞｰｼﾞｬｹｯﾄ  BK XLW 流水雪輪,21SJ-14K,BK 流水,XLW,北海道,1.00,NAPS
2024,202409,20240912,1247,ﾗｲｺﾗﾝﾄﾞ 水戸店,4524486093654,21SJ-14K ﾚｻﾞｰｼﾞｬｹｯﾄ BK XL 風神雷神BE,21SJ-14K,BK-BE風,XL,茨城県,1.00,NAPS
2024,202409,20240912,1247,ﾗｲｺﾗﾝﾄﾞ 水戸店,4524486093661,21SJ-14K ﾚｻﾞｰｼﾞｬｹｯﾄ BK M 流水雪輪,21SJ-14K,BK 流水,M,茨城県,1.00,NAPS
2024,202409,20240912,1247,ﾗｲｺﾗﾝﾄﾞ 水戸店,4524486093708,21SJ-14K ﾚｻﾞｰｼﾞｬｹｯﾄ BK L 桧垣桜,21SJ-14K,BK 桧垣,L,茨城県,1.00,NAPS
2024,202409,20240912,1247,ﾗｲｺﾗﾝﾄﾞ 水戸店,4524486094972,21SJ-14K ﾚｻﾞｰｼﾞｬｹｯﾄ BK XL 鉄流水雪輪,21SJ-14K,BK 鉄流,XL,茨城県,1.00,NAPS
2024,202409,20240912,1247,ﾗｲｺﾗﾝﾄﾞ 水戸店,4524486103247,21SJ-14K ﾚｻﾞｰｼﾞｬｹｯﾄ BK L 雲龍,21SJ-14K,BK 雲龍,L,茨城県,1.00,NAPS
2024,202409,20240912,1247,ﾗｲｺﾗﾝﾄﾞ 水戸店,4524486109508,21SJ-14K ﾚｻﾞｰｼﾞｬｹｯﾄ BK XL 鳳凰,21SJ-14K,BK 鳳凰,XL,茨城県,1.00,NAPS
2024,202409,20240912,show,デグナー京都本店,4524486106606,21SJ-14K ﾚｻﾞｰｼﾞｬｹｯﾄ BK XL 百鬼夜行,21SJ-14K,BK 百夜,XL,京都府,1.00,NULL
2024,202409,20240913,0000,いちげん,4524486093630,21SJ-14K ﾚｻﾞｰｼﾞｬｹｯﾄ BK M 風神雷神BE,21SJ-14K,BK-BE風,M,NULL,1.00,NULL
2024,202409,20240913,0000,いちげん,4524486103230,21SJ-14K ﾚｻﾞｰｼﾞｬｹｯﾄ BK M 雲龍,21SJ-14K,BK 雲龍,M,NULL,1.00,NULL
2024,202409,20240913,0000,いちげん,4524486107740,21SJ-14K ﾚｻﾞｰｼﾞｬｹｯﾄ RD M 雲龍,21SJ-14K,RD 雲龍,M,NULL,1.00,NULL
2024,202409,20240913,1419,ﾗｲｺﾗﾝﾄﾞ 大分店,4524486093661,21SJ-14K ﾚｻﾞｰｼﾞｬｹｯﾄ BK M 流水雪輪,21SJ-14K,BK 流水,M,大分県,1.00,NAPS
2024,202409,20240913,1419,ﾗｲｺﾗﾝﾄﾞ 大分店,4524486093678,21SJ-14K ﾚｻﾞｰｼﾞｬｹｯﾄ BK L 流水雪輪,21SJ-14K,BK 流水,L,大分県,1.00,NAPS
2024,202409,20240913,1419,ﾗｲｺﾗﾝﾄﾞ 大分店,4524486093685,21SJ-14K ﾚｻﾞｰｼﾞｬｹｯﾄ BK XL 流水雪輪,21SJ-14K,BK 流水,XL,大分県,1.00,NAPS
2024,202409,20240913,1419,ﾗｲｺﾗﾝﾄﾞ 大分店,4524486097959,21SJ-14K ﾚｻﾞｰｼﾞｬｹｯﾄ BK LW 流水雪輪,21SJ-14K,BK 流水,LW,大分県,1.00,NAPS
2024,202409,20240914,0000,いちげん,4524486107740,21SJ-14K ﾚｻﾞｰｼﾞｬｹｯﾄ RD M 雲龍,21SJ-14K,RD 雲龍,M,NULL,1.00,NULL
2024,202409,20240914,show,デグナー京都本店,4524486109485,21SJ-14K ﾚｻﾞｰｼﾞｬｹｯﾄ BK M 鳳凰,21SJ-14K,BK 鳳凰,M,京都府,1.00,NULL
2024,202409,20240918,0000,いちげん,4524486109492,21SJ-14K ﾚｻﾞｰｼﾞｬｹｯﾄ BK L 鳳凰,21SJ-14K,BK 鳳凰,L,NULL,1.00,NULL
2024,202409,20240918,1223,ﾗｲｺﾗﾝﾄﾞ CuBe札幌白石店,4524486093678,21SJ-14K ﾚｻﾞｰｼﾞｬｹｯﾄ BK L 流水雪輪,21SJ-14K,BK 流水,L,北海道,1.00,NAPS
2024,202409,20240918,1223,ﾗｲｺﾗﾝﾄﾞ CuBe札幌白石店,4524486094972,21SJ-14K ﾚｻﾞｰｼﾞｬｹｯﾄ BK XL 鉄流水雪輪,21SJ-14K,BK 鉄流,XL,北海道,1.00,NAPS
2024,202409,20240918,9996,株式会社 ﾃﾞｸﾞﾅｰ,4524486103254,21SJ-14K ﾚｻﾞｰｼﾞｬｹｯﾄ BK XL 雲龍,21SJ-14K,BK 雲龍,XL,NULL,1.00,NULL
2024,202409,20240919,1392,株式会社JTBふるさと開発事業部,4524486107740,21SJ-14K ﾚｻﾞｰｼﾞｬｹｯﾄ RD M 雲龍,21SJ-14K,RD 雲龍,M,NULL,1.00,NULL
2024,202409,20240920,1113,ﾅｯﾌﾟｽ 仙台泉ｲﾝﾀｰ店,4524486093678,21SJ-14K ﾚｻﾞｰｼﾞｬｹｯﾄ BK L 流水雪輪,21SJ-14K,BK 流水,L,宮城県,1.00,NAPS
2024,202409,20240920,show,デグナー京都本店,4524486109522,21SJ-14K ﾚｻﾞｰｼﾞｬｹｯﾄ BK XLW 流水雪輪,21SJ-14K,BK 流水,XLW,京都府,1.00,NULL
2024,202409,20240924,0598,ﾗｲｺﾗﾝﾄﾞ TokyoBay東雲店,4524486103247,21SJ-14K ﾚｻﾞｰｼﾞｬｹｯﾄ BK L 雲龍,21SJ-14K,BK 雲龍,L,東京都,1.00,NAPS
2024,202409,20240924,0598,ﾗｲｺﾗﾝﾄﾞ TokyoBay東雲店,4524486103254,21SJ-14K ﾚｻﾞｰｼﾞｬｹｯﾄ BK XL 雲龍,21SJ-14K,BK 雲龍,XL,東京都,1.00,NAPS
2024,202409,20240924,0598,ﾗｲｺﾗﾝﾄﾞ TokyoBay東雲店,4524486106545,21SJ-14K ﾚｻﾞｰｼﾞｬｹｯﾄ RD L 鉄流水雪輪,21SJ-14K,RD 鉄流,L,東京都,1.00,NAPS
2024,202409,20240924,0598,ﾗｲｺﾗﾝﾄﾞ TokyoBay東雲店,4524486109485,21SJ-14K ﾚｻﾞｰｼﾞｬｹｯﾄ BK M 鳳凰,21SJ-14K,BK 鳳凰,M,東京都,1.00,NAPS
2024,202409,20240924,0598,ﾗｲｺﾗﾝﾄﾞ TokyoBay東雲店,4524486109492,21SJ-14K ﾚｻﾞｰｼﾞｬｹｯﾄ BK L 鳳凰,21SJ-14K,BK 鳳凰,L,東京都,1.00,NAPS
2024,202409,20240924,0598,ﾗｲｺﾗﾝﾄﾞ TokyoBay東雲店,4524486109508,21SJ-14K ﾚｻﾞｰｼﾞｬｹｯﾄ BK XL 鳳凰,21SJ-14K,BK 鳳凰,XL,東京都,1.00,NAPS
2024,202409,20240924,0653,株式会社 光輝 南海部品仙台店,4524486093708,21SJ-14K ﾚｻﾞｰｼﾞｬｹｯﾄ BK L 桧垣桜,21SJ-14K,BK 桧垣,L,宮城県,1.00,NAPS
2024,202409,20240924,0653,株式会社 光輝 南海部品仙台店,4524486093715,21SJ-14K ﾚｻﾞｰｼﾞｬｹｯﾄ BK XL 桧垣桜,21SJ-14K,BK 桧垣,XL,宮城県,1.00,NAPS
2024,202409,20240925,0000,いちげん,4524486093678,21SJ-14K ﾚｻﾞｰｼﾞｬｹｯﾄ BK L 流水雪輪,21SJ-14K,BK 流水,L,NULL,1.00,NULL
2024,202409,20240925,0769,株式会社 とかげや,4524486093692,21SJ-14K ﾚｻﾞｰｼﾞｬｹｯﾄ BK M 桧垣桜,21SJ-14K,BK 桧垣,M,愛媛県,1.00,NAPS
2024,202409,20240925,1113,ﾅｯﾌﾟｽ 仙台泉ｲﾝﾀｰ店,4524486097959,21SJ-14K ﾚｻﾞｰｼﾞｬｹｯﾄ BK LW 流水雪輪,21SJ-14K,BK 流水,LW,宮城県,1.00,NAPS
2024,202409,20240925,1392,株式会社JTBふるさと開発事業部,4524486103254,21SJ-14K ﾚｻﾞｰｼﾞｬｹｯﾄ BK XL 雲龍,21SJ-14K,BK 雲龍,XL,NULL,1.00,NULL
2024,202409,20240926,0000,いちげん,4524486097966,21SJ-14K ﾚｻﾞｰｼﾞｬｹｯﾄ BK LW 鉄流水雪輪,21SJ-14K,BK 鉄流,LW,NULL,1.00,NULL
2024,202409,20240926,0000,いちげん,4524486106552,21SJ-14K ﾚｻﾞｰｼﾞｬｹｯﾄ RD XL 鉄流水雪輪,21SJ-14K,RD 鉄流,XL,NULL,1.00,NULL
2024,202409,20240926,1272,ﾅｯﾌﾟｽ 座間店,4524486093678,21SJ-14K ﾚｻﾞｰｼﾞｬｹｯﾄ BK L 流水雪輪,21SJ-14K,BK 流水,L,神奈川県,1.00,NAPS
2024,202409,20240926,1272,ﾅｯﾌﾟｽ 座間店,4524486093692,21SJ-14K ﾚｻﾞｰｼﾞｬｹｯﾄ BK M 桧垣桜,21SJ-14K,BK 桧垣,M,神奈川県,1.00,NAPS
2024,202409,20240926,1272,ﾅｯﾌﾟｽ 座間店,4524486093715,21SJ-14K ﾚｻﾞｰｼﾞｬｹｯﾄ BK XL 桧垣桜,21SJ-14K,BK 桧垣,XL,神奈川県,1.00,NAPS
2024,202409,20240926,1272,ﾅｯﾌﾟｽ 座間店,4524486106552,21SJ-14K ﾚｻﾞｰｼﾞｬｹｯﾄ RD XL 鉄流水雪輪,21SJ-14K,RD 鉄流,XL,神奈川県,1.00,NAPS
2024,202409,20240927,0000,いちげん,4524486093692,21SJ-14K ﾚｻﾞｰｼﾞｬｹｯﾄ BK M 桧垣桜,21SJ-14K,BK 桧垣,M,NULL,1.00,NULL
2024,202409,20240927,0239,株式会社 ｻｲｸﾙﾜｰﾙﾄﾞ神戸本店,4524486093647,21SJ-14K ﾚｻﾞｰｼﾞｬｹｯﾄ BK L 風神雷神BE,21SJ-14K,BK-BE風,L,兵庫県,1.00,KMC北関東
2024,202409,20240927,0840,南海部品 鹿児島店,4524486093692,21SJ-14K ﾚｻﾞｰｼﾞｬｹｯﾄ BK M 桧垣桜,21SJ-14K,BK 桧垣,M,鹿児島県,1.00,NAPS
2024,202409,20240927,0840,南海部品 鹿児島店,4524486093708,21SJ-14K ﾚｻﾞｰｼﾞｬｹｯﾄ BK L 桧垣桜,21SJ-14K,BK 桧垣,L,鹿児島県,1.00,NAPS
2024,202409,20240927,0840,南海部品 鹿児島店,4524486093715,21SJ-14K ﾚｻﾞｰｼﾞｬｹｯﾄ BK XL 桧垣桜,21SJ-14K,BK 桧垣,XL,鹿児島県,1.00,NAPS
2024,202409,20240927,1392,株式会社JTBふるさと開発事業部,4524486093685,21SJ-14K ﾚｻﾞｰｼﾞｬｹｯﾄ BK XL 流水雪輪,21SJ-14K,BK 流水,XL,NULL,1.00,NULL
2024,202409,20240928,9996,株式会社 ﾃﾞｸﾞﾅｰ,4524486103247,21SJ-14K ﾚｻﾞｰｼﾞｬｹｯﾄ BK L 雲龍,21SJ-14K,BK 雲龍,L,NULL,1.00,NULL
2024,202409,20240930,0000,いちげん,4524486093692,21SJ-14K ﾚｻﾞｰｼﾞｬｹｯﾄ BK M 桧垣桜,21SJ-14K,BK 桧垣,M,NULL,1.00,NULL
2024,202409,20240930,0000,いちげん,4524486093708,21SJ-14K ﾚｻﾞｰｼﾞｬｹｯﾄ BK L 桧垣桜,21SJ-14K,BK 桧垣,L,NULL,1.00,NULL
2024,202409,20240930,0216,有限会社 ﾊﾞｲｸﾊｳｽ阿部,4524486093692,21SJ-14K ﾚｻﾞｰｼﾞｬｹｯﾄ BK M 桧垣桜,21SJ-14K,BK 桧垣,M,愛媛県,1.00,NAPS
2024,202410,20241001,0121,ﾅｯﾌﾟｽ 新横浜店,4524486093692,21SJ-14K ﾚｻﾞｰｼﾞｬｹｯﾄ BK M 桧垣桜,21SJ-14K,BK 桧垣,M,神奈川県,1.00,NAPS
2024,202410,20241001,0121,ﾅｯﾌﾟｽ 新横浜店,4524486093708,21SJ-14K ﾚｻﾞｰｼﾞｬｹｯﾄ BK L 桧垣桜,21SJ-14K,BK 桧垣,L,神奈川県,1.00,NAPS
2024,202410,20241001,0121,ﾅｯﾌﾟｽ 新横浜店,4524486093715,21SJ-14K ﾚｻﾞｰｼﾞｬｹｯﾄ BK XL 桧垣桜,21SJ-14K,BK 桧垣,XL,神奈川県,1.00,NAPS
2024,202410,20241001,0121,ﾅｯﾌﾟｽ 新横浜店,4524486097973,21SJ-14K ﾚｻﾞｰｼﾞｬｹｯﾄ BK LW 桧垣桜,21SJ-14K,BK 桧垣,LW,神奈川県,1.00,NAPS
2024,202410,20241001,0121,ﾅｯﾌﾟｽ 新横浜店,4524486109515,21SJ-14K ﾚｻﾞｰｼﾞｬｹｯﾄ BK XLW 桧垣桜,21SJ-14K,BK 桧垣,XLW,神奈川県,1.00,NAPS
2024,202410,20241001,0693,ﾅｯﾌﾟｽ 埼玉店,4524486093678,21SJ-14K ﾚｻﾞｰｼﾞｬｹｯﾄ BK L 流水雪輪,21SJ-14K,BK 流水,L,埼玉県,1.00,NAPS
2024,202410,20241001,1392,株式会社JTBふるさと開発事業部,4524486093692,21SJ-14K ﾚｻﾞｰｼﾞｬｹｯﾄ BK M 桧垣桜,21SJ-14K,BK 桧垣,M,NULL,1.00,NULL
2024,202410,20241002,1223,ﾗｲｺﾗﾝﾄﾞ CuBe札幌白石店,4524486093685,21SJ-14K ﾚｻﾞｰｼﾞｬｹｯﾄ BK XL 流水雪輪,21SJ-14K,BK 流水,XL,北海道,1.00,NAPS
2024,202410,20241002,1223,ﾗｲｺﾗﾝﾄﾞ CuBe札幌白石店,4524486094965,21SJ-14K ﾚｻﾞｰｼﾞｬｹｯﾄ BK L 鉄流水雪輪,21SJ-14K,BK 鉄流,L,北海道,1.00,NAPS
2024,202410,20241002,1223,ﾗｲｺﾗﾝﾄﾞ CuBe札幌白石店,4524486109485,21SJ-14K ﾚｻﾞｰｼﾞｬｹｯﾄ BK M 鳳凰,21SJ-14K,BK 鳳凰,M,北海道,1.00,NAPS
2024,202410,20241002,1392,株式会社JTBふるさと開発事業部,4524486103247,21SJ-14K ﾚｻﾞｰｼﾞｬｹｯﾄ BK L 雲龍,21SJ-14K,BK 雲龍,L,NULL,1.00,NULL
2024,202410,20241003,0168,ﾗｲｺﾗﾝﾄﾞ 柏店,4524486106538,21SJ-14K ﾚｻﾞｰｼﾞｬｹｯﾄ RD M 鉄流水雪輪,21SJ-14K,RD 鉄流,M,千葉県,1.00,NAPS
2024,202410,20241004,0653,株式会社 光輝 南海部品仙台店,4524486109492,21SJ-14K ﾚｻﾞｰｼﾞｬｹｯﾄ BK L 鳳凰,21SJ-14K,BK 鳳凰,L,宮城県,1.00,NAPS
2024,202410,20241004,0653,株式会社 光輝 南海部品仙台店,4524486109508,21SJ-14K ﾚｻﾞｰｼﾞｬｹｯﾄ BK XL 鳳凰,21SJ-14K,BK 鳳凰,XL,宮城県,1.00,NAPS
2024,202410,20241004,1320,ﾗｲｺﾗﾝﾄﾞ 長野店,4524486094972,21SJ-14K ﾚｻﾞｰｼﾞｬｹｯﾄ BK XL 鉄流水雪輪,21SJ-14K,BK 鉄流,XL,長野県,-1.00,NAPS
2024,202410,20241004,1320,ﾗｲｺﾗﾝﾄﾞ 長野店,4524486097959,21SJ-14K ﾚｻﾞｰｼﾞｬｹｯﾄ BK LW 流水雪輪,21SJ-14K,BK 流水,LW,長野県,-1.00,NAPS
2024,202410,20241007,0000,いちげん,4524486093708,21SJ-14K ﾚｻﾞｰｼﾞｬｹｯﾄ BK L 桧垣桜,21SJ-14K,BK 桧垣,L,NULL,1.00,NULL
2024,202410,20241007,0000,いちげん,4524486103247,21SJ-14K ﾚｻﾞｰｼﾞｬｹｯﾄ BK L 雲龍,21SJ-14K,BK 雲龍,L,NULL,1.00,NULL
2024,202410,20241007,0000,いちげん,4524486106545,21SJ-14K ﾚｻﾞｰｼﾞｬｹｯﾄ RD L 鉄流水雪輪,21SJ-14K,RD 鉄流,L,NULL,1.00,NULL
2024,202410,20241007,0000,いちげん,4524486107566,21SJ-14K ﾚｻﾞｰｼﾞｬｹｯﾄ NV L 鉄流水雪輪,21SJ-14K,NV 鉄流,L,NULL,1.00,NULL
2024,202410,20241007,1113,ﾅｯﾌﾟｽ 仙台泉ｲﾝﾀｰ店,4524486109508,21SJ-14K ﾚｻﾞｰｼﾞｬｹｯﾄ BK XL 鳳凰,21SJ-14K,BK 鳳凰,XL,宮城県,1.00,NAPS
2024,202410,20241008,0000,いちげん,4524486097973,21SJ-14K ﾚｻﾞｰｼﾞｬｹｯﾄ BK LW 桧垣桜,21SJ-14K,BK 桧垣,LW,NULL,1.00,NULL
2024,202410,20241009,1392,株式会社JTBふるさと開発事業部,4524486093661,21SJ-14K ﾚｻﾞｰｼﾞｬｹｯﾄ BK M 流水雪輪,21SJ-14K,BK 流水,M,NULL,1.00,NULL
2024,202410,20241009,1392,株式会社JTBふるさと開発事業部,4524486093708,21SJ-14K ﾚｻﾞｰｼﾞｬｹｯﾄ BK L 桧垣桜,21SJ-14K,BK 桧垣,L,NULL,1.00,NULL
2024,202410,20241009,1429,ﾗｲｺﾗﾝﾄﾞ 新潟店,4524486093692,21SJ-14K ﾚｻﾞｰｼﾞｬｹｯﾄ BK M 桧垣桜,21SJ-14K,BK 桧垣,M,新潟県,1.00,NAPS
2024,202410,20241009,1429,ﾗｲｺﾗﾝﾄﾞ 新潟店,4524486094965,21SJ-14K ﾚｻﾞｰｼﾞｬｹｯﾄ BK L 鉄流水雪輪,21SJ-14K,BK 鉄流,L,新潟県,1.00,NAPS
2024,202410,20241009,9996,株式会社 ﾃﾞｸﾞﾅｰ,4524486093692,21SJ-14K ﾚｻﾞｰｼﾞｬｹｯﾄ BK M 桧垣桜,21SJ-14K,BK 桧垣,M,NULL,1.00,NULL
2024,202410,20241009,9996,株式会社 ﾃﾞｸﾞﾅｰ,4524486094965,21SJ-14K ﾚｻﾞｰｼﾞｬｹｯﾄ BK L 鉄流水雪輪,21SJ-14K,BK 鉄流,L,NULL,1.00,NULL
2024,202410,20241010,0000,いちげん,4524486103230,21SJ-14K ﾚｻﾞｰｼﾞｬｹｯﾄ BK M 雲龍,21SJ-14K,BK 雲龍,M,NULL,1.00,NULL
2024,202410,20241010,1251,帝都産業 株式会社,4524486106552,21SJ-14K ﾚｻﾞｰｼﾞｬｹｯﾄ RD XL 鉄流水雪輪,21SJ-14K,RD 鉄流,XL,東京都,1.00,KMC南関東
2024,202410,20241011,9996,株式会社 ﾃﾞｸﾞﾅｰ,4524486097973,21SJ-14K ﾚｻﾞｰｼﾞｬｹｯﾄ BK LW 桧垣桜,21SJ-14K,BK 桧垣,LW,NULL,1.00,NULL
2024,202410,20241012,9996,株式会社 ﾃﾞｸﾞﾅｰ,4524486093715,21SJ-14K ﾚｻﾞｰｼﾞｬｹｯﾄ BK XL 桧垣桜,21SJ-14K,BK 桧垣,XL,NULL,1.00,NULL
2024,202410,20241012,show,デグナー京都本店,4524486093715,21SJ-14K ﾚｻﾞｰｼﾞｬｹｯﾄ BK XL 桧垣桜,21SJ-14K,BK 桧垣,XL,京都府,1.00,NULL
2024,202410,20241012,show,デグナー京都本店,4524486103230,21SJ-14K ﾚｻﾞｰｼﾞｬｹｯﾄ BK M 雲龍,21SJ-14K,BK 雲龍,M,京都府,1.00,NULL
2024,202410,20241012,show,デグナー京都本店,4524486106538,21SJ-14K ﾚｻﾞｰｼﾞｬｹｯﾄ RD M 鉄流水雪輪,21SJ-14K,RD 鉄流,M,京都府,1.00,NULL
2024,202410,20241013,show,デグナー京都本店,4524486093654,21SJ-14K ﾚｻﾞｰｼﾞｬｹｯﾄ BK XL 風神雷神BE,21SJ-14K,BK-BE風,XL,京都府,1.00,NULL
2024,202410,20241013,show,デグナー京都本店,4524486097973,21SJ-14K ﾚｻﾞｰｼﾞｬｹｯﾄ BK LW 桧垣桜,21SJ-14K,BK 桧垣,LW,京都府,1.00,NULL
2024,202410,20241014,show,デグナー京都本店,4524486106545,21SJ-14K ﾚｻﾞｰｼﾞｬｹｯﾄ RD L 鉄流水雪輪,21SJ-14K,RD 鉄流,L,京都府,1.00,NULL
2024,202410,20241015,0000,いちげん,4524486093647,21SJ-14K ﾚｻﾞｰｼﾞｬｹｯﾄ BK L 風神雷神BE,21SJ-14K,BK-BE風,L,NULL,1.00,NULL
2024,202410,20241015,0000,いちげん,4524486093708,21SJ-14K ﾚｻﾞｰｼﾞｬｹｯﾄ BK L 桧垣桜,21SJ-14K,BK 桧垣,L,NULL,1.00,NULL
2024,202410,20241015,0000,いちげん,4524486094958,21SJ-14K ﾚｻﾞｰｼﾞｬｹｯﾄ BK M 鉄流水雪輪,21SJ-14K,BK 鉄流,M,NULL,1.00,NULL
2024,202410,20241015,0000,いちげん,4524486106545,21SJ-14K ﾚｻﾞｰｼﾞｬｹｯﾄ RD L 鉄流水雪輪,21SJ-14K,RD 鉄流,L,NULL,1.00,NULL
2024,202410,20241015,0000,いちげん,4524486109508,21SJ-14K ﾚｻﾞｰｼﾞｬｹｯﾄ BK XL 鳳凰,21SJ-14K,BK 鳳凰,XL,NULL,1.00,NULL
2024,202410,20241015,0653,株式会社 光輝 南海部品仙台店,4524486109492,21SJ-14K ﾚｻﾞｰｼﾞｬｹｯﾄ BK L 鳳凰,21SJ-14K,BK 鳳凰,L,宮城県,1.00,NAPS
2024,202410,20241015,1392,株式会社JTBふるさと開発事業部,4524486093708,21SJ-14K ﾚｻﾞｰｼﾞｬｹｯﾄ BK L 桧垣桜,21SJ-14K,BK 桧垣,L,NULL,1.00,NULL
2024,202410,20241015,rmwc,Riding My Way Company,4524486093708,21SJ-14K ﾚｻﾞｰｼﾞｬｹｯﾄ BK L 桧垣桜,21SJ-14K,BK 桧垣,L,台湾,1.00,NULL
2024,202410,20241016,0000,いちげん,4524486107740,21SJ-14K ﾚｻﾞｰｼﾞｬｹｯﾄ RD M 雲龍,21SJ-14K,RD 雲龍,M,NULL,1.00,NULL
2024,202410,20241016,0000,いちげん,4524486107740,21SJ-14K ﾚｻﾞｰｼﾞｬｹｯﾄ RD M 雲龍,21SJ-14K,RD 雲龍,M,NULL,1.00,NULL
2024,202410,20241016,0000,いちげん,4524486107740,21SJ-14K ﾚｻﾞｰｼﾞｬｹｯﾄ RD M 雲龍,21SJ-14K,RD 雲龍,M,NULL,1.00,NULL
2024,202410,20241016,0000,いちげん,4524486107757,21SJ-14K ﾚｻﾞｰｼﾞｬｹｯﾄ RD L 雲龍,21SJ-14K,RD 雲龍,L,NULL,1.00,NULL
2024,202410,20241016,0000,いちげん,4524486107757,21SJ-14K ﾚｻﾞｰｼﾞｬｹｯﾄ RD L 雲龍,21SJ-14K,RD 雲龍,L,NULL,1.00,NULL
2024,202410,20241016,0000,いちげん,4524486107757,21SJ-14K ﾚｻﾞｰｼﾞｬｹｯﾄ RD L 雲龍,21SJ-14K,RD 雲龍,L,NULL,1.00,NULL
2024,202410,20241016,0000,いちげん,4524486107757,21SJ-14K ﾚｻﾞｰｼﾞｬｹｯﾄ RD L 雲龍,21SJ-14K,RD 雲龍,L,NULL,1.00,NULL
2024,202410,20241016,0000,いちげん,4524486107764,21SJ-14K ﾚｻﾞｰｼﾞｬｹｯﾄ RD XL 雲龍,21SJ-14K,RD 雲龍,XL,NULL,1.00,NULL
2024,202410,20241016,0000,いちげん,4524486107764,21SJ-14K ﾚｻﾞｰｼﾞｬｹｯﾄ RD XL 雲龍,21SJ-14K,RD 雲龍,XL,NULL,1.00,NULL
2024,202410,20241016,0000,いちげん,4524486107764,21SJ-14K ﾚｻﾞｰｼﾞｬｹｯﾄ RD XL 雲龍,21SJ-14K,RD 雲龍,XL,NULL,1.00,NULL
2024,202410,20241016,0000,いちげん,4524486107764,21SJ-14K ﾚｻﾞｰｼﾞｬｹｯﾄ RD XL 雲龍,21SJ-14K,RD 雲龍,XL,NULL,1.00,NULL
2024,202410,20241016,0000,いちげん,4524486107764,21SJ-14K ﾚｻﾞｰｼﾞｬｹｯﾄ RD XL 雲龍,21SJ-14K,RD 雲龍,XL,NULL,1.00,NULL
2024,202410,20241016,0000,いちげん,4524486107771,21SJ-14K ﾚｻﾞｰｼﾞｬｹｯﾄ RD LW 雲龍,21SJ-14K,RD 雲龍,LW,NULL,1.00,NULL
2024,202410,20241016,0000,いちげん,4524486107771,21SJ-14K ﾚｻﾞｰｼﾞｬｹｯﾄ RD LW 雲龍,21SJ-14K,RD 雲龍,LW,NULL,1.00,NULL
2024,202410,20241016,0433,南海部品 宇都宮店,4524486093685,21SJ-14K ﾚｻﾞｰｼﾞｬｹｯﾄ BK XL 流水雪輪,21SJ-14K,BK 流水,XL,栃木県,1.00,NAPS
2024,202410,20241016,0433,南海部品 宇都宮店,4524486093708,21SJ-14K ﾚｻﾞｰｼﾞｬｹｯﾄ BK L 桧垣桜,21SJ-14K,BK 桧垣,L,栃木県,1.00,NAPS
2024,202410,20241016,0688,南海部品株式会社,4524486093678,21SJ-14K ﾚｻﾞｰｼﾞｬｹｯﾄ BK L 流水雪輪,21SJ-14K,BK 流水,L,大阪府,1.00,卸
2024,202410,20241016,1170,ﾅｯﾌﾟｽ 岡山店,4524486093692,21SJ-14K ﾚｻﾞｰｼﾞｬｹｯﾄ BK M 桧垣桜,21SJ-14K,BK 桧垣,M,岡山県,1.00,NAPS
2024,202410,20241016,show,デグナー京都本店,4524486097973,21SJ-14K ﾚｻﾞｰｼﾞｬｹｯﾄ BK LW 桧垣桜,21SJ-14K,BK 桧垣,LW,京都府,1.00,NULL
2024,202410,20241017,0000,いちげん,4524486107757,21SJ-14K ﾚｻﾞｰｼﾞｬｹｯﾄ RD L 雲龍,21SJ-14K,RD 雲龍,L,NULL,1.00,NULL
2024,202410,20241017,0000,いちげん,4524486107757,21SJ-14K ﾚｻﾞｰｼﾞｬｹｯﾄ RD L 雲龍,21SJ-14K,RD 雲龍,L,NULL,1.00,NULL
2024,202410,20241017,0000,いちげん,4524486107757,21SJ-14K ﾚｻﾞｰｼﾞｬｹｯﾄ RD L 雲龍,21SJ-14K,RD 雲龍,L,NULL,1.00,NULL
2024,202410,20241017,0434,南海部品 太田店,4524486093708,21SJ-14K ﾚｻﾞｰｼﾞｬｹｯﾄ BK L 桧垣桜,21SJ-14K,BK 桧垣,L,群馬県,1.00,NAPS
2024,202410,20241017,0434,南海部品 太田店,4524486109508,21SJ-14K ﾚｻﾞｰｼﾞｬｹｯﾄ BK XL 鳳凰,21SJ-14K,BK 鳳凰,XL,群馬県,1.00,NAPS
2024,202410,20241017,1113,ﾅｯﾌﾟｽ 仙台泉ｲﾝﾀｰ店,4524486103254,21SJ-14K ﾚｻﾞｰｼﾞｬｹｯﾄ BK XL 雲龍,21SJ-14K,BK 雲龍,XL,宮城県,1.00,NAPS
2024,202410,20241017,1392,株式会社JTBふるさと開発事業部,4524486093692,21SJ-14K ﾚｻﾞｰｼﾞｬｹｯﾄ BK M 桧垣桜,21SJ-14K,BK 桧垣,M,NULL,1.00,NULL
2024,202410,20241017,ansi,ANSIN MOTO CO.,4524486093678,21SJ-14K ﾚｻﾞｰｼﾞｬｹｯﾄ BK L 流水雪輪,21SJ-14K,BK 流水,L,台湾,1.00,NULL
2024,202410,20241018,0000,いちげん,4524486093708,21SJ-14K ﾚｻﾞｰｼﾞｬｹｯﾄ BK L 桧垣桜,21SJ-14K,BK 桧垣,L,NULL,-1.00,NULL
2024,202410,20241018,0000,いちげん,4524486093715,21SJ-14K ﾚｻﾞｰｼﾞｬｹｯﾄ BK XL 桧垣桜,21SJ-14K,BK 桧垣,XL,NULL,1.00,NULL
2024,202410,20241018,0000,いちげん,4524486107764,21SJ-14K ﾚｻﾞｰｼﾞｬｹｯﾄ RD XL 雲龍,21SJ-14K,RD 雲龍,XL,NULL,1.00,NULL
2024,202410,20241019,EVNT,販売店様ｲﾍﾞﾝﾄ,4524486109485,21SJ-14K ﾚｻﾞｰｼﾞｬｹｯﾄ BK M 鳳凰,21SJ-14K,BK 鳳凰,M,NULL,1.00,NULL
2024,202410,20241021,0000,いちげん,4524486107740,21SJ-14K ﾚｻﾞｰｼﾞｬｹｯﾄ RD M 雲龍,21SJ-14K,RD 雲龍,M,NULL,1.00,NULL
2024,202410,20241021,0000,いちげん,4524486109485,21SJ-14K ﾚｻﾞｰｼﾞｬｹｯﾄ BK M 鳳凰,21SJ-14K,BK 鳳凰,M,NULL,1.00,NULL
2024,202410,20241021,0015,株式会社 ｱｸﾄﾜｰﾙﾄﾞ,4524486107771,21SJ-14K ﾚｻﾞｰｼﾞｬｹｯﾄ RD LW 雲龍,21SJ-14K,RD 雲龍,LW,北海道,1.00,卸
2024,202410,20241021,0598,ﾗｲｺﾗﾝﾄﾞ TokyoBay東雲店,4524486093647,21SJ-14K ﾚｻﾞｰｼﾞｬｹｯﾄ BK L 風神雷神BE,21SJ-14K,BK-BE風,L,東京都,1.00,NAPS
2024,202410,20241021,0598,ﾗｲｺﾗﾝﾄﾞ TokyoBay東雲店,4524486093708,21SJ-14K ﾚｻﾞｰｼﾞｬｹｯﾄ BK L 桧垣桜,21SJ-14K,BK 桧垣,L,東京都,1.00,NAPS
2024,202410,20241021,0598,ﾗｲｺﾗﾝﾄﾞ TokyoBay東雲店,4524486094972,21SJ-14K ﾚｻﾞｰｼﾞｬｹｯﾄ BK XL 鉄流水雪輪,21SJ-14K,BK 鉄流,XL,東京都,1.00,NAPS
2024,202410,20241021,0598,ﾗｲｺﾗﾝﾄﾞ TokyoBay東雲店,4524486097959,21SJ-14K ﾚｻﾞｰｼﾞｬｹｯﾄ BK LW 流水雪輪,21SJ-14K,BK 流水,LW,東京都,1.00,NAPS
2024,202410,20241021,0598,ﾗｲｺﾗﾝﾄﾞ TokyoBay東雲店,4524486097966,21SJ-14K ﾚｻﾞｰｼﾞｬｹｯﾄ BK LW 鉄流水雪輪,21SJ-14K,BK 鉄流,LW,東京都,1.00,NAPS
2024,202410,20241021,0598,ﾗｲｺﾗﾝﾄﾞ TokyoBay東雲店,4524486103247,21SJ-14K ﾚｻﾞｰｼﾞｬｹｯﾄ BK L 雲龍,21SJ-14K,BK 雲龍,L,東京都,1.00,NAPS
2024,202410,20241021,show,デグナー京都本店,4524486093630,21SJ-14K ﾚｻﾞｰｼﾞｬｹｯﾄ BK M 風神雷神BE,21SJ-14K,BK-BE風,M,京都府,1.00,NULL
2024,202410,20241022,1346,ﾅｯﾌﾟｽ 松山店,4524486093708,21SJ-14K ﾚｻﾞｰｼﾞｬｹｯﾄ BK L 桧垣桜,21SJ-14K,BK 桧垣,L,愛媛県,1.00,NAPS
2024,202410,20241023,0000,いちげん,4524486107764,21SJ-14K ﾚｻﾞｰｼﾞｬｹｯﾄ RD XL 雲龍,21SJ-14K,RD 雲龍,XL,NULL,1.00,NULL
2024,202410,20241023,0598,ﾗｲｺﾗﾝﾄﾞ TokyoBay東雲店,4524486106545,21SJ-14K ﾚｻﾞｰｼﾞｬｹｯﾄ RD L 鉄流水雪輪,21SJ-14K,RD 鉄流,L,東京都,1.00,NAPS
2024,202410,20241023,1113,ﾅｯﾌﾟｽ 仙台泉ｲﾝﾀｰ店,4524486103254,21SJ-14K ﾚｻﾞｰｼﾞｬｹｯﾄ BK XL 雲龍,21SJ-14K,BK 雲龍,XL,宮城県,1.00,NAPS
2024,202410,20241023,show,デグナー京都本店,4524486103247,21SJ-14K ﾚｻﾞｰｼﾞｬｹｯﾄ BK L 雲龍,21SJ-14K,BK 雲龍,L,京都府,1.00,NULL
2024,202410,20241024,0000,いちげん,4524486109492,21SJ-14K ﾚｻﾞｰｼﾞｬｹｯﾄ BK L 鳳凰,21SJ-14K,BK 鳳凰,L,NULL,1.00,NULL
2024,202410,20241024,0855,ﾅｯﾌﾟｽ 福岡店,4524486109485,21SJ-14K ﾚｻﾞｰｼﾞｬｹｯﾄ BK M 鳳凰,21SJ-14K,BK 鳳凰,M,福岡県,1.00,NAPS
2024,202410,20241024,0855,ﾅｯﾌﾟｽ 福岡店,4524486109492,21SJ-14K ﾚｻﾞｰｼﾞｬｹｯﾄ BK L 鳳凰,21SJ-14K,BK 鳳凰,L,福岡県,1.00,NAPS
2024,202410,20241024,0855,ﾅｯﾌﾟｽ 福岡店,4524486109508,21SJ-14K ﾚｻﾞｰｼﾞｬｹｯﾄ BK XL 鳳凰,21SJ-14K,BK 鳳凰,XL,福岡県,1.00,NAPS
2024,202410,20241024,0855,ﾅｯﾌﾟｽ 福岡店,4524486109515,21SJ-14K ﾚｻﾞｰｼﾞｬｹｯﾄ BK XLW 桧垣桜,21SJ-14K,BK 桧垣,XLW,福岡県,1.00,NAPS
2024,202410,20241024,0855,ﾅｯﾌﾟｽ 福岡店,4524486109522,21SJ-14K ﾚｻﾞｰｼﾞｬｹｯﾄ BK XLW 流水雪輪,21SJ-14K,BK 流水,XLW,福岡県,1.00,NAPS
2024,202410,20241025,9996,株式会社 ﾃﾞｸﾞﾅｰ,4524486103315,21SJ-14K ﾚｻﾞｰｼﾞｬｹｯﾄ BK XL 鳥獣戯画,21SJ-14K,BK 鳥獣,XL,NULL,1.00,NULL
2024,202410,20241028,0000,いちげん,4524486093685,21SJ-14K ﾚｻﾞｰｼﾞｬｹｯﾄ BK XL 流水雪輪,21SJ-14K,BK 流水,XL,NULL,1.00,NULL
2024,202410,20241028,0000,いちげん,4524486107559,21SJ-14K ﾚｻﾞｰｼﾞｬｹｯﾄ NV M 鉄流水雪輪,21SJ-14K,NV 鉄流,M,NULL,1.00,NULL
2024,202410,20241028,0000,いちげん,4524486107740,21SJ-14K ﾚｻﾞｰｼﾞｬｹｯﾄ RD M 雲龍,21SJ-14K,RD 雲龍,M,NULL,1.00,NULL
2024,202410,20241028,0000,いちげん,4524486109492,21SJ-14K ﾚｻﾞｰｼﾞｬｹｯﾄ BK L 鳳凰,21SJ-14K,BK 鳳凰,L,NULL,1.00,NULL
2024,202410,20241028,0789,ﾅｯﾌﾟｽ ﾍﾞｲｻｲﾄﾞ幸浦店,4524486093661,21SJ-14K ﾚｻﾞｰｼﾞｬｹｯﾄ BK M 流水雪輪,21SJ-14K,BK 流水,M,神奈川県,1.00,NAPS
2024,202410,20241028,0789,ﾅｯﾌﾟｽ ﾍﾞｲｻｲﾄﾞ幸浦店,4524486093708,21SJ-14K ﾚｻﾞｰｼﾞｬｹｯﾄ BK L 桧垣桜,21SJ-14K,BK 桧垣,L,神奈川県,1.00,NAPS
2024,202410,20241028,0789,ﾅｯﾌﾟｽ ﾍﾞｲｻｲﾄﾞ幸浦店,4524486094972,21SJ-14K ﾚｻﾞｰｼﾞｬｹｯﾄ BK XL 鉄流水雪輪,21SJ-14K,BK 鉄流,XL,神奈川県,1.00,NAPS
2024,202410,20241028,9996,株式会社 ﾃﾞｸﾞﾅｰ,4524486103230,21SJ-14K ﾚｻﾞｰｼﾞｬｹｯﾄ BK M 雲龍,21SJ-14K,BK 雲龍,M,NULL,1.00,NULL
2024,202410,20241029,0000,いちげん,4524486107757,21SJ-14K ﾚｻﾞｰｼﾞｬｹｯﾄ RD L 雲龍,21SJ-14K,RD 雲龍,L,NULL,1.00,NULL
2024,202410,20241030,0000,いちげん,4524486093685,21SJ-14K ﾚｻﾞｰｼﾞｬｹｯﾄ BK XL 流水雪輪,21SJ-14K,BK 流水,XL,NULL,1.00,NULL
2024,202410,20241030,1392,株式会社JTBふるさと開発事業部,4524486106545,21SJ-14K ﾚｻﾞｰｼﾞｬｹｯﾄ RD L 鉄流水雪輪,21SJ-14K,RD 鉄流,L,NULL,1.00,NULL
2024,202410,20241030,9996,株式会社 ﾃﾞｸﾞﾅｰ,4524486109522,21SJ-14K ﾚｻﾞｰｼﾞｬｹｯﾄ BK XLW 流水雪輪,21SJ-14K,BK 流水,XLW,NULL,1.00,NULL
2024,202410,20241031,1067,株式会社 ﾓﾉﾀﾞｲﾚｸﾄ,4524486103254,21SJ-14K ﾚｻﾞｰｼﾞｬｹｯﾄ BK XL 雲龍,21SJ-14K,BK 雲龍,XL,神奈川県,1.00,KMC北関東
2024,202411,20241101,0747,ﾅｯﾌﾟｽ 広島店,4524486106538,21SJ-14K ﾚｻﾞｰｼﾞｬｹｯﾄ RD M 鉄流水雪輪,21SJ-14K,RD 鉄流,M,広島県,1.00,NAPS
2024,202411,20241101,0978,ﾗｲｺﾗﾝﾄﾞ 福岡空港店,4524486093678,21SJ-14K ﾚｻﾞｰｼﾞｬｹｯﾄ BK L 流水雪輪,21SJ-14K,BK 流水,L,福岡県,1.00,NAPS
2024,202411,20241101,0978,ﾗｲｺﾗﾝﾄﾞ 福岡空港店,4524486093692,21SJ-14K ﾚｻﾞｰｼﾞｬｹｯﾄ BK M 桧垣桜,21SJ-14K,BK 桧垣,M,福岡県,1.00,NAPS
2024,202411,20241101,0978,ﾗｲｺﾗﾝﾄﾞ 福岡空港店,4524486103254,21SJ-14K ﾚｻﾞｰｼﾞｬｹｯﾄ BK XL 雲龍,21SJ-14K,BK 雲龍,XL,福岡県,1.00,NAPS
2024,202411,20241102,9996,株式会社 ﾃﾞｸﾞﾅｰ,4524486093708,21SJ-14K ﾚｻﾞｰｼﾞｬｹｯﾄ BK L 桧垣桜,21SJ-14K,BK 桧垣,L,NULL,1.00,NULL
2024,202411,20241102,9996,株式会社 ﾃﾞｸﾞﾅｰ,4524486106552,21SJ-14K ﾚｻﾞｰｼﾞｬｹｯﾄ RD XL 鉄流水雪輪,21SJ-14K,RD 鉄流,XL,NULL,1.00,NULL
2024,202411,20241102,show,デグナー京都本店,4524486109492,21SJ-14K ﾚｻﾞｰｼﾞｬｹｯﾄ BK L 鳳凰,21SJ-14K,BK 鳳凰,L,京都府,1.00,NULL
2024,202411,20241103,show,デグナー京都本店,4524486097973,21SJ-14K ﾚｻﾞｰｼﾞｬｹｯﾄ BK LW 桧垣桜,21SJ-14K,BK 桧垣,LW,京都府,1.00,NULL
2024,202411,20241105,0000,いちげん,4524486093678,21SJ-14K ﾚｻﾞｰｼﾞｬｹｯﾄ BK L 流水雪輪,21SJ-14K,BK 流水,L,NULL,1.00,NULL
2024,202411,20241105,1392,株式会社JTBふるさと開発事業部,4524486093692,21SJ-14K ﾚｻﾞｰｼﾞｬｹｯﾄ BK M 桧垣桜,21SJ-14K,BK 桧垣,M,NULL,1.00,NULL
2024,202411,20241106,0688,南海部品株式会社,4524486093685,21SJ-14K ﾚｻﾞｰｼﾞｬｹｯﾄ BK XL 流水雪輪,21SJ-14K,BK 流水,XL,大阪府,1.00,卸
2024,202411,20241106,0978,ﾗｲｺﾗﾝﾄﾞ 福岡空港店,4524486093708,21SJ-14K ﾚｻﾞｰｼﾞｬｹｯﾄ BK L 桧垣桜,21SJ-14K,BK 桧垣,L,福岡県,1.00,NAPS
2024,202411,20241106,0978,ﾗｲｺﾗﾝﾄﾞ 福岡空港店,4524486094972,21SJ-14K ﾚｻﾞｰｼﾞｬｹｯﾄ BK XL 鉄流水雪輪,21SJ-14K,BK 鉄流,XL,福岡県,1.00,NAPS
2024,202411,20241106,1392,株式会社JTBふるさと開発事業部,4524486093692,21SJ-14K ﾚｻﾞｰｼﾞｬｹｯﾄ BK M 桧垣桜,21SJ-14K,BK 桧垣,M,NULL,1.00,NULL
2024,202411,20241106,9996,株式会社 ﾃﾞｸﾞﾅｰ,4524486093715,21SJ-14K ﾚｻﾞｰｼﾞｬｹｯﾄ BK XL 桧垣桜,21SJ-14K,BK 桧垣,XL,NULL,1.00,NULL
2024,202411,20241107,show,デグナー京都本店,4524486109515,21SJ-14K ﾚｻﾞｰｼﾞｬｹｯﾄ BK XLW 桧垣桜,21SJ-14K,BK 桧垣,XLW,京都府,1.00,NULL
2024,202411,20241108,0978,ﾗｲｺﾗﾝﾄﾞ 福岡空港店,4524486093678,21SJ-14K ﾚｻﾞｰｼﾞｬｹｯﾄ BK L 流水雪輪,21SJ-14K,BK 流水,L,福岡県,1.00,NAPS
2024,202411,20241108,1392,株式会社JTBふるさと開発事業部,4524486093661,21SJ-14K ﾚｻﾞｰｼﾞｬｹｯﾄ BK M 流水雪輪,21SJ-14K,BK 流水,M,NULL,1.00,NULL
2024,202411,20241108,1392,株式会社JTBふるさと開発事業部,4524486093692,21SJ-14K ﾚｻﾞｰｼﾞｬｹｯﾄ BK M 桧垣桜,21SJ-14K,BK 桧垣,M,NULL,1.00,NULL
2024,202411,20241108,1392,株式会社JTBふるさと開発事業部,4524486093692,21SJ-14K ﾚｻﾞｰｼﾞｬｹｯﾄ BK M 桧垣桜,21SJ-14K,BK 桧垣,M,NULL,1.00,NULL
2024,202411,20241108,1392,株式会社JTBふるさと開発事業部,4524486093708,21SJ-14K ﾚｻﾞｰｼﾞｬｹｯﾄ BK L 桧垣桜,21SJ-14K,BK 桧垣,L,NULL,1.00,NULL
2024,202411,20241108,onof,ON-OFF Motobike Collections,4524486093661,21SJ-14K ﾚｻﾞｰｼﾞｬｹｯﾄ BK M 流水雪輪,21SJ-14K,BK 流水,M,台湾,1.00,NULL
2024,202411,20241108,onof,ON-OFF Motobike Collections,4524486093678,21SJ-14K ﾚｻﾞｰｼﾞｬｹｯﾄ BK L 流水雪輪,21SJ-14K,BK 流水,L,台湾,1.00,NULL
2024,202411,20241108,onof,ON-OFF Motobike Collections,4524486093715,21SJ-14K ﾚｻﾞｰｼﾞｬｹｯﾄ BK XL 桧垣桜,21SJ-14K,BK 桧垣,XL,台湾,1.00,NULL
2024,202411,20241108,onof,ON-OFF Motobike Collections,4524486109508,21SJ-14K ﾚｻﾞｰｼﾞｬｹｯﾄ BK XL 鳳凰,21SJ-14K,BK 鳳凰,XL,台湾,1.00,NULL
2024,202411,20241110,9996,株式会社 ﾃﾞｸﾞﾅｰ,4524486106552,21SJ-14K ﾚｻﾞｰｼﾞｬｹｯﾄ RD XL 鉄流水雪輪,21SJ-14K,RD 鉄流,XL,NULL,1.00,NULL
2024,202411,20241110,9996,株式会社 ﾃﾞｸﾞﾅｰ,4524486107573,21SJ-14K ﾚｻﾞｰｼﾞｬｹｯﾄ NV XL 鉄流水雪輪,21SJ-14K,NV 鉄流,XL,NULL,1.00,NULL
2024,202411,20241110,9996,株式会社 ﾃﾞｸﾞﾅｰ,4524486109492,21SJ-14K ﾚｻﾞｰｼﾞｬｹｯﾄ BK L 鳳凰,21SJ-14K,BK 鳳凰,L,NULL,1.00,NULL
2024,202411,20241111,0000,いちげん,4524486093647,21SJ-14K ﾚｻﾞｰｼﾞｬｹｯﾄ BK L 風神雷神BE,21SJ-14K,BK-BE風,L,NULL,1.00,NULL
2024,202411,20241111,1113,ﾅｯﾌﾟｽ 仙台泉ｲﾝﾀｰ店,4524486093692,21SJ-14K ﾚｻﾞｰｼﾞｬｹｯﾄ BK M 桧垣桜,21SJ-14K,BK 桧垣,M,宮城県,1.00,NAPS
2024,202411,20241111,1113,ﾅｯﾌﾟｽ 仙台泉ｲﾝﾀｰ店,4524486093708,21SJ-14K ﾚｻﾞｰｼﾞｬｹｯﾄ BK L 桧垣桜,21SJ-14K,BK 桧垣,L,宮城県,1.00,NAPS
2024,202411,20241111,show,デグナー京都本店,4524486094972,21SJ-14K ﾚｻﾞｰｼﾞｬｹｯﾄ BK XL 鉄流水雪輪,21SJ-14K,BK 鉄流,XL,京都府,1.00,NULL
2024,202411,20241112,0000,いちげん,4524486093708,21SJ-14K ﾚｻﾞｰｼﾞｬｹｯﾄ BK L 桧垣桜,21SJ-14K,BK 桧垣,L,NULL,1.00,NULL
2024,202411,20241112,1223,ﾗｲｺﾗﾝﾄﾞ CuBe札幌白石店,4524486093678,21SJ-14K ﾚｻﾞｰｼﾞｬｹｯﾄ BK L 流水雪輪,21SJ-14K,BK 流水,L,北海道,1.00,NAPS
2024,202411,20241113,0855,ﾅｯﾌﾟｽ 福岡店,4524486109485,21SJ-14K ﾚｻﾞｰｼﾞｬｹｯﾄ BK M 鳳凰,21SJ-14K,BK 鳳凰,M,福岡県,-1.00,NAPS
2024,202411,20241113,0855,ﾅｯﾌﾟｽ 福岡店,4524486109492,21SJ-14K ﾚｻﾞｰｼﾞｬｹｯﾄ BK L 鳳凰,21SJ-14K,BK 鳳凰,L,福岡県,-1.00,NAPS
2024,202411,20241113,0855,ﾅｯﾌﾟｽ 福岡店,4524486109508,21SJ-14K ﾚｻﾞｰｼﾞｬｹｯﾄ BK XL 鳳凰,21SJ-14K,BK 鳳凰,XL,福岡県,-1.00,NAPS
2024,202411,20241113,0855,ﾅｯﾌﾟｽ 福岡店,4524486109515,21SJ-14K ﾚｻﾞｰｼﾞｬｹｯﾄ BK XLW 桧垣桜,21SJ-14K,BK 桧垣,XLW,福岡県,-1.00,NAPS
2024,202411,20241113,0855,ﾅｯﾌﾟｽ 福岡店,4524486109522,21SJ-14K ﾚｻﾞｰｼﾞｬｹｯﾄ BK XLW 流水雪輪,21SJ-14K,BK 流水,XLW,福岡県,-1.00,NAPS
2024,202411,20241113,1392,株式会社JTBふるさと開発事業部,4524486093661,21SJ-14K ﾚｻﾞｰｼﾞｬｹｯﾄ BK M 流水雪輪,21SJ-14K,BK 流水,M,NULL,1.00,NULL
2024,202411,20241113,1392,株式会社JTBふるさと開発事業部,4524486093661,21SJ-14K ﾚｻﾞｰｼﾞｬｹｯﾄ BK M 流水雪輪,21SJ-14K,BK 流水,M,NULL,1.00,NULL
2024,202411,20241113,1392,株式会社JTBふるさと開発事業部,4524486093678,21SJ-14K ﾚｻﾞｰｼﾞｬｹｯﾄ BK L 流水雪輪,21SJ-14K,BK 流水,L,NULL,1.00,NULL
2024,202411,20241113,rmwc,Riding My Way Company,4524486093661,21SJ-14K ﾚｻﾞｰｼﾞｬｹｯﾄ BK M 流水雪輪,21SJ-14K,BK 流水,M,台湾,2.00,NULL
2024,202411,20241113,rmwc,Riding My Way Company,4524486093678,21SJ-14K ﾚｻﾞｰｼﾞｬｹｯﾄ BK L 流水雪輪,21SJ-14K,BK 流水,L,台湾,3.00,NULL
2024,202411,20241113,rmwc,Riding My Way Company,4524486097959,21SJ-14K ﾚｻﾞｰｼﾞｬｹｯﾄ BK LW 流水雪輪,21SJ-14K,BK 流水,LW,台湾,3.00,NULL
2024,202411,20241113,rmwc,Riding My Way Company,4524486109522,21SJ-14K ﾚｻﾞｰｼﾞｬｹｯﾄ BK XLW 流水雪輪,21SJ-14K,BK 流水,XLW,台湾,2.00,NULL
2024,202411,20241114,ansi,ANSIN MOTO CO.,4524486093661,21SJ-14K ﾚｻﾞｰｼﾞｬｹｯﾄ BK M 流水雪輪,21SJ-14K,BK 流水,M,台湾,1.00,NULL
2024,202411,20241114,ansi,ANSIN MOTO CO.,4524486093678,21SJ-14K ﾚｻﾞｰｼﾞｬｹｯﾄ BK L 流水雪輪,21SJ-14K,BK 流水,L,台湾,1.00,NULL
2024,202411,20241114,ansi,ANSIN MOTO CO.,4524486093685,21SJ-14K ﾚｻﾞｰｼﾞｬｹｯﾄ BK XL 流水雪輪,21SJ-14K,BK 流水,XL,台湾,1.00,NULL
2024,202411,20241115,0580,株式会社 ﾌﾟﾛﾄ 経理課,4524486093685,21SJ-14K ﾚｻﾞｰｼﾞｬｹｯﾄ BK XL 流水雪輪,21SJ-14K,BK 流水,XL,愛知県,1.00,KMC中部
2024,202411,20241115,9996,株式会社 ﾃﾞｸﾞﾅｰ,4524486106538,21SJ-14K ﾚｻﾞｰｼﾞｬｹｯﾄ RD M 鉄流水雪輪,21SJ-14K,RD 鉄流,M,NULL,1.00,NULL
2024,202411,20241115,Zuoh,Zuo-Huang Company,4524486093661,21SJ-14K ﾚｻﾞｰｼﾞｬｹｯﾄ BK M 流水雪輪,21SJ-14K,BK 流水,M,台湾,1.00,NULL
2024,202411,20241115,Zuoh,Zuo-Huang Company,4524486109492,21SJ-14K ﾚｻﾞｰｼﾞｬｹｯﾄ BK L 鳳凰,21SJ-14K,BK 鳳凰,L,台湾,1.00,NULL
2024,202411,20241116,show,デグナー京都本店,4524486093647,21SJ-14K ﾚｻﾞｰｼﾞｬｹｯﾄ BK L 風神雷神BE,21SJ-14K,BK-BE風,L,京都府,1.00,NULL
2024,202411,20241118,0000,いちげん,4524486109492,21SJ-14K ﾚｻﾞｰｼﾞｬｹｯﾄ BK L 鳳凰,21SJ-14K,BK 鳳凰,L,NULL,1.00,NULL
2024,202411,20241118,0000,いちげん,4524486109522,21SJ-14K ﾚｻﾞｰｼﾞｬｹｯﾄ BK XLW 流水雪輪,21SJ-14K,BK 流水,XLW,NULL,1.00,NULL
2024,202411,20241118,0199,株式会社 ﾜｲ･ｹｲ商事,4524486093708,21SJ-14K ﾚｻﾞｰｼﾞｬｹｯﾄ BK L 桧垣桜,21SJ-14K,BK 桧垣,L,東京都,1.00,NAPS
2024,202411,20241118,0978,ﾗｲｺﾗﾝﾄﾞ 福岡空港店,4524486093661,21SJ-14K ﾚｻﾞｰｼﾞｬｹｯﾄ BK M 流水雪輪,21SJ-14K,BK 流水,M,福岡県,1.00,NAPS
2024,202411,20241118,0978,ﾗｲｺﾗﾝﾄﾞ 福岡空港店,4524486093678,21SJ-14K ﾚｻﾞｰｼﾞｬｹｯﾄ BK L 流水雪輪,21SJ-14K,BK 流水,L,福岡県,1.00,NAPS
2024,202411,20241118,0978,ﾗｲｺﾗﾝﾄﾞ 福岡空港店,4524486093685,21SJ-14K ﾚｻﾞｰｼﾞｬｹｯﾄ BK XL 流水雪輪,21SJ-14K,BK 流水,XL,福岡県,1.00,NAPS
2024,202411,20241118,0978,ﾗｲｺﾗﾝﾄﾞ 福岡空港店,4524486093715,21SJ-14K ﾚｻﾞｰｼﾞｬｹｯﾄ BK XL 桧垣桜,21SJ-14K,BK 桧垣,XL,福岡県,1.00,NAPS
2024,202411,20241118,0978,ﾗｲｺﾗﾝﾄﾞ 福岡空港店,4524486094972,21SJ-14K ﾚｻﾞｰｼﾞｬｹｯﾄ BK XL 鉄流水雪輪,21SJ-14K,BK 鉄流,XL,福岡県,1.00,NAPS
2024,202411,20241118,0978,ﾗｲｺﾗﾝﾄﾞ 福岡空港店,4524486097959,21SJ-14K ﾚｻﾞｰｼﾞｬｹｯﾄ BK LW 流水雪輪,21SJ-14K,BK 流水,LW,福岡県,1.00,NAPS
2024,202411,20241118,0978,ﾗｲｺﾗﾝﾄﾞ 福岡空港店,4524486097966,21SJ-14K ﾚｻﾞｰｼﾞｬｹｯﾄ BK LW 鉄流水雪輪,21SJ-14K,BK 鉄流,LW,福岡県,1.00,NAPS
2024,202411,20241118,0978,ﾗｲｺﾗﾝﾄﾞ 福岡空港店,4524486109492,21SJ-14K ﾚｻﾞｰｼﾞｬｹｯﾄ BK L 鳳凰,21SJ-14K,BK 鳳凰,L,福岡県,1.00,NAPS
2024,202411,20241118,0978,ﾗｲｺﾗﾝﾄﾞ 福岡空港店,4524486109508,21SJ-14K ﾚｻﾞｰｼﾞｬｹｯﾄ BK XL 鳳凰,21SJ-14K,BK 鳳凰,XL,福岡県,1.00,NAPS
2024,202411,20241118,1113,ﾅｯﾌﾟｽ 仙台泉ｲﾝﾀｰ店,4524486094965,21SJ-14K ﾚｻﾞｰｼﾞｬｹｯﾄ BK L 鉄流水雪輪,21SJ-14K,BK 鉄流,L,宮城県,1.00,NAPS
2024,202411,20241119,0840,南海部品 鹿児島店,4524486093678,21SJ-14K ﾚｻﾞｰｼﾞｬｹｯﾄ BK L 流水雪輪,21SJ-14K,BK 流水,L,鹿児島県,1.00,NAPS
2024,202411,20241119,0840,南海部品 鹿児島店,4524486093685,21SJ-14K ﾚｻﾞｰｼﾞｬｹｯﾄ BK XL 流水雪輪,21SJ-14K,BK 流水,XL,鹿児島県,1.00,NAPS
2024,202411,20241119,0840,南海部品 鹿児島店,4524486093692,21SJ-14K ﾚｻﾞｰｼﾞｬｹｯﾄ BK M 桧垣桜,21SJ-14K,BK 桧垣,M,鹿児島県,1.00,NAPS
2024,202411,20241119,1170,ﾅｯﾌﾟｽ 岡山店,4524486093685,21SJ-14K ﾚｻﾞｰｼﾞｬｹｯﾄ BK XL 流水雪輪,21SJ-14K,BK 流水,XL,岡山県,1.00,NAPS
2024,202411,20241119,1170,ﾅｯﾌﾟｽ 岡山店,4524486093708,21SJ-14K ﾚｻﾞｰｼﾞｬｹｯﾄ BK L 桧垣桜,21SJ-14K,BK 桧垣,L,岡山県,1.00,NAPS
2024,202411,20241119,1392,株式会社JTBふるさと開発事業部,4524486093685,21SJ-14K ﾚｻﾞｰｼﾞｬｹｯﾄ BK XL 流水雪輪,21SJ-14K,BK 流水,XL,NULL,1.00,NULL
2024,202411,20241119,youl,YOULUN CO.LTD,4524486093678,21SJ-14K ﾚｻﾞｰｼﾞｬｹｯﾄ BK L 流水雪輪,21SJ-14K,BK 流水,L,台湾,1.00,NULL
2024,202411,20241119,youl,YOULUN CO.LTD,4524486106538,21SJ-14K ﾚｻﾞｰｼﾞｬｹｯﾄ RD M 鉄流水雪輪,21SJ-14K,RD 鉄流,M,台湾,1.00,NULL
2024,202411,20241120,0769,株式会社 とかげや,4524486093678,21SJ-14K ﾚｻﾞｰｼﾞｬｹｯﾄ BK L 流水雪輪,21SJ-14K,BK 流水,L,愛媛県,1.00,NAPS
2024,202411,20241120,1392,株式会社JTBふるさと開発事業部,4524486093685,21SJ-14K ﾚｻﾞｰｼﾞｬｹｯﾄ BK XL 流水雪輪,21SJ-14K,BK 流水,XL,NULL,1.00,NULL
2024,202411,20241120,1392,株式会社JTBふるさと開発事業部,4524486093715,21SJ-14K ﾚｻﾞｰｼﾞｬｹｯﾄ BK XL 桧垣桜,21SJ-14K,BK 桧垣,XL,NULL,1.00,NULL
2024,202411,20241122,0000,いちげん,4524486097973,21SJ-14K ﾚｻﾞｰｼﾞｬｹｯﾄ BK LW 桧垣桜,21SJ-14K,BK 桧垣,LW,NULL,1.00,NULL
2024,202411,20241122,0000,いちげん,4524486103247,21SJ-14K ﾚｻﾞｰｼﾞｬｹｯﾄ BK L 雲龍,21SJ-14K,BK 雲龍,L,NULL,1.00,NULL
2024,202411,20241122,0789,ﾅｯﾌﾟｽ ﾍﾞｲｻｲﾄﾞ幸浦店,4524486094972,21SJ-14K ﾚｻﾞｰｼﾞｬｹｯﾄ BK XL 鉄流水雪輪,21SJ-14K,BK 鉄流,XL,神奈川県,1.00,NAPS
2024,202411,20241122,1445,株式会社 桜士堂,4524486093661,21SJ-14K ﾚｻﾞｰｼﾞｬｹｯﾄ BK M 流水雪輪,21SJ-14K,BK 流水,M,京都府,3.00,KMC北日本
2024,202411,20241122,1445,株式会社 桜士堂,4524486093678,21SJ-14K ﾚｻﾞｰｼﾞｬｹｯﾄ BK L 流水雪輪,21SJ-14K,BK 流水,L,京都府,3.00,KMC北日本
2024,202411,20241122,1445,株式会社 桜士堂,4524486093685,21SJ-14K ﾚｻﾞｰｼﾞｬｹｯﾄ BK XL 流水雪輪,21SJ-14K,BK 流水,XL,京都府,3.00,KMC北日本
2024,202411,20241123,show,デグナー京都本店,4524486093661,21SJ-14K ﾚｻﾞｰｼﾞｬｹｯﾄ BK M 流水雪輪,21SJ-14K,BK 流水,M,京都府,1.00,NULL
2024,202411,20241124,show,デグナー京都本店,4524486109485,21SJ-14K ﾚｻﾞｰｼﾞｬｹｯﾄ BK M 鳳凰,21SJ-14K,BK 鳳凰,M,京都府,1.00,NULL
2024,202411,20241125,0272,ﾅｯﾌﾟｽ 練馬店,4524486093661,21SJ-14K ﾚｻﾞｰｼﾞｬｹｯﾄ BK M 流水雪輪,21SJ-14K,BK 流水,M,東京都,1.00,NAPS
2024,202411,20241125,0272,ﾅｯﾌﾟｽ 練馬店,4524486093678,21SJ-14K ﾚｻﾞｰｼﾞｬｹｯﾄ BK L 流水雪輪,21SJ-14K,BK 流水,L,東京都,1.00,NAPS
2024,202411,20241125,0272,ﾅｯﾌﾟｽ 練馬店,4524486093685,21SJ-14K ﾚｻﾞｰｼﾞｬｹｯﾄ BK XL 流水雪輪,21SJ-14K,BK 流水,XL,東京都,1.00,NAPS
2024,202411,20241125,0688,南海部品株式会社,4524486093678,21SJ-14K ﾚｻﾞｰｼﾞｬｹｯﾄ BK L 流水雪輪,21SJ-14K,BK 流水,L,大阪府,1.00,卸
2024,202411,20241125,0688,南海部品株式会社,4524486109522,21SJ-14K ﾚｻﾞｰｼﾞｬｹｯﾄ BK XLW 流水雪輪,21SJ-14K,BK 流水,XLW,大阪府,1.00,卸
2024,202411,20241125,0825,ﾅｯﾌﾟｽ 前橋店,4524486093692,21SJ-14K ﾚｻﾞｰｼﾞｬｹｯﾄ BK M 桧垣桜,21SJ-14K,BK 桧垣,M,群馬県,1.00,NAPS
2024,202411,20241125,0825,ﾅｯﾌﾟｽ 前橋店,4524486093708,21SJ-14K ﾚｻﾞｰｼﾞｬｹｯﾄ BK L 桧垣桜,21SJ-14K,BK 桧垣,L,群馬県,1.00,NAPS
2024,202411,20241125,0825,ﾅｯﾌﾟｽ 前橋店,4524486093715,21SJ-14K ﾚｻﾞｰｼﾞｬｹｯﾄ BK XL 桧垣桜,21SJ-14K,BK 桧垣,XL,群馬県,1.00,NAPS
2024,202411,20241125,0825,ﾅｯﾌﾟｽ 前橋店,4524486094958,21SJ-14K ﾚｻﾞｰｼﾞｬｹｯﾄ BK M 鉄流水雪輪,21SJ-14K,BK 鉄流,M,群馬県,1.00,NAPS
2024,202411,20241125,0825,ﾅｯﾌﾟｽ 前橋店,4524486094965,21SJ-14K ﾚｻﾞｰｼﾞｬｹｯﾄ BK L 鉄流水雪輪,21SJ-14K,BK 鉄流,L,群馬県,1.00,NAPS
2024,202411,20241125,0825,ﾅｯﾌﾟｽ 前橋店,4524486094972,21SJ-14K ﾚｻﾞｰｼﾞｬｹｯﾄ BK XL 鉄流水雪輪,21SJ-14K,BK 鉄流,XL,群馬県,1.00,NAPS
2024,202411,20241125,0978,ﾗｲｺﾗﾝﾄﾞ 福岡空港店,4524486094965,21SJ-14K ﾚｻﾞｰｼﾞｬｹｯﾄ BK L 鉄流水雪輪,21SJ-14K,BK 鉄流,L,福岡県,1.00,NAPS
2024,202411,20241126,0000,いちげん,4524486093692,21SJ-14K ﾚｻﾞｰｼﾞｬｹｯﾄ BK M 桧垣桜,21SJ-14K,BK 桧垣,M,NULL,1.00,NULL
2024,202411,20241126,0121,ﾅｯﾌﾟｽ 新横浜店,4524486093715,21SJ-14K ﾚｻﾞｰｼﾞｬｹｯﾄ BK XL 桧垣桜,21SJ-14K,BK 桧垣,XL,神奈川県,1.00,NAPS
2024,202411,20241127,0000,いちげん,4524486107573,21SJ-14K ﾚｻﾞｰｼﾞｬｹｯﾄ NV XL 鉄流水雪輪,21SJ-14K,NV 鉄流,XL,NULL,1.00,NULL
2024,202411,20241127,0121,ﾅｯﾌﾟｽ 新横浜店,4524486093715,21SJ-14K ﾚｻﾞｰｼﾞｬｹｯﾄ BK XL 桧垣桜,21SJ-14K,BK 桧垣,XL,神奈川県,1.00,NAPS
2024,202411,20241127,0121,ﾅｯﾌﾟｽ 新横浜店,4524486097973,21SJ-14K ﾚｻﾞｰｼﾞｬｹｯﾄ BK LW 桧垣桜,21SJ-14K,BK 桧垣,LW,神奈川県,1.00,NAPS
2024,202411,20241127,0598,ﾗｲｺﾗﾝﾄﾞ TokyoBay東雲店,4524486093647,21SJ-14K ﾚｻﾞｰｼﾞｬｹｯﾄ BK L 風神雷神BE,21SJ-14K,BK-BE風,L,東京都,1.00,NAPS
2024,202411,20241127,0598,ﾗｲｺﾗﾝﾄﾞ TokyoBay東雲店,4524486093708,21SJ-14K ﾚｻﾞｰｼﾞｬｹｯﾄ BK L 桧垣桜,21SJ-14K,BK 桧垣,L,東京都,1.00,NAPS
2024,202411,20241127,0598,ﾗｲｺﾗﾝﾄﾞ TokyoBay東雲店,4524486093715,21SJ-14K ﾚｻﾞｰｼﾞｬｹｯﾄ BK XL 桧垣桜,21SJ-14K,BK 桧垣,XL,東京都,1.00,NAPS
2024,202411,20241127,0598,ﾗｲｺﾗﾝﾄﾞ TokyoBay東雲店,4524486094972,21SJ-14K ﾚｻﾞｰｼﾞｬｹｯﾄ BK XL 鉄流水雪輪,21SJ-14K,BK 鉄流,XL,東京都,1.00,NAPS
2024,202411,20241127,0598,ﾗｲｺﾗﾝﾄﾞ TokyoBay東雲店,4524486103247,21SJ-14K ﾚｻﾞｰｼﾞｬｹｯﾄ BK L 雲龍,21SJ-14K,BK 雲龍,L,東京都,1.00,NAPS
2024,202411,20241127,0598,ﾗｲｺﾗﾝﾄﾞ TokyoBay東雲店,4524486103254,21SJ-14K ﾚｻﾞｰｼﾞｬｹｯﾄ BK XL 雲龍,21SJ-14K,BK 雲龍,XL,東京都,1.00,NAPS
2024,202411,20241127,0598,ﾗｲｺﾗﾝﾄﾞ TokyoBay東雲店,4524486106538,21SJ-14K ﾚｻﾞｰｼﾞｬｹｯﾄ RD M 鉄流水雪輪,21SJ-14K,RD 鉄流,M,東京都,1.00,NAPS
2024,202411,20241127,0598,ﾗｲｺﾗﾝﾄﾞ TokyoBay東雲店,4524486106545,21SJ-14K ﾚｻﾞｰｼﾞｬｹｯﾄ RD L 鉄流水雪輪,21SJ-14K,RD 鉄流,L,東京都,1.00,NAPS
2024,202411,20241127,0598,ﾗｲｺﾗﾝﾄﾞ TokyoBay東雲店,4524486109485,21SJ-14K ﾚｻﾞｰｼﾞｬｹｯﾄ BK M 鳳凰,21SJ-14K,BK 鳳凰,M,東京都,1.00,NAPS
2024,202411,20241127,0598,ﾗｲｺﾗﾝﾄﾞ TokyoBay東雲店,4524486109515,21SJ-14K ﾚｻﾞｰｼﾞｬｹｯﾄ BK XLW 桧垣桜,21SJ-14K,BK 桧垣,XLW,東京都,1.00,NAPS
2024,202411,20241127,0699,Enshin株式会社,4524486106552,21SJ-14K ﾚｻﾞｰｼﾞｬｹｯﾄ RD XL 鉄流水雪輪,21SJ-14K,RD 鉄流,XL,東京都,1.00,KMC中部
2024,202411,20241127,1046,274 水戸2りんかん,4524486093630,21SJ-14K ﾚｻﾞｰｼﾞｬｹｯﾄ BK M 風神雷神BE,21SJ-14K,BK-BE風,M,茨城県,1.00,KMC北日本
2024,202411,20241127,1392,株式会社JTBふるさと開発事業部,4524486093708,21SJ-14K ﾚｻﾞｰｼﾞｬｹｯﾄ BK L 桧垣桜,21SJ-14K,BK 桧垣,L,NULL,1.00,NULL
2024,202411,20241127,1392,株式会社JTBふるさと開発事業部,4524486097959,21SJ-14K ﾚｻﾞｰｼﾞｬｹｯﾄ BK LW 流水雪輪,21SJ-14K,BK 流水,LW,NULL,1.00,NULL
2024,202411,20241128,0000,いちげん,4524486093685,21SJ-14K ﾚｻﾞｰｼﾞｬｹｯﾄ BK XL 流水雪輪,21SJ-14K,BK 流水,XL,NULL,1.00,NULL
2024,202411,20241128,1392,株式会社JTBふるさと開発事業部,4524486093661,21SJ-14K ﾚｻﾞｰｼﾞｬｹｯﾄ BK M 流水雪輪,21SJ-14K,BK 流水,M,NULL,1.00,NULL
2024,202411,20241128,1392,株式会社JTBふるさと開発事業部,4524486093692,21SJ-14K ﾚｻﾞｰｼﾞｬｹｯﾄ BK M 桧垣桜,21SJ-14K,BK 桧垣,M,NULL,1.00,NULL
2024,202411,20241129,0598,ﾗｲｺﾗﾝﾄﾞ TokyoBay東雲店,4524486109508,21SJ-14K ﾚｻﾞｰｼﾞｬｹｯﾄ BK XL 鳳凰,21SJ-14K,BK 鳳凰,XL,東京都,1.00,NAPS
2024,202411,20241129,1301,ﾊﾟｰｸｱｯﾌﾟ株式会社,4524486093692,21SJ-14K ﾚｻﾞｰｼﾞｬｹｯﾄ BK M 桧垣桜,21SJ-14K,BK 桧垣,M,兵庫県,1.00,KMC北関東
2024,202411,20241129,1392,株式会社JTBふるさと開発事業部,4524486097959,21SJ-14K ﾚｻﾞｰｼﾞｬｹｯﾄ BK LW 流水雪輪,21SJ-14K,BK 流水,LW,NULL,1.00,NULL
2024,202411,20241129,1392,株式会社JTBふるさと開発事業部,4524486103247,21SJ-14K ﾚｻﾞｰｼﾞｬｹｯﾄ BK L 雲龍,21SJ-14K,BK 雲龍,L,NULL,1.00,NULL
2024,202411,20241129,1392,株式会社JTBふるさと開発事業部,4524486103247,21SJ-14K ﾚｻﾞｰｼﾞｬｹｯﾄ BK L 雲龍,21SJ-14K,BK 雲龍,L,NULL,1.00,NULL
2024,202411,20241130,show,デグナー京都本店,4524486093708,21SJ-14K ﾚｻﾞｰｼﾞｬｹｯﾄ BK L 桧垣桜,21SJ-14K,BK 桧垣,L,京都府,1.00,NULL
2024,202412,20241201,EVNT,販売店様ｲﾍﾞﾝﾄ,4524486093708,21SJ-14K ﾚｻﾞｰｼﾞｬｹｯﾄ BK L 桧垣桜,21SJ-14K,BK 桧垣,L,NULL,1.00,NULL
2024,202412,20241202,0000,いちげん,4524486107573,21SJ-14K ﾚｻﾞｰｼﾞｬｹｯﾄ NV XL 鉄流水雪輪,21SJ-14K,NV 鉄流,XL,NULL,1.00,NULL
2024,202412,20241202,0693,ﾅｯﾌﾟｽ 埼玉店,4524486093678,21SJ-14K ﾚｻﾞｰｼﾞｬｹｯﾄ BK L 流水雪輪,21SJ-14K,BK 流水,L,埼玉県,1.00,NAPS
2024,202412,20241202,1429,ﾗｲｺﾗﾝﾄﾞ 新潟店,4524486106552,21SJ-14K ﾚｻﾞｰｼﾞｬｹｯﾄ RD XL 鉄流水雪輪,21SJ-14K,RD 鉄流,XL,新潟県,1.00,NAPS
2024,202412,20241203,0239,株式会社 ｻｲｸﾙﾜｰﾙﾄﾞ神戸本店,4524486097959,21SJ-14K ﾚｻﾞｰｼﾞｬｹｯﾄ BK LW 流水雪輪,21SJ-14K,BK 流水,LW,兵庫県,1.00,KMC北関東
2024,202412,20241203,1170,ﾅｯﾌﾟｽ 岡山店,4524486103254,21SJ-14K ﾚｻﾞｰｼﾞｬｹｯﾄ BK XL 雲龍,21SJ-14K,BK 雲龍,XL,岡山県,1.00,NAPS
2024,202412,20241204,1113,ﾅｯﾌﾟｽ 仙台泉ｲﾝﾀｰ店,4524486093708,21SJ-14K ﾚｻﾞｰｼﾞｬｹｯﾄ BK L 桧垣桜,21SJ-14K,BK 桧垣,L,宮城県,-1.00,NAPS
2024,202412,20241204,1392,株式会社JTBふるさと開発事業部,4524486093678,21SJ-14K ﾚｻﾞｰｼﾞｬｹｯﾄ BK L 流水雪輪,21SJ-14K,BK 流水,L,NULL,1.00,NULL
2024,202412,20241204,1392,株式会社JTBふるさと開発事業部,4524486093708,21SJ-14K ﾚｻﾞｰｼﾞｬｹｯﾄ BK L 桧垣桜,21SJ-14K,BK 桧垣,L,NULL,1.00,NULL
2024,202412,20241204,1392,株式会社JTBふるさと開発事業部,4524486103247,21SJ-14K ﾚｻﾞｰｼﾞｬｹｯﾄ BK L 雲龍,21SJ-14K,BK 雲龍,L,NULL,1.00,NULL
2024,202412,20241205,0000,いちげん,4524486094965,21SJ-14K ﾚｻﾞｰｼﾞｬｹｯﾄ BK L 鉄流水雪輪,21SJ-14K,BK 鉄流,L,NULL,1.00,NULL
2024,202412,20241205,1223,ﾗｲｺﾗﾝﾄﾞ CuBe札幌白石店,4524486109492,21SJ-14K ﾚｻﾞｰｼﾞｬｹｯﾄ BK L 鳳凰,21SJ-14K,BK 鳳凰,L,北海道,1.00,NAPS
2024,202412,20241205,1251,帝都産業 株式会社,4524486093692,21SJ-14K ﾚｻﾞｰｼﾞｬｹｯﾄ BK M 桧垣桜,21SJ-14K,BK 桧垣,M,東京都,1.00,KMC南関東
2024,202412,20241205,ansi,ANSIN MOTO CO.,4524486093685,21SJ-14K ﾚｻﾞｰｼﾞｬｹｯﾄ BK XL 流水雪輪,21SJ-14K,BK 流水,XL,台湾,1.00,NULL
2024,202412,20241206,0000,いちげん,4524486106545,21SJ-14K ﾚｻﾞｰｼﾞｬｹｯﾄ RD L 鉄流水雪輪,21SJ-14K,RD 鉄流,L,NULL,1.00,NULL
2024,202412,20241206,1392,株式会社JTBふるさと開発事業部,4524486093678,21SJ-14K ﾚｻﾞｰｼﾞｬｹｯﾄ BK L 流水雪輪,21SJ-14K,BK 流水,L,NULL,1.00,NULL
2024,202412,20241206,1392,株式会社JTBふるさと開発事業部,4524486093678,21SJ-14K ﾚｻﾞｰｼﾞｬｹｯﾄ BK L 流水雪輪,21SJ-14K,BK 流水,L,NULL,1.00,NULL
2024,202412,20241206,1392,株式会社JTBふるさと開発事業部,4524486103247,21SJ-14K ﾚｻﾞｰｼﾞｬｹｯﾄ BK L 雲龍,21SJ-14K,BK 雲龍,L,NULL,1.00,NULL
2024,202412,20241206,1392,株式会社JTBふるさと開発事業部,4524486106545,21SJ-14K ﾚｻﾞｰｼﾞｬｹｯﾄ RD L 鉄流水雪輪,21SJ-14K,RD 鉄流,L,NULL,1.00,NULL
2024,202412,20241206,1392,株式会社JTBふるさと開発事業部,4524486106552,21SJ-14K ﾚｻﾞｰｼﾞｬｹｯﾄ RD XL 鉄流水雪輪,21SJ-14K,RD 鉄流,XL,NULL,1.00,NULL
2024,202412,20241207,9996,株式会社 ﾃﾞｸﾞﾅｰ,4524486093708,21SJ-14K ﾚｻﾞｰｼﾞｬｹｯﾄ BK L 桧垣桜,21SJ-14K,BK 桧垣,L,NULL,1.00,NULL
2024,202412,20241207,9996,株式会社 ﾃﾞｸﾞﾅｰ,4524486094965,21SJ-14K ﾚｻﾞｰｼﾞｬｹｯﾄ BK L 鉄流水雪輪,21SJ-14K,BK 鉄流,L,NULL,1.00,NULL
2024,202412,20241207,9996,株式会社 ﾃﾞｸﾞﾅｰ,4524486107566,21SJ-14K ﾚｻﾞｰｼﾞｬｹｯﾄ NV L 鉄流水雪輪,21SJ-14K,NV 鉄流,L,NULL,1.00,NULL
2024,202412,20241208,9996,株式会社 ﾃﾞｸﾞﾅｰ,4524486106545,21SJ-14K ﾚｻﾞｰｼﾞｬｹｯﾄ RD L 鉄流水雪輪,21SJ-14K,RD 鉄流,L,NULL,1.00,NULL
2024,202412,20241208,show,デグナー京都本店,4524486094958,21SJ-14K ﾚｻﾞｰｼﾞｬｹｯﾄ BK M 鉄流水雪輪,21SJ-14K,BK 鉄流,M,京都府,1.00,NULL
2024,202412,20241208,show,デグナー京都本店,4524486094965,21SJ-14K ﾚｻﾞｰｼﾞｬｹｯﾄ BK L 鉄流水雪輪,21SJ-14K,BK 鉄流,L,京都府,1.00,NULL
2024,202412,20241209,0000,いちげん,4524486093708,21SJ-14K ﾚｻﾞｰｼﾞｬｹｯﾄ BK L 桧垣桜,21SJ-14K,BK 桧垣,L,NULL,1.00,NULL
2024,202412,20241209,0000,いちげん,4524486094972,21SJ-14K ﾚｻﾞｰｼﾞｬｹｯﾄ BK XL 鉄流水雪輪,21SJ-14K,BK 鉄流,XL,NULL,1.00,NULL
2024,202412,20241209,1247,ﾗｲｺﾗﾝﾄﾞ 水戸店,4524486093654,21SJ-14K ﾚｻﾞｰｼﾞｬｹｯﾄ BK XL 風神雷神BE,21SJ-14K,BK-BE風,XL,茨城県,1.00,NAPS
2024,202412,20241209,1247,ﾗｲｺﾗﾝﾄﾞ 水戸店,4524486103254,21SJ-14K ﾚｻﾞｰｼﾞｬｹｯﾄ BK XL 雲龍,21SJ-14K,BK 雲龍,XL,茨城県,1.00,NAPS
2024,202412,20241209,9996,株式会社 ﾃﾞｸﾞﾅｰ,4524486094958,21SJ-14K ﾚｻﾞｰｼﾞｬｹｯﾄ BK M 鉄流水雪輪,21SJ-14K,BK 鉄流,M,NULL,1.00,NULL
2024,202412,20241209,9996,株式会社 ﾃﾞｸﾞﾅｰ,4524486097966,21SJ-14K ﾚｻﾞｰｼﾞｬｹｯﾄ BK LW 鉄流水雪輪,21SJ-14K,BK 鉄流,LW,NULL,1.00,NULL
2024,202412,20241209,9996,株式会社 ﾃﾞｸﾞﾅｰ,4524486106552,21SJ-14K ﾚｻﾞｰｼﾞｬｹｯﾄ RD XL 鉄流水雪輪,21SJ-14K,RD 鉄流,XL,NULL,1.00,NULL
2024,202412,20241210,0000,いちげん,4524486093708,21SJ-14K ﾚｻﾞｰｼﾞｬｹｯﾄ BK L 桧垣桜,21SJ-14K,BK 桧垣,L,NULL,1.00,NULL
2024,202412,20241210,0000,いちげん,4524486109515,21SJ-14K ﾚｻﾞｰｼﾞｬｹｯﾄ BK XLW 桧垣桜,21SJ-14K,BK 桧垣,XLW,NULL,1.00,NULL
2024,202412,20241211,1392,株式会社JTBふるさと開発事業部,4524486093678,21SJ-14K ﾚｻﾞｰｼﾞｬｹｯﾄ BK L 流水雪輪,21SJ-14K,BK 流水,L,NULL,1.00,NULL
2024,202412,20241211,1392,株式会社JTBふるさと開発事業部,4524486097973,21SJ-14K ﾚｻﾞｰｼﾞｬｹｯﾄ BK LW 桧垣桜,21SJ-14K,BK 桧垣,LW,NULL,1.00,NULL
2024,202412,20241211,show,デグナー京都本店,4524486093715,21SJ-14K ﾚｻﾞｰｼﾞｬｹｯﾄ BK XL 桧垣桜,21SJ-14K,BK 桧垣,XL,京都府,1.00,NULL
2024,202412,20241212,0000,いちげん,4524486093678,21SJ-14K ﾚｻﾞｰｼﾞｬｹｯﾄ BK L 流水雪輪,21SJ-14K,BK 流水,L,NULL,1.00,NULL
2024,202412,20241212,0000,いちげん,4524486093692,21SJ-14K ﾚｻﾞｰｼﾞｬｹｯﾄ BK M 桧垣桜,21SJ-14K,BK 桧垣,M,NULL,1.00,NULL
2024,202412,20241212,0433,南海部品 宇都宮店,4524486093685,21SJ-14K ﾚｻﾞｰｼﾞｬｹｯﾄ BK XL 流水雪輪,21SJ-14K,BK 流水,XL,栃木県,1.00,NAPS
2024,202412,20241212,0433,南海部品 宇都宮店,4524486094965,21SJ-14K ﾚｻﾞｰｼﾞｬｹｯﾄ BK L 鉄流水雪輪,21SJ-14K,BK 鉄流,L,栃木県,1.00,NAPS
2024,202412,20241212,0434,南海部品 太田店,4524486093678,21SJ-14K ﾚｻﾞｰｼﾞｬｹｯﾄ BK L 流水雪輪,21SJ-14K,BK 流水,L,群馬県,1.00,NAPS
2024,202412,20241212,0840,南海部品 鹿児島店,4524486094965,21SJ-14K ﾚｻﾞｰｼﾞｬｹｯﾄ BK L 鉄流水雪輪,21SJ-14K,BK 鉄流,L,鹿児島県,1.00,NAPS
2024,202412,20241212,1251,帝都産業 株式会社,4524486094965,21SJ-14K ﾚｻﾞｰｼﾞｬｹｯﾄ BK L 鉄流水雪輪,21SJ-14K,BK 鉄流,L,東京都,1.00,KMC南関東
2024,202412,20241212,1392,株式会社JTBふるさと開発事業部,4524486106538,21SJ-14K ﾚｻﾞｰｼﾞｬｹｯﾄ RD M 鉄流水雪輪,21SJ-14K,RD 鉄流,M,NULL,1.00,NULL
2024,202412,20241212,1392,株式会社JTBふるさと開発事業部,4524486109522,21SJ-14K ﾚｻﾞｰｼﾞｬｹｯﾄ BK XLW 流水雪輪,21SJ-14K,BK 流水,XLW,NULL,1.00,NULL
2024,202412,20241212,9996,株式会社 ﾃﾞｸﾞﾅｰ,4524486093685,21SJ-14K ﾚｻﾞｰｼﾞｬｹｯﾄ BK XL 流水雪輪,21SJ-14K,BK 流水,XL,NULL,1.00,NULL
2024,202412,20241213,0598,ﾗｲｺﾗﾝﾄﾞ TokyoBay東雲店,4524486093630,21SJ-14K ﾚｻﾞｰｼﾞｬｹｯﾄ BK M 風神雷神BE,21SJ-14K,BK-BE風,M,東京都,1.00,NAPS
2024,202412,20241213,0598,ﾗｲｺﾗﾝﾄﾞ TokyoBay東雲店,4524486103254,21SJ-14K ﾚｻﾞｰｼﾞｬｹｯﾄ BK XL 雲龍,21SJ-14K,BK 雲龍,XL,東京都,1.00,NAPS
2024,202412,20241213,0598,ﾗｲｺﾗﾝﾄﾞ TokyoBay東雲店,4524486106552,21SJ-14K ﾚｻﾞｰｼﾞｬｹｯﾄ RD XL 鉄流水雪輪,21SJ-14K,RD 鉄流,XL,東京都,1.00,NAPS
2024,202412,20241213,0598,ﾗｲｺﾗﾝﾄﾞ TokyoBay東雲店,4524486109492,21SJ-14K ﾚｻﾞｰｼﾞｬｹｯﾄ BK L 鳳凰,21SJ-14K,BK 鳳凰,L,東京都,1.00,NAPS
2024,202412,20241213,0688,南海部品株式会社,4524486093678,21SJ-14K ﾚｻﾞｰｼﾞｬｹｯﾄ BK L 流水雪輪,21SJ-14K,BK 流水,L,大阪府,1.00,卸
2024,202412,20241213,9996,株式会社 ﾃﾞｸﾞﾅｰ,4524486094972,21SJ-14K ﾚｻﾞｰｼﾞｬｹｯﾄ BK XL 鉄流水雪輪,21SJ-14K,BK 鉄流,XL,NULL,1.00,NULL
2024,202412,20241213,show,デグナー京都本店,4524486109522,21SJ-14K ﾚｻﾞｰｼﾞｬｹｯﾄ BK XLW 流水雪輪,21SJ-14K,BK 流水,XLW,京都府,1.00,NULL
2024,202412,20241214,show,デグナー京都本店,4524486093661,21SJ-14K ﾚｻﾞｰｼﾞｬｹｯﾄ BK M 流水雪輪,21SJ-14K,BK 流水,M,京都府,1.00,NULL
2024,202412,20241214,show,デグナー京都本店,4524486093678,21SJ-14K ﾚｻﾞｰｼﾞｬｹｯﾄ BK L 流水雪輪,21SJ-14K,BK 流水,L,京都府,1.00,NULL
2024,202412,20241214,show,デグナー京都本店,4524486093708,21SJ-14K ﾚｻﾞｰｼﾞｬｹｯﾄ BK L 桧垣桜,21SJ-14K,BK 桧垣,L,京都府,1.00,NULL
2024,202412,20241215,9996,株式会社 ﾃﾞｸﾞﾅｰ,4524486093647,21SJ-14K ﾚｻﾞｰｼﾞｬｹｯﾄ BK L 風神雷神BE,21SJ-14K,BK-BE風,L,NULL,1.00,NULL
2024,202412,20241215,show,デグナー京都本店,4524486093654,21SJ-14K ﾚｻﾞｰｼﾞｬｹｯﾄ BK XL 風神雷神BE,21SJ-14K,BK-BE風,XL,京都府,1.00,NULL
2024,202412,20241216,0000,いちげん,4524486093685,21SJ-14K ﾚｻﾞｰｼﾞｬｹｯﾄ BK XL 流水雪輪,21SJ-14K,BK 流水,XL,NULL,1.00,NULL
2024,202412,20241216,0000,いちげん,4524486093692,21SJ-14K ﾚｻﾞｰｼﾞｬｹｯﾄ BK M 桧垣桜,21SJ-14K,BK 桧垣,M,NULL,1.00,NULL
2024,202412,20241216,0000,いちげん,4524486093708,21SJ-14K ﾚｻﾞｰｼﾞｬｹｯﾄ BK L 桧垣桜,21SJ-14K,BK 桧垣,L,NULL,-1.00,NULL
2024,202412,20241216,1392,株式会社JTBふるさと開発事業部,4524486103247,21SJ-14K ﾚｻﾞｰｼﾞｬｹｯﾄ BK L 雲龍,21SJ-14K,BK 雲龍,L,NULL,1.00,NULL
2024,202412,20241216,1392,株式会社JTBふるさと開発事業部,4524486103254,21SJ-14K ﾚｻﾞｰｼﾞｬｹｯﾄ BK XL 雲龍,21SJ-14K,BK 雲龍,XL,NULL,1.00,NULL
2024,202412,20241217,0000,いちげん,4524486093715,21SJ-14K ﾚｻﾞｰｼﾞｬｹｯﾄ BK XL 桧垣桜,21SJ-14K,BK 桧垣,XL,NULL,1.00,NULL
2024,202412,20241219,1392,株式会社JTBふるさと開発事業部,4524486093678,21SJ-14K ﾚｻﾞｰｼﾞｬｹｯﾄ BK L 流水雪輪,21SJ-14K,BK 流水,L,NULL,1.00,NULL
2024,202412,20241219,1392,株式会社JTBふるさと開発事業部,4524486093692,21SJ-14K ﾚｻﾞｰｼﾞｬｹｯﾄ BK M 桧垣桜,21SJ-14K,BK 桧垣,M,NULL,1.00,NULL
2024,202412,20241219,1392,株式会社JTBふるさと開発事業部,4524486093692,21SJ-14K ﾚｻﾞｰｼﾞｬｹｯﾄ BK M 桧垣桜,21SJ-14K,BK 桧垣,M,NULL,1.00,NULL
2024,202412,20241219,1392,株式会社JTBふるさと開発事業部,4524486093708,21SJ-14K ﾚｻﾞｰｼﾞｬｹｯﾄ BK L 桧垣桜,21SJ-14K,BK 桧垣,L,NULL,1.00,NULL
2024,202412,20241219,1392,株式会社JTBふるさと開発事業部,4524486103230,21SJ-14K ﾚｻﾞｰｼﾞｬｹｯﾄ BK M 雲龍,21SJ-14K,BK 雲龍,M,NULL,1.00,NULL
2024,202412,20241221,show,デグナー京都本店,4524486094958,21SJ-14K ﾚｻﾞｰｼﾞｬｹｯﾄ BK M 鉄流水雪輪,21SJ-14K,BK 鉄流,M,京都府,1.00,NULL
2024,202412,20241222,9996,株式会社 ﾃﾞｸﾞﾅｰ,4524486103254,21SJ-14K ﾚｻﾞｰｼﾞｬｹｯﾄ BK XL 雲龍,21SJ-14K,BK 雲龍,XL,NULL,1.00,NULL
2024,202412,20241223,0000,いちげん,4524486093708,21SJ-14K ﾚｻﾞｰｼﾞｬｹｯﾄ BK L 桧垣桜,21SJ-14K,BK 桧垣,L,NULL,1.00,NULL
2024,202412,20241223,0000,いちげん,4524486094965,21SJ-14K ﾚｻﾞｰｼﾞｬｹｯﾄ BK L 鉄流水雪輪,21SJ-14K,BK 鉄流,L,NULL,1.00,NULL
2024,202412,20241223,1170,ﾅｯﾌﾟｽ 岡山店,4524486093715,21SJ-14K ﾚｻﾞｰｼﾞｬｹｯﾄ BK XL 桧垣桜,21SJ-14K,BK 桧垣,XL,岡山県,1.00,NAPS
2024,202412,20241223,1170,ﾅｯﾌﾟｽ 岡山店,4524486106545,21SJ-14K ﾚｻﾞｰｼﾞｬｹｯﾄ RD L 鉄流水雪輪,21SJ-14K,RD 鉄流,L,岡山県,1.00,NAPS
2024,202412,20241225,1299,ﾅｯﾌﾟｽ 東大阪店,4524486093661,21SJ-14K ﾚｻﾞｰｼﾞｬｹｯﾄ BK M 流水雪輪,21SJ-14K,BK 流水,M,大阪府,1.00,NAPS
2024,202412,20241225,9996,株式会社 ﾃﾞｸﾞﾅｰ,4524486109515,21SJ-14K ﾚｻﾞｰｼﾞｬｹｯﾄ BK XLW 桧垣桜,21SJ-14K,BK 桧垣,XLW,NULL,1.00,NULL
2024,202412,20241226,ansi,ANSIN MOTO CO.,4524486093678,21SJ-14K ﾚｻﾞｰｼﾞｬｹｯﾄ BK L 流水雪輪,21SJ-14K,BK 流水,L,台湾,2.00,NULL
2024,202412,20241226,ansi,ANSIN MOTO CO.,4524486093685,21SJ-14K ﾚｻﾞｰｼﾞｬｹｯﾄ BK XL 流水雪輪,21SJ-14K,BK 流水,XL,台湾,1.00,NULL
2024,202412,20241226,ansi,ANSIN MOTO CO.,4524486093708,21SJ-14K ﾚｻﾞｰｼﾞｬｹｯﾄ BK L 桧垣桜,21SJ-14K,BK 桧垣,L,台湾,1.00,NULL
2024,202412,20241226,ansi,ANSIN MOTO CO.,4524486093715,21SJ-14K ﾚｻﾞｰｼﾞｬｹｯﾄ BK XL 桧垣桜,21SJ-14K,BK 桧垣,XL,台湾,1.00,NULL
2024,202412,20241227,0000,いちげん,4524486106545,21SJ-14K ﾚｻﾞｰｼﾞｬｹｯﾄ RD L 鉄流水雪輪,21SJ-14K,RD 鉄流,L,NULL,1.00,NULL
2024,202412,20241227,1392,株式会社JTBふるさと開発事業部,4524486093678,21SJ-14K ﾚｻﾞｰｼﾞｬｹｯﾄ BK L 流水雪輪,21SJ-14K,BK 流水,L,NULL,1.00,NULL
2024,202412,20241227,1392,株式会社JTBふるさと開発事業部,4524486093685,21SJ-14K ﾚｻﾞｰｼﾞｬｹｯﾄ BK XL 流水雪輪,21SJ-14K,BK 流水,XL,NULL,1.00,NULL
2024,202412,20241227,1392,株式会社JTBふるさと開発事業部,4524486093685,21SJ-14K ﾚｻﾞｰｼﾞｬｹｯﾄ BK XL 流水雪輪,21SJ-14K,BK 流水,XL,NULL,1.00,NULL
2024,202412,20241227,1392,株式会社JTBふるさと開発事業部,4524486093708,21SJ-14K ﾚｻﾞｰｼﾞｬｹｯﾄ BK L 桧垣桜,21SJ-14K,BK 桧垣,L,NULL,1.00,NULL
2024,202412,20241227,1392,株式会社JTBふるさと開発事業部,4524486093708,21SJ-14K ﾚｻﾞｰｼﾞｬｹｯﾄ BK L 桧垣桜,21SJ-14K,BK 桧垣,L,NULL,1.00,NULL
2024,202412,20241227,1392,株式会社JTBふるさと開発事業部,4524486103230,21SJ-14K ﾚｻﾞｰｼﾞｬｹｯﾄ BK M 雲龍,21SJ-14K,BK 雲龍,M,NULL,1.00,NULL
2024,202412,20241227,1392,株式会社JTBふるさと開発事業部,4524486103247,21SJ-14K ﾚｻﾞｰｼﾞｬｹｯﾄ BK L 雲龍,21SJ-14K,BK 雲龍,L,NULL,1.00,NULL
2024,202412,20241227,1392,株式会社JTBふるさと開発事業部,4524486106545,21SJ-14K ﾚｻﾞｰｼﾞｬｹｯﾄ RD L 鉄流水雪輪,21SJ-14K,RD 鉄流,L,NULL,1.00,NULL
2024,202412,20241227,1445,株式会社 桜士堂,4524486093678,21SJ-14K ﾚｻﾞｰｼﾞｬｹｯﾄ BK L 流水雪輪,21SJ-14K,BK 流水,L,京都府,1.00,KMC北日本
2024,202412,20241227,1445,株式会社 桜士堂,4524486093685,21SJ-14K ﾚｻﾞｰｼﾞｬｹｯﾄ BK XL 流水雪輪,21SJ-14K,BK 流水,XL,京都府,1.00,KMC北日本
2024,202412,20241228,9996,株式会社 ﾃﾞｸﾞﾅｰ,4524486106545,21SJ-14K ﾚｻﾞｰｼﾞｬｹｯﾄ RD L 鉄流水雪輪,21SJ-14K,RD 鉄流,L,NULL,1.00,NULL
2024,202412,20241229,show,デグナー京都本店,4524486093678,21SJ-14K ﾚｻﾞｰｼﾞｬｹｯﾄ BK L 流水雪輪,21SJ-14K,BK 流水,L,京都府,1.00,NULL
2025,202501,20250102,9996,株式会社 ﾃﾞｸﾞﾅｰ,4524486093715,21SJ-14K ﾚｻﾞｰｼﾞｬｹｯﾄ BK XL 桧垣桜,21SJ-14K,BK 桧垣,XL,NULL,1.00,NULL
2025,202501,20250102,show,デグナー京都本店,4524486093630,21SJ-14K ﾚｻﾞｰｼﾞｬｹｯﾄ BK M 風神雷神BE,21SJ-14K,BK-BE風,M,京都府,1.00,NULL
2025,202501,20250102,show,デグナー京都本店,4524486093661,21SJ-14K ﾚｻﾞｰｼﾞｬｹｯﾄ BK M 流水雪輪,21SJ-14K,BK 流水,M,京都府,1.00,NULL
2025,202501,20250103,show,デグナー京都本店,4524486093692,21SJ-14K ﾚｻﾞｰｼﾞｬｹｯﾄ BK M 桧垣桜,21SJ-14K,BK 桧垣,M,京都府,1.00,NULL
2025,202501,20250104,9996,株式会社 ﾃﾞｸﾞﾅｰ,4524486103254,21SJ-14K ﾚｻﾞｰｼﾞｬｹｯﾄ BK XL 雲龍,21SJ-14K,BK 雲龍,XL,NULL,1.00,NULL
2025,202501,20250104,9996,株式会社 ﾃﾞｸﾞﾅｰ,4524486106552,21SJ-14K ﾚｻﾞｰｼﾞｬｹｯﾄ RD XL 鉄流水雪輪,21SJ-14K,RD 鉄流,XL,NULL,1.00,NULL
2025,202501,20250104,show,デグナー京都本店,4524486094972,21SJ-14K ﾚｻﾞｰｼﾞｬｹｯﾄ BK XL 鉄流水雪輪,21SJ-14K,BK 鉄流,XL,京都府,1.00,NULL
2025,202501,20250105,9996,株式会社 ﾃﾞｸﾞﾅｰ,4524486109522,21SJ-14K ﾚｻﾞｰｼﾞｬｹｯﾄ BK XLW 流水雪輪,21SJ-14K,BK 流水,XLW,NULL,1.00,NULL
2025,202501,20250106,0000,いちげん,4524486109485,21SJ-14K ﾚｻﾞｰｼﾞｬｹｯﾄ BK M 鳳凰,21SJ-14K,BK 鳳凰,M,NULL,1.00,NULL
2025,202501,20250106,0000,いちげん,4524486109515,21SJ-14K ﾚｻﾞｰｼﾞｬｹｯﾄ BK XLW 桧垣桜,21SJ-14K,BK 桧垣,XLW,NULL,1.00,NULL
2025,202501,20250106,0688,南海部品株式会社,4524486093678,21SJ-14K ﾚｻﾞｰｼﾞｬｹｯﾄ BK L 流水雪輪,21SJ-14K,BK 流水,L,大阪府,1.00,卸
2025,202501,20250106,0688,南海部品株式会社,4524486107559,21SJ-14K ﾚｻﾞｰｼﾞｬｹｯﾄ NV M 鉄流水雪輪,21SJ-14K,NV 鉄流,M,大阪府,1.00,卸
2025,202501,20250107,0168,ﾗｲｺﾗﾝﾄﾞ 柏店,4524486093708,21SJ-14K ﾚｻﾞｰｼﾞｬｹｯﾄ BK L 桧垣桜,21SJ-14K,BK 桧垣,L,千葉県,1.00,NAPS
2025,202501,20250107,0688,南海部品株式会社,4524486109522,21SJ-14K ﾚｻﾞｰｼﾞｬｹｯﾄ BK XLW 流水雪輪,21SJ-14K,BK 流水,XLW,大阪府,1.00,卸
2025,202501,20250107,0986,ﾗｲｺﾗﾝﾄﾞ 沖縄店,4524486093708,21SJ-14K ﾚｻﾞｰｼﾞｬｹｯﾄ BK L 桧垣桜,21SJ-14K,BK 桧垣,L,沖縄県,1.00,NAPS
2025,202501,20250107,0986,ﾗｲｺﾗﾝﾄﾞ 沖縄店,4524486093715,21SJ-14K ﾚｻﾞｰｼﾞｬｹｯﾄ BK XL 桧垣桜,21SJ-14K,BK 桧垣,XL,沖縄県,1.00,NAPS
2025,202501,20250107,0986,ﾗｲｺﾗﾝﾄﾞ 沖縄店,4524486103230,21SJ-14K ﾚｻﾞｰｼﾞｬｹｯﾄ BK M 雲龍,21SJ-14K,BK 雲龍,M,沖縄県,1.00,NAPS
2025,202501,20250107,0986,ﾗｲｺﾗﾝﾄﾞ 沖縄店,4524486103247,21SJ-14K ﾚｻﾞｰｼﾞｬｹｯﾄ BK L 雲龍,21SJ-14K,BK 雲龍,L,沖縄県,1.00,NAPS
2025,202501,20250107,0986,ﾗｲｺﾗﾝﾄﾞ 沖縄店,4524486103254,21SJ-14K ﾚｻﾞｰｼﾞｬｹｯﾄ BK XL 雲龍,21SJ-14K,BK 雲龍,XL,沖縄県,1.00,NAPS
2025,202501,20250107,0986,ﾗｲｺﾗﾝﾄﾞ 沖縄店,4524486109485,21SJ-14K ﾚｻﾞｰｼﾞｬｹｯﾄ BK M 鳳凰,21SJ-14K,BK 鳳凰,M,沖縄県,1.00,NAPS
2025,202501,20250108,0000,いちげん,4524486093708,21SJ-14K ﾚｻﾞｰｼﾞｬｹｯﾄ BK L 桧垣桜,21SJ-14K,BK 桧垣,L,NULL,1.00,NULL
2025,202501,20250108,0000,いちげん,4524486109508,21SJ-14K ﾚｻﾞｰｼﾞｬｹｯﾄ BK XL 鳳凰,21SJ-14K,BK 鳳凰,XL,NULL,1.00,NULL
2025,202501,20250108,1170,ﾅｯﾌﾟｽ 岡山店,4524486109492,21SJ-14K ﾚｻﾞｰｼﾞｬｹｯﾄ BK L 鳳凰,21SJ-14K,BK 鳳凰,L,岡山県,1.00,NAPS
2025,202501,20250108,1386,ﾅｯﾌﾟｽ 一宮店,4524486109492,21SJ-14K ﾚｻﾞｰｼﾞｬｹｯﾄ BK L 鳳凰,21SJ-14K,BK 鳳凰,L,愛知県,1.00,NAPS
2025,202501,20250109,0840,南海部品 鹿児島店,4524486093685,21SJ-14K ﾚｻﾞｰｼﾞｬｹｯﾄ BK XL 流水雪輪,21SJ-14K,BK 流水,XL,鹿児島県,1.00,NAPS
2025,202501,20250109,0840,南海部品 鹿児島店,4524486093708,21SJ-14K ﾚｻﾞｰｼﾞｬｹｯﾄ BK L 桧垣桜,21SJ-14K,BK 桧垣,L,鹿児島県,1.00,NAPS
2025,202501,20250109,0840,南海部品 鹿児島店,4524486093715,21SJ-14K ﾚｻﾞｰｼﾞｬｹｯﾄ BK XL 桧垣桜,21SJ-14K,BK 桧垣,XL,鹿児島県,1.00,NAPS
2025,202501,20250109,0840,南海部品 鹿児島店,4524486094965,21SJ-14K ﾚｻﾞｰｼﾞｬｹｯﾄ BK L 鉄流水雪輪,21SJ-14K,BK 鉄流,L,鹿児島県,1.00,NAPS
2025,202501,20250109,ansi,ANSIN MOTO CO.,4524486093685,21SJ-14K ﾚｻﾞｰｼﾞｬｹｯﾄ BK XL 流水雪輪,21SJ-14K,BK 流水,XL,台湾,1.00,NULL
2025,202501,20250111,show,デグナー京都本店,4524486093708,21SJ-14K ﾚｻﾞｰｼﾞｬｹｯﾄ BK L 桧垣桜,21SJ-14K,BK 桧垣,L,京都府,1.00,NULL
2025,202501,20250112,show,デグナー京都本店,4524486094958,21SJ-14K ﾚｻﾞｰｼﾞｬｹｯﾄ BK M 鉄流水雪輪,21SJ-14K,BK 鉄流,M,京都府,1.00,NULL
2025,202501,20250113,9996,株式会社 ﾃﾞｸﾞﾅｰ,4524486103230,21SJ-14K ﾚｻﾞｰｼﾞｬｹｯﾄ BK M 雲龍,21SJ-14K,BK 雲龍,M,NULL,1.00,NULL
2025,202501,20250113,9996,株式会社 ﾃﾞｸﾞﾅｰ,4524486103247,21SJ-14K ﾚｻﾞｰｼﾞｬｹｯﾄ BK L 雲龍,21SJ-14K,BK 雲龍,L,NULL,1.00,NULL
2025,202501,20250113,show,デグナー京都本店,4524486094958,21SJ-14K ﾚｻﾞｰｼﾞｬｹｯﾄ BK M 鉄流水雪輪,21SJ-14K,BK 鉄流,M,京都府,1.00,NULL
2025,202501,20250113,show,デグナー京都本店,4524486109485,21SJ-14K ﾚｻﾞｰｼﾞｬｹｯﾄ BK M 鳳凰,21SJ-14K,BK 鳳凰,M,京都府,1.00,NULL
2025,202501,20250114,0000,いちげん,4524486093661,21SJ-14K ﾚｻﾞｰｼﾞｬｹｯﾄ BK M 流水雪輪,21SJ-14K,BK 流水,M,NULL,1.00,NULL
2025,202501,20250114,0986,ﾗｲｺﾗﾝﾄﾞ 沖縄店,4524486109492,21SJ-14K ﾚｻﾞｰｼﾞｬｹｯﾄ BK L 鳳凰,21SJ-14K,BK 鳳凰,L,沖縄県,1.00,NAPS
2025,202501,20250116,1392,株式会社JTBふるさと開発事業部,4524486093678,21SJ-14K ﾚｻﾞｰｼﾞｬｹｯﾄ BK L 流水雪輪,21SJ-14K,BK 流水,L,NULL,1.00,NULL
2025,202501,20250116,1392,株式会社JTBふるさと開発事業部,4524486103247,21SJ-14K ﾚｻﾞｰｼﾞｬｹｯﾄ BK L 雲龍,21SJ-14K,BK 雲龍,L,NULL,1.00,NULL
2025,202501,20250116,1392,株式会社JTBふるさと開発事業部,4524486106545,21SJ-14K ﾚｻﾞｰｼﾞｬｹｯﾄ RD L 鉄流水雪輪,21SJ-14K,RD 鉄流,L,NULL,1.00,NULL
2025,202501,20250116,1392,株式会社JTBふるさと開発事業部,4524486106552,21SJ-14K ﾚｻﾞｰｼﾞｬｹｯﾄ RD XL 鉄流水雪輪,21SJ-14K,RD 鉄流,XL,NULL,1.00,NULL
2025,202501,20250117,0000,いちげん,4524486093630,21SJ-14K ﾚｻﾞｰｼﾞｬｹｯﾄ BK M 風神雷神BE,21SJ-14K,BK-BE風,M,NULL,1.00,NULL
2025,202501,20250117,1272,ﾅｯﾌﾟｽ 座間店,4524486093678,21SJ-14K ﾚｻﾞｰｼﾞｬｹｯﾄ BK L 流水雪輪,21SJ-14K,BK 流水,L,神奈川県,-1.00,NAPS
2025,202501,20250117,1272,ﾅｯﾌﾟｽ 座間店,4524486093692,21SJ-14K ﾚｻﾞｰｼﾞｬｹｯﾄ BK M 桧垣桜,21SJ-14K,BK 桧垣,M,神奈川県,-1.00,NAPS
2025,202501,20250117,1272,ﾅｯﾌﾟｽ 座間店,4524486093715,21SJ-14K ﾚｻﾞｰｼﾞｬｹｯﾄ BK XL 桧垣桜,21SJ-14K,BK 桧垣,XL,神奈川県,-1.00,NAPS
2025,202501,20250117,1392,株式会社JTBふるさと開発事業部,4524486106545,21SJ-14K ﾚｻﾞｰｼﾞｬｹｯﾄ RD L 鉄流水雪輪,21SJ-14K,RD 鉄流,L,NULL,1.00,NULL
2025,202501,20250118,show,デグナー京都本店,4524486093708,21SJ-14K ﾚｻﾞｰｼﾞｬｹｯﾄ BK L 桧垣桜,21SJ-14K,BK 桧垣,L,京都府,1.00,NULL
2025,202501,20250119,show,デグナー京都本店,4524486109485,21SJ-14K ﾚｻﾞｰｼﾞｬｹｯﾄ BK M 鳳凰,21SJ-14K,BK 鳳凰,M,京都府,1.00,NULL
2025,202501,20250120,0000,いちげん,4524486106545,21SJ-14K ﾚｻﾞｰｼﾞｬｹｯﾄ RD L 鉄流水雪輪,21SJ-14K,RD 鉄流,L,NULL,1.00,NULL
2025,202501,20250121,1426,株式会社 ﾋﾛﾁｰ商事,4524486093708,21SJ-14K ﾚｻﾞｰｼﾞｬｹｯﾄ BK L 桧垣桜,21SJ-14K,BK 桧垣,L,千葉県,1.00,NULL
2025,202501,20250121,1445,株式会社 桜士堂,4524486094965,21SJ-14K ﾚｻﾞｰｼﾞｬｹｯﾄ BK L 鉄流水雪輪,21SJ-14K,BK 鉄流,L,京都府,1.00,KMC北日本
2025,202501,20250121,1445,株式会社 桜士堂,4524486094972,21SJ-14K ﾚｻﾞｰｼﾞｬｹｯﾄ BK XL 鉄流水雪輪,21SJ-14K,BK 鉄流,XL,京都府,1.00,KMC北日本
2025,202501,20250121,RISI,Ridersity,4524486094965,21SJ-14K ﾚｻﾞｰｼﾞｬｹｯﾄ BK L 鉄流水雪輪,21SJ-14K,BK 鉄流,L,台湾,1.00,NULL
2025,202501,20250121,RISI,Ridersity,4524486097973,21SJ-14K ﾚｻﾞｰｼﾞｬｹｯﾄ BK LW 桧垣桜,21SJ-14K,BK 桧垣,LW,台湾,1.00,NULL
2025,202501,20250121,RISI,Ridersity,4524486109522,21SJ-14K ﾚｻﾞｰｼﾞｬｹｯﾄ BK XLW 流水雪輪,21SJ-14K,BK 流水,XLW,台湾,1.00,NULL
2025,202501,20250122,0121,ﾅｯﾌﾟｽ 新横浜店,4524486093692,21SJ-14K ﾚｻﾞｰｼﾞｬｹｯﾄ BK M 桧垣桜,21SJ-14K,BK 桧垣,M,神奈川県,-1.00,NAPS
2025,202501,20250122,0121,ﾅｯﾌﾟｽ 新横浜店,4524486093708,21SJ-14K ﾚｻﾞｰｼﾞｬｹｯﾄ BK L 桧垣桜,21SJ-14K,BK 桧垣,L,神奈川県,-1.00,NAPS
2025,202501,20250122,0121,ﾅｯﾌﾟｽ 新横浜店,4524486093715,21SJ-14K ﾚｻﾞｰｼﾞｬｹｯﾄ BK XL 桧垣桜,21SJ-14K,BK 桧垣,XL,神奈川県,-1.00,NAPS
2025,202501,20250122,0121,ﾅｯﾌﾟｽ 新横浜店,4524486097973,21SJ-14K ﾚｻﾞｰｼﾞｬｹｯﾄ BK LW 桧垣桜,21SJ-14K,BK 桧垣,LW,神奈川県,-1.00,NAPS
2025,202501,20250122,0121,ﾅｯﾌﾟｽ 新横浜店,4524486109515,21SJ-14K ﾚｻﾞｰｼﾞｬｹｯﾄ BK XLW 桧垣桜,21SJ-14K,BK 桧垣,XLW,神奈川県,-1.00,NAPS
2025,202501,20250122,1392,株式会社JTBふるさと開発事業部,4524486106552,21SJ-14K ﾚｻﾞｰｼﾞｬｹｯﾄ RD XL 鉄流水雪輪,21SJ-14K,RD 鉄流,XL,NULL,1.00,NULL
2025,202501,20250123,1247,ﾗｲｺﾗﾝﾄﾞ 水戸店,4524486094972,21SJ-14K ﾚｻﾞｰｼﾞｬｹｯﾄ BK XL 鉄流水雪輪,21SJ-14K,BK 鉄流,XL,茨城県,1.00,NAPS
2025,202501,20250123,1392,株式会社JTBふるさと開発事業部,4524486093678,21SJ-14K ﾚｻﾞｰｼﾞｬｹｯﾄ BK L 流水雪輪,21SJ-14K,BK 流水,L,NULL,1.00,NULL
2025,202501,20250123,1392,株式会社JTBふるさと開発事業部,4524486093678,21SJ-14K ﾚｻﾞｰｼﾞｬｹｯﾄ BK L 流水雪輪,21SJ-14K,BK 流水,L,NULL,1.00,NULL
2025,202501,20250123,1392,株式会社JTBふるさと開発事業部,4524486106538,21SJ-14K ﾚｻﾞｰｼﾞｬｹｯﾄ RD M 鉄流水雪輪,21SJ-14K,RD 鉄流,M,NULL,1.00,NULL
2025,202501,20250123,a278,ﾊｰﾚｰｶｽﾀﾏｰｼﾞｬﾊﾟﾝ,4524486097966,21SJ-14K ﾚｻﾞｰｼﾞｬｹｯﾄ BK LW 鉄流水雪輪,21SJ-14K,BK 鉄流,LW,広島県,1.00,KMC南関東
2025,202501,20250123,rmwc,Riding My Way Company,4524486093685,21SJ-14K ﾚｻﾞｰｼﾞｬｹｯﾄ BK XL 流水雪輪,21SJ-14K,BK 流水,XL,台湾,2.00,NULL
2025,202501,20250124,1392,株式会社JTBふるさと開発事業部,4524486093661,21SJ-14K ﾚｻﾞｰｼﾞｬｹｯﾄ BK M 流水雪輪,21SJ-14K,BK 流水,M,NULL,1.00,NULL
2025,202501,20250124,1392,株式会社JTBふるさと開発事業部,4524486093678,21SJ-14K ﾚｻﾞｰｼﾞｬｹｯﾄ BK L 流水雪輪,21SJ-14K,BK 流水,L,NULL,1.00,NULL
2025,202501,20250124,1392,株式会社JTBふるさと開発事業部,4524486093685,21SJ-14K ﾚｻﾞｰｼﾞｬｹｯﾄ BK XL 流水雪輪,21SJ-14K,BK 流水,XL,NULL,1.00,NULL
2025,202501,20250124,1392,株式会社JTBふるさと開発事業部,4524486093708,21SJ-14K ﾚｻﾞｰｼﾞｬｹｯﾄ BK L 桧垣桜,21SJ-14K,BK 桧垣,L,NULL,1.00,NULL
2025,202501,20250124,1392,株式会社JTBふるさと開発事業部,4524486093715,21SJ-14K ﾚｻﾞｰｼﾞｬｹｯﾄ BK XL 桧垣桜,21SJ-14K,BK 桧垣,XL,NULL,1.00,NULL
2025,202501,20250124,1392,株式会社JTBふるさと開発事業部,4524486103247,21SJ-14K ﾚｻﾞｰｼﾞｬｹｯﾄ BK L 雲龍,21SJ-14K,BK 雲龍,L,NULL,1.00,NULL
2025,202501,20250124,1392,株式会社JTBふるさと開発事業部,4524486103254,21SJ-14K ﾚｻﾞｰｼﾞｬｹｯﾄ BK XL 雲龍,21SJ-14K,BK 雲龍,XL,NULL,1.00,NULL
2025,202501,20250125,show,デグナー京都本店,4524486103247,21SJ-14K ﾚｻﾞｰｼﾞｬｹｯﾄ BK L 雲龍,21SJ-14K,BK 雲龍,L,京都府,1.00,NULL
2025,202501,20250127,0000,いちげん,4524486106538,21SJ-14K ﾚｻﾞｰｼﾞｬｹｯﾄ RD M 鉄流水雪輪,21SJ-14K,RD 鉄流,M,NULL,1.00,NULL
2025,202501,20250127,0598,ﾗｲｺﾗﾝﾄﾞ TokyoBay東雲店,4524486093708,21SJ-14K ﾚｻﾞｰｼﾞｬｹｯﾄ BK L 桧垣桜,21SJ-14K,BK 桧垣,L,東京都,1.00,NAPS
2025,202501,20250127,0598,ﾗｲｺﾗﾝﾄﾞ TokyoBay東雲店,4524486094965,21SJ-14K ﾚｻﾞｰｼﾞｬｹｯﾄ BK L 鉄流水雪輪,21SJ-14K,BK 鉄流,L,東京都,1.00,NAPS
2025,202501,20250127,0598,ﾗｲｺﾗﾝﾄﾞ TokyoBay東雲店,4524486097966,21SJ-14K ﾚｻﾞｰｼﾞｬｹｯﾄ BK LW 鉄流水雪輪,21SJ-14K,BK 鉄流,LW,東京都,1.00,NAPS
2025,202501,20250127,0598,ﾗｲｺﾗﾝﾄﾞ TokyoBay東雲店,4524486103247,21SJ-14K ﾚｻﾞｰｼﾞｬｹｯﾄ BK L 雲龍,21SJ-14K,BK 雲龍,L,東京都,1.00,NAPS
2025,202501,20250127,0598,ﾗｲｺﾗﾝﾄﾞ TokyoBay東雲店,4524486106538,21SJ-14K ﾚｻﾞｰｼﾞｬｹｯﾄ RD M 鉄流水雪輪,21SJ-14K,RD 鉄流,M,東京都,1.00,NAPS
2025,202501,20250127,1436,株式会社ｺﾞｯﾄﾞﾌﾞﾘﾝｸ,4524486106545,21SJ-14K ﾚｻﾞｰｼﾞｬｹｯﾄ RD L 鉄流水雪輪,21SJ-14K,RD 鉄流,L,愛知県,1.00,KMC南関東
2025,202501,20250129,0688,南海部品株式会社,4524486093661,21SJ-14K ﾚｻﾞｰｼﾞｬｹｯﾄ BK M 流水雪輪,21SJ-14K,BK 流水,M,大阪府,1.00,卸
2025,202501,20250129,0688,南海部品株式会社,4524486097959,21SJ-14K ﾚｻﾞｰｼﾞｬｹｯﾄ BK LW 流水雪輪,21SJ-14K,BK 流水,LW,大阪府,1.00,卸
2025,202501,20250129,1344,ﾗｲｺﾗﾝﾄﾞ 盛岡店,4524486093708,21SJ-14K ﾚｻﾞｰｼﾞｬｹｯﾄ BK L 桧垣桜,21SJ-14K,BK 桧垣,L,岩手県,1.00,NAPS
2025,202501,20250129,9996,株式会社 ﾃﾞｸﾞﾅｰ,4524486109515,21SJ-14K ﾚｻﾞｰｼﾞｬｹｯﾄ BK XLW 桧垣桜,21SJ-14K,BK 桧垣,XLW,NULL,1.00,NULL
2025,202501,20250130,0000,いちげん,4524486107559,21SJ-14K ﾚｻﾞｰｼﾞｬｹｯﾄ NV M 鉄流水雪輪,21SJ-14K,NV 鉄流,M,NULL,1.00,NULL
2025,202501,20250130,9996,株式会社 ﾃﾞｸﾞﾅｰ,4524486109522,21SJ-14K ﾚｻﾞｰｼﾞｬｹｯﾄ BK XLW 流水雪輪,21SJ-14K,BK 流水,XLW,NULL,1.00,NULL
2025,202501,20250131,1392,株式会社JTBふるさと開発事業部,4524486106552,21SJ-14K ﾚｻﾞｰｼﾞｬｹｯﾄ RD XL 鉄流水雪輪,21SJ-14K,RD 鉄流,XL,NULL,1.00,NULL
2025,202502,20250204,0986,ﾗｲｺﾗﾝﾄﾞ 沖縄店,4524486093715,21SJ-14K ﾚｻﾞｰｼﾞｬｹｯﾄ BK XL 桧垣桜,21SJ-14K,BK 桧垣,XL,沖縄県,1.00,NAPS
2025,202502,20250204,1392,株式会社JTBふるさと開発事業部,4524486093692,21SJ-14K ﾚｻﾞｰｼﾞｬｹｯﾄ BK M 桧垣桜,21SJ-14K,BK 桧垣,M,NULL,1.00,NULL
2025,202502,20250205,1392,株式会社JTBふるさと開発事業部,4524486093692,21SJ-14K ﾚｻﾞｰｼﾞｬｹｯﾄ BK M 桧垣桜,21SJ-14K,BK 桧垣,M,NULL,1.00,NULL
2025,202502,20250205,1392,株式会社JTBふるさと開発事業部,4524486103230,21SJ-14K ﾚｻﾞｰｼﾞｬｹｯﾄ BK M 雲龍,21SJ-14K,BK 雲龍,M,NULL,1.00,NULL
2025,202502,20250205,show,デグナー京都本店,4524486093715,21SJ-14K ﾚｻﾞｰｼﾞｬｹｯﾄ BK XL 桧垣桜,21SJ-14K,BK 桧垣,XL,京都府,1.00,NULL
2025,202502,20250206,0000,いちげん,4524486106545,21SJ-14K ﾚｻﾞｰｼﾞｬｹｯﾄ RD L 鉄流水雪輪,21SJ-14K,RD 鉄流,L,NULL,1.00,NULL
2025,202502,20250206,0000,いちげん,4524486109508,21SJ-14K ﾚｻﾞｰｼﾞｬｹｯﾄ BK XL 鳳凰,21SJ-14K,BK 鳳凰,XL,NULL,1.00,NULL
2025,202502,20250206,0574,株式会社ﾘﾊﾞｰｸﾚｲﾝ,4524486106545,21SJ-14K ﾚｻﾞｰｼﾞｬｹｯﾄ RD L 鉄流水雪輪,21SJ-14K,RD 鉄流,L,神奈川県,1.00,KMC北関東
2025,202502,20250206,0598,ﾗｲｺﾗﾝﾄﾞ TokyoBay東雲店,4524486109485,21SJ-14K ﾚｻﾞｰｼﾞｬｹｯﾄ BK M 鳳凰,21SJ-14K,BK 鳳凰,M,東京都,1.00,NAPS
2025,202502,20250206,0598,ﾗｲｺﾗﾝﾄﾞ TokyoBay東雲店,4524486109492,21SJ-14K ﾚｻﾞｰｼﾞｬｹｯﾄ BK L 鳳凰,21SJ-14K,BK 鳳凰,L,東京都,1.00,NAPS
2025,202502,20250206,0688,南海部品株式会社,4524486093685,21SJ-14K ﾚｻﾞｰｼﾞｬｹｯﾄ BK XL 流水雪輪,21SJ-14K,BK 流水,XL,大阪府,1.00,卸
2025,202502,20250206,0688,南海部品株式会社,4524486106552,21SJ-14K ﾚｻﾞｰｼﾞｬｹｯﾄ RD XL 鉄流水雪輪,21SJ-14K,RD 鉄流,XL,大阪府,1.00,卸
2025,202502,20250206,0769,株式会社 とかげや,4524486093692,21SJ-14K ﾚｻﾞｰｼﾞｬｹｯﾄ BK M 桧垣桜,21SJ-14K,BK 桧垣,M,愛媛県,1.00,NAPS
2025,202502,20250206,0840,南海部品 鹿児島店,4524486093678,21SJ-14K ﾚｻﾞｰｼﾞｬｹｯﾄ BK L 流水雪輪,21SJ-14K,BK 流水,L,鹿児島県,1.00,NAPS
2025,202502,20250206,0986,ﾗｲｺﾗﾝﾄﾞ 沖縄店,4524486109492,21SJ-14K ﾚｻﾞｰｼﾞｬｹｯﾄ BK L 鳳凰,21SJ-14K,BK 鳳凰,L,沖縄県,1.00,NAPS
2025,202502,20250206,0986,ﾗｲｺﾗﾝﾄﾞ 沖縄店,4524486109508,21SJ-14K ﾚｻﾞｰｼﾞｬｹｯﾄ BK XL 鳳凰,21SJ-14K,BK 鳳凰,XL,沖縄県,1.00,NAPS
2025,202502,20250206,1247,ﾗｲｺﾗﾝﾄﾞ 水戸店,4524486109508,21SJ-14K ﾚｻﾞｰｼﾞｬｹｯﾄ BK XL 鳳凰,21SJ-14K,BK 鳳凰,XL,茨城県,1.00,NAPS
2025,202502,20250206,1386,ﾅｯﾌﾟｽ 一宮店,4524486109508,21SJ-14K ﾚｻﾞｰｼﾞｬｹｯﾄ BK XL 鳳凰,21SJ-14K,BK 鳳凰,XL,愛知県,1.00,NAPS
2025,202502,20250206,1445,株式会社 桜士堂,4524486093685,21SJ-14K ﾚｻﾞｰｼﾞｬｹｯﾄ BK XL 流水雪輪,21SJ-14K,BK 流水,XL,京都府,3.00,KMC北日本
2025,202502,20250206,1445,株式会社 桜士堂,4524486094965,21SJ-14K ﾚｻﾞｰｼﾞｬｹｯﾄ BK L 鉄流水雪輪,21SJ-14K,BK 鉄流,L,京都府,1.00,KMC北日本
2025,202502,20250207,0000,いちげん,4524486109485,21SJ-14K ﾚｻﾞｰｼﾞｬｹｯﾄ BK M 鳳凰,21SJ-14K,BK 鳳凰,M,NULL,1.00,NULL
2025,202502,20250207,0598,ﾗｲｺﾗﾝﾄﾞ TokyoBay東雲店,4524486093630,21SJ-14K ﾚｻﾞｰｼﾞｬｹｯﾄ BK M 風神雷神BE,21SJ-14K,BK-BE風,M,東京都,1.00,NAPS
2025,202502,20250207,0598,ﾗｲｺﾗﾝﾄﾞ TokyoBay東雲店,4524486093654,21SJ-14K ﾚｻﾞｰｼﾞｬｹｯﾄ BK XL 風神雷神BE,21SJ-14K,BK-BE風,XL,東京都,1.00,NAPS
2025,202502,20250207,0598,ﾗｲｺﾗﾝﾄﾞ TokyoBay東雲店,4524486093685,21SJ-14K ﾚｻﾞｰｼﾞｬｹｯﾄ BK XL 流水雪輪,21SJ-14K,BK 流水,XL,東京都,1.00,NAPS
2025,202502,20250207,0598,ﾗｲｺﾗﾝﾄﾞ TokyoBay東雲店,4524486097959,21SJ-14K ﾚｻﾞｰｼﾞｬｹｯﾄ BK LW 流水雪輪,21SJ-14K,BK 流水,LW,東京都,1.00,NAPS
2025,202502,20250207,0598,ﾗｲｺﾗﾝﾄﾞ TokyoBay東雲店,4524486103247,21SJ-14K ﾚｻﾞｰｼﾞｬｹｯﾄ BK L 雲龍,21SJ-14K,BK 雲龍,L,東京都,1.00,NAPS
2025,202502,20250207,0598,ﾗｲｺﾗﾝﾄﾞ TokyoBay東雲店,4524486103254,21SJ-14K ﾚｻﾞｰｼﾞｬｹｯﾄ BK XL 雲龍,21SJ-14K,BK 雲龍,XL,東京都,1.00,NAPS
2025,202502,20250207,0598,ﾗｲｺﾗﾝﾄﾞ TokyoBay東雲店,4524486111488,21SJ-14K ﾚｻﾞｰｼﾞｬｹｯﾄ BK M 輝龍,21SJ-14K,BK 輝龍,M,東京都,1.00,NAPS
2025,202502,20250207,0598,ﾗｲｺﾗﾝﾄﾞ TokyoBay東雲店,4524486111495,21SJ-14K ﾚｻﾞｰｼﾞｬｹｯﾄ BK L 輝龍,21SJ-14K,BK 輝龍,L,東京都,1.00,NAPS
2025,202502,20250207,0598,ﾗｲｺﾗﾝﾄﾞ TokyoBay東雲店,4524486111501,21SJ-14K ﾚｻﾞｰｼﾞｬｹｯﾄ BK XL 輝龍,21SJ-14K,BK 輝龍,XL,東京都,1.00,NAPS
2025,202502,20250207,1392,株式会社JTBふるさと開発事業部,4524486093661,21SJ-14K ﾚｻﾞｰｼﾞｬｹｯﾄ BK M 流水雪輪,21SJ-14K,BK 流水,M,NULL,1.00,NULL
2025,202502,20250207,ansi,ANSIN MOTO CO.,4524486093661,21SJ-14K ﾚｻﾞｰｼﾞｬｹｯﾄ BK M 流水雪輪,21SJ-14K,BK 流水,M,台湾,1.00,NULL
2025,202502,20250208,9996,株式会社 ﾃﾞｸﾞﾅｰ,4524486094958,21SJ-14K ﾚｻﾞｰｼﾞｬｹｯﾄ BK M 鉄流水雪輪,21SJ-14K,BK 鉄流,M,NULL,1.00,NULL
2025,202502,20250210,1223,ﾗｲｺﾗﾝﾄﾞ CuBe札幌白石店,4524486093661,21SJ-14K ﾚｻﾞｰｼﾞｬｹｯﾄ BK M 流水雪輪,21SJ-14K,BK 流水,M,北海道,1.00,NAPS
2025,202502,20250210,1223,ﾗｲｺﾗﾝﾄﾞ CuBe札幌白石店,4524486093708,21SJ-14K ﾚｻﾞｰｼﾞｬｹｯﾄ BK L 桧垣桜,21SJ-14K,BK 桧垣,L,北海道,1.00,NAPS
2025,202502,20250210,1223,ﾗｲｺﾗﾝﾄﾞ CuBe札幌白石店,4524486097959,21SJ-14K ﾚｻﾞｰｼﾞｬｹｯﾄ BK LW 流水雪輪,21SJ-14K,BK 流水,LW,北海道,1.00,NAPS
2025,202502,20250210,1223,ﾗｲｺﾗﾝﾄﾞ CuBe札幌白石店,4524486103247,21SJ-14K ﾚｻﾞｰｼﾞｬｹｯﾄ BK L 雲龍,21SJ-14K,BK 雲龍,L,北海道,1.00,NAPS
2025,202502,20250212,0000,いちげん,4524486109485,21SJ-14K ﾚｻﾞｰｼﾞｬｹｯﾄ BK M 鳳凰,21SJ-14K,BK 鳳凰,M,NULL,1.00,NULL
2025,202502,20250212,0000,いちげん,4524486109522,21SJ-14K ﾚｻﾞｰｼﾞｬｹｯﾄ BK XLW 流水雪輪,21SJ-14K,BK 流水,XLW,NULL,1.00,NULL
2025,202502,20250212,0168,ﾗｲｺﾗﾝﾄﾞ 柏店,4524486093708,21SJ-14K ﾚｻﾞｰｼﾞｬｹｯﾄ BK L 桧垣桜,21SJ-14K,BK 桧垣,L,千葉県,1.00,NAPS
2025,202502,20250212,0986,ﾗｲｺﾗﾝﾄﾞ 沖縄店,4524486093708,21SJ-14K ﾚｻﾞｰｼﾞｬｹｯﾄ BK L 桧垣桜,21SJ-14K,BK 桧垣,L,沖縄県,1.00,NAPS
2025,202502,20250217,0000,いちげん,4524486106545,21SJ-14K ﾚｻﾞｰｼﾞｬｹｯﾄ RD L 鉄流水雪輪,21SJ-14K,RD 鉄流,L,NULL,1.00,NULL
2025,202502,20250217,0000,いちげん,4524486106552,21SJ-14K ﾚｻﾞｰｼﾞｬｹｯﾄ RD XL 鉄流水雪輪,21SJ-14K,RD 鉄流,XL,NULL,1.00,NULL
2025,202502,20250217,0113,【閉店】433 伊川谷2りんかん,4524486093708,21SJ-14K ﾚｻﾞｰｼﾞｬｹｯﾄ BK L 桧垣桜,21SJ-14K,BK 桧垣,L,兵庫県,1.00,KMC北日本
2025,202502,20250217,1386,ﾅｯﾌﾟｽ 一宮店,4524486109485,21SJ-14K ﾚｻﾞｰｼﾞｬｹｯﾄ BK M 鳳凰,21SJ-14K,BK 鳳凰,M,愛知県,1.00,NAPS
2025,202502,20250217,1392,株式会社JTBふるさと開発事業部,4524486109508,21SJ-14K ﾚｻﾞｰｼﾞｬｹｯﾄ BK XL 鳳凰,21SJ-14K,BK 鳳凰,XL,NULL,1.00,NULL
2025,202502,20250217,1392,株式会社JTBふるさと開発事業部,4524486109508,21SJ-14K ﾚｻﾞｰｼﾞｬｹｯﾄ BK XL 鳳凰,21SJ-14K,BK 鳳凰,XL,NULL,1.00,NULL
2025,202502,20250217,1392,株式会社JTBふるさと開発事業部,4524486109508,21SJ-14K ﾚｻﾞｰｼﾞｬｹｯﾄ BK XL 鳳凰,21SJ-14K,BK 鳳凰,XL,NULL,1.00,NULL
2025,202502,20250218,0000,いちげん,4524486106545,21SJ-14K ﾚｻﾞｰｼﾞｬｹｯﾄ RD L 鉄流水雪輪,21SJ-14K,RD 鉄流,L,NULL,1.00,NULL
2025,202502,20250218,0986,ﾗｲｺﾗﾝﾄﾞ 沖縄店,4524486103247,21SJ-14K ﾚｻﾞｰｼﾞｬｹｯﾄ BK L 雲龍,21SJ-14K,BK 雲龍,L,沖縄県,1.00,NAPS
2025,202502,20250218,rihk,FSM TRADING (HK) LIMITED/ Rider Shop HK,4524486093661,21SJ-14K ﾚｻﾞｰｼﾞｬｹｯﾄ BK M 流水雪輪,21SJ-14K,BK 流水,M,香港,1.00,NULL
2025,202502,20250218,rihk,FSM TRADING (HK) LIMITED/ Rider Shop HK,4524486093708,21SJ-14K ﾚｻﾞｰｼﾞｬｹｯﾄ BK L 桧垣桜,21SJ-14K,BK 桧垣,L,香港,1.00,NULL
2025,202502,20250219,9996,株式会社 ﾃﾞｸﾞﾅｰ,4524486111501,21SJ-14K ﾚｻﾞｰｼﾞｬｹｯﾄ BK XL 輝龍,21SJ-14K,BK 輝龍,XL,NULL,1.00,NULL
2025,202502,20250220,0000,いちげん,4524486106545,21SJ-14K ﾚｻﾞｰｼﾞｬｹｯﾄ RD L 鉄流水雪輪,21SJ-14K,RD 鉄流,L,NULL,-1.00,NULL
2025,202502,20250220,0000,いちげん,4524486106552,21SJ-14K ﾚｻﾞｰｼﾞｬｹｯﾄ RD XL 鉄流水雪輪,21SJ-14K,RD 鉄流,XL,NULL,1.00,NULL
2025,202502,20250220,9996,株式会社 ﾃﾞｸﾞﾅｰ,4524486093661,21SJ-14K ﾚｻﾞｰｼﾞｬｹｯﾄ BK M 流水雪輪,21SJ-14K,BK 流水,M,NULL,1.00,NULL
2025,202502,20250221,1011,株式会社 ｶﾑｲｵｰﾄ高森店,4524486093678,21SJ-14K ﾚｻﾞｰｼﾞｬｹｯﾄ BK L 流水雪輪,21SJ-14K,BK 流水,L,長野県,1.00,NAPS
2025,202502,20250221,1011,株式会社 ｶﾑｲｵｰﾄ高森店,4524486093692,21SJ-14K ﾚｻﾞｰｼﾞｬｹｯﾄ BK M 桧垣桜,21SJ-14K,BK 桧垣,M,長野県,1.00,NAPS
2025,202502,20250223,9996,株式会社 ﾃﾞｸﾞﾅｰ,4524486109485,21SJ-14K ﾚｻﾞｰｼﾞｬｹｯﾄ BK M 鳳凰,21SJ-14K,BK 鳳凰,M,NULL,1.00,NULL
2025,202502,20250223,show,デグナー京都本店,4524486107573,21SJ-14K ﾚｻﾞｰｼﾞｬｹｯﾄ NV XL 鉄流水雪輪,21SJ-14K,NV 鉄流,XL,京都府,1.00,NULL
2025,202502,20250224,show,デグナー京都本店,4524486093661,21SJ-14K ﾚｻﾞｰｼﾞｬｹｯﾄ BK M 流水雪輪,21SJ-14K,BK 流水,M,京都府,1.00,NULL
2025,202502,20250225,0000,いちげん,4524486094965,21SJ-14K ﾚｻﾞｰｼﾞｬｹｯﾄ BK L 鉄流水雪輪,21SJ-14K,BK 鉄流,L,NULL,1.00,NULL
2025,202502,20250226,0168,ﾗｲｺﾗﾝﾄﾞ 柏店,4524486106552,21SJ-14K ﾚｻﾞｰｼﾞｬｹｯﾄ RD XL 鉄流水雪輪,21SJ-14K,RD 鉄流,XL,千葉県,1.00,NAPS
2025,202502,20250227,0000,いちげん,4524486094972,21SJ-14K ﾚｻﾞｰｼﾞｬｹｯﾄ BK XL 鉄流水雪輪,21SJ-14K,BK 鉄流,XL,NULL,1.00,NULL
2025,202502,20250227,0000,いちげん,4524486107559,21SJ-14K ﾚｻﾞｰｼﾞｬｹｯﾄ NV M 鉄流水雪輪,21SJ-14K,NV 鉄流,M,NULL,1.00,NULL
2025,202502,20250227,1392,株式会社JTBふるさと開発事業部,4524486103247,21SJ-14K ﾚｻﾞｰｼﾞｬｹｯﾄ BK L 雲龍,21SJ-14K,BK 雲龍,L,NULL,1.00,NULL
2025,202502,20250227,1392,株式会社JTBふるさと開発事業部,4524486109515,21SJ-14K ﾚｻﾞｰｼﾞｬｹｯﾄ BK XLW 桧垣桜,21SJ-14K,BK 桧垣,XLW,NULL,1.00,NULL
2025,202502,20250227,1445,株式会社 桜士堂,4524486094958,21SJ-14K ﾚｻﾞｰｼﾞｬｹｯﾄ BK M 鉄流水雪輪,21SJ-14K,BK 鉄流,M,京都府,1.00,KMC北日本
2025,202502,20250227,1445,株式会社 桜士堂,4524486094965,21SJ-14K ﾚｻﾞｰｼﾞｬｹｯﾄ BK L 鉄流水雪輪,21SJ-14K,BK 鉄流,L,京都府,2.00,KMC北日本
2025,202502,20250227,1445,株式会社 桜士堂,4524486094972,21SJ-14K ﾚｻﾞｰｼﾞｬｹｯﾄ BK XL 鉄流水雪輪,21SJ-14K,BK 鉄流,XL,京都府,1.00,KMC北日本
2025,202502,20250228,9996,株式会社 ﾃﾞｸﾞﾅｰ,4524486094965,21SJ-14K ﾚｻﾞｰｼﾞｬｹｯﾄ BK L 鉄流水雪輪,21SJ-14K,BK 鉄流,L,NULL,1.00,NULL
2025,202503,20250301,show,デグナー京都本店,4524486093661,21SJ-14K ﾚｻﾞｰｼﾞｬｹｯﾄ BK M 流水雪輪,21SJ-14K,BK 流水,M,京都府,1.00,NULL
2025,202503,20250301,show,デグナー京都本店,4524486093715,21SJ-14K ﾚｻﾞｰｼﾞｬｹｯﾄ BK XL 桧垣桜,21SJ-14K,BK 桧垣,XL,京都府,1.00,NULL
2025,202503,20250301,show,デグナー京都本店,4524486111495,21SJ-14K ﾚｻﾞｰｼﾞｬｹｯﾄ BK L 輝龍,21SJ-14K,BK 輝龍,L,京都府,1.00,NULL
2025,202503,20250303,0168,ﾗｲｺﾗﾝﾄﾞ 柏店,4524486103254,21SJ-14K ﾚｻﾞｰｼﾞｬｹｯﾄ BK XL 雲龍,21SJ-14K,BK 雲龍,XL,千葉県,1.00,NAPS
2025,202503,20250303,0239,株式会社 ｻｲｸﾙﾜｰﾙﾄﾞ神戸本店,4524486093647,21SJ-14K ﾚｻﾞｰｼﾞｬｹｯﾄ BK L 風神雷神BE,21SJ-14K,BK-BE風,L,兵庫県,1.00,KMC北関東
2025,202503,20250306,9996,株式会社 ﾃﾞｸﾞﾅｰ,4524486093708,21SJ-14K ﾚｻﾞｰｼﾞｬｹｯﾄ BK L 桧垣桜,21SJ-14K,BK 桧垣,L,NULL,1.00,NULL
2025,202503,20250307,0000,いちげん,4524486106552,21SJ-14K ﾚｻﾞｰｼﾞｬｹｯﾄ RD XL 鉄流水雪輪,21SJ-14K,RD 鉄流,XL,NULL,1.00,NULL
2025,202503,20250307,rihk,FSM TRADING (HK) LIMITED/ Rider Shop HK,4524486107566,21SJ-14K ﾚｻﾞｰｼﾞｬｹｯﾄ NV L 鉄流水雪輪,21SJ-14K,NV 鉄流,L,香港,1.00,NULL
2025,202503,20250307,rihk,FSM TRADING (HK) LIMITED/ Rider Shop HK,4524486109485,21SJ-14K ﾚｻﾞｰｼﾞｬｹｯﾄ BK M 鳳凰,21SJ-14K,BK 鳳凰,M,香港,1.00,NULL
2025,202503,20250308,show,デグナー京都本店,4524486094965,21SJ-14K ﾚｻﾞｰｼﾞｬｹｯﾄ BK L 鉄流水雪輪,21SJ-14K,BK 鉄流,L,京都府,1.00,NULL
2025,202503,20250310,0598,ﾗｲｺﾗﾝﾄﾞ TokyoBay東雲店,4524486109492,21SJ-14K ﾚｻﾞｰｼﾞｬｹｯﾄ BK L 鳳凰,21SJ-14K,BK 鳳凰,L,東京都,1.00,NAPS
2025,202503,20250310,show,デグナー京都本店,4524486103254,21SJ-14K ﾚｻﾞｰｼﾞｬｹｯﾄ BK XL 雲龍,21SJ-14K,BK 雲龍,XL,京都府,1.00,NULL
2025,202503,20250311,0000,いちげん,4524486109515,21SJ-14K ﾚｻﾞｰｼﾞｬｹｯﾄ BK XLW 桧垣桜,21SJ-14K,BK 桧垣,XLW,NULL,1.00,NULL
2025,202503,20250312,0000,いちげん,4524486093715,21SJ-14K ﾚｻﾞｰｼﾞｬｹｯﾄ BK XL 桧垣桜,21SJ-14K,BK 桧垣,XL,NULL,1.00,NULL
2025,202503,20250312,0000,いちげん,4524486094972,21SJ-14K ﾚｻﾞｰｼﾞｬｹｯﾄ BK XL 鉄流水雪輪,21SJ-14K,BK 鉄流,XL,NULL,1.00,NULL
2025,202503,20250312,9996,株式会社 ﾃﾞｸﾞﾅｰ,4524486093647,21SJ-14K ﾚｻﾞｰｼﾞｬｹｯﾄ BK L 風神雷神BE,21SJ-14K,BK-BE風,L,NULL,1.00,NULL
2025,202503,20250314,0000,いちげん,4524486093715,21SJ-14K ﾚｻﾞｰｼﾞｬｹｯﾄ BK XL 桧垣桜,21SJ-14K,BK 桧垣,XL,NULL,1.00,NULL
2025,202503,20250314,0000,いちげん,4524486107573,21SJ-14K ﾚｻﾞｰｼﾞｬｹｯﾄ NV XL 鉄流水雪輪,21SJ-14K,NV 鉄流,XL,NULL,1.00,NULL
2025,202503,20250314,1273,ﾗｲｺﾗﾝﾄﾞ 小倉店,4524486111495,21SJ-14K ﾚｻﾞｰｼﾞｬｹｯﾄ BK L 輝龍,21SJ-14K,BK 輝龍,L,福岡県,1.00,NAPS
2025,202503,20250314,1273,ﾗｲｺﾗﾝﾄﾞ 小倉店,4524486111501,21SJ-14K ﾚｻﾞｰｼﾞｬｹｯﾄ BK XL 輝龍,21SJ-14K,BK 輝龍,XL,福岡県,1.00,NAPS
2025,202503,20250315,9996,株式会社 ﾃﾞｸﾞﾅｰ,4524486093630,21SJ-14K ﾚｻﾞｰｼﾞｬｹｯﾄ BK M 風神雷神BE,21SJ-14K,BK-BE風,M,NULL,1.00,NULL
2025,202503,20250315,9996,株式会社 ﾃﾞｸﾞﾅｰ,4524486094965,21SJ-14K ﾚｻﾞｰｼﾞｬｹｯﾄ BK L 鉄流水雪輪,21SJ-14K,BK 鉄流,L,NULL,1.00,NULL
2025,202503,20250315,show,デグナー京都本店,4524486111495,21SJ-14K ﾚｻﾞｰｼﾞｬｹｯﾄ BK L 輝龍,21SJ-14K,BK 輝龍,L,京都府,1.00,NULL
2025,202503,20250316,show,デグナー京都本店,4524486103230,21SJ-14K ﾚｻﾞｰｼﾞｬｹｯﾄ BK M 雲龍,21SJ-14K,BK 雲龍,M,京都府,1.00,NULL
2025,202503,20250317,0000,いちげん,4524486106538,21SJ-14K ﾚｻﾞｰｼﾞｬｹｯﾄ RD M 鉄流水雪輪,21SJ-14K,RD 鉄流,M,NULL,1.00,NULL
2025,202503,20250317,1017,株式会社 ﾊﾞｲｸﾜｰﾙﾄﾞりんくうｼｰｸﾙ店,4524486093685,21SJ-14K ﾚｻﾞｰｼﾞｬｹｯﾄ BK XL 流水雪輪,21SJ-14K,BK 流水,XL,大阪府,1.00,NAPS
2025,202503,20250317,1392,株式会社JTBふるさと開発事業部,4524486109515,21SJ-14K ﾚｻﾞｰｼﾞｬｹｯﾄ BK XLW 桧垣桜,21SJ-14K,BK 桧垣,XLW,NULL,1.00,NULL
2025,202503,20250317,9996,株式会社 ﾃﾞｸﾞﾅｰ,4524486109515,21SJ-14K ﾚｻﾞｰｼﾞｬｹｯﾄ BK XLW 桧垣桜,21SJ-14K,BK 桧垣,XLW,NULL,1.00,NULL
2025,202503,20250318,0000,いちげん,4524486094965,21SJ-14K ﾚｻﾞｰｼﾞｬｹｯﾄ BK L 鉄流水雪輪,21SJ-14K,BK 鉄流,L,NULL,1.00,NULL
2025,202503,20250318,0000,いちげん,4524486094972,21SJ-14K ﾚｻﾞｰｼﾞｬｹｯﾄ BK XL 鉄流水雪輪,21SJ-14K,BK 鉄流,XL,NULL,-1.00,NULL
2025,202503,20250318,0168,ﾗｲｺﾗﾝﾄﾞ 柏店,4524486103247,21SJ-14K ﾚｻﾞｰｼﾞｬｹｯﾄ BK L 雲龍,21SJ-14K,BK 雲龍,L,千葉県,1.00,NAPS
2025,202503,20250318,0574,株式会社ﾘﾊﾞｰｸﾚｲﾝ,4524486093708,21SJ-14K ﾚｻﾞｰｼﾞｬｹｯﾄ BK L 桧垣桜,21SJ-14K,BK 桧垣,L,神奈川県,1.00,KMC北関東
2025,202503,20250318,1067,株式会社 ﾓﾉﾀﾞｲﾚｸﾄ,4524486097966,21SJ-14K ﾚｻﾞｰｼﾞｬｹｯﾄ BK LW 鉄流水雪輪,21SJ-14K,BK 鉄流,LW,神奈川県,1.00,KMC北関東
2025,202503,20250318,ansi,ANSIN MOTO CO.,4524486094965,21SJ-14K ﾚｻﾞｰｼﾞｬｹｯﾄ BK L 鉄流水雪輪,21SJ-14K,BK 鉄流,L,台湾,1.00,NULL
2025,202503,20250319,0000,いちげん,4524486093715,21SJ-14K ﾚｻﾞｰｼﾞｬｹｯﾄ BK XL 桧垣桜,21SJ-14K,BK 桧垣,XL,NULL,-1.00,NULL
2025,202503,20250319,0000,いちげん,4524486109515,21SJ-14K ﾚｻﾞｰｼﾞｬｹｯﾄ BK XLW 桧垣桜,21SJ-14K,BK 桧垣,XLW,NULL,1.00,NULL
2025,202503,20250319,1251,帝都産業 株式会社,4524486093715,21SJ-14K ﾚｻﾞｰｼﾞｬｹｯﾄ BK XL 桧垣桜,21SJ-14K,BK 桧垣,XL,東京都,1.00,KMC南関東
2025,202503,20250320,9996,株式会社 ﾃﾞｸﾞﾅｰ,4524486093708,21SJ-14K ﾚｻﾞｰｼﾞｬｹｯﾄ BK L 桧垣桜,21SJ-14K,BK 桧垣,L,NULL,1.00,NULL
2025,202503,20250321,0000,いちげん,4524486094972,21SJ-14K ﾚｻﾞｰｼﾞｬｹｯﾄ BK XL 鉄流水雪輪,21SJ-14K,BK 鉄流,XL,NULL,1.00,NULL
2025,202503,20250322,show,デグナー京都本店,4524486097973,21SJ-14K ﾚｻﾞｰｼﾞｬｹｯﾄ BK LW 桧垣桜,21SJ-14K,BK 桧垣,LW,京都府,1.00,NULL
2025,202503,20250323,9996,株式会社 ﾃﾞｸﾞﾅｰ,4524486109485,21SJ-14K ﾚｻﾞｰｼﾞｬｹｯﾄ BK M 鳳凰,21SJ-14K,BK 鳳凰,M,NULL,1.00,NULL
2025,202503,20250323,9996,株式会社 ﾃﾞｸﾞﾅｰ,4524486111495,21SJ-14K ﾚｻﾞｰｼﾞｬｹｯﾄ BK L 輝龍,21SJ-14K,BK 輝龍,L,NULL,1.00,NULL
2025,202503,20250326,0000,いちげん,4524486107559,21SJ-14K ﾚｻﾞｰｼﾞｬｹｯﾄ NV M 鉄流水雪輪,21SJ-14K,NV 鉄流,M,NULL,1.00,NULL
2025,202503,20250326,0598,ﾗｲｺﾗﾝﾄﾞ TokyoBay東雲店,4524486093678,21SJ-14K ﾚｻﾞｰｼﾞｬｹｯﾄ BK L 流水雪輪,21SJ-14K,BK 流水,L,東京都,1.00,NAPS
2025,202503,20250326,0688,南海部品株式会社,4524486093678,21SJ-14K ﾚｻﾞｰｼﾞｬｹｯﾄ BK L 流水雪輪,21SJ-14K,BK 流水,L,大阪府,1.00,卸
2025,202503,20250326,0986,ﾗｲｺﾗﾝﾄﾞ 沖縄店,4524486093692,21SJ-14K ﾚｻﾞｰｼﾞｬｹｯﾄ BK M 桧垣桜,21SJ-14K,BK 桧垣,M,沖縄県,1.00,NAPS
2025,202503,20250326,show,デグナー京都本店,4524486109485,21SJ-14K ﾚｻﾞｰｼﾞｬｹｯﾄ BK M 鳳凰,21SJ-14K,BK 鳳凰,M,京都府,1.00,NULL
2025,202503,20250327,0168,ﾗｲｺﾗﾝﾄﾞ 柏店,4524486093692,21SJ-14K ﾚｻﾞｰｼﾞｬｹｯﾄ BK M 桧垣桜,21SJ-14K,BK 桧垣,M,千葉県,1.00,NAPS
2025,202503,20250327,0598,ﾗｲｺﾗﾝﾄﾞ TokyoBay東雲店,4524486093685,21SJ-14K ﾚｻﾞｰｼﾞｬｹｯﾄ BK XL 流水雪輪,21SJ-14K,BK 流水,XL,東京都,2.00,NAPS
2025,202503,20250327,0598,ﾗｲｺﾗﾝﾄﾞ TokyoBay東雲店,4524486093708,21SJ-14K ﾚｻﾞｰｼﾞｬｹｯﾄ BK L 桧垣桜,21SJ-14K,BK 桧垣,L,東京都,1.00,NAPS
2025,202503,20250327,0598,ﾗｲｺﾗﾝﾄﾞ TokyoBay東雲店,4524486093715,21SJ-14K ﾚｻﾞｰｼﾞｬｹｯﾄ BK XL 桧垣桜,21SJ-14K,BK 桧垣,XL,東京都,1.00,NAPS
2025,202503,20250327,0598,ﾗｲｺﾗﾝﾄﾞ TokyoBay東雲店,4524486103247,21SJ-14K ﾚｻﾞｰｼﾞｬｹｯﾄ BK L 雲龍,21SJ-14K,BK 雲龍,L,東京都,1.00,NAPS
2025,202503,20250327,0598,ﾗｲｺﾗﾝﾄﾞ TokyoBay東雲店,4524486103254,21SJ-14K ﾚｻﾞｰｼﾞｬｹｯﾄ BK XL 雲龍,21SJ-14K,BK 雲龍,XL,東京都,1.00,NAPS
2025,202503,20250327,0598,ﾗｲｺﾗﾝﾄﾞ TokyoBay東雲店,4524486106552,21SJ-14K ﾚｻﾞｰｼﾞｬｹｯﾄ RD XL 鉄流水雪輪,21SJ-14K,RD 鉄流,XL,東京都,1.00,NAPS
2025,202503,20250327,0598,ﾗｲｺﾗﾝﾄﾞ TokyoBay東雲店,4524486109492,21SJ-14K ﾚｻﾞｰｼﾞｬｹｯﾄ BK L 鳳凰,21SJ-14K,BK 鳳凰,L,東京都,1.00,NAPS
2025,202503,20250327,0598,ﾗｲｺﾗﾝﾄﾞ TokyoBay東雲店,4524486109508,21SJ-14K ﾚｻﾞｰｼﾞｬｹｯﾄ BK XL 鳳凰,21SJ-14K,BK 鳳凰,XL,東京都,2.00,NAPS
2025,202503,20250327,0598,ﾗｲｺﾗﾝﾄﾞ TokyoBay東雲店,4524486109508,21SJ-14K ﾚｻﾞｰｼﾞｬｹｯﾄ BK XL 鳳凰,21SJ-14K,BK 鳳凰,XL,東京都,1.00,NAPS
2025,202503,20250327,0653,株式会社 光輝 南海部品仙台店,4524486109492,21SJ-14K ﾚｻﾞｰｼﾞｬｹｯﾄ BK L 鳳凰,21SJ-14K,BK 鳳凰,L,宮城県,1.00,NAPS
2025,202503,20250327,1170,ﾅｯﾌﾟｽ 岡山店,4524486106545,21SJ-14K ﾚｻﾞｰｼﾞｬｹｯﾄ RD L 鉄流水雪輪,21SJ-14K,RD 鉄流,L,岡山県,1.00,NAPS
2025,202503,20250327,1223,ﾗｲｺﾗﾝﾄﾞ CuBe札幌白石店,4524486109492,21SJ-14K ﾚｻﾞｰｼﾞｬｹｯﾄ BK L 鳳凰,21SJ-14K,BK 鳳凰,L,北海道,1.00,NAPS
2025,202503,20250327,1445,株式会社 桜士堂,4524486093678,21SJ-14K ﾚｻﾞｰｼﾞｬｹｯﾄ BK L 流水雪輪,21SJ-14K,BK 流水,L,京都府,1.00,KMC北日本
2025,202503,20250327,1445,株式会社 桜士堂,4524486093678,21SJ-14K ﾚｻﾞｰｼﾞｬｹｯﾄ BK L 流水雪輪,21SJ-14K,BK 流水,L,京都府,2.00,KMC北日本
2025,202503,20250327,rihk,FSM TRADING (HK) LIMITED/ Rider Shop HK,4524486093692,21SJ-14K ﾚｻﾞｰｼﾞｬｹｯﾄ BK M 桧垣桜,21SJ-14K,BK 桧垣,M,香港,1.00,NULL
2025,202503,20250327,rihk,FSM TRADING (HK) LIMITED/ Rider Shop HK,4524486093708,21SJ-14K ﾚｻﾞｰｼﾞｬｹｯﾄ BK L 桧垣桜,21SJ-14K,BK 桧垣,L,香港,1.00,NULL
2025,202503,20250327,rihk,FSM TRADING (HK) LIMITED/ Rider Shop HK,4524486094972,21SJ-14K ﾚｻﾞｰｼﾞｬｹｯﾄ BK XL 鉄流水雪輪,21SJ-14K,BK 鉄流,XL,香港,1.00,NULL
2025,202503,20250330,9996,株式会社 ﾃﾞｸﾞﾅｰ,4524486093708,21SJ-14K ﾚｻﾞｰｼﾞｬｹｯﾄ BK L 桧垣桜,21SJ-14K,BK 桧垣,L,NULL,1.00,NULL
2025,202503,20250331,0000,いちげん,4524486106538,21SJ-14K ﾚｻﾞｰｼﾞｬｹｯﾄ RD M 鉄流水雪輪,21SJ-14K,RD 鉄流,M,NULL,1.00,NULL
2025,202504,20250401,0000,いちげん,4524486109485,21SJ-14K ﾚｻﾞｰｼﾞｬｹｯﾄ BK M 鳳凰,21SJ-14K,BK 鳳凰,M,NULL,1.00,NULL
2025,202504,20250401,1392,株式会社JTBふるさと開発事業部,4524486093692,21SJ-14K ﾚｻﾞｰｼﾞｬｹｯﾄ BK M 桧垣桜,21SJ-14K,BK 桧垣,M,NULL,1.00,NULL
2025,202504,20250401,1392,株式会社JTBふるさと開発事業部,4524486109508,21SJ-14K ﾚｻﾞｰｼﾞｬｹｯﾄ BK XL 鳳凰,21SJ-14K,BK 鳳凰,XL,NULL,1.00,NULL
2025,202504,20250402,0000,いちげん,4524486106545,21SJ-14K ﾚｻﾞｰｼﾞｬｹｯﾄ RD L 鉄流水雪輪,21SJ-14K,RD 鉄流,L,NULL,1.00,NULL
2025,202504,20250402,0840,南海部品 鹿児島店,4524486109515,21SJ-14K ﾚｻﾞｰｼﾞｬｹｯﾄ BK XLW 桧垣桜,21SJ-14K,BK 桧垣,XLW,鹿児島県,1.00,NAPS
2025,202504,20250402,0986,ﾗｲｺﾗﾝﾄﾞ 沖縄店,4524486103247,21SJ-14K ﾚｻﾞｰｼﾞｬｹｯﾄ BK L 雲龍,21SJ-14K,BK 雲龍,L,沖縄県,1.00,NAPS
2025,202504,20250402,9996,株式会社 ﾃﾞｸﾞﾅｰ,4524486097973,21SJ-14K ﾚｻﾞｰｼﾞｬｹｯﾄ BK LW 桧垣桜,21SJ-14K,BK 桧垣,LW,NULL,1.00,NULL
2025,202504,20250404,EVNT,販売店様ｲﾍﾞﾝﾄ,4524486093647,21SJ-14K ﾚｻﾞｰｼﾞｬｹｯﾄ BK L 風神雷神BE,21SJ-14K,BK-BE風,L,NULL,1.00,NULL
2025,202504,20250404,EVNT,販売店様ｲﾍﾞﾝﾄ,4524486103247,21SJ-14K ﾚｻﾞｰｼﾞｬｹｯﾄ BK L 雲龍,21SJ-14K,BK 雲龍,L,NULL,1.00,NULL
2025,202504,20250405,EVNT,販売店様ｲﾍﾞﾝﾄ,4524486093661,21SJ-14K ﾚｻﾞｰｼﾞｬｹｯﾄ BK M 流水雪輪,21SJ-14K,BK 流水,M,NULL,1.00,NULL
2025,202504,20250405,EVNT,販売店様ｲﾍﾞﾝﾄ,4524486109515,21SJ-14K ﾚｻﾞｰｼﾞｬｹｯﾄ BK XLW 桧垣桜,21SJ-14K,BK 桧垣,XLW,NULL,1.00,NULL
2025,202504,20250405,show,デグナー京都本店,4524486093708,21SJ-14K ﾚｻﾞｰｼﾞｬｹｯﾄ BK L 桧垣桜,21SJ-14K,BK 桧垣,L,京都府,1.00,NULL
2025,202504,20250405,show,デグナー京都本店,4524486109492,21SJ-14K ﾚｻﾞｰｼﾞｬｹｯﾄ BK L 鳳凰,21SJ-14K,BK 鳳凰,L,京都府,1.00,NULL
2025,202504,20250406,EVNT,販売店様ｲﾍﾞﾝﾄ,4524486111488,21SJ-14K ﾚｻﾞｰｼﾞｬｹｯﾄ BK M 輝龍,21SJ-14K,BK 輝龍,M,NULL,1.00,NULL
2025,202504,20250407,show,デグナー京都本店,4524486106545,21SJ-14K ﾚｻﾞｰｼﾞｬｹｯﾄ RD L 鉄流水雪輪,21SJ-14K,RD 鉄流,L,京都府,1.00,NULL
2025,202504,20250407,show,デグナー京都本店,4524486109515,21SJ-14K ﾚｻﾞｰｼﾞｬｹｯﾄ BK XLW 桧垣桜,21SJ-14K,BK 桧垣,XLW,京都府,1.00,NULL
2025,202504,20250408,0000,いちげん,4524486093647,21SJ-14K ﾚｻﾞｰｼﾞｬｹｯﾄ BK L 風神雷神BE,21SJ-14K,BK-BE風,L,NULL,1.00,NULL
2025,202504,20250408,0000,いちげん,4524486097959,21SJ-14K ﾚｻﾞｰｼﾞｬｹｯﾄ BK LW 流水雪輪,21SJ-14K,BK 流水,LW,NULL,1.00,NULL
2025,202504,20250409,0000,いちげん,4524486093715,21SJ-14K ﾚｻﾞｰｼﾞｬｹｯﾄ BK XL 桧垣桜,21SJ-14K,BK 桧垣,XL,NULL,1.00,NULL
2025,202504,20250409,0000,いちげん,4524486093715,21SJ-14K ﾚｻﾞｰｼﾞｬｹｯﾄ BK XL 桧垣桜,21SJ-14K,BK 桧垣,XL,NULL,1.00,NULL
2025,202504,20250409,1392,株式会社JTBふるさと開発事業部,4524486109492,21SJ-14K ﾚｻﾞｰｼﾞｬｹｯﾄ BK L 鳳凰,21SJ-14K,BK 鳳凰,L,NULL,1.00,NULL
2025,202504,20250409,rmwc,Riding My Way Company,4524486093678,21SJ-14K ﾚｻﾞｰｼﾞｬｹｯﾄ BK L 流水雪輪,21SJ-14K,BK 流水,L,台湾,3.00,NULL
2025,202504,20250409,rmwc,Riding My Way Company,4524486093685,21SJ-14K ﾚｻﾞｰｼﾞｬｹｯﾄ BK XL 流水雪輪,21SJ-14K,BK 流水,XL,台湾,1.00,NULL
2025,202504,20250409,rmwc,Riding My Way Company,4524486097959,21SJ-14K ﾚｻﾞｰｼﾞｬｹｯﾄ BK LW 流水雪輪,21SJ-14K,BK 流水,LW,台湾,1.00,NULL
2025,202504,20250410,0239,株式会社 ｻｲｸﾙﾜｰﾙﾄﾞ神戸本店,4524486093647,21SJ-14K ﾚｻﾞｰｼﾞｬｹｯﾄ BK L 風神雷神BE,21SJ-14K,BK-BE風,L,兵庫県,1.00,KMC北関東
2025,202504,20250410,1017,株式会社 ﾊﾞｲｸﾜｰﾙﾄﾞりんくうｼｰｸﾙ店,4524486097973,21SJ-14K ﾚｻﾞｰｼﾞｬｹｯﾄ BK LW 桧垣桜,21SJ-14K,BK 桧垣,LW,大阪府,1.00,NAPS
2025,202504,20250410,1017,株式会社 ﾊﾞｲｸﾜｰﾙﾄﾞりんくうｼｰｸﾙ店,4524486103247,21SJ-14K ﾚｻﾞｰｼﾞｬｹｯﾄ BK L 雲龍,21SJ-14K,BK 雲龍,L,大阪府,1.00,NAPS
2025,202504,20250410,ansi,ANSIN MOTO CO.,4524486106552,21SJ-14K ﾚｻﾞｰｼﾞｬｹｯﾄ RD XL 鉄流水雪輪,21SJ-14K,RD 鉄流,XL,台湾,1.00,NULL
2025,202504,20250411,0000,いちげん,4524486097959,21SJ-14K ﾚｻﾞｰｼﾞｬｹｯﾄ BK LW 流水雪輪,21SJ-14K,BK 流水,LW,NULL,1.00,NULL
2025,202504,20250412,9996,株式会社 ﾃﾞｸﾞﾅｰ,4524486103247,21SJ-14K ﾚｻﾞｰｼﾞｬｹｯﾄ BK L 雲龍,21SJ-14K,BK 雲龍,L,NULL,1.00,NULL
2025,202504,20250414,0688,南海部品株式会社,4524486093685,21SJ-14K ﾚｻﾞｰｼﾞｬｹｯﾄ BK XL 流水雪輪,21SJ-14K,BK 流水,XL,大阪府,1.00,卸
2025,202504,20250415,0747,ﾅｯﾌﾟｽ 広島店,4524486093715,21SJ-14K ﾚｻﾞｰｼﾞｬｹｯﾄ BK XL 桧垣桜,21SJ-14K,BK 桧垣,XL,広島県,1.00,NAPS
2025,202504,20250416,0000,いちげん,4524486107566,21SJ-14K ﾚｻﾞｰｼﾞｬｹｯﾄ NV L 鉄流水雪輪,21SJ-14K,NV 鉄流,L,NULL,1.00,NULL
2025,202504,20250417,0433,南海部品 宇都宮店,4524486093685,21SJ-14K ﾚｻﾞｰｼﾞｬｹｯﾄ BK XL 流水雪輪,21SJ-14K,BK 流水,XL,栃木県,1.00,NAPS
2025,202504,20250418,0000,いちげん,4524486103247,21SJ-14K ﾚｻﾞｰｼﾞｬｹｯﾄ BK L 雲龍,21SJ-14K,BK 雲龍,L,NULL,1.00,NULL
2025,202504,20250418,1392,株式会社JTBふるさと開発事業部,4524486106545,21SJ-14K ﾚｻﾞｰｼﾞｬｹｯﾄ RD L 鉄流水雪輪,21SJ-14K,RD 鉄流,L,NULL,1.00,NULL
2025,202504,20250418,9996,株式会社 ﾃﾞｸﾞﾅｰ,4524486107559,21SJ-14K ﾚｻﾞｰｼﾞｬｹｯﾄ NV M 鉄流水雪輪,21SJ-14K,NV 鉄流,M,NULL,1.00,NULL
2025,202504,20250419,show,デグナー京都本店,4524486103230,21SJ-14K ﾚｻﾞｰｼﾞｬｹｯﾄ BK M 雲龍,21SJ-14K,BK 雲龍,M,京都府,1.00,NULL
2025,202504,20250419,show,デグナー京都本店,4524486103254,21SJ-14K ﾚｻﾞｰｼﾞｬｹｯﾄ BK XL 雲龍,21SJ-14K,BK 雲龍,XL,京都府,1.00,NULL
2025,202504,20250419,show,デグナー京都本店,4524486106552,21SJ-14K ﾚｻﾞｰｼﾞｬｹｯﾄ RD XL 鉄流水雪輪,21SJ-14K,RD 鉄流,XL,京都府,1.00,NULL
2025,202504,20250422,0598,ﾗｲｺﾗﾝﾄﾞ TokyoBay東雲店,4524486103247,21SJ-14K ﾚｻﾞｰｼﾞｬｹｯﾄ BK L 雲龍,21SJ-14K,BK 雲龍,L,東京都,1.00,NAPS
2025,202504,20250422,0598,ﾗｲｺﾗﾝﾄﾞ TokyoBay東雲店,4524486106552,21SJ-14K ﾚｻﾞｰｼﾞｬｹｯﾄ RD XL 鉄流水雪輪,21SJ-14K,RD 鉄流,XL,東京都,1.00,NAPS
2025,202504,20250422,0688,南海部品株式会社,4524486093685,21SJ-14K ﾚｻﾞｰｼﾞｬｹｯﾄ BK XL 流水雪輪,21SJ-14K,BK 流水,XL,大阪府,1.00,卸
2025,202504,20250423,0000,いちげん,4524486093708,21SJ-14K ﾚｻﾞｰｼﾞｬｹｯﾄ BK L 桧垣桜,21SJ-14K,BK 桧垣,L,NULL,1.00,NULL
2025,202504,20250423,0000,いちげん,4524486103254,21SJ-14K ﾚｻﾞｰｼﾞｬｹｯﾄ BK XL 雲龍,21SJ-14K,BK 雲龍,XL,NULL,1.00,NULL
2025,202504,20250423,1223,ﾗｲｺﾗﾝﾄﾞ CuBe札幌白石店,4524486097973,21SJ-14K ﾚｻﾞｰｼﾞｬｹｯﾄ BK LW 桧垣桜,21SJ-14K,BK 桧垣,LW,北海道,1.00,NAPS
2025,202504,20250423,1429,ﾗｲｺﾗﾝﾄﾞ 新潟店,4524486093647,21SJ-14K ﾚｻﾞｰｼﾞｬｹｯﾄ BK L 風神雷神BE,21SJ-14K,BK-BE風,L,新潟県,1.00,NAPS
2025,202504,20250423,1429,ﾗｲｺﾗﾝﾄﾞ 新潟店,4524486093647,21SJ-14K ﾚｻﾞｰｼﾞｬｹｯﾄ BK L 風神雷神BE,21SJ-14K,BK-BE風,L,新潟県,1.00,NAPS
2025,202504,20250423,1429,ﾗｲｺﾗﾝﾄﾞ 新潟店,4524486093654,21SJ-14K ﾚｻﾞｰｼﾞｬｹｯﾄ BK XL 風神雷神BE,21SJ-14K,BK-BE風,XL,新潟県,1.00,NAPS
2025,202504,20250423,1429,ﾗｲｺﾗﾝﾄﾞ 新潟店,4524486103230,21SJ-14K ﾚｻﾞｰｼﾞｬｹｯﾄ BK M 雲龍,21SJ-14K,BK 雲龍,M,新潟県,1.00,NAPS
2025,202504,20250423,1429,ﾗｲｺﾗﾝﾄﾞ 新潟店,4524486109492,21SJ-14K ﾚｻﾞｰｼﾞｬｹｯﾄ BK L 鳳凰,21SJ-14K,BK 鳳凰,L,新潟県,1.00,NAPS
2025,202504,20250423,1429,ﾗｲｺﾗﾝﾄﾞ 新潟店,4524486109508,21SJ-14K ﾚｻﾞｰｼﾞｬｹｯﾄ BK XL 鳳凰,21SJ-14K,BK 鳳凰,XL,新潟県,1.00,NAPS
2025,202504,20250423,1429,ﾗｲｺﾗﾝﾄﾞ 新潟店,4524486111488,21SJ-14K ﾚｻﾞｰｼﾞｬｹｯﾄ BK M 輝龍,21SJ-14K,BK 輝龍,M,新潟県,1.00,NAPS
2025,202504,20250425,0000,いちげん,4524486111501,21SJ-14K ﾚｻﾞｰｼﾞｬｹｯﾄ BK XL 輝龍,21SJ-14K,BK 輝龍,XL,NULL,1.00,NULL
2025,202504,20250425,0598,ﾗｲｺﾗﾝﾄﾞ TokyoBay東雲店,4524486093715,21SJ-14K ﾚｻﾞｰｼﾞｬｹｯﾄ BK XL 桧垣桜,21SJ-14K,BK 桧垣,XL,東京都,1.00,NAPS
2025,202504,20250425,0986,ﾗｲｺﾗﾝﾄﾞ 沖縄店,4524486109492,21SJ-14K ﾚｻﾞｰｼﾞｬｹｯﾄ BK L 鳳凰,21SJ-14K,BK 鳳凰,L,沖縄県,1.00,NAPS
2025,202504,20250425,1392,株式会社JTBふるさと開発事業部,4524486093661,21SJ-14K ﾚｻﾞｰｼﾞｬｹｯﾄ BK M 流水雪輪,21SJ-14K,BK 流水,M,NULL,1.00,NULL
2025,202504,20250426,show,デグナー京都本店,4524486107566,21SJ-14K ﾚｻﾞｰｼﾞｬｹｯﾄ NV L 鉄流水雪輪,21SJ-14K,NV 鉄流,L,京都府,1.00,NULL
2025,202504,20250427,0000,いちげん,4524486097959,21SJ-14K ﾚｻﾞｰｼﾞｬｹｯﾄ BK LW 流水雪輪,21SJ-14K,BK 流水,LW,NULL,1.00,NULL
2025,202505,20250502,show,デグナー京都本店,4524486093678,21SJ-14K ﾚｻﾞｰｼﾞｬｹｯﾄ BK L 流水雪輪,21SJ-14K,BK 流水,L,京都府,1.00,NULL
2025,202505,20250504,9996,株式会社 ﾃﾞｸﾞﾅｰ,4524486093685,21SJ-14K ﾚｻﾞｰｼﾞｬｹｯﾄ BK XL 流水雪輪,21SJ-14K,BK 流水,XL,NULL,1.00,NULL
2025,202505,20250504,show,デグナー京都本店,4524486097959,21SJ-14K ﾚｻﾞｰｼﾞｬｹｯﾄ BK LW 流水雪輪,21SJ-14K,BK 流水,LW,京都府,1.00,NULL
2025,202505,20250505,show,デグナー京都本店,4524486097973,21SJ-14K ﾚｻﾞｰｼﾞｬｹｯﾄ BK LW 桧垣桜,21SJ-14K,BK 桧垣,LW,京都府,1.00,NULL
2025,202505,20250507,1113,ﾅｯﾌﾟｽ 仙台泉ｲﾝﾀｰ店,4524486093647,21SJ-14K ﾚｻﾞｰｼﾞｬｹｯﾄ BK L 風神雷神BE,21SJ-14K,BK-BE風,L,宮城県,1.00,NAPS
2025,202505,20250507,1113,ﾅｯﾌﾟｽ 仙台泉ｲﾝﾀｰ店,4524486103247,21SJ-14K ﾚｻﾞｰｼﾞｬｹｯﾄ BK L 雲龍,21SJ-14K,BK 雲龍,L,宮城県,1.00,NAPS
2025,202505,20250508,0986,ﾗｲｺﾗﾝﾄﾞ 沖縄店,4524486103247,21SJ-14K ﾚｻﾞｰｼﾞｬｹｯﾄ BK L 雲龍,21SJ-14K,BK 雲龍,L,沖縄県,1.00,NAPS
2025,202505,20250509,show,デグナー京都本店,4524486093630,21SJ-14K ﾚｻﾞｰｼﾞｬｹｯﾄ BK M 風神雷神BE,21SJ-14K,BK-BE風,M,京都府,1.00,NULL
2025,202505,20250511,EVNT,販売店様ｲﾍﾞﾝﾄ,4524486103230,21SJ-14K ﾚｻﾞｰｼﾞｬｹｯﾄ BK M 雲龍,21SJ-14K,BK 雲龍,M,NULL,1.00,NULL
2025,202505,20250512,0000,いちげん,4524486103230,21SJ-14K ﾚｻﾞｰｼﾞｬｹｯﾄ BK M 雲龍,21SJ-14K,BK 雲龍,M,NULL,1.00,NULL
2025,202505,20250513,1067,株式会社 ﾓﾉﾀﾞｲﾚｸﾄ,4524486093647,21SJ-14K ﾚｻﾞｰｼﾞｬｹｯﾄ BK L 風神雷神BE,21SJ-14K,BK-BE風,L,神奈川県,1.00,KMC北関東
2025,202505,20250522,0000,いちげん,4524486093692,21SJ-14K ﾚｻﾞｰｼﾞｬｹｯﾄ BK M 桧垣桜,21SJ-14K,BK 桧垣,M,NULL,1.00,NULL
2025,202505,20250522,0000,いちげん,4524486093692,21SJ-14K ﾚｻﾞｰｼﾞｬｹｯﾄ BK M 桧垣桜,21SJ-14K,BK 桧垣,M,NULL,1.00,NULL
2025,202505,20250522,0000,いちげん,4524486094958,21SJ-14K ﾚｻﾞｰｼﾞｬｹｯﾄ BK M 鉄流水雪輪,21SJ-14K,BK 鉄流,M,NULL,1.00,NULL
2025,202505,20250522,0000,いちげん,4524486094965,21SJ-14K ﾚｻﾞｰｼﾞｬｹｯﾄ BK L 鉄流水雪輪,21SJ-14K,BK 鉄流,L,NULL,1.00,NULL
2025,202505,20250522,0168,ﾗｲｺﾗﾝﾄﾞ 柏店,4524486093708,21SJ-14K ﾚｻﾞｰｼﾞｬｹｯﾄ BK L 桧垣桜,21SJ-14K,BK 桧垣,L,千葉県,1.00,NAPS
2025,202505,20250522,0433,南海部品 宇都宮店,4524486093678,21SJ-14K ﾚｻﾞｰｼﾞｬｹｯﾄ BK L 流水雪輪,21SJ-14K,BK 流水,L,栃木県,1.00,NAPS
2025,202505,20250522,0433,南海部品 宇都宮店,4524486093708,21SJ-14K ﾚｻﾞｰｼﾞｬｹｯﾄ BK L 桧垣桜,21SJ-14K,BK 桧垣,L,栃木県,1.00,NAPS
2025,202505,20250522,0598,ﾗｲｺﾗﾝﾄﾞ TokyoBay東雲店,4524486093678,21SJ-14K ﾚｻﾞｰｼﾞｬｹｯﾄ BK L 流水雪輪,21SJ-14K,BK 流水,L,東京都,1.00,NAPS
2025,202505,20250522,0598,ﾗｲｺﾗﾝﾄﾞ TokyoBay東雲店,4524486093692,21SJ-14K ﾚｻﾞｰｼﾞｬｹｯﾄ BK M 桧垣桜,21SJ-14K,BK 桧垣,M,東京都,1.00,NAPS
2025,202505,20250522,0598,ﾗｲｺﾗﾝﾄﾞ TokyoBay東雲店,4524486094958,21SJ-14K ﾚｻﾞｰｼﾞｬｹｯﾄ BK M 鉄流水雪輪,21SJ-14K,BK 鉄流,M,東京都,1.00,NAPS
2025,202505,20250522,0598,ﾗｲｺﾗﾝﾄﾞ TokyoBay東雲店,4524486094965,21SJ-14K ﾚｻﾞｰｼﾞｬｹｯﾄ BK L 鉄流水雪輪,21SJ-14K,BK 鉄流,L,東京都,1.00,NAPS
2025,202505,20250522,0598,ﾗｲｺﾗﾝﾄﾞ TokyoBay東雲店,4524486109522,21SJ-14K ﾚｻﾞｰｼﾞｬｹｯﾄ BK XLW 流水雪輪,21SJ-14K,BK 流水,XLW,東京都,1.00,NAPS
2025,202505,20250522,0653,株式会社 光輝 南海部品仙台店,4524486093692,21SJ-14K ﾚｻﾞｰｼﾞｬｹｯﾄ BK M 桧垣桜,21SJ-14K,BK 桧垣,M,宮城県,1.00,NAPS
2025,202505,20250522,0688,南海部品株式会社,4524486109522,21SJ-14K ﾚｻﾞｰｼﾞｬｹｯﾄ BK XLW 流水雪輪,21SJ-14K,BK 流水,XLW,大阪府,1.00,卸
2025,202505,20250522,0978,ﾗｲｺﾗﾝﾄﾞ 福岡空港店,4524486093692,21SJ-14K ﾚｻﾞｰｼﾞｬｹｯﾄ BK M 桧垣桜,21SJ-14K,BK 桧垣,M,福岡県,1.00,NAPS
2025,202505,20250522,0986,ﾗｲｺﾗﾝﾄﾞ 沖縄店,4524486093708,21SJ-14K ﾚｻﾞｰｼﾞｬｹｯﾄ BK L 桧垣桜,21SJ-14K,BK 桧垣,L,沖縄県,1.00,NAPS
2025,202505,20250522,1017,株式会社 ﾊﾞｲｸﾜｰﾙﾄﾞりんくうｼｰｸﾙ店,4524486093678,21SJ-14K ﾚｻﾞｰｼﾞｬｹｯﾄ BK L 流水雪輪,21SJ-14K,BK 流水,L,大阪府,1.00,NAPS
2025,202505,20250522,1067,株式会社 ﾓﾉﾀﾞｲﾚｸﾄ,4524486097966,21SJ-14K ﾚｻﾞｰｼﾞｬｹｯﾄ BK LW 鉄流水雪輪,21SJ-14K,BK 鉄流,LW,神奈川県,1.00,KMC北関東
2025,202505,20250522,1113,ﾅｯﾌﾟｽ 仙台泉ｲﾝﾀｰ店,4524486093678,21SJ-14K ﾚｻﾞｰｼﾞｬｹｯﾄ BK L 流水雪輪,21SJ-14K,BK 流水,L,宮城県,1.00,NAPS
2025,202505,20250522,1113,ﾅｯﾌﾟｽ 仙台泉ｲﾝﾀｰ店,4524486109508,21SJ-14K ﾚｻﾞｰｼﾞｬｹｯﾄ BK XL 鳳凰,21SJ-14K,BK 鳳凰,XL,宮城県,1.00,NAPS
2025,202505,20250522,1170,ﾅｯﾌﾟｽ 岡山店,4524486109492,21SJ-14K ﾚｻﾞｰｼﾞｬｹｯﾄ BK L 鳳凰,21SJ-14K,BK 鳳凰,L,岡山県,1.00,NAPS
2025,202505,20250522,1223,ﾗｲｺﾗﾝﾄﾞ CuBe札幌白石店,4524486093715,21SJ-14K ﾚｻﾞｰｼﾞｬｹｯﾄ BK XL 桧垣桜,21SJ-14K,BK 桧垣,XL,北海道,1.00,NAPS
2025,202505,20250522,1223,ﾗｲｺﾗﾝﾄﾞ CuBe札幌白石店,4524486109492,21SJ-14K ﾚｻﾞｰｼﾞｬｹｯﾄ BK L 鳳凰,21SJ-14K,BK 鳳凰,L,北海道,1.00,NAPS
2025,202505,20250522,1223,ﾗｲｺﾗﾝﾄﾞ CuBe札幌白石店,4524486109492,21SJ-14K ﾚｻﾞｰｼﾞｬｹｯﾄ BK L 鳳凰,21SJ-14K,BK 鳳凰,L,北海道,1.00,NAPS
2025,202505,20250522,1223,ﾗｲｺﾗﾝﾄﾞ CuBe札幌白石店,4524486109508,21SJ-14K ﾚｻﾞｰｼﾞｬｹｯﾄ BK XL 鳳凰,21SJ-14K,BK 鳳凰,XL,北海道,1.00,NAPS
2025,202505,20250522,1273,ﾗｲｺﾗﾝﾄﾞ 小倉店,4524486093708,21SJ-14K ﾚｻﾞｰｼﾞｬｹｯﾄ BK L 桧垣桜,21SJ-14K,BK 桧垣,L,福岡県,1.00,NAPS
2025,202505,20250522,1429,ﾗｲｺﾗﾝﾄﾞ 新潟店,4524486094972,21SJ-14K ﾚｻﾞｰｼﾞｬｹｯﾄ BK XL 鉄流水雪輪,21SJ-14K,BK 鉄流,XL,新潟県,1.00,NAPS
2025,202505,20250522,1429,ﾗｲｺﾗﾝﾄﾞ 新潟店,4524486109485,21SJ-14K ﾚｻﾞｰｼﾞｬｹｯﾄ BK M 鳳凰,21SJ-14K,BK 鳳凰,M,新潟県,1.00,NAPS
2025,202505,20250523,0000,いちげん,4524486093678,21SJ-14K ﾚｻﾞｰｼﾞｬｹｯﾄ BK L 流水雪輪,21SJ-14K,BK 流水,L,NULL,1.00,NULL
2025,202505,20250523,0000,いちげん,4524486093708,21SJ-14K ﾚｻﾞｰｼﾞｬｹｯﾄ BK L 桧垣桜,21SJ-14K,BK 桧垣,L,NULL,1.00,NULL
2025,202505,20250523,0000,いちげん,4524486094958,21SJ-14K ﾚｻﾞｰｼﾞｬｹｯﾄ BK M 鉄流水雪輪,21SJ-14K,BK 鉄流,M,NULL,1.00,NULL
2025,202505,20250523,0000,いちげん,4524486106545,21SJ-14K ﾚｻﾞｰｼﾞｬｹｯﾄ RD L 鉄流水雪輪,21SJ-14K,RD 鉄流,L,NULL,1.00,NULL
2025,202505,20250523,1392,株式会社JTBふるさと開発事業部,4524486093678,21SJ-14K ﾚｻﾞｰｼﾞｬｹｯﾄ BK L 流水雪輪,21SJ-14K,BK 流水,L,NULL,1.00,NULL
2025,202505,20250523,1445,株式会社 桜士堂,4524486093661,21SJ-14K ﾚｻﾞｰｼﾞｬｹｯﾄ BK M 流水雪輪,21SJ-14K,BK 流水,M,京都府,1.00,KMC北日本
2025,202505,20250523,1445,株式会社 桜士堂,4524486093678,21SJ-14K ﾚｻﾞｰｼﾞｬｹｯﾄ BK L 流水雪輪,21SJ-14K,BK 流水,L,京都府,2.00,KMC北日本
2025,202505,20250523,1445,株式会社 桜士堂,4524486093685,21SJ-14K ﾚｻﾞｰｼﾞｬｹｯﾄ BK XL 流水雪輪,21SJ-14K,BK 流水,XL,京都府,1.00,KMC北日本
2025,202505,20250523,1445,株式会社 桜士堂,4524486094958,21SJ-14K ﾚｻﾞｰｼﾞｬｹｯﾄ BK M 鉄流水雪輪,21SJ-14K,BK 鉄流,M,京都府,1.00,KMC北日本
2025,202505,20250523,1445,株式会社 桜士堂,4524486094965,21SJ-14K ﾚｻﾞｰｼﾞｬｹｯﾄ BK L 鉄流水雪輪,21SJ-14K,BK 鉄流,L,京都府,2.00,KMC北日本
2025,202505,20250523,1445,株式会社 桜士堂,4524486094972,21SJ-14K ﾚｻﾞｰｼﾞｬｹｯﾄ BK XL 鉄流水雪輪,21SJ-14K,BK 鉄流,XL,京都府,1.00,KMC北日本
2025,202505,20250525,9996,株式会社 ﾃﾞｸﾞﾅｰ,4524486109485,21SJ-14K ﾚｻﾞｰｼﾞｬｹｯﾄ BK M 鳳凰,21SJ-14K,BK 鳳凰,M,NULL,1.00,NULL
2025,202505,20250526,0000,いちげん,4524486094958,21SJ-14K ﾚｻﾞｰｼﾞｬｹｯﾄ BK M 鉄流水雪輪,21SJ-14K,BK 鉄流,M,NULL,1.00,NULL
2025,202505,20250526,0000,いちげん,4524486094972,21SJ-14K ﾚｻﾞｰｼﾞｬｹｯﾄ BK XL 鉄流水雪輪,21SJ-14K,BK 鉄流,XL,NULL,1.00,NULL
2025,202505,20250526,0000,いちげん,4524486106545,21SJ-14K ﾚｻﾞｰｼﾞｬｹｯﾄ RD L 鉄流水雪輪,21SJ-14K,RD 鉄流,L,NULL,1.00,NULL
2025,202505,20250528,0598,ﾗｲｺﾗﾝﾄﾞ TokyoBay東雲店,4524486093708,21SJ-14K ﾚｻﾞｰｼﾞｬｹｯﾄ BK L 桧垣桜,21SJ-14K,BK 桧垣,L,東京都,1.00,NAPS
2025,202505,20250528,0598,ﾗｲｺﾗﾝﾄﾞ TokyoBay東雲店,4524486093715,21SJ-14K ﾚｻﾞｰｼﾞｬｹｯﾄ BK XL 桧垣桜,21SJ-14K,BK 桧垣,XL,東京都,1.00,NAPS
2025,202505,20250528,0598,ﾗｲｺﾗﾝﾄﾞ TokyoBay東雲店,4524486094972,21SJ-14K ﾚｻﾞｰｼﾞｬｹｯﾄ BK XL 鉄流水雪輪,21SJ-14K,BK 鉄流,XL,東京都,1.00,NAPS
2025,202505,20250528,0598,ﾗｲｺﾗﾝﾄﾞ TokyoBay東雲店,4524486097973,21SJ-14K ﾚｻﾞｰｼﾞｬｹｯﾄ BK LW 桧垣桜,21SJ-14K,BK 桧垣,LW,東京都,1.00,NAPS
2025,202505,20250528,0598,ﾗｲｺﾗﾝﾄﾞ TokyoBay東雲店,4524486103230,21SJ-14K ﾚｻﾞｰｼﾞｬｹｯﾄ BK M 雲龍,21SJ-14K,BK 雲龍,M,東京都,1.00,NAPS
2025,202505,20250528,0598,ﾗｲｺﾗﾝﾄﾞ TokyoBay東雲店,4524486103247,21SJ-14K ﾚｻﾞｰｼﾞｬｹｯﾄ BK L 雲龍,21SJ-14K,BK 雲龍,L,東京都,1.00,NAPS
2025,202505,20250528,0598,ﾗｲｺﾗﾝﾄﾞ TokyoBay東雲店,4524486109492,21SJ-14K ﾚｻﾞｰｼﾞｬｹｯﾄ BK L 鳳凰,21SJ-14K,BK 鳳凰,L,東京都,1.00,NAPS
2025,202505,20250528,0598,ﾗｲｺﾗﾝﾄﾞ TokyoBay東雲店,4524486109515,21SJ-14K ﾚｻﾞｰｼﾞｬｹｯﾄ BK XLW 桧垣桜,21SJ-14K,BK 桧垣,XLW,東京都,1.00,NAPS
2025,202505,20250528,1392,株式会社JTBふるさと開発事業部,4524486093661,21SJ-14K ﾚｻﾞｰｼﾞｬｹｯﾄ BK M 流水雪輪,21SJ-14K,BK 流水,M,NULL,1.00,NULL
2025,202505,20250528,1392,株式会社JTBふるさと開発事業部,4524486109515,21SJ-14K ﾚｻﾞｰｼﾞｬｹｯﾄ BK XLW 桧垣桜,21SJ-14K,BK 桧垣,XLW,NULL,1.00,NULL
2025,202505,20250530,0000,いちげん,4524486107573,21SJ-14K ﾚｻﾞｰｼﾞｬｹｯﾄ NV XL 鉄流水雪輪,21SJ-14K,NV 鉄流,XL,NULL,1.00,NULL
2025,202506,20250602,0000,いちげん,4524486109508,21SJ-14K ﾚｻﾞｰｼﾞｬｹｯﾄ BK XL 鳳凰,21SJ-14K,BK 鳳凰,XL,NULL,1.00,NULL
2025,202506,20250605,1217,ﾓﾄﾌｨｰﾙﾄﾞ ﾄﾞｯｶｰｽﾞ大阪店,4524486106545,21SJ-14K ﾚｻﾞｰｼﾞｬｹｯﾄ RD L 鉄流水雪輪,21SJ-14K,RD 鉄流,L,大阪府,1.00,NAPS
2025,202506,20250605,1223,ﾗｲｺﾗﾝﾄﾞ CuBe札幌白石店,4524486111488,21SJ-14K ﾚｻﾞｰｼﾞｬｹｯﾄ BK M 輝龍,21SJ-14K,BK 輝龍,M,北海道,1.00,NAPS
2025,202506,20250606,0688,南海部品株式会社,4524486093661,21SJ-14K ﾚｻﾞｰｼﾞｬｹｯﾄ BK M 流水雪輪,21SJ-14K,BK 流水,M,大阪府,1.00,卸
2025,202506,20250606,rihk,FSM TRADING (HK) LIMITED/ Rider Shop HK,4524486093661,21SJ-14K ﾚｻﾞｰｼﾞｬｹｯﾄ BK M 流水雪輪,21SJ-14K,BK 流水,M,香港,1.00,NULL
2025,202506,20250606,rihk,FSM TRADING (HK) LIMITED/ Rider Shop HK,4524486093678,21SJ-14K ﾚｻﾞｰｼﾞｬｹｯﾄ BK L 流水雪輪,21SJ-14K,BK 流水,L,香港,1.00,NULL
2025,202506,20250606,show,デグナー京都本店,4524486109485,21SJ-14K ﾚｻﾞｰｼﾞｬｹｯﾄ BK M 鳳凰,21SJ-14K,BK 鳳凰,M,京都府,1.00,NULL
2025,202506,20250609,0000,いちげん,4524486093661,21SJ-14K ﾚｻﾞｰｼﾞｬｹｯﾄ BK M 流水雪輪,21SJ-14K,BK 流水,M,NULL,1.00,NULL
2025,202506,20250609,1223,ﾗｲｺﾗﾝﾄﾞ CuBe札幌白石店,4524486109492,21SJ-14K ﾚｻﾞｰｼﾞｬｹｯﾄ BK L 鳳凰,21SJ-14K,BK 鳳凰,L,北海道,1.00,NAPS
2025,202506,20250610,ansi,ANSIN MOTO CO.,4524486093678,21SJ-14K ﾚｻﾞｰｼﾞｬｹｯﾄ BK L 流水雪輪,21SJ-14K,BK 流水,L,台湾,1.00,NULL
2025,202506,20250613,show,デグナー京都本店,4524486093661,21SJ-14K ﾚｻﾞｰｼﾞｬｹｯﾄ BK M 流水雪輪,21SJ-14K,BK 流水,M,京都府,1.00,NULL
2025,202506,20250615,9996,株式会社 ﾃﾞｸﾞﾅｰ,4524486093661,21SJ-14K ﾚｻﾞｰｼﾞｬｹｯﾄ BK M 流水雪輪,21SJ-14K,BK 流水,M,NULL,1.00,NULL
2025,202506,20250616,0000,いちげん,4524486109522,21SJ-14K ﾚｻﾞｰｼﾞｬｹｯﾄ BK XLW 流水雪輪,21SJ-14K,BK 流水,XLW,NULL,1.00,NULL
2025,202506,20250618,0000,いちげん,4524486109508,21SJ-14K ﾚｻﾞｰｼﾞｬｹｯﾄ BK XL 鳳凰,21SJ-14K,BK 鳳凰,XL,NULL,1.00,NULL
2025,202506,20250618,0598,ﾗｲｺﾗﾝﾄﾞ TokyoBay東雲店,4524486093630,21SJ-14K ﾚｻﾞｰｼﾞｬｹｯﾄ BK M 風神雷神BE,21SJ-14K,BK-BE風,M,東京都,1.00,NAPS
2025,202506,20250618,0598,ﾗｲｺﾗﾝﾄﾞ TokyoBay東雲店,4524486093661,21SJ-14K ﾚｻﾞｰｼﾞｬｹｯﾄ BK M 流水雪輪,21SJ-14K,BK 流水,M,東京都,1.00,NAPS
2025,202506,20250618,0598,ﾗｲｺﾗﾝﾄﾞ TokyoBay東雲店,4524486109522,21SJ-14K ﾚｻﾞｰｼﾞｬｹｯﾄ BK XLW 流水雪輪,21SJ-14K,BK 流水,XLW,東京都,1.00,NAPS
2025,202506,20250619,1017,株式会社 ﾊﾞｲｸﾜｰﾙﾄﾞりんくうｼｰｸﾙ店,4524486093678,21SJ-14K ﾚｻﾞｰｼﾞｬｹｯﾄ BK L 流水雪輪,21SJ-14K,BK 流水,L,大阪府,1.00,NAPS
2025,202506,20250619,1017,株式会社 ﾊﾞｲｸﾜｰﾙﾄﾞりんくうｼｰｸﾙ店,4524486093685,21SJ-14K ﾚｻﾞｰｼﾞｬｹｯﾄ BK XL 流水雪輪,21SJ-14K,BK 流水,XL,大阪府,1.00,NAPS
2025,202506,20250619,1017,株式会社 ﾊﾞｲｸﾜｰﾙﾄﾞりんくうｼｰｸﾙ店,4524486097973,21SJ-14K ﾚｻﾞｰｼﾞｬｹｯﾄ BK LW 桧垣桜,21SJ-14K,BK 桧垣,LW,大阪府,-1.00,NAPS
2025,202506,20250619,ride,Riderment Company,4524486093661,21SJ-14K ﾚｻﾞｰｼﾞｬｹｯﾄ BK M 流水雪輪,21SJ-14K,BK 流水,M,台湾,1.00,NULL
2025,202506,20250619,ride,Riderment Company,4524486093708,21SJ-14K ﾚｻﾞｰｼﾞｬｹｯﾄ BK L 桧垣桜,21SJ-14K,BK 桧垣,L,台湾,1.00,NULL
2025,202506,20250619,ride,Riderment Company,4524486094972,21SJ-14K ﾚｻﾞｰｼﾞｬｹｯﾄ BK XL 鉄流水雪輪,21SJ-14K,BK 鉄流,XL,台湾,1.00,NULL
2025,202506,20250619,ride,Riderment Company,4524486097959,21SJ-14K ﾚｻﾞｰｼﾞｬｹｯﾄ BK LW 流水雪輪,21SJ-14K,BK 流水,LW,台湾,1.00,NULL
2025,202506,20250619,ride,Riderment Company,4524486103230,21SJ-14K ﾚｻﾞｰｼﾞｬｹｯﾄ BK M 雲龍,21SJ-14K,BK 雲龍,M,台湾,1.00,NULL
2025,202506,20250619,ride,Riderment Company,4524486106545,21SJ-14K ﾚｻﾞｰｼﾞｬｹｯﾄ RD L 鉄流水雪輪,21SJ-14K,RD 鉄流,L,台湾,1.00,NULL
2025,202506,20250619,ride,Riderment Company,4524486107573,21SJ-14K ﾚｻﾞｰｼﾞｬｹｯﾄ NV XL 鉄流水雪輪,21SJ-14K,NV 鉄流,XL,台湾,1.00,NULL
2025,202506,20250623,1392,株式会社JTBふるさと開発事業部,4524486106552,21SJ-14K ﾚｻﾞｰｼﾞｬｹｯﾄ RD XL 鉄流水雪輪,21SJ-14K,RD 鉄流,XL,NULL,1.00,NULL
2025,202506,20250627,0688,南海部品株式会社,4524486093685,21SJ-14K ﾚｻﾞｰｼﾞｬｹｯﾄ BK XL 流水雪輪,21SJ-14K,BK 流水,XL,大阪府,1.00,卸
2025,202506,20250627,show,デグナー京都本店,4524486103230,21SJ-14K ﾚｻﾞｰｼﾞｬｹｯﾄ BK M 雲龍,21SJ-14K,BK 雲龍,M,京都府,1.00,NULL
2025,202507,20250701,1392,株式会社JTBふるさと開発事業部,4524486093678,21SJ-14K ﾚｻﾞｰｼﾞｬｹｯﾄ BK L 流水雪輪,21SJ-14K,BK 流水,L,NULL,-1.00,NULL
2025,202507,20250701,1392,株式会社JTBふるさと開発事業部,4524486093685,21SJ-14K ﾚｻﾞｰｼﾞｬｹｯﾄ BK XL 流水雪輪,21SJ-14K,BK 流水,XL,NULL,1.00,NULL
2025,202507,20250702,youl,YOULUN CO.LTD,4524486106545,21SJ-14K ﾚｻﾞｰｼﾞｬｹｯﾄ RD L 鉄流水雪輪,21SJ-14K,RD 鉄流,L,台湾,1.00,NULL
2025,202507,20250707,0000,いちげん,4524486107559,21SJ-14K ﾚｻﾞｰｼﾞｬｹｯﾄ NV M 鉄流水雪輪,21SJ-14K,NV 鉄流,M,NULL,1.00,NULL
2025,202507,20250708,1301,ﾊﾟｰｸｱｯﾌﾟ株式会社,4524486093678,21SJ-14K ﾚｻﾞｰｼﾞｬｹｯﾄ BK L 流水雪輪,21SJ-14K,BK 流水,L,兵庫県,1.00,KMC北関東
2025,202507,20250708,1440,522 金沢2りんかん,4524486093678,21SJ-14K ﾚｻﾞｰｼﾞｬｹｯﾄ BK L 流水雪輪,21SJ-14K,BK 流水,L,石川県,1.00,KMC北日本
2025,202507,20250708,1440,522 金沢2りんかん,4524486093715,21SJ-14K ﾚｻﾞｰｼﾞｬｹｯﾄ BK XL 桧垣桜,21SJ-14K,BK 桧垣,XL,石川県,1.00,KMC北日本
2025,202507,20250709,9996,株式会社 ﾃﾞｸﾞﾅｰ,4524486097959,21SJ-14K ﾚｻﾞｰｼﾞｬｹｯﾄ BK LW 流水雪輪,21SJ-14K,BK 流水,LW,NULL,1.00,NULL
2025,202507,20250711,0000,いちげん,4524486109485,21SJ-14K ﾚｻﾞｰｼﾞｬｹｯﾄ BK M 鳳凰,21SJ-14K,BK 鳳凰,M,NULL,1.00,NULL
2025,202507,20250714,0000,いちげん,4524486106545,21SJ-14K ﾚｻﾞｰｼﾞｬｹｯﾄ RD L 鉄流水雪輪,21SJ-14K,RD 鉄流,L,NULL,1.00,NULL
2025,202507,20250714,0000,いちげん,4524486106545,21SJ-14K ﾚｻﾞｰｼﾞｬｹｯﾄ RD L 鉄流水雪輪,21SJ-14K,RD 鉄流,L,NULL,1.00,NULL
2025,202507,20250715,ride,Riderment Company,4524486093661,21SJ-14K ﾚｻﾞｰｼﾞｬｹｯﾄ BK M 流水雪輪,21SJ-14K,BK 流水,M,台湾,1.00,NULL
2025,202507,20250716,rihk,FSM TRADING (HK) LIMITED/ Rider Shop HK,4524486094958,21SJ-14K ﾚｻﾞｰｼﾞｬｹｯﾄ BK M 鉄流水雪輪,21SJ-14K,BK 鉄流,M,香港,1.00,NULL
2025,202507,20250717,0168,ﾗｲｺﾗﾝﾄﾞ 柏店,4524486093692,21SJ-14K ﾚｻﾞｰｼﾞｬｹｯﾄ BK M 桧垣桜,21SJ-14K,BK 桧垣,M,千葉県,1.00,NAPS
2025,202507,20250717,0574,株式会社ﾘﾊﾞｰｸﾚｲﾝ,4524486111501,21SJ-14K ﾚｻﾞｰｼﾞｬｹｯﾄ BK XL 輝龍,21SJ-14K,BK 輝龍,XL,神奈川県,1.00,KMC北関東
2025,202507,20250717,0598,ﾗｲｺﾗﾝﾄﾞ TokyoBay東雲店,4524486093661,21SJ-14K ﾚｻﾞｰｼﾞｬｹｯﾄ BK M 流水雪輪,21SJ-14K,BK 流水,M,東京都,1.00,NAPS
2025,202507,20250717,0598,ﾗｲｺﾗﾝﾄﾞ TokyoBay東雲店,4524486093692,21SJ-14K ﾚｻﾞｰｼﾞｬｹｯﾄ BK M 桧垣桜,21SJ-14K,BK 桧垣,M,東京都,1.00,NAPS
2025,202507,20250717,0598,ﾗｲｺﾗﾝﾄﾞ TokyoBay東雲店,4524486109492,21SJ-14K ﾚｻﾞｰｼﾞｬｹｯﾄ BK L 鳳凰,21SJ-14K,BK 鳳凰,L,東京都,1.00,NAPS
2025,202507,20250717,0598,ﾗｲｺﾗﾝﾄﾞ TokyoBay東雲店,4524486111488,21SJ-14K ﾚｻﾞｰｼﾞｬｹｯﾄ BK M 輝龍,21SJ-14K,BK 輝龍,M,東京都,1.00,NAPS
2025,202507,20250717,0598,ﾗｲｺﾗﾝﾄﾞ TokyoBay東雲店,4524486111495,21SJ-14K ﾚｻﾞｰｼﾞｬｹｯﾄ BK L 輝龍,21SJ-14K,BK 輝龍,L,東京都,1.00,NAPS
2025,202507,20250717,0986,ﾗｲｺﾗﾝﾄﾞ 沖縄店,4524486093692,21SJ-14K ﾚｻﾞｰｼﾞｬｹｯﾄ BK M 桧垣桜,21SJ-14K,BK 桧垣,M,沖縄県,1.00,NAPS
2025,202507,20250717,0986,ﾗｲｺﾗﾝﾄﾞ 沖縄店,4524486109492,21SJ-14K ﾚｻﾞｰｼﾞｬｹｯﾄ BK L 鳳凰,21SJ-14K,BK 鳳凰,L,沖縄県,1.00,NAPS
2025,202507,20250717,1113,ﾅｯﾌﾟｽ 仙台泉ｲﾝﾀｰ店,4524486094965,21SJ-14K ﾚｻﾞｰｼﾞｬｹｯﾄ BK L 鉄流水雪輪,21SJ-14K,BK 鉄流,L,宮城県,1.00,NAPS
2025,202507,20250717,1159,新潟中央部品株式会社 長岡店,4524486111495,21SJ-14K ﾚｻﾞｰｼﾞｬｹｯﾄ BK L 輝龍,21SJ-14K,BK 輝龍,L,新潟県,1.00,KMC北日本
2025,202507,20250717,1223,ﾗｲｺﾗﾝﾄﾞ CuBe札幌白石店,4524486093692,21SJ-14K ﾚｻﾞｰｼﾞｬｹｯﾄ BK M 桧垣桜,21SJ-14K,BK 桧垣,M,北海道,1.00,NAPS
2025,202507,20250717,1223,ﾗｲｺﾗﾝﾄﾞ CuBe札幌白石店,4524486111495,21SJ-14K ﾚｻﾞｰｼﾞｬｹｯﾄ BK L 輝龍,21SJ-14K,BK 輝龍,L,北海道,1.00,NAPS
2025,202507,20250717,1223,ﾗｲｺﾗﾝﾄﾞ CuBe札幌白石店,4524486111501,21SJ-14K ﾚｻﾞｰｼﾞｬｹｯﾄ BK XL 輝龍,21SJ-14K,BK 輝龍,XL,北海道,1.00,NAPS
2025,202507,20250717,1386,ﾅｯﾌﾟｽ 一宮店,4524486109492,21SJ-14K ﾚｻﾞｰｼﾞｬｹｯﾄ BK L 鳳凰,21SJ-14K,BK 鳳凰,L,愛知県,1.00,NAPS
2025,202507,20250717,1429,ﾗｲｺﾗﾝﾄﾞ 新潟店,4524486111495,21SJ-14K ﾚｻﾞｰｼﾞｬｹｯﾄ BK L 輝龍,21SJ-14K,BK 輝龍,L,新潟県,1.00,NAPS
2025,202507,20250717,1429,ﾗｲｺﾗﾝﾄﾞ 新潟店,4524486111501,21SJ-14K ﾚｻﾞｰｼﾞｬｹｯﾄ BK XL 輝龍,21SJ-14K,BK 輝龍,XL,新潟県,1.00,NAPS
2025,202507,20250718,0000,いちげん,4524486093630,21SJ-14K ﾚｻﾞｰｼﾞｬｹｯﾄ BK M 風神雷神BE,21SJ-14K,BK-BE風,M,NULL,1.00,NULL
2025,202507,20250718,0000,いちげん,4524486093692,21SJ-14K ﾚｻﾞｰｼﾞｬｹｯﾄ BK M 桧垣桜,21SJ-14K,BK 桧垣,M,NULL,1.00,NULL
2025,202507,20250718,0000,いちげん,4524486109492,21SJ-14K ﾚｻﾞｰｼﾞｬｹｯﾄ BK L 鳳凰,21SJ-14K,BK 鳳凰,L,NULL,1.00,NULL
2025,202507,20250718,0000,いちげん,4524486111495,21SJ-14K ﾚｻﾞｰｼﾞｬｹｯﾄ BK L 輝龍,21SJ-14K,BK 輝龍,L,NULL,1.00,NULL
2025,202507,20250718,0598,ﾗｲｺﾗﾝﾄﾞ TokyoBay東雲店,4524486097973,21SJ-14K ﾚｻﾞｰｼﾞｬｹｯﾄ BK LW 桧垣桜,21SJ-14K,BK 桧垣,LW,東京都,-1.00,NAPS
2025,202507,20250718,0598,ﾗｲｺﾗﾝﾄﾞ TokyoBay東雲店,4524486097973,21SJ-14K ﾚｻﾞｰｼﾞｬｹｯﾄ BK LW 桧垣桜,21SJ-14K,BK 桧垣,LW,東京都,1.00,NAPS
2025,202507,20250718,0598,ﾗｲｺﾗﾝﾄﾞ TokyoBay東雲店,4524486109515,21SJ-14K ﾚｻﾞｰｼﾞｬｹｯﾄ BK XLW 桧垣桜,21SJ-14K,BK 桧垣,XLW,東京都,-1.00,NAPS
2025,202507,20250718,0598,ﾗｲｺﾗﾝﾄﾞ TokyoBay東雲店,4524486109515,21SJ-14K ﾚｻﾞｰｼﾞｬｹｯﾄ BK XLW 桧垣桜,21SJ-14K,BK 桧垣,XLW,東京都,1.00,NAPS
2025,202507,20250718,1392,株式会社JTBふるさと開発事業部,4524486093692,21SJ-14K ﾚｻﾞｰｼﾞｬｹｯﾄ BK M 桧垣桜,21SJ-14K,BK 桧垣,M,NULL,1.00,NULL
2025,202507,20250718,1392,株式会社JTBふるさと開発事業部,4524486093692,21SJ-14K ﾚｻﾞｰｼﾞｬｹｯﾄ BK M 桧垣桜,21SJ-14K,BK 桧垣,M,NULL,1.00,NULL
2025,202507,20250719,9996,株式会社 ﾃﾞｸﾞﾅｰ,4524486107566,21SJ-14K ﾚｻﾞｰｼﾞｬｹｯﾄ NV L 鉄流水雪輪,21SJ-14K,NV 鉄流,L,NULL,1.00,NULL
2025,202507,20250719,show,デグナー京都本店,4524486094958,21SJ-14K ﾚｻﾞｰｼﾞｬｹｯﾄ BK M 鉄流水雪輪,21SJ-14K,BK 鉄流,M,京都府,1.00,NULL
2025,202507,20250722,0000,いちげん,4524486106538,21SJ-14K ﾚｻﾞｰｼﾞｬｹｯﾄ RD M 鉄流水雪輪,21SJ-14K,RD 鉄流,M,NULL,1.00,NULL
2025,202507,20250723,0239,株式会社 ｻｲｸﾙﾜｰﾙﾄﾞ神戸本店,4524486093708,21SJ-14K ﾚｻﾞｰｼﾞｬｹｯﾄ BK L 桧垣桜,21SJ-14K,BK 桧垣,L,兵庫県,1.00,KMC北関東
2025,202507,20250724,0000,いちげん,4524486093708,21SJ-14K ﾚｻﾞｰｼﾞｬｹｯﾄ BK L 桧垣桜,21SJ-14K,BK 桧垣,L,NULL,1.00,NULL
2025,202507,20250724,0434,南海部品 太田店,4524486093647,21SJ-14K ﾚｻﾞｰｼﾞｬｹｯﾄ BK L 風神雷神BE,21SJ-14K,BK-BE風,L,群馬県,1.00,NAPS
2025,202507,20250725,1223,ﾗｲｺﾗﾝﾄﾞ CuBe札幌白石店,4524486093715,21SJ-14K ﾚｻﾞｰｼﾞｬｹｯﾄ BK XL 桧垣桜,21SJ-14K,BK 桧垣,XL,北海道,1.00,NAPS
2025,202507,20250725,1392,株式会社JTBふるさと開発事業部,4524486109515,21SJ-14K ﾚｻﾞｰｼﾞｬｹｯﾄ BK XLW 桧垣桜,21SJ-14K,BK 桧垣,XLW,NULL,1.00,NULL
2025,202507,20250725,1392,株式会社JTBふるさと開発事業部,4524486111488,21SJ-14K ﾚｻﾞｰｼﾞｬｹｯﾄ BK M 輝龍,21SJ-14K,BK 輝龍,M,NULL,1.00,NULL
2025,202507,20250725,ride,Riderment Company,4524486093692,21SJ-14K ﾚｻﾞｰｼﾞｬｹｯﾄ BK M 桧垣桜,21SJ-14K,BK 桧垣,M,台湾,2.00,NULL
2025,202507,20250725,ride,Riderment Company,4524486093708,21SJ-14K ﾚｻﾞｰｼﾞｬｹｯﾄ BK L 桧垣桜,21SJ-14K,BK 桧垣,L,台湾,1.00,NULL
2025,202507,20250725,ride,Riderment Company,4524486111501,21SJ-14K ﾚｻﾞｰｼﾞｬｹｯﾄ BK XL 輝龍,21SJ-14K,BK 輝龍,XL,台湾,1.00,NULL
2025,202507,20250727,0000,いちげん,4524486093708,21SJ-14K ﾚｻﾞｰｼﾞｬｹｯﾄ BK L 桧垣桜,21SJ-14K,BK 桧垣,L,NULL,1.00,NULL
2025,202507,20250728,0000,いちげん,4524486109492,21SJ-14K ﾚｻﾞｰｼﾞｬｹｯﾄ BK L 鳳凰,21SJ-14K,BK 鳳凰,L,NULL,1.00,NULL
2025,202507,20250728,0000,いちげん,4524486111495,21SJ-14K ﾚｻﾞｰｼﾞｬｹｯﾄ BK L 輝龍,21SJ-14K,BK 輝龍,L,NULL,-1.00,NULL
2025,202507,20250728,0688,南海部品株式会社,4524486097959,21SJ-14K ﾚｻﾞｰｼﾞｬｹｯﾄ BK LW 流水雪輪,21SJ-14K,BK 流水,LW,大阪府,1.00,卸
2025,202507,20250728,0688,南海部品株式会社,4524486106538,21SJ-14K ﾚｻﾞｰｼﾞｬｹｯﾄ RD M 鉄流水雪輪,21SJ-14K,RD 鉄流,M,大阪府,1.00,卸
2025,202508,20250801,0688,南海部品株式会社,4524486093685,21SJ-14K ﾚｻﾞｰｼﾞｬｹｯﾄ BK XL 流水雪輪,21SJ-14K,BK 流水,XL,大阪府,1.00,卸
2025,202508,20250801,0700,株式会社 ﾊﾞｲｸﾜｰﾙﾄﾞ 土山店,4524486093678,21SJ-14K ﾚｻﾞｰｼﾞｬｹｯﾄ BK L 流水雪輪,21SJ-14K,BK 流水,L,兵庫県,1.00,NAPS
2025,202508,20250801,0700,株式会社 ﾊﾞｲｸﾜｰﾙﾄﾞ 土山店,4524486094972,21SJ-14K ﾚｻﾞｰｼﾞｬｹｯﾄ BK XL 鉄流水雪輪,21SJ-14K,BK 鉄流,XL,兵庫県,1.00,NAPS
2025,202508,20250801,1392,株式会社JTBふるさと開発事業部,4524486103230,21SJ-14K ﾚｻﾞｰｼﾞｬｹｯﾄ BK M 雲龍,21SJ-14K,BK 雲龍,M,NULL,1.00,NULL
2025,202508,20250804,0432,南海部品 小山店,4524486093647,21SJ-14K ﾚｻﾞｰｼﾞｬｹｯﾄ BK L 風神雷神BE,21SJ-14K,BK-BE風,L,栃木県,1.00,NAPS
2025,202508,20250804,0432,南海部品 小山店,4524486093685,21SJ-14K ﾚｻﾞｰｼﾞｬｹｯﾄ BK XL 流水雪輪,21SJ-14K,BK 流水,XL,栃木県,1.00,NAPS
2025,202508,20250804,0432,南海部品 小山店,4524486093708,21SJ-14K ﾚｻﾞｰｼﾞｬｹｯﾄ BK L 桧垣桜,21SJ-14K,BK 桧垣,L,栃木県,1.00,NAPS
2025,202508,20250804,0432,南海部品 小山店,4524486094972,21SJ-14K ﾚｻﾞｰｼﾞｬｹｯﾄ BK XL 鉄流水雪輪,21SJ-14K,BK 鉄流,XL,栃木県,1.00,NAPS
2025,202508,20250804,0432,南海部品 小山店,4524486109508,21SJ-14K ﾚｻﾞｰｼﾞｬｹｯﾄ BK XL 鳳凰,21SJ-14K,BK 鳳凰,XL,栃木県,1.00,NAPS
2025,202508,20250804,0432,南海部品 小山店,4524486111495,21SJ-14K ﾚｻﾞｰｼﾞｬｹｯﾄ BK L 輝龍,21SJ-14K,BK 輝龍,L,栃木県,1.00,NAPS
2025,202508,20250804,1147,361 札幌2りんかん,4524486093678,21SJ-14K ﾚｻﾞｰｼﾞｬｹｯﾄ BK L 流水雪輪,21SJ-14K,BK 流水,L,北海道,1.00,KMC北日本
2025,202508,20250804,1147,361 札幌2りんかん,4524486093715,21SJ-14K ﾚｻﾞｰｼﾞｬｹｯﾄ BK XL 桧垣桜,21SJ-14K,BK 桧垣,XL,北海道,1.00,KMC北日本
2025,202508,20250805,1223,ﾗｲｺﾗﾝﾄﾞ CuBe札幌白石店,4524486111488,21SJ-14K ﾚｻﾞｰｼﾞｬｹｯﾄ BK M 輝龍,21SJ-14K,BK 輝龍,M,北海道,1.00,NAPS
2025,202508,20250807,1242,352 新潟2りんかん,4524486093678,21SJ-14K ﾚｻﾞｰｼﾞｬｹｯﾄ BK L 流水雪輪,21SJ-14K,BK 流水,L,新潟県,1.00,KMC北日本
2025,202508,20250807,1242,352 新潟2りんかん,4524486093715,21SJ-14K ﾚｻﾞｰｼﾞｬｹｯﾄ BK XL 桧垣桜,21SJ-14K,BK 桧垣,XL,新潟県,1.00,KMC北日本
2025,202508,20250808,0117,501 緑2りんかん,4524486097966,21SJ-14K ﾚｻﾞｰｼﾞｬｹｯﾄ BK LW 鉄流水雪輪,21SJ-14K,BK 鉄流,LW,愛知県,1.00,KMC北日本
2025,202508,20250808,0117,501 緑2りんかん,4524486109515,21SJ-14K ﾚｻﾞｰｼﾞｬｹｯﾄ BK XLW 桧垣桜,21SJ-14K,BK 桧垣,XLW,愛知県,1.00,KMC北日本
2025,202508,20250808,ansi,ANSIN MOTO CO.,4524486093678,21SJ-14K ﾚｻﾞｰｼﾞｬｹｯﾄ BK L 流水雪輪,21SJ-14K,BK 流水,L,台湾,1.00,NULL
2025,202508,20250808,ansi,ANSIN MOTO CO.,4524486093685,21SJ-14K ﾚｻﾞｰｼﾞｬｹｯﾄ BK XL 流水雪輪,21SJ-14K,BK 流水,XL,台湾,1.00,NULL
2025,202508,20250813,0000,いちげん,4524486097966,21SJ-14K ﾚｻﾞｰｼﾞｬｹｯﾄ BK LW 鉄流水雪輪,21SJ-14K,BK 鉄流,LW,NULL,1.00,NULL
2025,202508,20250813,0000,いちげん,4524486107559,21SJ-14K ﾚｻﾞｰｼﾞｬｹｯﾄ NV M 鉄流水雪輪,21SJ-14K,NV 鉄流,M,NULL,1.00,NULL
2025,202508,20250813,rihk,FSM TRADING (HK) LIMITED/ Rider Shop HK,4524486093661,21SJ-14K ﾚｻﾞｰｼﾞｬｹｯﾄ BK M 流水雪輪,21SJ-14K,BK 流水,M,香港,1.00,NULL
2025,202508,20250816,0000,いちげん,4524486093678,21SJ-14K ﾚｻﾞｰｼﾞｬｹｯﾄ BK L 流水雪輪,21SJ-14K,BK 流水,L,NULL,1.00,NULL
2025,202508,20250818,0000,いちげん,4524486109492,21SJ-14K ﾚｻﾞｰｼﾞｬｹｯﾄ BK L 鳳凰,21SJ-14K,BK 鳳凰,L,NULL,1.00,NULL
2025,202508,20250820,0000,いちげん,4524486109522,21SJ-14K ﾚｻﾞｰｼﾞｬｹｯﾄ BK XLW 流水雪輪,21SJ-14K,BK 流水,XLW,NULL,1.00,NULL
2025,202508,20250820,0117,501 緑2りんかん,4524486097966,21SJ-14K ﾚｻﾞｰｼﾞｬｹｯﾄ BK LW 鉄流水雪輪,21SJ-14K,BK 鉄流,LW,愛知県,-1.00,KMC北日本
2025,202508,20250820,1113,ﾅｯﾌﾟｽ 仙台泉ｲﾝﾀｰ店,4524486094972,21SJ-14K ﾚｻﾞｰｼﾞｬｹｯﾄ BK XL 鉄流水雪輪,21SJ-14K,BK 鉄流,XL,宮城県,1.00,NAPS
2025,202508,20250826,0000,いちげん,4524486097966,21SJ-14K ﾚｻﾞｰｼﾞｬｹｯﾄ BK LW 鉄流水雪輪,21SJ-14K,BK 鉄流,LW,NULL,1.00,NULL
2025,202508,20250826,1113,ﾅｯﾌﾟｽ 仙台泉ｲﾝﾀｰ店,4524486107566,21SJ-14K ﾚｻﾞｰｼﾞｬｹｯﾄ NV L 鉄流水雪輪,21SJ-14K,NV 鉄流,L,宮城県,1.00,NAPS
2025,202508,20250827,1223,ﾗｲｺﾗﾝﾄﾞ CuBe札幌白石店,4524486111495,21SJ-14K ﾚｻﾞｰｼﾞｬｹｯﾄ BK L 輝龍,21SJ-14K,BK 輝龍,L,北海道,1.00,NAPS
2025,202508,20250828,0574,株式会社ﾘﾊﾞｰｸﾚｲﾝ,4524486109485,21SJ-14K ﾚｻﾞｰｼﾞｬｹｯﾄ BK M 鳳凰,21SJ-14K,BK 鳳凰,M,神奈川県,1.00,KMC北関東
2025,202508,20250828,1392,株式会社JTBふるさと開発事業部,4524486107559,21SJ-14K ﾚｻﾞｰｼﾞｬｹｯﾄ NV M 鉄流水雪輪,21SJ-14K,NV 鉄流,M,NULL,1.00,NULL
2025,202508,20250829,0789,ﾅｯﾌﾟｽ ﾍﾞｲｻｲﾄﾞ幸浦店,4524486093647,21SJ-14K ﾚｻﾞｰｼﾞｬｹｯﾄ BK L 風神雷神BE,21SJ-14K,BK-BE風,L,神奈川県,1.00,NAPS
2025,202508,20250829,0789,ﾅｯﾌﾟｽ ﾍﾞｲｻｲﾄﾞ幸浦店,4524486093654,21SJ-14K ﾚｻﾞｰｼﾞｬｹｯﾄ BK XL 風神雷神BE,21SJ-14K,BK-BE風,XL,神奈川県,1.00,NAPS
2025,202508,20250829,0789,ﾅｯﾌﾟｽ ﾍﾞｲｻｲﾄﾞ幸浦店,4524486093661,21SJ-14K ﾚｻﾞｰｼﾞｬｹｯﾄ BK M 流水雪輪,21SJ-14K,BK 流水,M,神奈川県,1.00,NAPS
2025,202508,20250829,0789,ﾅｯﾌﾟｽ ﾍﾞｲｻｲﾄﾞ幸浦店,4524486093685,21SJ-14K ﾚｻﾞｰｼﾞｬｹｯﾄ BK XL 流水雪輪,21SJ-14K,BK 流水,XL,神奈川県,1.00,NAPS
2025,202508,20250829,0789,ﾅｯﾌﾟｽ ﾍﾞｲｻｲﾄﾞ幸浦店,4524486093692,21SJ-14K ﾚｻﾞｰｼﾞｬｹｯﾄ BK M 桧垣桜,21SJ-14K,BK 桧垣,M,神奈川県,1.00,NAPS
2025,202508,20250829,0789,ﾅｯﾌﾟｽ ﾍﾞｲｻｲﾄﾞ幸浦店,4524486093708,21SJ-14K ﾚｻﾞｰｼﾞｬｹｯﾄ BK L 桧垣桜,21SJ-14K,BK 桧垣,L,神奈川県,1.00,NAPS
2025,202508,20250829,0789,ﾅｯﾌﾟｽ ﾍﾞｲｻｲﾄﾞ幸浦店,4524486094958,21SJ-14K ﾚｻﾞｰｼﾞｬｹｯﾄ BK M 鉄流水雪輪,21SJ-14K,BK 鉄流,M,神奈川県,1.00,NAPS
2025,202508,20250829,0789,ﾅｯﾌﾟｽ ﾍﾞｲｻｲﾄﾞ幸浦店,4524486094965,21SJ-14K ﾚｻﾞｰｼﾞｬｹｯﾄ BK L 鉄流水雪輪,21SJ-14K,BK 鉄流,L,神奈川県,1.00,NAPS
2025,202508,20250829,0789,ﾅｯﾌﾟｽ ﾍﾞｲｻｲﾄﾞ幸浦店,4524486094972,21SJ-14K ﾚｻﾞｰｼﾞｬｹｯﾄ BK XL 鉄流水雪輪,21SJ-14K,BK 鉄流,XL,神奈川県,1.00,NAPS
2025,202508,20250829,0789,ﾅｯﾌﾟｽ ﾍﾞｲｻｲﾄﾞ幸浦店,4524486103247,21SJ-14K ﾚｻﾞｰｼﾞｬｹｯﾄ BK L 雲龍,21SJ-14K,BK 雲龍,L,神奈川県,1.00,NAPS
2025,202508,20250829,0789,ﾅｯﾌﾟｽ ﾍﾞｲｻｲﾄﾞ幸浦店,4524486103254,21SJ-14K ﾚｻﾞｰｼﾞｬｹｯﾄ BK XL 雲龍,21SJ-14K,BK 雲龍,XL,神奈川県,1.00,NAPS
2025,202508,20250829,0789,ﾅｯﾌﾟｽ ﾍﾞｲｻｲﾄﾞ幸浦店,4524486106538,21SJ-14K ﾚｻﾞｰｼﾞｬｹｯﾄ RD M 鉄流水雪輪,21SJ-14K,RD 鉄流,M,神奈川県,1.00,NAPS
2025,202508,20250829,0789,ﾅｯﾌﾟｽ ﾍﾞｲｻｲﾄﾞ幸浦店,4524486106552,21SJ-14K ﾚｻﾞｰｼﾞｬｹｯﾄ RD XL 鉄流水雪輪,21SJ-14K,RD 鉄流,XL,神奈川県,1.00,NAPS
2025,202508,20250829,0789,ﾅｯﾌﾟｽ ﾍﾞｲｻｲﾄﾞ幸浦店,4524486107566,21SJ-14K ﾚｻﾞｰｼﾞｬｹｯﾄ NV L 鉄流水雪輪,21SJ-14K,NV 鉄流,L,神奈川県,1.00,NAPS
2025,202508,20250829,0789,ﾅｯﾌﾟｽ ﾍﾞｲｻｲﾄﾞ幸浦店,4524486109492,21SJ-14K ﾚｻﾞｰｼﾞｬｹｯﾄ BK L 鳳凰,21SJ-14K,BK 鳳凰,L,神奈川県,1.00,NAPS
2025,202508,20250829,0789,ﾅｯﾌﾟｽ ﾍﾞｲｻｲﾄﾞ幸浦店,4524486109508,21SJ-14K ﾚｻﾞｰｼﾞｬｹｯﾄ BK XL 鳳凰,21SJ-14K,BK 鳳凰,XL,神奈川県,1.00,NAPS
2025,202508,20250829,0789,ﾅｯﾌﾟｽ ﾍﾞｲｻｲﾄﾞ幸浦店,4524486111488,21SJ-14K ﾚｻﾞｰｼﾞｬｹｯﾄ BK M 輝龍,21SJ-14K,BK 輝龍,M,神奈川県,1.00,NAPS
2025,202508,20250829,0789,ﾅｯﾌﾟｽ ﾍﾞｲｻｲﾄﾞ幸浦店,4524486111501,21SJ-14K ﾚｻﾞｰｼﾞｬｹｯﾄ BK XL 輝龍,21SJ-14K,BK 輝龍,XL,神奈川県,1.00,NAPS
2025,202508,20250831,9996,株式会社 ﾃﾞｸﾞﾅｰ,4524486109522,21SJ-14K ﾚｻﾞｰｼﾞｬｹｯﾄ BK XLW 流水雪輪,21SJ-14K,BK 流水,XLW,NULL,1.00,NULL
2025,202509,20250901,0000,いちげん,4524486094965,21SJ-14K ﾚｻﾞｰｼﾞｬｹｯﾄ BK L 鉄流水雪輪,21SJ-14K,BK 鉄流,L,NULL,1.00,NULL
2025,202509,20250901,0000,いちげん,4524486106545,21SJ-14K ﾚｻﾞｰｼﾞｬｹｯﾄ RD L 鉄流水雪輪,21SJ-14K,RD 鉄流,L,NULL,1.00,NULL
2025,202509,20250901,0000,いちげん,4524486111495,21SJ-14K ﾚｻﾞｰｼﾞｬｹｯﾄ BK L 輝龍,21SJ-14K,BK 輝龍,L,NULL,1.00,NULL
2025,202509,20250901,0433,南海部品 宇都宮店,4524486109508,21SJ-14K ﾚｻﾞｰｼﾞｬｹｯﾄ BK XL 鳳凰,21SJ-14K,BK 鳳凰,XL,栃木県,1.00,NAPS
2025,202509,20250901,0433,南海部品 宇都宮店,4524486111495,21SJ-14K ﾚｻﾞｰｼﾞｬｹｯﾄ BK L 輝龍,21SJ-14K,BK 輝龍,L,栃木県,1.00,NAPS
2025,202509,20250901,0560,ﾄﾞﾗｲﾊﾞｰｽﾞ 神栖店,4524486109492,21SJ-14K ﾚｻﾞｰｼﾞｬｹｯﾄ BK L 鳳凰,21SJ-14K,BK 鳳凰,L,茨城県,1.00,NAPS
2025,202509,20250901,0560,ﾄﾞﾗｲﾊﾞｰｽﾞ 神栖店,4524486111501,21SJ-14K ﾚｻﾞｰｼﾞｬｹｯﾄ BK XL 輝龍,21SJ-14K,BK 輝龍,XL,茨城県,1.00,NAPS
2025,202509,20250901,0574,株式会社ﾘﾊﾞｰｸﾚｲﾝ,4524486097966,21SJ-14K ﾚｻﾞｰｼﾞｬｹｯﾄ BK LW 鉄流水雪輪,21SJ-14K,BK 鉄流,LW,神奈川県,1.00,KMC北関東
2025,202509,20250901,1168,722 福岡2りんかん,4524486093678,21SJ-14K ﾚｻﾞｰｼﾞｬｹｯﾄ BK L 流水雪輪,21SJ-14K,BK 流水,L,福岡県,1.00,KMC北日本
2025,202509,20250901,1168,722 福岡2りんかん,4524486093715,21SJ-14K ﾚｻﾞｰｼﾞｬｹｯﾄ BK XL 桧垣桜,21SJ-14K,BK 桧垣,XL,福岡県,1.00,KMC北日本
2025,202509,20250901,1386,ﾅｯﾌﾟｽ 一宮店,4524486093678,21SJ-14K ﾚｻﾞｰｼﾞｬｹｯﾄ BK L 流水雪輪,21SJ-14K,BK 流水,L,愛知県,1.00,NAPS
2025,202509,20250901,1386,ﾅｯﾌﾟｽ 一宮店,4524486093685,21SJ-14K ﾚｻﾞｰｼﾞｬｹｯﾄ BK XL 流水雪輪,21SJ-14K,BK 流水,XL,愛知県,1.00,NAPS
2025,202509,20250901,1386,ﾅｯﾌﾟｽ 一宮店,4524486093715,21SJ-14K ﾚｻﾞｰｼﾞｬｹｯﾄ BK XL 桧垣桜,21SJ-14K,BK 桧垣,XL,愛知県,1.00,NAPS
2025,202509,20250902,0168,ﾗｲｺﾗﾝﾄﾞ 柏店,4524486111495,21SJ-14K ﾚｻﾞｰｼﾞｬｹｯﾄ BK L 輝龍,21SJ-14K,BK 輝龍,L,千葉県,1.00,NAPS
2025,202509,20250902,0168,ﾗｲｺﾗﾝﾄﾞ 柏店,4524486111501,21SJ-14K ﾚｻﾞｰｼﾞｬｹｯﾄ BK XL 輝龍,21SJ-14K,BK 輝龍,XL,千葉県,1.00,NAPS
2025,202509,20250902,0598,ﾗｲｺﾗﾝﾄﾞ TokyoBay東雲店,4524486106545,21SJ-14K ﾚｻﾞｰｼﾞｬｹｯﾄ RD L 鉄流水雪輪,21SJ-14K,RD 鉄流,L,東京都,1.00,NAPS
2025,202509,20250903,9996,株式会社 ﾃﾞｸﾞﾅｰ,4524486097966,21SJ-14K ﾚｻﾞｰｼﾞｬｹｯﾄ BK LW 鉄流水雪輪,21SJ-14K,BK 鉄流,LW,NULL,1.00,NULL
2025,202509,20250903,show,デグナー京都本店,4524486093715,21SJ-14K ﾚｻﾞｰｼﾞｬｹｯﾄ BK XL 桧垣桜,21SJ-14K,BK 桧垣,XL,京都府,1.00,NULL
2025,202509,20250904,0000,いちげん,4524486093715,21SJ-14K ﾚｻﾞｰｼﾞｬｹｯﾄ BK XL 桧垣桜,21SJ-14K,BK 桧垣,XL,NULL,1.00,NULL
2025,202509,20250904,1392,株式会社JTBふるさと開発事業部,4524486093692,21SJ-14K ﾚｻﾞｰｼﾞｬｹｯﾄ BK M 桧垣桜,21SJ-14K,BK 桧垣,M,NULL,1.00,NULL
2025,202509,20250906,9996,株式会社 ﾃﾞｸﾞﾅｰ,4524486107566,21SJ-14K ﾚｻﾞｰｼﾞｬｹｯﾄ NV L 鉄流水雪輪,21SJ-14K,NV 鉄流,L,NULL,1.00,NULL
2025,202509,20250906,show,デグナー京都本店,4524486093678,21SJ-14K ﾚｻﾞｰｼﾞｬｹｯﾄ BK L 流水雪輪,21SJ-14K,BK 流水,L,京都府,1.00,NULL
2025,202509,20250906,show,デグナー京都本店,4524486093692,21SJ-14K ﾚｻﾞｰｼﾞｬｹｯﾄ BK M 桧垣桜,21SJ-14K,BK 桧垣,M,京都府,1.00,NULL
2025,202509,20250908,0433,南海部品 宇都宮店,4524486107566,21SJ-14K ﾚｻﾞｰｼﾞｬｹｯﾄ NV L 鉄流水雪輪,21SJ-14K,NV 鉄流,L,栃木県,1.00,NAPS
2025,202509,20250909,0000,いちげん,4524486094965,21SJ-14K ﾚｻﾞｰｼﾞｬｹｯﾄ BK L 鉄流水雪輪,21SJ-14K,BK 鉄流,L,NULL,1.00,NULL
2025,202509,20250909,1223,ﾗｲｺﾗﾝﾄﾞ CuBe札幌白石店,4524486093708,21SJ-14K ﾚｻﾞｰｼﾞｬｹｯﾄ BK L 桧垣桜,21SJ-14K,BK 桧垣,L,北海道,1.00,NAPS
2025,202509,20250909,ansi,ANSIN MOTO CO.,4524486103254,21SJ-14K ﾚｻﾞｰｼﾞｬｹｯﾄ BK XL 雲龍,21SJ-14K,BK 雲龍,XL,台湾,1.00,NULL
2025,202509,20250910,0239,株式会社 ｻｲｸﾙﾜｰﾙﾄﾞ神戸本店,4524486093661,21SJ-14K ﾚｻﾞｰｼﾞｬｹｯﾄ BK M 流水雪輪,21SJ-14K,BK 流水,M,兵庫県,1.00,KMC北関東
2025,202509,20250910,1392,株式会社JTBふるさと開発事業部,4524486093715,21SJ-14K ﾚｻﾞｰｼﾞｬｹｯﾄ BK XL 桧垣桜,21SJ-14K,BK 桧垣,XL,NULL,1.00,NULL
2025,202509,20250910,9996,株式会社 ﾃﾞｸﾞﾅｰ,4524486109515,21SJ-14K ﾚｻﾞｰｼﾞｬｹｯﾄ BK XLW 桧垣桜,21SJ-14K,BK 桧垣,XLW,NULL,1.00,NULL
2025,202509,20250910,9996,株式会社 ﾃﾞｸﾞﾅｰ,4524486109522,21SJ-14K ﾚｻﾞｰｼﾞｬｹｯﾄ BK XLW 流水雪輪,21SJ-14K,BK 流水,XLW,NULL,1.00,NULL
2025,202509,20250911,0986,ﾗｲｺﾗﾝﾄﾞ 沖縄店,4524486103230,21SJ-14K ﾚｻﾞｰｼﾞｬｹｯﾄ BK M 雲龍,21SJ-14K,BK 雲龍,M,沖縄県,1.00,NAPS
2025,202509,20250911,1270,ﾅｯﾌﾟｽ 豊橋店,4524486093661,21SJ-14K ﾚｻﾞｰｼﾞｬｹｯﾄ BK M 流水雪輪,21SJ-14K,BK 流水,M,愛知県,1.00,NAPS
2025,202509,20250911,1270,ﾅｯﾌﾟｽ 豊橋店,4524486093708,21SJ-14K ﾚｻﾞｰｼﾞｬｹｯﾄ BK L 桧垣桜,21SJ-14K,BK 桧垣,L,愛知県,1.00,NAPS
2025,202509,20250911,1270,ﾅｯﾌﾟｽ 豊橋店,4524486111488,21SJ-14K ﾚｻﾞｰｼﾞｬｹｯﾄ BK M 輝龍,21SJ-14K,BK 輝龍,M,愛知県,1.00,NAPS
2025,202509,20250911,1270,ﾅｯﾌﾟｽ 豊橋店,4524486111495,21SJ-14K ﾚｻﾞｰｼﾞｬｹｯﾄ BK L 輝龍,21SJ-14K,BK 輝龍,L,愛知県,1.00,NAPS
2025,202509,20250911,9996,株式会社 ﾃﾞｸﾞﾅｰ,4524486093654,21SJ-14K ﾚｻﾞｰｼﾞｬｹｯﾄ BK XL 風神雷神BE,21SJ-14K,BK-BE風,XL,NULL,1.00,NULL
2025,202509,20250912,0598,ﾗｲｺﾗﾝﾄﾞ TokyoBay東雲店,4524486093630,21SJ-14K ﾚｻﾞｰｼﾞｬｹｯﾄ BK M 風神雷神BE,21SJ-14K,BK-BE風,M,東京都,1.00,NAPS
2025,202509,20250912,0598,ﾗｲｺﾗﾝﾄﾞ TokyoBay東雲店,4524486093678,21SJ-14K ﾚｻﾞｰｼﾞｬｹｯﾄ BK L 流水雪輪,21SJ-14K,BK 流水,L,東京都,1.00,NAPS
2025,202509,20250912,0598,ﾗｲｺﾗﾝﾄﾞ TokyoBay東雲店,4524486093715,21SJ-14K ﾚｻﾞｰｼﾞｬｹｯﾄ BK XL 桧垣桜,21SJ-14K,BK 桧垣,XL,東京都,1.00,NAPS
2025,202509,20250912,0598,ﾗｲｺﾗﾝﾄﾞ TokyoBay東雲店,4524486097959,21SJ-14K ﾚｻﾞｰｼﾞｬｹｯﾄ BK LW 流水雪輪,21SJ-14K,BK 流水,LW,東京都,1.00,NAPS
2025,202509,20250912,0598,ﾗｲｺﾗﾝﾄﾞ TokyoBay東雲店,4524486106538,21SJ-14K ﾚｻﾞｰｼﾞｬｹｯﾄ RD M 鉄流水雪輪,21SJ-14K,RD 鉄流,M,東京都,1.00,NAPS
2025,202509,20250912,0598,ﾗｲｺﾗﾝﾄﾞ TokyoBay東雲店,4524486109485,21SJ-14K ﾚｻﾞｰｼﾞｬｹｯﾄ BK M 鳳凰,21SJ-14K,BK 鳳凰,M,東京都,1.00,NAPS
2025,202509,20250912,0598,ﾗｲｺﾗﾝﾄﾞ TokyoBay東雲店,4524486109515,21SJ-14K ﾚｻﾞｰｼﾞｬｹｯﾄ BK XLW 桧垣桜,21SJ-14K,BK 桧垣,XLW,東京都,1.00,NAPS
2025,202509,20250912,0598,ﾗｲｺﾗﾝﾄﾞ TokyoBay東雲店,4524486109522,21SJ-14K ﾚｻﾞｰｼﾞｬｹｯﾄ BK XLW 流水雪輪,21SJ-14K,BK 流水,XLW,東京都,1.00,NAPS
2025,202509,20250912,1392,株式会社JTBふるさと開発事業部,4524486093678,21SJ-14K ﾚｻﾞｰｼﾞｬｹｯﾄ BK L 流水雪輪,21SJ-14K,BK 流水,L,NULL,1.00,NULL
2025,202509,20250912,1392,株式会社JTBふるさと開発事業部,4524486111495,21SJ-14K ﾚｻﾞｰｼﾞｬｹｯﾄ BK L 輝龍,21SJ-14K,BK 輝龍,L,NULL,1.00,NULL
2025,202509,20250912,rihk,FSM TRADING (HK) LIMITED/ Rider Shop HK,4524486093692,21SJ-14K ﾚｻﾞｰｼﾞｬｹｯﾄ BK M 桧垣桜,21SJ-14K,BK 桧垣,M,香港,1.00,NULL
2025,202509,20250913,9996,株式会社 ﾃﾞｸﾞﾅｰ,4524486094958,21SJ-14K ﾚｻﾞｰｼﾞｬｹｯﾄ BK M 鉄流水雪輪,21SJ-14K,BK 鉄流,M,NULL,1.00,NULL
2025,202509,20250913,show,デグナー京都本店,4524486109508,21SJ-14K ﾚｻﾞｰｼﾞｬｹｯﾄ BK XL 鳳凰,21SJ-14K,BK 鳳凰,XL,京都府,1.00,NULL
2025,202509,20250914,show,デグナー京都本店,4524486106545,21SJ-14K ﾚｻﾞｰｼﾞｬｹｯﾄ RD L 鉄流水雪輪,21SJ-14K,RD 鉄流,L,京都府,1.00,NULL
2025,202509,20250915,9996,株式会社 ﾃﾞｸﾞﾅｰ,4524486106545,21SJ-14K ﾚｻﾞｰｼﾞｬｹｯﾄ RD L 鉄流水雪輪,21SJ-14K,RD 鉄流,L,NULL,1.00,NULL
2025,202509,20250916,0000,いちげん,4524486093678,21SJ-14K ﾚｻﾞｰｼﾞｬｹｯﾄ BK L 流水雪輪,21SJ-14K,BK 流水,L,NULL,1.00,NULL
2025,202509,20250916,1273,ﾗｲｺﾗﾝﾄﾞ 小倉店,4524486111495,21SJ-14K ﾚｻﾞｰｼﾞｬｹｯﾄ BK L 輝龍,21SJ-14K,BK 輝龍,L,福岡県,-1.00,NAPS
2025,202509,20250916,1273,ﾗｲｺﾗﾝﾄﾞ 小倉店,4524486111501,21SJ-14K ﾚｻﾞｰｼﾞｬｹｯﾄ BK XL 輝龍,21SJ-14K,BK 輝龍,XL,福岡県,-1.00,NAPS
2025,202509,20250917,0840,南海部品 鹿児島店,4524486093715,21SJ-14K ﾚｻﾞｰｼﾞｬｹｯﾄ BK XL 桧垣桜,21SJ-14K,BK 桧垣,XL,鹿児島県,1.00,NAPS
2025,202509,20250918,0000,いちげん,4524486094965,21SJ-14K ﾚｻﾞｰｼﾞｬｹｯﾄ BK L 鉄流水雪輪,21SJ-14K,BK 鉄流,L,NULL,1.00,NULL
2025,202509,20250918,1247,ﾗｲｺﾗﾝﾄﾞ 水戸店,4524486111495,21SJ-14K ﾚｻﾞｰｼﾞｬｹｯﾄ BK L 輝龍,21SJ-14K,BK 輝龍,L,茨城県,1.00,NAPS
2025,202509,20250918,1247,ﾗｲｺﾗﾝﾄﾞ 水戸店,4524486111501,21SJ-14K ﾚｻﾞｰｼﾞｬｹｯﾄ BK XL 輝龍,21SJ-14K,BK 輝龍,XL,茨城県,1.00,NAPS
2025,202509,20250918,1392,株式会社JTBふるさと開発事業部,4524486097959,21SJ-14K ﾚｻﾞｰｼﾞｬｹｯﾄ BK LW 流水雪輪,21SJ-14K,BK 流水,LW,NULL,1.00,NULL
2025,202509,20250918,1392,株式会社JTBふるさと開発事業部,4524486103254,21SJ-14K ﾚｻﾞｰｼﾞｬｹｯﾄ BK XL 雲龍,21SJ-14K,BK 雲龍,XL,NULL,1.00,NULL
2025,202509,20250918,1392,株式会社JTBふるさと開発事業部,4524486109485,21SJ-14K ﾚｻﾞｰｼﾞｬｹｯﾄ BK M 鳳凰,21SJ-14K,BK 鳳凰,M,NULL,1.00,NULL
2025,202509,20250918,ansi,ANSIN MOTO CO.,4524486093692,21SJ-14K ﾚｻﾞｰｼﾞｬｹｯﾄ BK M 桧垣桜,21SJ-14K,BK 桧垣,M,台湾,1.00,NULL
2025,202509,20250919,0653,株式会社 光輝 南海部品仙台店,4524486093708,21SJ-14K ﾚｻﾞｰｼﾞｬｹｯﾄ BK L 桧垣桜,21SJ-14K,BK 桧垣,L,宮城県,1.00,NAPS
2025,202509,20250919,0653,株式会社 光輝 南海部品仙台店,4524486109508,21SJ-14K ﾚｻﾞｰｼﾞｬｹｯﾄ BK XL 鳳凰,21SJ-14K,BK 鳳凰,XL,宮城県,1.00,NAPS
2025,202509,20250919,1273,ﾗｲｺﾗﾝﾄﾞ 小倉店,4524486093708,21SJ-14K ﾚｻﾞｰｼﾞｬｹｯﾄ BK L 桧垣桜,21SJ-14K,BK 桧垣,L,福岡県,1.00,NAPS
2025,202509,20250919,1273,ﾗｲｺﾗﾝﾄﾞ 小倉店,4524486093715,21SJ-14K ﾚｻﾞｰｼﾞｬｹｯﾄ BK XL 桧垣桜,21SJ-14K,BK 桧垣,XL,福岡県,1.00,NAPS
2025,202509,20250920,show,デグナー京都本店,4524486107566,21SJ-14K ﾚｻﾞｰｼﾞｬｹｯﾄ NV L 鉄流水雪輪,21SJ-14K,NV 鉄流,L,京都府,1.00,NULL
2025,202509,20250922,0000,いちげん,4524486093661,21SJ-14K ﾚｻﾞｰｼﾞｬｹｯﾄ BK M 流水雪輪,21SJ-14K,BK 流水,M,NULL,1.00,NULL
2025,202509,20250922,0000,いちげん,4524486093715,21SJ-14K ﾚｻﾞｰｼﾞｬｹｯﾄ BK XL 桧垣桜,21SJ-14K,BK 桧垣,XL,NULL,1.00,NULL
2025,202509,20250922,0000,いちげん,4524486093715,21SJ-14K ﾚｻﾞｰｼﾞｬｹｯﾄ BK XL 桧垣桜,21SJ-14K,BK 桧垣,XL,NULL,1.00,NULL
2025,202509,20250922,0000,いちげん,4524486097959,21SJ-14K ﾚｻﾞｰｼﾞｬｹｯﾄ BK LW 流水雪輪,21SJ-14K,BK 流水,LW,NULL,1.00,NULL
2025,202509,20250922,0239,株式会社 ｻｲｸﾙﾜｰﾙﾄﾞ神戸本店,4524486093715,21SJ-14K ﾚｻﾞｰｼﾞｬｹｯﾄ BK XL 桧垣桜,21SJ-14K,BK 桧垣,XL,兵庫県,1.00,KMC北関東
2025,202509,20250922,1249,ﾗｲｺﾗﾝﾄﾞ 富士店,4524486103230,21SJ-14K ﾚｻﾞｰｼﾞｬｹｯﾄ BK M 雲龍,21SJ-14K,BK 雲龍,M,静岡県,1.00,NAPS
2025,202509,20250922,1249,ﾗｲｺﾗﾝﾄﾞ 富士店,4524486103247,21SJ-14K ﾚｻﾞｰｼﾞｬｹｯﾄ BK L 雲龍,21SJ-14K,BK 雲龍,L,静岡県,1.00,NAPS
2025,202509,20250922,1249,ﾗｲｺﾗﾝﾄﾞ 富士店,4524486103254,21SJ-14K ﾚｻﾞｰｼﾞｬｹｯﾄ BK XL 雲龍,21SJ-14K,BK 雲龍,XL,静岡県,1.00,NAPS
2025,202509,20250922,1249,ﾗｲｺﾗﾝﾄﾞ 富士店,4524486111488,21SJ-14K ﾚｻﾞｰｼﾞｬｹｯﾄ BK M 輝龍,21SJ-14K,BK 輝龍,M,静岡県,1.00,NAPS
2025,202509,20250922,1249,ﾗｲｺﾗﾝﾄﾞ 富士店,4524486111495,21SJ-14K ﾚｻﾞｰｼﾞｬｹｯﾄ BK L 輝龍,21SJ-14K,BK 輝龍,L,静岡県,1.00,NAPS
2025,202509,20250922,1249,ﾗｲｺﾗﾝﾄﾞ 富士店,4524486111501,21SJ-14K ﾚｻﾞｰｼﾞｬｹｯﾄ BK XL 輝龍,21SJ-14K,BK 輝龍,XL,静岡県,1.00,NAPS
2025,202509,20250922,1301,ﾊﾟｰｸｱｯﾌﾟ株式会社,4524486093715,21SJ-14K ﾚｻﾞｰｼﾞｬｹｯﾄ BK XL 桧垣桜,21SJ-14K,BK 桧垣,XL,兵庫県,1.00,KMC北関東
2025,202509,20250922,9996,株式会社 ﾃﾞｸﾞﾅｰ,4524486111501,21SJ-14K ﾚｻﾞｰｼﾞｬｹｯﾄ BK XL 輝龍,21SJ-14K,BK 輝龍,XL,NULL,1.00,NULL
2025,202509,20250923,EVNT,販売店様ｲﾍﾞﾝﾄ,4524486093678,21SJ-14K ﾚｻﾞｰｼﾞｬｹｯﾄ BK L 流水雪輪,21SJ-14K,BK 流水,L,NULL,1.00,NULL
2025,202509,20250924,0168,ﾗｲｺﾗﾝﾄﾞ 柏店,4524486106552,21SJ-14K ﾚｻﾞｰｼﾞｬｹｯﾄ RD XL 鉄流水雪輪,21SJ-14K,RD 鉄流,XL,千葉県,1.00,NAPS
2025,202509,20250924,1301,ﾊﾟｰｸｱｯﾌﾟ株式会社,4524486106552,21SJ-14K ﾚｻﾞｰｼﾞｬｹｯﾄ RD XL 鉄流水雪輪,21SJ-14K,RD 鉄流,XL,兵庫県,1.00,KMC北関東
2025,202509,20250925,0000,いちげん,4524486093685,21SJ-14K ﾚｻﾞｰｼﾞｬｹｯﾄ BK XL 流水雪輪,21SJ-14K,BK 流水,XL,NULL,1.00,NULL
2025,202509,20250925,1113,ﾅｯﾌﾟｽ 仙台泉ｲﾝﾀｰ店,4524486093678,21SJ-14K ﾚｻﾞｰｼﾞｬｹｯﾄ BK L 流水雪輪,21SJ-14K,BK 流水,L,宮城県,1.00,NAPS
2025,202509,20250926,0000,いちげん,4524486093647,21SJ-14K ﾚｻﾞｰｼﾞｬｹｯﾄ BK L 風神雷神BE,21SJ-14K,BK-BE風,L,NULL,1.00,NULL
2025,202509,20250926,0000,いちげん,4524486109522,21SJ-14K ﾚｻﾞｰｼﾞｬｹｯﾄ BK XLW 流水雪輪,21SJ-14K,BK 流水,XLW,NULL,1.00,NULL
2025,202509,20250927,9996,株式会社 ﾃﾞｸﾞﾅｰ,4524486093630,21SJ-14K ﾚｻﾞｰｼﾞｬｹｯﾄ BK M 風神雷神BE,21SJ-14K,BK-BE風,M,NULL,1.00,NULL
2025,202509,20250927,9996,株式会社 ﾃﾞｸﾞﾅｰ,4524486093661,21SJ-14K ﾚｻﾞｰｼﾞｬｹｯﾄ BK M 流水雪輪,21SJ-14K,BK 流水,M,NULL,1.00,NULL
2025,202509,20250927,show,デグナー京都本店,4524486109485,21SJ-14K ﾚｻﾞｰｼﾞｬｹｯﾄ BK M 鳳凰,21SJ-14K,BK 鳳凰,M,京都府,1.00,NULL
2025,202509,20250928,9996,株式会社 ﾃﾞｸﾞﾅｰ,4524486103230,21SJ-14K ﾚｻﾞｰｼﾞｬｹｯﾄ BK M 雲龍,21SJ-14K,BK 雲龍,M,NULL,1.00,NULL
2025,202509,20250929,0000,いちげん,4524486106538,21SJ-14K ﾚｻﾞｰｼﾞｬｹｯﾄ RD M 鉄流水雪輪,21SJ-14K,RD 鉄流,M,NULL,1.00,NULL
2025,202509,20250929,0688,南海部品株式会社,4524486093678,21SJ-14K ﾚｻﾞｰｼﾞｬｹｯﾄ BK L 流水雪輪,21SJ-14K,BK 流水,L,大阪府,1.00,卸
2025,202509,20250929,1301,ﾊﾟｰｸｱｯﾌﾟ株式会社,4524486093708,21SJ-14K ﾚｻﾞｰｼﾞｬｹｯﾄ BK L 桧垣桜,21SJ-14K,BK 桧垣,L,兵庫県,1.00,KMC北関東
2025,202509,20250930,0000,いちげん,4524486093661,21SJ-14K ﾚｻﾞｰｼﾞｬｹｯﾄ BK M 流水雪輪,21SJ-14K,BK 流水,M,NULL,1.00,NULL
2025,202509,20250930,0434,南海部品 太田店,4524486109485,21SJ-14K ﾚｻﾞｰｼﾞｬｹｯﾄ BK M 鳳凰,21SJ-14K,BK 鳳凰,M,群馬県,1.00,NAPS
2025,202509,20250930,0434,南海部品 太田店,4524486111488,21SJ-14K ﾚｻﾞｰｼﾞｬｹｯﾄ BK M 輝龍,21SJ-14K,BK 輝龍,M,群馬県,1.00,NAPS
2025,202509,20250930,0789,ﾅｯﾌﾟｽ ﾍﾞｲｻｲﾄﾞ幸浦店,4524486106552,21SJ-14K ﾚｻﾞｰｼﾞｬｹｯﾄ RD XL 鉄流水雪輪,21SJ-14K,RD 鉄流,XL,神奈川県,1.00,NAPS
2025,202509,20250930,1392,株式会社JTBふるさと開発事業部,4524486093678,21SJ-14K ﾚｻﾞｰｼﾞｬｹｯﾄ BK L 流水雪輪,21SJ-14K,BK 流水,L,NULL,1.00,NULL
2025,202509,20250930,1392,株式会社JTBふるさと開発事業部,4524486093692,21SJ-14K ﾚｻﾞｰｼﾞｬｹｯﾄ BK M 桧垣桜,21SJ-14K,BK 桧垣,M,NULL,1.00,NULL
2025,202509,20250930,1392,株式会社JTBふるさと開発事業部,4524486093708,21SJ-14K ﾚｻﾞｰｼﾞｬｹｯﾄ BK L 桧垣桜,21SJ-14K,BK 桧垣,L,NULL,1.00,NULL
2025,202509,20250930,1392,株式会社JTBふるさと開発事業部,4524486109485,21SJ-14K ﾚｻﾞｰｼﾞｬｹｯﾄ BK M 鳳凰,21SJ-14K,BK 鳳凰,M,NULL,1.00,NULL
2025,202509,20250930,1392,株式会社JTBふるさと開発事業部,4524486109485,21SJ-14K ﾚｻﾞｰｼﾞｬｹｯﾄ BK M 鳳凰,21SJ-14K,BK 鳳凰,M,NULL,1.00,NULL
2025,202509,20250930,1392,株式会社JTBふるさと開発事業部,4524486111488,21SJ-14K ﾚｻﾞｰｼﾞｬｹｯﾄ BK M 輝龍,21SJ-14K,BK 輝龍,M,NULL,1.00,NULL
2025,202510,20251001,1113,ﾅｯﾌﾟｽ 仙台泉ｲﾝﾀｰ店,4524486093647,21SJ-14K ﾚｻﾞｰｼﾞｬｹｯﾄ BK L 風神雷神BE,21SJ-14K,BK-BE風,L,宮城県,1.00,NAPS
2025,202510,20251001,1392,株式会社JTBふるさと開発事業部,4524486097973,21SJ-14K ﾚｻﾞｰｼﾞｬｹｯﾄ BK LW 桧垣桜,21SJ-14K,BK 桧垣,LW,NULL,1.00,NULL
2025,202510,20251001,1392,株式会社JTBふるさと開発事業部,4524486103230,21SJ-14K ﾚｻﾞｰｼﾞｬｹｯﾄ BK M 雲龍,21SJ-14K,BK 雲龍,M,NULL,1.00,NULL
2025,202510,20251001,1392,株式会社JTBふるさと開発事業部,4524486103254,21SJ-14K ﾚｻﾞｰｼﾞｬｹｯﾄ BK XL 雲龍,21SJ-14K,BK 雲龍,XL,NULL,1.00,NULL
2025,202510,20251001,1392,株式会社JTBふるさと開発事業部,4524486111495,21SJ-14K ﾚｻﾞｰｼﾞｬｹｯﾄ BK L 輝龍,21SJ-14K,BK 輝龍,L,NULL,1.00,NULL
2025,202510,20251001,9996,株式会社 ﾃﾞｸﾞﾅｰ,4524486107573,21SJ-14K ﾚｻﾞｰｼﾞｬｹｯﾄ NV XL 鉄流水雪輪,21SJ-14K,NV 鉄流,XL,NULL,1.00,NULL
2025,202510,20251002,0168,ﾗｲｺﾗﾝﾄﾞ 柏店,4524486093692,21SJ-14K ﾚｻﾞｰｼﾞｬｹｯﾄ BK M 桧垣桜,21SJ-14K,BK 桧垣,M,千葉県,1.00,NAPS
2025,202510,20251002,1223,ﾗｲｺﾗﾝﾄﾞ CuBe札幌白石店,4524486111501,21SJ-14K ﾚｻﾞｰｼﾞｬｹｯﾄ BK XL 輝龍,21SJ-14K,BK 輝龍,XL,北海道,1.00,NAPS
2025,202510,20251002,1392,株式会社JTBふるさと開発事業部,4524486093661,21SJ-14K ﾚｻﾞｰｼﾞｬｹｯﾄ BK M 流水雪輪,21SJ-14K,BK 流水,M,NULL,1.00,NULL
2025,202510,20251002,1392,株式会社JTBふるさと開発事業部,4524486093708,21SJ-14K ﾚｻﾞｰｼﾞｬｹｯﾄ BK L 桧垣桜,21SJ-14K,BK 桧垣,L,NULL,1.00,NULL
2025,202510,20251002,1449,横浜ﾌﾙﾌｨﾙﾒﾝﾄｾﾝﾀｰ,4524486106552,21SJ-14K ﾚｻﾞｰｼﾞｬｹｯﾄ RD XL 鉄流水雪輪,21SJ-14K,RD 鉄流,XL,神奈川県,1.00,KMC北関東
2025,202510,20251003,1392,株式会社JTBふるさと開発事業部,4524486103247,21SJ-14K ﾚｻﾞｰｼﾞｬｹｯﾄ BK L 雲龍,21SJ-14K,BK 雲龍,L,NULL,1.00,NULL
2025,202510,20251004,show,デグナー京都本店,4524486106538,21SJ-14K ﾚｻﾞｰｼﾞｬｹｯﾄ RD M 鉄流水雪輪,21SJ-14K,RD 鉄流,M,京都府,1.00,NULL
2025,202510,20251005,0000,いちげん,4524486093647,21SJ-14K ﾚｻﾞｰｼﾞｬｹｯﾄ BK L 風神雷神BE,21SJ-14K,BK-BE風,L,NULL,1.00,NULL
2025,202510,20251005,0000,いちげん,4524486109492,21SJ-14K ﾚｻﾞｰｼﾞｬｹｯﾄ BK L 鳳凰,21SJ-14K,BK 鳳凰,L,NULL,1.00,NULL
2025,202510,20251005,show,デグナー京都本店,4524486093647,21SJ-14K ﾚｻﾞｰｼﾞｬｹｯﾄ BK L 風神雷神BE,21SJ-14K,BK-BE風,L,京都府,1.00,NULL
2025,202510,20251006,0000,いちげん,4524486093708,21SJ-14K ﾚｻﾞｰｼﾞｬｹｯﾄ BK L 桧垣桜,21SJ-14K,BK 桧垣,L,NULL,1.00,NULL
2025,202510,20251006,1067,株式会社 ﾓﾉﾀﾞｲﾚｸﾄ,4524486109508,21SJ-14K ﾚｻﾞｰｼﾞｬｹｯﾄ BK XL 鳳凰,21SJ-14K,BK 鳳凰,XL,神奈川県,1.00,KMC北関東
2025,202510,20251006,1186,209 新山下2りんかん,4524486109508,21SJ-14K ﾚｻﾞｰｼﾞｬｹｯﾄ BK XL 鳳凰,21SJ-14K,BK 鳳凰,XL,神奈川県,1.00,KMC北日本
2025,202510,20251006,ansi,ANSIN MOTO CO.,4524486094965,21SJ-14K ﾚｻﾞｰｼﾞｬｹｯﾄ BK L 鉄流水雪輪,21SJ-14K,BK 鉄流,L,台湾,1.00,NULL
2025,202510,20251007,0168,ﾗｲｺﾗﾝﾄﾞ 柏店,4524486093708,21SJ-14K ﾚｻﾞｰｼﾞｬｹｯﾄ BK L 桧垣桜,21SJ-14K,BK 桧垣,L,千葉県,1.00,NAPS
2025,202510,20251007,0688,南海部品株式会社,4524486093678,21SJ-14K ﾚｻﾞｰｼﾞｬｹｯﾄ BK L 流水雪輪,21SJ-14K,BK 流水,L,大阪府,1.00,卸
2025,202510,20251007,0688,南海部品株式会社,4524486093685,21SJ-14K ﾚｻﾞｰｼﾞｬｹｯﾄ BK XL 流水雪輪,21SJ-14K,BK 流水,XL,大阪府,1.00,卸
2025,202510,20251007,1223,ﾗｲｺﾗﾝﾄﾞ CuBe札幌白石店,4524486111495,21SJ-14K ﾚｻﾞｰｼﾞｬｹｯﾄ BK L 輝龍,21SJ-14K,BK 輝龍,L,北海道,1.00,NAPS
2025,202510,20251007,1392,株式会社JTBふるさと開発事業部,4524486093685,21SJ-14K ﾚｻﾞｰｼﾞｬｹｯﾄ BK XL 流水雪輪,21SJ-14K,BK 流水,XL,NULL,1.00,NULL
2025,202510,20251007,1392,株式会社JTBふるさと開発事業部,4524486103247,21SJ-14K ﾚｻﾞｰｼﾞｬｹｯﾄ BK L 雲龍,21SJ-14K,BK 雲龍,L,NULL,1.00,NULL
2025,202510,20251008,0000,いちげん,4524486093708,21SJ-14K ﾚｻﾞｰｼﾞｬｹｯﾄ BK L 桧垣桜,21SJ-14K,BK 桧垣,L,NULL,1.00,NULL
2025,202510,20251008,1392,株式会社JTBふるさと開発事業部,4524486093708,21SJ-14K ﾚｻﾞｰｼﾞｬｹｯﾄ BK L 桧垣桜,21SJ-14K,BK 桧垣,L,NULL,1.00,NULL
2025,202510,20251008,1392,株式会社JTBふるさと開発事業部,4524486103247,21SJ-14K ﾚｻﾞｰｼﾞｬｹｯﾄ BK L 雲龍,21SJ-14K,BK 雲龍,L,NULL,1.00,NULL
2025,202510,20251008,9996,株式会社 ﾃﾞｸﾞﾅｰ,4524486103230,21SJ-14K ﾚｻﾞｰｼﾞｬｹｯﾄ BK M 雲龍,21SJ-14K,BK 雲龍,M,NULL,1.00,NULL
2025,202510,20251008,show,デグナー京都本店,4524486107566,21SJ-14K ﾚｻﾞｰｼﾞｬｹｯﾄ NV L 鉄流水雪輪,21SJ-14K,NV 鉄流,L,京都府,1.00,NULL
2025,202510,20251008,show,デグナー京都本店,4524486109485,21SJ-14K ﾚｻﾞｰｼﾞｬｹｯﾄ BK M 鳳凰,21SJ-14K,BK 鳳凰,M,京都府,1.00,NULL
2025,202510,20251009,0000,いちげん,4524486093708,21SJ-14K ﾚｻﾞｰｼﾞｬｹｯﾄ BK L 桧垣桜,21SJ-14K,BK 桧垣,L,NULL,1.00,NULL
2025,202510,20251009,0239,株式会社 ｻｲｸﾙﾜｰﾙﾄﾞ神戸本店,4524486093692,21SJ-14K ﾚｻﾞｰｼﾞｬｹｯﾄ BK M 桧垣桜,21SJ-14K,BK 桧垣,M,兵庫県,1.00,KMC北関東
2025,202510,20251010,0688,南海部品株式会社,4524486093661,21SJ-14K ﾚｻﾞｰｼﾞｬｹｯﾄ BK M 流水雪輪,21SJ-14K,BK 流水,M,大阪府,1.00,卸
2025,202510,20251010,1392,株式会社JTBふるさと開発事業部,4524486111488,21SJ-14K ﾚｻﾞｰｼﾞｬｹｯﾄ BK M 輝龍,21SJ-14K,BK 輝龍,M,NULL,1.00,NULL
2025,202510,20251011,show,デグナー京都本店,4524486093715,21SJ-14K ﾚｻﾞｰｼﾞｬｹｯﾄ BK XL 桧垣桜,21SJ-14K,BK 桧垣,XL,京都府,1.00,NULL
2025,202510,20251012,9996,株式会社 ﾃﾞｸﾞﾅｰ,4524486093715,21SJ-14K ﾚｻﾞｰｼﾞｬｹｯﾄ BK XL 桧垣桜,21SJ-14K,BK 桧垣,XL,NULL,1.00,NULL
2025,202510,20251013,0000,いちげん,4524486097973,21SJ-14K ﾚｻﾞｰｼﾞｬｹｯﾄ BK LW 桧垣桜,21SJ-14K,BK 桧垣,LW,NULL,1.00,NULL
2025,202510,20251014,0000,いちげん,4524486093630,21SJ-14K ﾚｻﾞｰｼﾞｬｹｯﾄ BK M 風神雷神BE,21SJ-14K,BK-BE風,M,NULL,1.00,NULL
2025,202510,20251014,1067,株式会社 ﾓﾉﾀﾞｲﾚｸﾄ,4524486093692,21SJ-14K ﾚｻﾞｰｼﾞｬｹｯﾄ BK M 桧垣桜,21SJ-14K,BK 桧垣,M,神奈川県,1.00,KMC北関東
2025,202510,20251015,0789,ﾅｯﾌﾟｽ ﾍﾞｲｻｲﾄﾞ幸浦店,4524486109508,21SJ-14K ﾚｻﾞｰｼﾞｬｹｯﾄ BK XL 鳳凰,21SJ-14K,BK 鳳凰,XL,神奈川県,1.00,NAPS
2025,202510,20251015,1392,株式会社JTBふるさと開発事業部,4524486093678,21SJ-14K ﾚｻﾞｰｼﾞｬｹｯﾄ BK L 流水雪輪,21SJ-14K,BK 流水,L,NULL,1.00,NULL
2025,202510,20251015,1450,甲子園ﾌﾙﾌｨﾙﾒﾝﾄｾﾝﾀｰ,4524486093708,21SJ-14K ﾚｻﾞｰｼﾞｬｹｯﾄ BK L 桧垣桜,21SJ-14K,BK 桧垣,L,兵庫県,1.00,KMC北関東
2025,202510,20251016,0000,いちげん,4524486093685,21SJ-14K ﾚｻﾞｰｼﾞｬｹｯﾄ BK XL 流水雪輪,21SJ-14K,BK 流水,XL,NULL,1.00,NULL
2025,202510,20251016,ansi,ANSIN MOTO CO.,4524486093685,21SJ-14K ﾚｻﾞｰｼﾞｬｹｯﾄ BK XL 流水雪輪,21SJ-14K,BK 流水,XL,台湾,1.00,NULL
2025,202510,20251019,9996,株式会社 ﾃﾞｸﾞﾅｰ,4524486107559,21SJ-14K ﾚｻﾞｰｼﾞｬｹｯﾄ NV M 鉄流水雪輪,21SJ-14K,NV 鉄流,M,NULL,1.00,NULL
2025,202510,20251019,show,デグナー京都本店,4524486107559,21SJ-14K ﾚｻﾞｰｼﾞｬｹｯﾄ NV M 鉄流水雪輪,21SJ-14K,NV 鉄流,M,京都府,1.00,NULL
2025,202510,20251020,0000,いちげん,4524486109515,21SJ-14K ﾚｻﾞｰｼﾞｬｹｯﾄ BK XLW 桧垣桜,21SJ-14K,BK 桧垣,XLW,NULL,1.00,NULL
2025,202510,20251020,0000,いちげん,4524486109522,21SJ-14K ﾚｻﾞｰｼﾞｬｹｯﾄ BK XLW 流水雪輪,21SJ-14K,BK 流水,XLW,NULL,1.00,NULL
2025,202510,20251020,0688,南海部品株式会社,4524486111501,21SJ-14K ﾚｻﾞｰｼﾞｬｹｯﾄ BK XL 輝龍,21SJ-14K,BK 輝龍,XL,大阪府,1.00,卸
2025,202510,20251020,9996,株式会社 ﾃﾞｸﾞﾅｰ,4524486093692,21SJ-14K ﾚｻﾞｰｼﾞｬｹｯﾄ BK M 桧垣桜,21SJ-14K,BK 桧垣,M,NULL,1.00,NULL
2025,202510,20251020,rihk,FSM TRADING (HK) LIMITED/ Rider Shop HK,4524486097973,21SJ-14K ﾚｻﾞｰｼﾞｬｹｯﾄ BK LW 桧垣桜,21SJ-14K,BK 桧垣,LW,香港,1.00,NULL
2025,202510,20251021,0000,いちげん,4524486093692,21SJ-14K ﾚｻﾞｰｼﾞｬｹｯﾄ BK M 桧垣桜,21SJ-14K,BK 桧垣,M,NULL,1.00,NULL
2025,202510,20251021,0168,ﾗｲｺﾗﾝﾄﾞ 柏店,4524486106552,21SJ-14K ﾚｻﾞｰｼﾞｬｹｯﾄ RD XL 鉄流水雪輪,21SJ-14K,RD 鉄流,XL,千葉県,1.00,NAPS
2025,202510,20251021,0769,株式会社 とかげや,4524486093685,21SJ-14K ﾚｻﾞｰｼﾞｬｹｯﾄ BK XL 流水雪輪,21SJ-14K,BK 流水,XL,愛媛県,1.00,NAPS
2025,202510,20251021,0789,ﾅｯﾌﾟｽ ﾍﾞｲｻｲﾄﾞ幸浦店,4524486093647,21SJ-14K ﾚｻﾞｰｼﾞｬｹｯﾄ BK L 風神雷神BE,21SJ-14K,BK-BE風,L,神奈川県,1.00,NAPS
2025,202510,20251022,0000,いちげん,4524486106552,21SJ-14K ﾚｻﾞｰｼﾞｬｹｯﾄ RD XL 鉄流水雪輪,21SJ-14K,RD 鉄流,XL,NULL,1.00,NULL
2025,202510,20251022,0840,南海部品 鹿児島店,4524486109515,21SJ-14K ﾚｻﾞｰｼﾞｬｹｯﾄ BK XLW 桧垣桜,21SJ-14K,BK 桧垣,XLW,鹿児島県,1.00,NAPS
2025,202510,20251022,0986,ﾗｲｺﾗﾝﾄﾞ 沖縄店,4524486109508,21SJ-14K ﾚｻﾞｰｼﾞｬｹｯﾄ BK XL 鳳凰,21SJ-14K,BK 鳳凰,XL,沖縄県,1.00,NAPS
2025,202510,20251024,0653,株式会社 光輝 南海部品仙台店,4524486093708,21SJ-14K ﾚｻﾞｰｼﾞｬｹｯﾄ BK L 桧垣桜,21SJ-14K,BK 桧垣,L,宮城県,1.00,NAPS
2025,202510,20251024,0688,南海部品株式会社,4524486093708,21SJ-14K ﾚｻﾞｰｼﾞｬｹｯﾄ BK L 桧垣桜,21SJ-14K,BK 桧垣,L,大阪府,1.00,卸
2025,202510,20251024,0986,ﾗｲｺﾗﾝﾄﾞ 沖縄店,4524486093708,21SJ-14K ﾚｻﾞｰｼﾞｬｹｯﾄ BK L 桧垣桜,21SJ-14K,BK 桧垣,L,沖縄県,1.00,NAPS
2025,202510,20251024,1273,ﾗｲｺﾗﾝﾄﾞ 小倉店,4524486093708,21SJ-14K ﾚｻﾞｰｼﾞｬｹｯﾄ BK L 桧垣桜,21SJ-14K,BK 桧垣,L,福岡県,1.00,NAPS
2025,202510,20251024,show,デグナー京都本店,4524486106552,21SJ-14K ﾚｻﾞｰｼﾞｬｹｯﾄ RD XL 鉄流水雪輪,21SJ-14K,RD 鉄流,XL,京都府,1.00,NULL
2025,202510,20251024,show,デグナー京都本店,4524486114311,21SJ-14K ﾚｻﾞｰｼﾞｬｹｯﾄ BK M 虎,21SJ-14K,BK 虎,M,京都府,1.00,NULL
2025,202510,20251025,9996,株式会社 ﾃﾞｸﾞﾅｰ,4524486114311,21SJ-14K ﾚｻﾞｰｼﾞｬｹｯﾄ BK M 虎,21SJ-14K,BK 虎,M,NULL,1.00,NULL
2025,202510,20251026,9996,株式会社 ﾃﾞｸﾞﾅｰ,4524486094972,21SJ-14K ﾚｻﾞｰｼﾞｬｹｯﾄ BK XL 鉄流水雪輪,21SJ-14K,BK 鉄流,XL,NULL,1.00,NULL
2025,202510,20251026,9996,株式会社 ﾃﾞｸﾞﾅｰ,4524486109522,21SJ-14K ﾚｻﾞｰｼﾞｬｹｯﾄ BK XLW 流水雪輪,21SJ-14K,BK 流水,XLW,NULL,1.00,NULL
2025,202510,20251027,0000,いちげん,4524486093678,21SJ-14K ﾚｻﾞｰｼﾞｬｹｯﾄ BK L 流水雪輪,21SJ-14K,BK 流水,L,NULL,1.00,NULL
2025,202510,20251027,0000,いちげん,4524486093708,21SJ-14K ﾚｻﾞｰｼﾞｬｹｯﾄ BK L 桧垣桜,21SJ-14K,BK 桧垣,L,NULL,1.00,NULL
2025,202510,20251027,0000,いちげん,4524486094965,21SJ-14K ﾚｻﾞｰｼﾞｬｹｯﾄ BK L 鉄流水雪輪,21SJ-14K,BK 鉄流,L,NULL,1.00,NULL
2025,202510,20251027,0000,いちげん,4524486109522,21SJ-14K ﾚｻﾞｰｼﾞｬｹｯﾄ BK XLW 流水雪輪,21SJ-14K,BK 流水,XLW,NULL,1.00,NULL
2025,202510,20251027,0000,いちげん,4524486113505,21SJ-14K ﾚｻﾞｰｼﾞｬｹｯﾄ BK S 桧垣桜,21SJ-14K,BK 桧垣,S,NULL,1.00,NULL
2025,202510,20251027,0688,南海部品株式会社,4524486093685,21SJ-14K ﾚｻﾞｰｼﾞｬｹｯﾄ BK XL 流水雪輪,21SJ-14K,BK 流水,XL,大阪府,1.00,卸
2025,202510,20251027,0769,株式会社 とかげや,4524486093715,21SJ-14K ﾚｻﾞｰｼﾞｬｹｯﾄ BK XL 桧垣桜,21SJ-14K,BK 桧垣,XL,愛媛県,1.00,NAPS
2025,202510,20251027,1067,株式会社 ﾓﾉﾀﾞｲﾚｸﾄ,4524486109508,21SJ-14K ﾚｻﾞｰｼﾞｬｹｯﾄ BK XL 鳳凰,21SJ-14K,BK 鳳凰,XL,神奈川県,1.00,KMC北関東
2025,202510,20251027,1299,ﾅｯﾌﾟｽ 東大阪店,4524486093661,21SJ-14K ﾚｻﾞｰｼﾞｬｹｯﾄ BK M 流水雪輪,21SJ-14K,BK 流水,M,大阪府,1.00,NAPS
2025,202510,20251027,1299,ﾅｯﾌﾟｽ 東大阪店,4524486093678,21SJ-14K ﾚｻﾞｰｼﾞｬｹｯﾄ BK L 流水雪輪,21SJ-14K,BK 流水,L,大阪府,1.00,NAPS
2025,202510,20251027,1299,ﾅｯﾌﾟｽ 東大阪店,4524486093685,21SJ-14K ﾚｻﾞｰｼﾞｬｹｯﾄ BK XL 流水雪輪,21SJ-14K,BK 流水,XL,大阪府,1.00,NAPS
2025,202510,20251027,1299,ﾅｯﾌﾟｽ 東大阪店,4524486093708,21SJ-14K ﾚｻﾞｰｼﾞｬｹｯﾄ BK L 桧垣桜,21SJ-14K,BK 桧垣,L,大阪府,1.00,NAPS
2025,202510,20251027,1299,ﾅｯﾌﾟｽ 東大阪店,4524486093715,21SJ-14K ﾚｻﾞｰｼﾞｬｹｯﾄ BK XL 桧垣桜,21SJ-14K,BK 桧垣,XL,大阪府,1.00,NAPS
2025,202510,20251027,1301,ﾊﾟｰｸｱｯﾌﾟ株式会社,4524486093661,21SJ-14K ﾚｻﾞｰｼﾞｬｹｯﾄ BK M 流水雪輪,21SJ-14K,BK 流水,M,兵庫県,1.00,KMC北関東
2025,202510,20251027,1386,ﾅｯﾌﾟｽ 一宮店,4524486109515,21SJ-14K ﾚｻﾞｰｼﾞｬｹｯﾄ BK XLW 桧垣桜,21SJ-14K,BK 桧垣,XLW,愛知県,1.00,NAPS
2025,202510,20251028,0168,ﾗｲｺﾗﾝﾄﾞ 柏店,4524486093692,21SJ-14K ﾚｻﾞｰｼﾞｬｹｯﾄ BK M 桧垣桜,21SJ-14K,BK 桧垣,M,千葉県,1.00,NAPS
2025,202510,20251028,1429,ﾗｲｺﾗﾝﾄﾞ 新潟店,4524486103254,21SJ-14K ﾚｻﾞｰｼﾞｬｹｯﾄ BK XL 雲龍,21SJ-14K,BK 雲龍,XL,新潟県,1.00,NAPS
2025,202510,20251029,1392,株式会社JTBふるさと開発事業部,4524486106538,21SJ-14K ﾚｻﾞｰｼﾞｬｹｯﾄ RD M 鉄流水雪輪,21SJ-14K,RD 鉄流,M,NULL,1.00,NULL
2025,202510,20251029,1392,株式会社JTBふるさと開発事業部,4524486106552,21SJ-14K ﾚｻﾞｰｼﾞｬｹｯﾄ RD XL 鉄流水雪輪,21SJ-14K,RD 鉄流,XL,NULL,1.00,NULL
2025,202510,20251030,1261,ﾅｯﾌﾟｽ台湾新北店,4524486093661,21SJ-14K ﾚｻﾞｰｼﾞｬｹｯﾄ BK M 流水雪輪,21SJ-14K,BK 流水,M,台湾,1.00,NAPS
2025,202510,20251030,1261,ﾅｯﾌﾟｽ台湾新北店,4524486094965,21SJ-14K ﾚｻﾞｰｼﾞｬｹｯﾄ BK L 鉄流水雪輪,21SJ-14K,BK 鉄流,L,台湾,1.00,NAPS
2025,202510,20251031,1113,ﾅｯﾌﾟｽ 仙台泉ｲﾝﾀｰ店,4524486094972,21SJ-14K ﾚｻﾞｰｼﾞｬｹｯﾄ BK XL 鉄流水雪輪,21SJ-14K,BK 鉄流,XL,宮城県,1.00,NAPS
2025,202511,20251101,9996,株式会社 ﾃﾞｸﾞﾅｰ,4524486093685,21SJ-14K ﾚｻﾞｰｼﾞｬｹｯﾄ BK XL 流水雪輪,21SJ-14K,BK 流水,XL,NULL,1.00,NULL
2025,202511,20251101,9996,株式会社 ﾃﾞｸﾞﾅｰ,4524486094958,21SJ-14K ﾚｻﾞｰｼﾞｬｹｯﾄ BK M 鉄流水雪輪,21SJ-14K,BK 鉄流,M,NULL,1.00,NULL
2025,202511,20251101,9996,株式会社 ﾃﾞｸﾞﾅｰ,4524486109522,21SJ-14K ﾚｻﾞｰｼﾞｬｹｯﾄ BK XLW 流水雪輪,21SJ-14K,BK 流水,XLW,NULL,-1.00,NULL
2025,202511,20251101,show,デグナー京都本店,4524486103254,21SJ-14K ﾚｻﾞｰｼﾞｬｹｯﾄ BK XL 雲龍,21SJ-14K,BK 雲龍,XL,京都府,1.00,NULL
2025,202511,20251101,show,デグナー京都本店,4524486106552,21SJ-14K ﾚｻﾞｰｼﾞｬｹｯﾄ RD XL 鉄流水雪輪,21SJ-14K,RD 鉄流,XL,京都府,1.00,NULL
2025,202511,20251102,9996,株式会社 ﾃﾞｸﾞﾅｰ,4524486093692,21SJ-14K ﾚｻﾞｰｼﾞｬｹｯﾄ BK M 桧垣桜,21SJ-14K,BK 桧垣,M,NULL,1.00,NULL
2025,202511,20251104,0000,いちげん,4524486093678,21SJ-14K ﾚｻﾞｰｼﾞｬｹｯﾄ BK L 流水雪輪,21SJ-14K,BK 流水,L,NULL,1.00,NULL
2025,202511,20251104,0688,南海部品株式会社,4524486093678,21SJ-14K ﾚｻﾞｰｼﾞｬｹｯﾄ BK L 流水雪輪,21SJ-14K,BK 流水,L,大阪府,1.00,卸
2025,202511,20251104,1067,株式会社 ﾓﾉﾀﾞｲﾚｸﾄ,4524486097966,21SJ-14K ﾚｻﾞｰｼﾞｬｹｯﾄ BK LW 鉄流水雪輪,21SJ-14K,BK 鉄流,LW,神奈川県,1.00,KMC北関東
2025,202511,20251104,1159,新潟中央部品株式会社 長岡店,4524486109515,21SJ-14K ﾚｻﾞｰｼﾞｬｹｯﾄ BK XLW 桧垣桜,21SJ-14K,BK 桧垣,XLW,新潟県,1.00,KMC北日本
2025,202511,20251104,1249,ﾗｲｺﾗﾝﾄﾞ 富士店,4524486093678,21SJ-14K ﾚｻﾞｰｼﾞｬｹｯﾄ BK L 流水雪輪,21SJ-14K,BK 流水,L,静岡県,1.00,NAPS
2025,202511,20251104,1445,株式会社 桜士堂,4524486093661,21SJ-14K ﾚｻﾞｰｼﾞｬｹｯﾄ BK M 流水雪輪,21SJ-14K,BK 流水,M,京都府,2.00,KMC北日本
2025,202511,20251104,1445,株式会社 桜士堂,4524486093678,21SJ-14K ﾚｻﾞｰｼﾞｬｹｯﾄ BK L 流水雪輪,21SJ-14K,BK 流水,L,京都府,3.00,KMC北日本
2025,202511,20251104,1445,株式会社 桜士堂,4524486093685,21SJ-14K ﾚｻﾞｰｼﾞｬｹｯﾄ BK XL 流水雪輪,21SJ-14K,BK 流水,XL,京都府,2.00,KMC北日本
2025,202511,20251105,0000,いちげん,4524486093708,21SJ-14K ﾚｻﾞｰｼﾞｬｹｯﾄ BK L 桧垣桜,21SJ-14K,BK 桧垣,L,NULL,1.00,NULL
2025,202511,20251105,0000,いちげん,4524486106545,21SJ-14K ﾚｻﾞｰｼﾞｬｹｯﾄ RD L 鉄流水雪輪,21SJ-14K,RD 鉄流,L,NULL,1.00,NULL
2025,202511,20251105,0168,ﾗｲｺﾗﾝﾄﾞ 柏店,4524486106552,21SJ-14K ﾚｻﾞｰｼﾞｬｹｯﾄ RD XL 鉄流水雪輪,21SJ-14K,RD 鉄流,XL,千葉県,1.00,NAPS
2025,202511,20251105,0598,ﾗｲｺﾗﾝﾄﾞ TokyoBay東雲店,4524486093654,21SJ-14K ﾚｻﾞｰｼﾞｬｹｯﾄ BK XL 風神雷神BE,21SJ-14K,BK-BE風,XL,東京都,1.00,NAPS
2025,202511,20251105,0598,ﾗｲｺﾗﾝﾄﾞ TokyoBay東雲店,4524486093692,21SJ-14K ﾚｻﾞｰｼﾞｬｹｯﾄ BK M 桧垣桜,21SJ-14K,BK 桧垣,M,東京都,1.00,NAPS
2025,202511,20251105,0598,ﾗｲｺﾗﾝﾄﾞ TokyoBay東雲店,4524486093708,21SJ-14K ﾚｻﾞｰｼﾞｬｹｯﾄ BK L 桧垣桜,21SJ-14K,BK 桧垣,L,東京都,1.00,NAPS
2025,202511,20251105,0598,ﾗｲｺﾗﾝﾄﾞ TokyoBay東雲店,4524486093715,21SJ-14K ﾚｻﾞｰｼﾞｬｹｯﾄ BK XL 桧垣桜,21SJ-14K,BK 桧垣,XL,東京都,1.00,NAPS
2025,202511,20251105,0598,ﾗｲｺﾗﾝﾄﾞ TokyoBay東雲店,4524486106545,21SJ-14K ﾚｻﾞｰｼﾞｬｹｯﾄ RD L 鉄流水雪輪,21SJ-14K,RD 鉄流,L,東京都,1.00,NAPS
2025,202511,20251105,0598,ﾗｲｺﾗﾝﾄﾞ TokyoBay東雲店,4524486111488,21SJ-14K ﾚｻﾞｰｼﾞｬｹｯﾄ BK M 輝龍,21SJ-14K,BK 輝龍,M,東京都,1.00,NAPS
2025,202511,20251105,0986,ﾗｲｺﾗﾝﾄﾞ 沖縄店,4524486093708,21SJ-14K ﾚｻﾞｰｼﾞｬｹｯﾄ BK L 桧垣桜,21SJ-14K,BK 桧垣,L,沖縄県,1.00,NAPS
2025,202511,20251106,1147,361 札幌2りんかん,4524486093678,21SJ-14K ﾚｻﾞｰｼﾞｬｹｯﾄ BK L 流水雪輪,21SJ-14K,BK 流水,L,北海道,1.00,KMC北日本
2025,202511,20251106,1147,361 札幌2りんかん,4524486093715,21SJ-14K ﾚｻﾞｰｼﾞｬｹｯﾄ BK XL 桧垣桜,21SJ-14K,BK 桧垣,XL,北海道,1.00,KMC北日本
2025,202511,20251106,9996,株式会社 ﾃﾞｸﾞﾅｰ,4524486094972,21SJ-14K ﾚｻﾞｰｼﾞｬｹｯﾄ BK XL 鉄流水雪輪,21SJ-14K,BK 鉄流,XL,NULL,1.00,NULL
2025,202511,20251106,9996,株式会社 ﾃﾞｸﾞﾅｰ,4524486107566,21SJ-14K ﾚｻﾞｰｼﾞｬｹｯﾄ NV L 鉄流水雪輪,21SJ-14K,NV 鉄流,L,NULL,1.00,NULL
2025,202511,20251106,evym,Evy Moto,4524486093685,21SJ-14K ﾚｻﾞｰｼﾞｬｹｯﾄ BK XL 流水雪輪,21SJ-14K,BK 流水,XL,国外,1.00,NULL
2025,202511,20251107,show,デグナー京都本店,4524486093692,21SJ-14K ﾚｻﾞｰｼﾞｬｹｯﾄ BK M 桧垣桜,21SJ-14K,BK 桧垣,M,京都府,1.00,NULL
2025,202511,20251107,show,デグナー京都本店,4524486093708,21SJ-14K ﾚｻﾞｰｼﾞｬｹｯﾄ BK L 桧垣桜,21SJ-14K,BK 桧垣,L,京都府,1.00,NULL
2025,202511,20251108,9996,株式会社 ﾃﾞｸﾞﾅｰ,4524486094958,21SJ-14K ﾚｻﾞｰｼﾞｬｹｯﾄ BK M 鉄流水雪輪,21SJ-14K,BK 鉄流,M,NULL,1.00,NULL
2025,202511,20251108,9996,株式会社 ﾃﾞｸﾞﾅｰ,4524486094965,21SJ-14K ﾚｻﾞｰｼﾞｬｹｯﾄ BK L 鉄流水雪輪,21SJ-14K,BK 鉄流,L,NULL,1.00,NULL
2025,202511,20251109,show,デグナー京都本店,4524486113505,21SJ-14K ﾚｻﾞｰｼﾞｬｹｯﾄ BK S 桧垣桜,21SJ-14K,BK 桧垣,S,京都府,1.00,NULL
2025,202511,20251110,0000,いちげん,4524486093685,21SJ-14K ﾚｻﾞｰｼﾞｬｹｯﾄ BK XL 流水雪輪,21SJ-14K,BK 流水,XL,NULL,1.00,NULL
2025,202511,20251110,0000,いちげん,4524486093708,21SJ-14K ﾚｻﾞｰｼﾞｬｹｯﾄ BK L 桧垣桜,21SJ-14K,BK 桧垣,L,NULL,1.00,NULL
2025,202511,20251110,0000,いちげん,4524486094958,21SJ-14K ﾚｻﾞｰｼﾞｬｹｯﾄ BK M 鉄流水雪輪,21SJ-14K,BK 鉄流,M,NULL,1.00,NULL
2025,202511,20251110,0000,いちげん,4524486109485,21SJ-14K ﾚｻﾞｰｼﾞｬｹｯﾄ BK M 鳳凰,21SJ-14K,BK 鳳凰,M,NULL,1.00,NULL
2025,202511,20251110,0653,株式会社 光輝 南海部品仙台店,4524486109508,21SJ-14K ﾚｻﾞｰｼﾞｬｹｯﾄ BK XL 鳳凰,21SJ-14K,BK 鳳凰,XL,宮城県,1.00,NAPS
2025,202511,20251110,9996,株式会社 ﾃﾞｸﾞﾅｰ,4524486097966,21SJ-14K ﾚｻﾞｰｼﾞｬｹｯﾄ BK LW 鉄流水雪輪,21SJ-14K,BK 鉄流,LW,NULL,1.00,NULL
2025,202511,20251111,0986,ﾗｲｺﾗﾝﾄﾞ 沖縄店,4524486093708,21SJ-14K ﾚｻﾞｰｼﾞｬｹｯﾄ BK L 桧垣桜,21SJ-14K,BK 桧垣,L,沖縄県,1.00,NAPS
2025,202511,20251111,0986,ﾗｲｺﾗﾝﾄﾞ 沖縄店,4524486103230,21SJ-14K ﾚｻﾞｰｼﾞｬｹｯﾄ BK M 雲龍,21SJ-14K,BK 雲龍,M,沖縄県,1.00,NAPS
2025,202511,20251111,1450,甲子園ﾌﾙﾌｨﾙﾒﾝﾄｾﾝﾀｰ,4524486109508,21SJ-14K ﾚｻﾞｰｼﾞｬｹｯﾄ BK XL 鳳凰,21SJ-14K,BK 鳳凰,XL,兵庫県,1.00,KMC北関東
2025,202511,20251112,0986,ﾗｲｺﾗﾝﾄﾞ 沖縄店,4524486093678,21SJ-14K ﾚｻﾞｰｼﾞｬｹｯﾄ BK L 流水雪輪,21SJ-14K,BK 流水,L,沖縄県,1.00,NAPS
2025,202511,20251112,0986,ﾗｲｺﾗﾝﾄﾞ 沖縄店,4524486093685,21SJ-14K ﾚｻﾞｰｼﾞｬｹｯﾄ BK XL 流水雪輪,21SJ-14K,BK 流水,XL,沖縄県,1.00,NAPS
2025,202511,20251112,rihk,FSM TRADING (HK) LIMITED/ Rider Shop HK,4524486093661,21SJ-14K ﾚｻﾞｰｼﾞｬｹｯﾄ BK M 流水雪輪,21SJ-14K,BK 流水,M,香港,1.00,NULL
2025,202511,20251112,rihk,FSM TRADING (HK) LIMITED/ Rider Shop HK,4524486094958,21SJ-14K ﾚｻﾞｰｼﾞｬｹｯﾄ BK M 鉄流水雪輪,21SJ-14K,BK 鉄流,M,香港,1.00,NULL
2025,202511,20251112,rihk,FSM TRADING (HK) LIMITED/ Rider Shop HK,4524486113505,21SJ-14K ﾚｻﾞｰｼﾞｬｹｯﾄ BK S 桧垣桜,21SJ-14K,BK 桧垣,S,香港,1.00,NULL
2025,202511,20251113,show,デグナー京都本店,4524486094972,21SJ-14K ﾚｻﾞｰｼﾞｬｹｯﾄ BK XL 鉄流水雪輪,21SJ-14K,BK 鉄流,XL,京都府,1.00,NULL
2025,202511,20251114,0598,ﾗｲｺﾗﾝﾄﾞ TokyoBay東雲店,4524486093708,21SJ-14K ﾚｻﾞｰｼﾞｬｹｯﾄ BK L 桧垣桜,21SJ-14K,BK 桧垣,L,東京都,1.00,NAPS
2025,202511,20251114,0598,ﾗｲｺﾗﾝﾄﾞ TokyoBay東雲店,4524486103230,21SJ-14K ﾚｻﾞｰｼﾞｬｹｯﾄ BK M 雲龍,21SJ-14K,BK 雲龍,M,東京都,1.00,NAPS
2025,202511,20251114,0598,ﾗｲｺﾗﾝﾄﾞ TokyoBay東雲店,4524486106538,21SJ-14K ﾚｻﾞｰｼﾞｬｹｯﾄ RD M 鉄流水雪輪,21SJ-14K,RD 鉄流,M,東京都,1.00,NAPS
2025,202511,20251114,0598,ﾗｲｺﾗﾝﾄﾞ TokyoBay東雲店,4524486109485,21SJ-14K ﾚｻﾞｰｼﾞｬｹｯﾄ BK M 鳳凰,21SJ-14K,BK 鳳凰,M,東京都,1.00,NAPS
2025,202511,20251114,0598,ﾗｲｺﾗﾝﾄﾞ TokyoBay東雲店,4524486111495,21SJ-14K ﾚｻﾞｰｼﾞｬｹｯﾄ BK L 輝龍,21SJ-14K,BK 輝龍,L,東京都,1.00,NAPS
2025,202511,20251116,9996,株式会社 ﾃﾞｸﾞﾅｰ,4524486093715,21SJ-14K ﾚｻﾞｰｼﾞｬｹｯﾄ BK XL 桧垣桜,21SJ-14K,BK 桧垣,XL,NULL,1.00,NULL
2025,202511,20251117,rmwc,Riding My Way Company,4524486093661,21SJ-14K ﾚｻﾞｰｼﾞｬｹｯﾄ BK M 流水雪輪,21SJ-14K,BK 流水,M,台湾,3.00,NULL
2025,202511,20251117,show,デグナー京都本店,4524486106538,21SJ-14K ﾚｻﾞｰｼﾞｬｹｯﾄ RD M 鉄流水雪輪,21SJ-14K,RD 鉄流,M,京都府,1.00,NULL
2025,202511,20251117,show,デグナー京都本店,4524486106552,21SJ-14K ﾚｻﾞｰｼﾞｬｹｯﾄ RD XL 鉄流水雪輪,21SJ-14K,RD 鉄流,XL,京都府,1.00,NULL
2025,202511,20251120,1440,522 金沢2りんかん,4524486093678,21SJ-14K ﾚｻﾞｰｼﾞｬｹｯﾄ BK/流水雪輪 L,21SJ-14K,BK 流水,L,石川県,1.00,KMC北日本
2025,202511,20251120,qiyi,Eicma （Shanghai)   Information,4524486113505,21SJ-14K ﾚｻﾞｰｼﾞｬｹｯﾄ BK S 桧垣桜,21SJ-14K,BK 桧垣,S,中国,1.00,NULL
2025,202511,20251121,0000,いちげん,4524486093654,21SJ-14K ﾚｻﾞｰｼﾞｬｹｯﾄ BK XL 風神雷神BE,21SJ-14K,BK-BE風,XL,NULL,1.00,NULL
2025,202511,20251121,0551,258 和光2りんかん,4524486093678,21SJ-14K ﾚｻﾞｰｼﾞｬｹｯﾄ BK L 流水雪輪,21SJ-14K,BK 流水,L,埼玉県,1.00,KMC北日本
2025,202511,20251121,0551,258 和光2りんかん,4524486093715,21SJ-14K ﾚｻﾞｰｼﾞｬｹｯﾄ BK XL 桧垣桜,21SJ-14K,BK 桧垣,XL,埼玉県,1.00,KMC北日本
2025,202511,20251121,9996,株式会社 ﾃﾞｸﾞﾅｰ,4524486107566,21SJ-14K ﾚｻﾞｰｼﾞｬｹｯﾄ NV L 鉄流水雪輪,21SJ-14K,NV 鉄流,L,NULL,1.00,NULL
2025,202511,20251123,show,デグナー京都本店,4524486103230,21SJ-14K ﾚｻﾞｰｼﾞｬｹｯﾄ BK M 雲龍,21SJ-14K,BK 雲龍,M,京都府,1.00,NULL
2025,202511,20251125,1067,株式会社 ﾓﾉﾀﾞｲﾚｸﾄ,4524486109515,21SJ-14K ﾚｻﾞｰｼﾞｬｹｯﾄ BK XLW 桧垣桜,21SJ-14K,BK 桧垣,XLW,神奈川県,1.00,KMC北関東
2025,202511,20251125,1168,722 福岡2りんかん,4524486093708,21SJ-14K ﾚｻﾞｰｼﾞｬｹｯﾄ BK L 桧垣桜,21SJ-14K,BK 桧垣,L,福岡県,1.00,KMC北日本
2025,202511,20251126,0000,いちげん,4524486093715,21SJ-14K ﾚｻﾞｰｼﾞｬｹｯﾄ BK XL 桧垣桜,21SJ-14K,BK 桧垣,XL,NULL,1.00,NULL
2025,202511,20251126,0769,株式会社 とかげや,4524486094972,21SJ-14K ﾚｻﾞｰｼﾞｬｹｯﾄ BK XL 鉄流水雪輪,21SJ-14K,BK 鉄流,XL,愛媛県,1.00,NAPS
2025,202511,20251126,0840,南海部品 鹿児島店,4524486109515,21SJ-14K ﾚｻﾞｰｼﾞｬｹｯﾄ BK XLW 桧垣桜,21SJ-14K,BK 桧垣,XLW,鹿児島県,1.00,NAPS
2025,202511,20251126,1067,株式会社 ﾓﾉﾀﾞｲﾚｸﾄ,4524486109485,21SJ-14K ﾚｻﾞｰｼﾞｬｹｯﾄ BK M 鳳凰,21SJ-14K,BK 鳳凰,M,神奈川県,1.00,KMC北関東
2025,202511,20251127,0000,いちげん,4524486097973,21SJ-14K ﾚｻﾞｰｼﾞｬｹｯﾄ BK LW 桧垣桜,21SJ-14K,BK 桧垣,LW,NULL,1.00,NULL
2025,202511,20251127,0688,南海部品株式会社,4524486093678,21SJ-14K ﾚｻﾞｰｼﾞｬｹｯﾄ BK L 流水雪輪,21SJ-14K,BK 流水,L,大阪府,1.00,卸
2025,202511,20251127,1273,ﾗｲｺﾗﾝﾄﾞ 小倉店,4524486093678,21SJ-14K ﾚｻﾞｰｼﾞｬｹｯﾄ BK L 流水雪輪,21SJ-14K,BK 流水,L,福岡県,1.00,NAPS
2025,202511,20251128,0000,いちげん,4524486106545,21SJ-14K ﾚｻﾞｰｼﾞｬｹｯﾄ RD L 鉄流水雪輪,21SJ-14K,RD 鉄流,L,NULL,1.00,NULL
2025,202512,20251201,0000,いちげん,4524486109485,21SJ-14K ﾚｻﾞｰｼﾞｬｹｯﾄ BK M 鳳凰,21SJ-14K,BK 鳳凰,M,NULL,1.00,NULL
2025,202512,20251201,1301,ﾊﾟｰｸｱｯﾌﾟ株式会社,4524486107566,21SJ-14K ﾚｻﾞｰｼﾞｬｹｯﾄ NV L 鉄流水雪輪,21SJ-14K,NV 鉄流,L,兵庫県,1.00,KMC北関東
2025,202512,20251202,0000,いちげん,4524486094972,21SJ-14K ﾚｻﾞｰｼﾞｬｹｯﾄ BK XL 鉄流水雪輪,21SJ-14K,BK 鉄流,XL,NULL,1.00,NULL
2025,202512,20251202,0598,ﾗｲｺﾗﾝﾄﾞ TokyoBay東雲店,4524486093661,21SJ-14K ﾚｻﾞｰｼﾞｬｹｯﾄ BK M 流水雪輪,21SJ-14K,BK 流水,M,東京都,1.00,NAPS
2025,202512,20251202,0688,南海部品株式会社,4524486093661,21SJ-14K ﾚｻﾞｰｼﾞｬｹｯﾄ BK M 流水雪輪,21SJ-14K,BK 流水,M,大阪府,1.00,卸
2025,202512,20251202,0764,株式会社 一国 一国ｻｲｸﾙﾜｰｸｽ,4524486093708,21SJ-14K ﾚｻﾞｰｼﾞｬｹｯﾄ BK L 桧垣桜,21SJ-14K,BK 桧垣,L,神奈川県,1.00,KMC南関東
2025,202512,20251202,0986,ﾗｲｺﾗﾝﾄﾞ 沖縄店,4524486093661,21SJ-14K ﾚｻﾞｰｼﾞｬｹｯﾄ BK M 流水雪輪,21SJ-14K,BK 流水,M,沖縄県,1.00,NAPS
2025,202512,20251202,1170,ﾅｯﾌﾟｽ 岡山店,4524486093692,21SJ-14K ﾚｻﾞｰｼﾞｬｹｯﾄ BK M 桧垣桜,21SJ-14K,BK 桧垣,M,岡山県,1.00,NAPS
2025,202512,20251202,1251,帝都産業 株式会社,4524486097959,21SJ-14K ﾚｻﾞｰｼﾞｬｹｯﾄ BK LW 流水雪輪,21SJ-14K,BK 流水,LW,東京都,1.00,KMC南関東
2025,202512,20251202,1300,ﾗｲｺﾗﾝﾄﾞ 金沢店,4524486094958,21SJ-14K ﾚｻﾞｰｼﾞｬｹｯﾄ BK M 鉄流水雪輪,21SJ-14K,BK 鉄流,M,石川県,1.00,NAPS
2025,202512,20251202,1392,株式会社JTBふるさと開発事業部,4524486093692,21SJ-14K ﾚｻﾞｰｼﾞｬｹｯﾄ BK M 桧垣桜,21SJ-14K,BK 桧垣,M,NULL,1.00,NULL
2025,202512,20251205,1392,株式会社JTBふるさと開発事業部,4524486093708,21SJ-14K ﾚｻﾞｰｼﾞｬｹｯﾄ BK L 桧垣桜,21SJ-14K,BK 桧垣,L,NULL,1.00,NULL
2025,202512,20251205,1392,株式会社JTBふるさと開発事業部,4524486106545,21SJ-14K ﾚｻﾞｰｼﾞｬｹｯﾄ RD L 鉄流水雪輪,21SJ-14K,RD 鉄流,L,NULL,1.00,NULL
2025,202512,20251205,show,デグナー京都本店,4524486093661,21SJ-14K ﾚｻﾞｰｼﾞｬｹｯﾄ BK M 流水雪輪,21SJ-14K,BK 流水,M,京都府,1.00,NULL
2025,202512,20251206,9996,株式会社 ﾃﾞｸﾞﾅｰ,4524486109485,21SJ-14K ﾚｻﾞｰｼﾞｬｹｯﾄ BK M 鳳凰,21SJ-14K,BK 鳳凰,M,NULL,1.00,NULL
2025,202512,20251207,9996,株式会社 ﾃﾞｸﾞﾅｰ,4524486094965,21SJ-14K ﾚｻﾞｰｼﾞｬｹｯﾄ BK L 鉄流水雪輪,21SJ-14K,BK 鉄流,L,NULL,1.00,NULL
2025,202512,20251207,EVNT,販売店様ｲﾍﾞﾝﾄ,4524486114328,21SJ-14K ﾚｻﾞｰｼﾞｬｹｯﾄ BK L 虎,21SJ-14K,BK 虎,L,NULL,1.00,NULL
2025,202512,20251207,show,デグナー京都本店,4524486103254,21SJ-14K ﾚｻﾞｰｼﾞｬｹｯﾄ BK XL 雲龍,21SJ-14K,BK 雲龍,XL,京都府,1.00,NULL
2025,202512,20251207,show,デグナー京都本店,4524486109515,21SJ-14K ﾚｻﾞｰｼﾞｬｹｯﾄ BK XLW 桧垣桜,21SJ-14K,BK 桧垣,XLW,京都府,1.00,NULL
2025,202512,20251207,show,デグナー京都本店,4524486111501,21SJ-14K ﾚｻﾞｰｼﾞｬｹｯﾄ BK XL 輝龍,21SJ-14K,BK 輝龍,XL,京都府,1.00,NULL
2025,202512,20251208,0000,いちげん,4524486093708,21SJ-14K ﾚｻﾞｰｼﾞｬｹｯﾄ BK L 桧垣桜,21SJ-14K,BK 桧垣,L,NULL,1.00,NULL
2025,202512,20251208,0000,いちげん,4524486093715,21SJ-14K ﾚｻﾞｰｼﾞｬｹｯﾄ BK XL 桧垣桜,21SJ-14K,BK 桧垣,XL,NULL,-1.00,NULL
2025,202512,20251208,0688,南海部品株式会社,4524486093685,21SJ-14K ﾚｻﾞｰｼﾞｬｹｯﾄ BK XL 流水雪輪,21SJ-14K,BK 流水,XL,大阪府,1.00,卸
2025,202512,20251208,0855,ﾅｯﾌﾟｽ 福岡店,4524486109492,21SJ-14K ﾚｻﾞｰｼﾞｬｹｯﾄ BK L 鳳凰,21SJ-14K,BK 鳳凰,L,福岡県,1.00,NAPS
2025,202512,20251208,1067,株式会社 ﾓﾉﾀﾞｲﾚｸﾄ,4524486107559,21SJ-14K ﾚｻﾞｰｼﾞｬｹｯﾄ NV M 鉄流水雪輪,21SJ-14K,NV 鉄流,M,神奈川県,1.00,KMC北関東
2025,202512,20251208,9996,株式会社 ﾃﾞｸﾞﾅｰ,4524486093715,21SJ-14K ﾚｻﾞｰｼﾞｬｹｯﾄ BK XL 桧垣桜,21SJ-14K,BK 桧垣,XL,NULL,1.00,NULL
2025,202512,20251209,0000,いちげん,4524486109515,21SJ-14K ﾚｻﾞｰｼﾞｬｹｯﾄ BK XLW 桧垣桜,21SJ-14K,BK 桧垣,XLW,NULL,1.00,NULL
2025,202512,20251209,1223,ﾗｲｺﾗﾝﾄﾞ CuBe札幌白石店,4524486111501,21SJ-14K ﾚｻﾞｰｼﾞｬｹｯﾄ BK XL 輝龍,21SJ-14K,BK 輝龍,XL,北海道,1.00,NAPS
2025,202512,20251209,1392,株式会社JTBふるさと開発事業部,4524486109508,21SJ-14K ﾚｻﾞｰｼﾞｬｹｯﾄ BK XL 鳳凰,21SJ-14K,BK 鳳凰,XL,NULL,1.00,NULL
2025,202512,20251209,1445,株式会社 桜士堂,4524486093661,21SJ-14K ﾚｻﾞｰｼﾞｬｹｯﾄ BK M 流水雪輪,21SJ-14K,BK 流水,M,京都府,1.00,KMC北日本
2025,202512,20251209,1445,株式会社 桜士堂,4524486093678,21SJ-14K ﾚｻﾞｰｼﾞｬｹｯﾄ BK L 流水雪輪,21SJ-14K,BK 流水,L,京都府,2.00,KMC北日本
2025,202512,20251209,1445,株式会社 桜士堂,4524486093685,21SJ-14K ﾚｻﾞｰｼﾞｬｹｯﾄ BK XL 流水雪輪,21SJ-14K,BK 流水,XL,京都府,3.00,KMC北日本
2025,202512,20251210,9996,株式会社 ﾃﾞｸﾞﾅｰ,4524486093708,21SJ-14K ﾚｻﾞｰｼﾞｬｹｯﾄ BK L 桧垣桜,21SJ-14K,BK 桧垣,L,NULL,1.00,NULL
2025,202512,20251210,9996,株式会社 ﾃﾞｸﾞﾅｰ,4524486114328,21SJ-14K ﾚｻﾞｰｼﾞｬｹｯﾄ BK L 虎,21SJ-14K,BK 虎,L,NULL,1.00,NULL
2025,202512,20251210,show,デグナー京都本店,4524486103254,21SJ-14K ﾚｻﾞｰｼﾞｬｹｯﾄ BK XL 雲龍,21SJ-14K,BK 雲龍,XL,京都府,1.00,NULL
2025,202512,20251210,show,デグナー京都本店,4524486111495,21SJ-14K ﾚｻﾞｰｼﾞｬｹｯﾄ BK L 輝龍,21SJ-14K,BK 輝龍,L,京都府,1.00,NULL
2025,202512,20251211,a278,ﾊｰﾚｰｶｽﾀﾏｰｼﾞｬﾊﾟﾝ,4524486094965,21SJ-14K ﾚｻﾞｰｼﾞｬｹｯﾄ BK L 鉄流水雪輪,21SJ-14K,BK 鉄流,L,広島県,1.00,KMC南関東
2025,202512,20251211,ansi,ANSIN MOTO CO.,4524486093661,21SJ-14K ﾚｻﾞｰｼﾞｬｹｯﾄ BK M 流水雪輪,21SJ-14K,BK 流水,M,台湾,1.00,NULL
2025,202512,20251211,ansi,ANSIN MOTO CO.,4524486093678,21SJ-14K ﾚｻﾞｰｼﾞｬｹｯﾄ BK L 流水雪輪,21SJ-14K,BK 流水,L,台湾,1.00,NULL
2025,202512,20251211,ansi,ANSIN MOTO CO.,4524486093692,21SJ-14K ﾚｻﾞｰｼﾞｬｹｯﾄ BK M 桧垣桜,21SJ-14K,BK 桧垣,M,台湾,1.00,NULL
2025,202512,20251211,ansi,ANSIN MOTO CO.,4524486093708,21SJ-14K ﾚｻﾞｰｼﾞｬｹｯﾄ BK L 桧垣桜,21SJ-14K,BK 桧垣,L,台湾,1.00,NULL
2025,202512,20251212,0000,いちげん,4524486093685,21SJ-14K ﾚｻﾞｰｼﾞｬｹｯﾄ BK XL 流水雪輪,21SJ-14K,BK 流水,XL,NULL,1.00,NULL
2025,202512,20251212,1261,ﾅｯﾌﾟｽ台湾新北店,4524486094965,21SJ-14K ﾚｻﾞｰｼﾞｬｹｯﾄ BK L 鉄流水雪輪,21SJ-14K,BK 鉄流,L,台湾,1.00,NAPS
2025,202512,20251212,1261,ﾅｯﾌﾟｽ台湾新北店,4524486106545,21SJ-14K ﾚｻﾞｰｼﾞｬｹｯﾄ RD L 鉄流水雪輪,21SJ-14K,RD 鉄流,L,台湾,1.00,NAPS
2025,202512,20251212,1261,ﾅｯﾌﾟｽ台湾新北店,4524486109492,21SJ-14K ﾚｻﾞｰｼﾞｬｹｯﾄ BK L 鳳凰,21SJ-14K,BK 鳳凰,L,台湾,1.00,NAPS
2025,202512,20251212,1392,株式会社JTBふるさと開発事業部,4524486093661,21SJ-14K ﾚｻﾞｰｼﾞｬｹｯﾄ BK M 流水雪輪,21SJ-14K,BK 流水,M,NULL,1.00,NULL
2025,202512,20251212,1392,株式会社JTBふるさと開発事業部,4524486093715,21SJ-14K ﾚｻﾞｰｼﾞｬｹｯﾄ BK XL 桧垣桜,21SJ-14K,BK 桧垣,XL,NULL,1.00,NULL
2025,202512,20251213,9996,株式会社 ﾃﾞｸﾞﾅｰ,4524486093647,21SJ-14K ﾚｻﾞｰｼﾞｬｹｯﾄ BK L 風神雷神BE,21SJ-14K,BK-BE風,L,NULL,1.00,NULL
2025,202512,20251213,9996,株式会社 ﾃﾞｸﾞﾅｰ,4524486093654,21SJ-14K ﾚｻﾞｰｼﾞｬｹｯﾄ BK XL 風神雷神BE,21SJ-14K,BK-BE風,XL,NULL,1.00,NULL
2025,202512,20251213,9996,株式会社 ﾃﾞｸﾞﾅｰ,4524486093708,21SJ-14K ﾚｻﾞｰｼﾞｬｹｯﾄ BK L 桧垣桜,21SJ-14K,BK 桧垣,L,NULL,1.00,NULL
2025,202512,20251213,show,デグナー京都本店,4524486107559,21SJ-14K ﾚｻﾞｰｼﾞｬｹｯﾄ NV M 鉄流水雪輪,21SJ-14K,NV 鉄流,M,京都府,1.00,NULL
2025,202512,20251213,show,デグナー京都本店,4524486113499,21SJ-14K ﾚｻﾞｰｼﾞｬｹｯﾄ BK S 流水雪輪,21SJ-14K,BK 流水,S,京都府,1.00,NULL
2025,202512,20251214,9996,株式会社 ﾃﾞｸﾞﾅｰ,4524486097973,21SJ-14K ﾚｻﾞｰｼﾞｬｹｯﾄ BK LW 桧垣桜,21SJ-14K,BK 桧垣,LW,NULL,1.00,NULL
2025,202512,20251215,0000,いちげん,4524486093708,21SJ-14K ﾚｻﾞｰｼﾞｬｹｯﾄ BK L 桧垣桜,21SJ-14K,BK 桧垣,L,NULL,1.00,NULL
2025,202512,20251215,0000,いちげん,4524486093715,21SJ-14K ﾚｻﾞｰｼﾞｬｹｯﾄ BK XL 桧垣桜,21SJ-14K,BK 桧垣,XL,NULL,1.00,NULL
2025,202512,20251215,1067,株式会社 ﾓﾉﾀﾞｲﾚｸﾄ,4524486109515,21SJ-14K ﾚｻﾞｰｼﾞｬｹｯﾄ BK XLW 桧垣桜,21SJ-14K,BK 桧垣,XLW,神奈川県,1.00,KMC北関東
2025,202512,20251215,show,デグナー京都本店,4524486109485,21SJ-14K ﾚｻﾞｰｼﾞｬｹｯﾄ BK M 鳳凰,21SJ-14K,BK 鳳凰,M,京都府,1.00,NULL
2025,202512,20251216,0000,いちげん,4524486093708,21SJ-14K ﾚｻﾞｰｼﾞｬｹｯﾄ BK L 桧垣桜,21SJ-14K,BK 桧垣,L,NULL,1.00,NULL
2025,202512,20251216,0688,南海部品株式会社,4524486097959,21SJ-14K ﾚｻﾞｰｼﾞｬｹｯﾄ BK LW 流水雪輪,21SJ-14K,BK 流水,LW,大阪府,1.00,卸
2025,202512,20251216,0840,南海部品 鹿児島店,4524486109515,21SJ-14K ﾚｻﾞｰｼﾞｬｹｯﾄ BK XLW 桧垣桜,21SJ-14K,BK 桧垣,XLW,鹿児島県,1.00,NAPS
2025,202512,20251216,0986,ﾗｲｺﾗﾝﾄﾞ 沖縄店,4524486103247,21SJ-14K ﾚｻﾞｰｼﾞｬｹｯﾄ BK L 雲龍,21SJ-14K,BK 雲龍,L,沖縄県,1.00,NAPS
2025,202512,20251216,1392,株式会社JTBふるさと開発事業部,4524486106545,21SJ-14K ﾚｻﾞｰｼﾞｬｹｯﾄ RD L 鉄流水雪輪,21SJ-14K,RD 鉄流,L,NULL,1.00,NULL
2025,202512,20251216,1392,株式会社JTBふるさと開発事業部,4524486106545,21SJ-14K ﾚｻﾞｰｼﾞｬｹｯﾄ RD L 鉄流水雪輪,21SJ-14K,RD 鉄流,L,NULL,1.00,NULL
2025,202512,20251216,1392,株式会社JTBふるさと開発事業部,4524486106552,21SJ-14K ﾚｻﾞｰｼﾞｬｹｯﾄ RD XL 鉄流水雪輪,21SJ-14K,RD 鉄流,XL,NULL,1.00,NULL
2025,202512,20251216,rihk,FSM TRADING (HK) LIMITED/ Rider Shop HK,4524486094958,21SJ-14K ﾚｻﾞｰｼﾞｬｹｯﾄ BK M 鉄流水雪輪,21SJ-14K,BK 鉄流,M,香港,1.00,NULL
2025,202512,20251216,rihk,FSM TRADING (HK) LIMITED/ Rider Shop HK,4524486109492,21SJ-14K ﾚｻﾞｰｼﾞｬｹｯﾄ BK L 鳳凰,21SJ-14K,BK 鳳凰,L,香港,1.00,NULL
2025,202512,20251217,0986,ﾗｲｺﾗﾝﾄﾞ 沖縄店,4524486093715,21SJ-14K ﾚｻﾞｰｼﾞｬｹｯﾄ BK XL 桧垣桜,21SJ-14K,BK 桧垣,XL,沖縄県,1.00,NAPS
2025,202512,20251217,1251,帝都産業 株式会社,4524486097973,21SJ-14K ﾚｻﾞｰｼﾞｬｹｯﾄ BK LW 桧垣桜,21SJ-14K,BK 桧垣,LW,東京都,1.00,KMC南関東
2025,202512,20251218,0598,ﾗｲｺﾗﾝﾄﾞ TokyoBay東雲店,4524486094972,21SJ-14K ﾚｻﾞｰｼﾞｬｹｯﾄ BK XL 鉄流水雪輪,21SJ-14K,BK 鉄流,XL,東京都,1.00,NAPS
2025,202512,20251218,0598,ﾗｲｺﾗﾝﾄﾞ TokyoBay東雲店,4524486103247,21SJ-14K ﾚｻﾞｰｼﾞｬｹｯﾄ BK L 雲龍,21SJ-14K,BK 雲龍,L,東京都,1.00,NAPS
2025,202512,20251218,0598,ﾗｲｺﾗﾝﾄﾞ TokyoBay東雲店,4524486106538,21SJ-14K ﾚｻﾞｰｼﾞｬｹｯﾄ RD M 鉄流水雪輪,21SJ-14K,RD 鉄流,M,東京都,1.00,NAPS
2025,202512,20251218,0598,ﾗｲｺﾗﾝﾄﾞ TokyoBay東雲店,4524486106545,21SJ-14K ﾚｻﾞｰｼﾞｬｹｯﾄ RD L 鉄流水雪輪,21SJ-14K,RD 鉄流,L,東京都,1.00,NAPS
2025,202512,20251218,0598,ﾗｲｺﾗﾝﾄﾞ TokyoBay東雲店,4524486109492,21SJ-14K ﾚｻﾞｰｼﾞｬｹｯﾄ BK L 鳳凰,21SJ-14K,BK 鳳凰,L,東京都,1.00,NAPS
2025,202512,20251218,0598,ﾗｲｺﾗﾝﾄﾞ TokyoBay東雲店,4524486111495,21SJ-14K ﾚｻﾞｰｼﾞｬｹｯﾄ BK L 輝龍,21SJ-14K,BK 輝龍,L,東京都,1.00,NAPS
2025,202512,20251218,1247,ﾗｲｺﾗﾝﾄﾞ 水戸店,4524486114328,21SJ-14K ﾚｻﾞｰｼﾞｬｹｯﾄ BK L 虎,21SJ-14K,BK 虎,L,茨城県,1.00,NAPS
2025,202512,20251218,1247,ﾗｲｺﾗﾝﾄﾞ 水戸店,4524486114335,21SJ-14K ﾚｻﾞｰｼﾞｬｹｯﾄ BK XL 虎,21SJ-14K,BK 虎,XL,茨城県,1.00,NAPS
2025,202512,20251218,1449,横浜ﾌﾙﾌｨﾙﾒﾝﾄｾﾝﾀｰ,4524486093685,21SJ-14K ﾚｻﾞｰｼﾞｬｹｯﾄ BK XL 流水雪輪,21SJ-14K,BK 流水,XL,神奈川県,1.00,KMC北関東
2025,202512,20251219,0789,ﾅｯﾌﾟｽ ﾍﾞｲｻｲﾄﾞ幸浦店,4524486093692,21SJ-14K ﾚｻﾞｰｼﾞｬｹｯﾄ BK M 桧垣桜,21SJ-14K,BK 桧垣,M,神奈川県,-1.00,NAPS
2025,202512,20251219,0789,ﾅｯﾌﾟｽ ﾍﾞｲｻｲﾄﾞ幸浦店,4524486106538,21SJ-14K ﾚｻﾞｰｼﾞｬｹｯﾄ RD M 鉄流水雪輪,21SJ-14K,RD 鉄流,M,神奈川県,-1.00,NAPS
2025,202512,20251219,show,デグナー京都本店,4524486093678,21SJ-14K ﾚｻﾞｰｼﾞｬｹｯﾄ BK L 流水雪輪,21SJ-14K,BK 流水,L,京都府,1.00,NULL
2025,202512,20251221,9996,株式会社 ﾃﾞｸﾞﾅｰ,4524486093647,21SJ-14K ﾚｻﾞｰｼﾞｬｹｯﾄ BK L 風神雷神BE,21SJ-14K,BK-BE風,L,NULL,1.00,NULL
2025,202512,20251221,9996,株式会社 ﾃﾞｸﾞﾅｰ,4524486093685,21SJ-14K ﾚｻﾞｰｼﾞｬｹｯﾄ BK XL 流水雪輪,21SJ-14K,BK 流水,XL,NULL,1.00,NULL
2025,202512,20251222,show,デグナー京都本店,4524486093692,21SJ-14K ﾚｻﾞｰｼﾞｬｹｯﾄ BK M 桧垣桜,21SJ-14K,BK 桧垣,M,京都府,1.00,NULL
2025,202512,20251223,0789,ﾅｯﾌﾟｽ ﾍﾞｲｻｲﾄﾞ幸浦店,4524486106552,21SJ-14K ﾚｻﾞｰｼﾞｬｹｯﾄ RD XL 鉄流水雪輪,21SJ-14K,RD 鉄流,XL,神奈川県,1.00,NAPS
2025,202512,20251223,0789,ﾅｯﾌﾟｽ ﾍﾞｲｻｲﾄﾞ幸浦店,4524486109508,21SJ-14K ﾚｻﾞｰｼﾞｬｹｯﾄ BK XL 鳳凰,21SJ-14K,BK 鳳凰,XL,神奈川県,1.00,NAPS
2025,202512,20251223,1168,722 福岡2りんかん,4524486093715,21SJ-14K ﾚｻﾞｰｼﾞｬｹｯﾄ BK XL 桧垣桜,21SJ-14K,BK 桧垣,XL,福岡県,1.00,KMC北日本
2025,202512,20251224,0000,いちげん,4524486093685,21SJ-14K ﾚｻﾞｰｼﾞｬｹｯﾄ BK XL 流水雪輪,21SJ-14K,BK 流水,XL,NULL,1.00,NULL
2025,202512,20251224,1392,株式会社JTBふるさと開発事業部,4524486093692,21SJ-14K ﾚｻﾞｰｼﾞｬｹｯﾄ BK M 桧垣桜,21SJ-14K,BK 桧垣,M,NULL,1.00,NULL
2025,202512,20251224,1392,株式会社JTBふるさと開発事業部,4524486103230,21SJ-14K ﾚｻﾞｰｼﾞｬｹｯﾄ BK M 雲龍,21SJ-14K,BK 雲龍,M,NULL,1.00,NULL
2025,202512,20251225,1392,株式会社JTBふるさと開発事業部,4524486109515,21SJ-14K ﾚｻﾞｰｼﾞｬｹｯﾄ BK XLW 桧垣桜,21SJ-14K,BK 桧垣,XLW,NULL,1.00,NULL
2025,202512,20251225,ansi,ANSIN MOTO CO.,4524486093685,21SJ-14K ﾚｻﾞｰｼﾞｬｹｯﾄ BK XL 流水雪輪,21SJ-14K,BK 流水,XL,台湾,1.00,NULL
2025,202512,20251225,ansi,ANSIN MOTO CO.,4524486093708,21SJ-14K ﾚｻﾞｰｼﾞｬｹｯﾄ BK L 桧垣桜,21SJ-14K,BK 桧垣,L,台湾,1.00,NULL
2025,202512,20251225,ansi,ANSIN MOTO CO.,4524486093715,21SJ-14K ﾚｻﾞｰｼﾞｬｹｯﾄ BK XL 桧垣桜,21SJ-14K,BK 桧垣,XL,台湾,1.00,NULL
2025,202512,20251226,1392,株式会社JTBふるさと開発事業部,4524486103230,21SJ-14K ﾚｻﾞｰｼﾞｬｹｯﾄ BK M 雲龍,21SJ-14K,BK 雲龍,M,NULL,1.00,NULL
2025,202512,20251226,1392,株式会社JTBふるさと開発事業部,4524486106552,21SJ-14K ﾚｻﾞｰｼﾞｬｹｯﾄ RD XL 鉄流水雪輪,21SJ-14K,RD 鉄流,XL,NULL,1.00,NULL
2025,202512,20251226,1392,株式会社JTBふるさと開発事業部,4524486107566,21SJ-14K ﾚｻﾞｰｼﾞｬｹｯﾄ NV L 鉄流水雪輪,21SJ-14K,NV 鉄流,L,NULL,1.00,NULL
2025,202512,20251226,show,デグナー京都本店,4524486094965,21SJ-14K ﾚｻﾞｰｼﾞｬｹｯﾄ BK L 鉄流水雪輪,21SJ-14K,BK 鉄流,L,京都府,1.00,NULL
2025,202512,20251227,show,デグナー京都本店,4524486113499,21SJ-14K ﾚｻﾞｰｼﾞｬｹｯﾄ BK S 流水雪輪,21SJ-14K,BK 流水,S,京都府,1.00,NULL
2025,202512,20251228,show,デグナー京都本店,4524486093647,21SJ-14K ﾚｻﾞｰｼﾞｬｹｯﾄ BK L 風神雷神BE,21SJ-14K,BK-BE風,L,京都府,1.00,NULL
2025,202512,20251228,show,デグナー京都本店,4524486111495,21SJ-14K ﾚｻﾞｰｼﾞｬｹｯﾄ BK L 輝龍,21SJ-14K,BK 輝龍,L,京都府,1.00,NULL
2025,202512,20251229,0000,いちげん,4524486094965,21SJ-14K ﾚｻﾞｰｼﾞｬｹｯﾄ BK L 鉄流水雪輪,21SJ-14K,BK 鉄流,L,NULL,1.00,NULL
2025,202512,20251229,0688,南海部品株式会社,4524486093678,21SJ-14K ﾚｻﾞｰｼﾞｬｹｯﾄ BK L 流水雪輪,21SJ-14K,BK 流水,L,大阪府,1.00,卸
2025,202512,20251229,1067,株式会社 ﾓﾉﾀﾞｲﾚｸﾄ,4524486109515,21SJ-14K ﾚｻﾞｰｼﾞｬｹｯﾄ BK XLW 桧垣桜,21SJ-14K,BK 桧垣,XLW,神奈川県,1.00,KMC北関東
2025,202512,20251229,1261,ﾅｯﾌﾟｽ台湾新北店,4524486094965,21SJ-14K ﾚｻﾞｰｼﾞｬｹｯﾄ BK L 鉄流水雪輪,21SJ-14K,BK 鉄流,L,台湾,1.00,NAPS
2025,202512,20251229,1392,株式会社JTBふるさと開発事業部,4524486093678,21SJ-14K ﾚｻﾞｰｼﾞｬｹｯﾄ BK L 流水雪輪,21SJ-14K,BK 流水,L,NULL,1.00,NULL
2025,202512,20251229,1392,株式会社JTBふるさと開発事業部,4524486106538,21SJ-14K ﾚｻﾞｰｼﾞｬｹｯﾄ RD M 鉄流水雪輪,21SJ-14K,RD 鉄流,M,NULL,1.00,NULL
2025,202512,20251229,9996,株式会社 ﾃﾞｸﾞﾅｰ,4524486106538,21SJ-14K ﾚｻﾞｰｼﾞｬｹｯﾄ RD M 鉄流水雪輪,21SJ-14K,RD 鉄流,M,NULL,1.00,NULL
2025,202512,20251229,onof,ON-OFF Motobike Collections,4524486093678,21SJ-14K ﾚｻﾞｰｼﾞｬｹｯﾄ BK L 流水雪輪,21SJ-14K,BK 流水,L,台湾,1.00,NULL
2025,202512,20251229,onof,ON-OFF Motobike Collections,4524486094965,21SJ-14K ﾚｻﾞｰｼﾞｬｹｯﾄ BK L 鉄流水雪輪,21SJ-14K,BK 鉄流,L,台湾,1.00,NULL
2025,202512,20251229,onof,ON-OFF Motobike Collections,4524486094972,21SJ-14K ﾚｻﾞｰｼﾞｬｹｯﾄ BK XL 鉄流水雪輪,21SJ-14K,BK 鉄流,XL,台湾,1.00,NULL
2025,202512,20251229,onof,ON-OFF Motobike Collections,4524486109522,21SJ-14K ﾚｻﾞｰｼﾞｬｹｯﾄ BK XLW 流水雪輪,21SJ-14K,BK 流水,XLW,台湾,1.00,NULL
2026,202601,20260102,9996,株式会社 ﾃﾞｸﾞﾅｰ,4524486097959,21SJ-14K ﾚｻﾞｰｼﾞｬｹｯﾄ BK LW 流水雪輪,21SJ-14K,BK 流水,LW,NULL,1.00,NULL
2026,202601,20260102,show,デグナー京都本店,4524486109522,21SJ-14K ﾚｻﾞｰｼﾞｬｹｯﾄ BK XLW 流水雪輪,21SJ-14K,BK 流水,XLW,京都府,1.00,NULL
2026,202601,20260103,show,デグナー京都本店,4524486093708,21SJ-14K ﾚｻﾞｰｼﾞｬｹｯﾄ BK L 桧垣桜,21SJ-14K,BK 桧垣,L,京都府,1.00,NULL
2026,202601,20260105,0000,いちげん,4524486093692,21SJ-14K ﾚｻﾞｰｼﾞｬｹｯﾄ BK M 桧垣桜,21SJ-14K,BK 桧垣,M,NULL,1.00,NULL
2026,202601,20260105,0000,いちげん,4524486103254,21SJ-14K ﾚｻﾞｰｼﾞｬｹｯﾄ BK XL 雲龍,21SJ-14K,BK 雲龍,XL,NULL,1.00,NULL
2026,202601,20260105,0000,いちげん,4524486107573,21SJ-14K ﾚｻﾞｰｼﾞｬｹｯﾄ NV XL 鉄流水雪輪,21SJ-14K,NV 鉄流,XL,NULL,1.00,NULL
2026,202601,20260105,0000,いちげん,4524486113499,21SJ-14K ﾚｻﾞｰｼﾞｬｹｯﾄ BK S 流水雪輪,21SJ-14K,BK 流水,S,NULL,1.00,NULL
2026,202601,20260105,1247,ﾗｲｺﾗﾝﾄﾞ 水戸店,4524486094965,21SJ-14K ﾚｻﾞｰｼﾞｬｹｯﾄ BK L 鉄流水雪輪,21SJ-14K,BK 鉄流,L,茨城県,1.00,NAPS
2026,202601,20260106,0000,いちげん,4524486093654,21SJ-14K ﾚｻﾞｰｼﾞｬｹｯﾄ BK XL 風神雷神BE,21SJ-14K,BK-BE風,XL,NULL,1.00,NULL
2026,202601,20260106,0000,いちげん,4524486111488,21SJ-14K ﾚｻﾞｰｼﾞｬｹｯﾄ BK M 輝龍,21SJ-14K,BK 輝龍,M,NULL,1.00,NULL
2026,202601,20260106,0015,株式会社 ｱｸﾄﾜｰﾙﾄﾞ,4524486093685,21SJ-14K ﾚｻﾞｰｼﾞｬｹｯﾄ BK XL 流水雪輪,21SJ-14K,BK 流水,XL,北海道,1.00,卸
2026,202601,20260106,0015,株式会社 ｱｸﾄﾜｰﾙﾄﾞ,4524486109522,21SJ-14K ﾚｻﾞｰｼﾞｬｹｯﾄ BK XLW 流水雪輪,21SJ-14K,BK 流水,XLW,北海道,1.00,卸
2026,202601,20260106,0168,ﾗｲｺﾗﾝﾄﾞ 柏店,4524486093692,21SJ-14K ﾚｻﾞｰｼﾞｬｹｯﾄ BK M 桧垣桜,21SJ-14K,BK 桧垣,M,千葉県,1.00,NAPS
2026,202601,20260106,0986,ﾗｲｺﾗﾝﾄﾞ 沖縄店,4524486093715,21SJ-14K ﾚｻﾞｰｼﾞｬｹｯﾄ BK XL 桧垣桜,21SJ-14K,BK 桧垣,XL,沖縄県,1.00,NAPS
2026,202601,20260106,1392,株式会社JTBふるさと開発事業部,4524486093708,21SJ-14K ﾚｻﾞｰｼﾞｬｹｯﾄ BK L 桧垣桜,21SJ-14K,BK 桧垣,L,NULL,1.00,NULL
2026,202601,20260106,1392,株式会社JTBふるさと開発事業部,4524486093715,21SJ-14K ﾚｻﾞｰｼﾞｬｹｯﾄ BK XL 桧垣桜,21SJ-14K,BK 桧垣,XL,NULL,1.00,NULL
2026,202601,20260106,1392,株式会社JTBふるさと開発事業部,4524486103247,21SJ-14K ﾚｻﾞｰｼﾞｬｹｯﾄ BK L 雲龍,21SJ-14K,BK 雲龍,L,NULL,1.00,NULL
2026,202601,20260106,1392,株式会社JTBふるさと開発事業部,4524486109492,21SJ-14K ﾚｻﾞｰｼﾞｬｹｯﾄ BK L 鳳凰,21SJ-14K,BK 鳳凰,L,NULL,1.00,NULL
2026,202601,20260107,0653,株式会社 光輝 南海部品仙台店,4524486109508,21SJ-14K ﾚｻﾞｰｼﾞｬｹｯﾄ BK XL 鳳凰,21SJ-14K,BK 鳳凰,XL,宮城県,1.00,NAPS
2026,202601,20260107,ansi,ANSIN MOTO CO.,4524486093692,21SJ-14K ﾚｻﾞｰｼﾞｬｹｯﾄ BK M 桧垣桜,21SJ-14K,BK 桧垣,M,台湾,1.00,NULL
2026,202601,20260107,ansi,ANSIN MOTO CO.,4524486094972,21SJ-14K ﾚｻﾞｰｼﾞｬｹｯﾄ BK XL 鉄流水雪輪,21SJ-14K,BK 鉄流,XL,台湾,1.00,NULL
2026,202601,20260108,0433,南海部品 宇都宮店,4524486111495,21SJ-14K ﾚｻﾞｰｼﾞｬｹｯﾄ BK L 輝龍,21SJ-14K,BK 輝龍,L,栃木県,1.00,NAPS
2026,202601,20260110,show,デグナー京都本店,4524486093692,21SJ-14K ﾚｻﾞｰｼﾞｬｹｯﾄ BK M 桧垣桜,21SJ-14K,BK 桧垣,M,京都府,1.00,NULL
2026,202601,20260111,show,デグナー京都本店,4524486093685,21SJ-14K ﾚｻﾞｰｼﾞｬｹｯﾄ BK XL 流水雪輪,21SJ-14K,BK 流水,XL,京都府,1.00,NULL
2026,202601,20260111,show,デグナー京都本店,4524486094965,21SJ-14K ﾚｻﾞｰｼﾞｬｹｯﾄ BK L 鉄流水雪輪,21SJ-14K,BK 鉄流,L,京都府,1.00,NULL
2026,202601,20260112,9996,株式会社 ﾃﾞｸﾞﾅｰ,4524486106552,21SJ-14K ﾚｻﾞｰｼﾞｬｹｯﾄ RD XL 鉄流水雪輪,21SJ-14K,RD 鉄流,XL,NULL,1.00,NULL
2026,202601,20260112,show,デグナー京都本店,4524486106545,21SJ-14K ﾚｻﾞｰｼﾞｬｹｯﾄ RD L 鉄流水雪輪,21SJ-14K,RD 鉄流,L,京都府,1.00,NULL
2026,202601,20260113,0000,いちげん,4524486093654,21SJ-14K ﾚｻﾞｰｼﾞｬｹｯﾄ BK XL 風神雷神BE,21SJ-14K,BK-BE風,XL,NULL,1.00,NULL
2026,202601,20260113,0000,いちげん,4524486097966,21SJ-14K ﾚｻﾞｰｼﾞｬｹｯﾄ BK LW 鉄流水雪輪,21SJ-14K,BK 鉄流,LW,NULL,1.00,NULL
2026,202601,20260113,0986,ﾗｲｺﾗﾝﾄﾞ 沖縄店,4524486103254,21SJ-14K ﾚｻﾞｰｼﾞｬｹｯﾄ BK XL 雲龍,21SJ-14K,BK 雲龍,XL,沖縄県,1.00,NAPS
2026,202601,20260114,0986,ﾗｲｺﾗﾝﾄﾞ 沖縄店,4524486093678,21SJ-14K ﾚｻﾞｰｼﾞｬｹｯﾄ BK L 流水雪輪,21SJ-14K,BK 流水,L,沖縄県,1.00,NAPS
2026,202601,20260114,0986,ﾗｲｺﾗﾝﾄﾞ 沖縄店,4524486103247,21SJ-14K ﾚｻﾞｰｼﾞｬｹｯﾄ BK L 雲龍,21SJ-14K,BK 雲龍,L,沖縄県,1.00,NAPS
2026,202601,20260116,0000,いちげん,4524486093678,21SJ-14K ﾚｻﾞｰｼﾞｬｹｯﾄ BK L 流水雪輪,21SJ-14K,BK 流水,L,NULL,1.00,NULL
2026,202601,20260116,0000,いちげん,4524486106538,21SJ-14K ﾚｻﾞｰｼﾞｬｹｯﾄ RD M 鉄流水雪輪,21SJ-14K,RD 鉄流,M,NULL,1.00,NULL
2026,202601,20260118,9996,株式会社 ﾃﾞｸﾞﾅｰ,4524486094965,21SJ-14K ﾚｻﾞｰｼﾞｬｹｯﾄ BK L 鉄流水雪輪,21SJ-14K,BK 鉄流,L,NULL,1.00,NULL
2026,202601,20260119,0000,いちげん,4524486094965,21SJ-14K ﾚｻﾞｰｼﾞｬｹｯﾄ BK L 鉄流水雪輪,21SJ-14K,BK 鉄流,L,NULL,1.00,NULL
2026,202601,20260119,rihk,FSM TRADING (HK) LIMITED/ Rider Shop HK,4524486093678,21SJ-14K ﾚｻﾞｰｼﾞｬｹｯﾄ BK L 流水雪輪,21SJ-14K,BK 流水,L,香港,1.00,NULL
2026,202601,20260119,rihk,FSM TRADING (HK) LIMITED/ Rider Shop HK,4524486093692,21SJ-14K ﾚｻﾞｰｼﾞｬｹｯﾄ BK M 桧垣桜,21SJ-14K,BK 桧垣,M,香港,1.00,NULL
2026,202601,20260119,rihk,FSM TRADING (HK) LIMITED/ Rider Shop HK,4524486094972,21SJ-14K ﾚｻﾞｰｼﾞｬｹｯﾄ BK XL 鉄流水雪輪,21SJ-14K,BK 鉄流,XL,香港,1.00,NULL
2026,202601,20260119,rihk,FSM TRADING (HK) LIMITED/ Rider Shop HK,4524486111488,21SJ-14K ﾚｻﾞｰｼﾞｬｹｯﾄ BK M 輝龍,21SJ-14K,BK 輝龍,M,香港,1.00,NULL
2026,202601,20260119,rihk,FSM TRADING (HK) LIMITED/ Rider Shop HK,4524486113499,21SJ-14K ﾚｻﾞｰｼﾞｬｹｯﾄ BK S 流水雪輪,21SJ-14K,BK 流水,S,香港,1.00,NULL
2026,202601,20260120,0015,株式会社 ｱｸﾄﾜｰﾙﾄﾞ,4524486114335,21SJ-14K ﾚｻﾞｰｼﾞｬｹｯﾄ BK XL 虎,21SJ-14K,BK 虎,XL,北海道,1.00,卸
2026,202601,20260120,0986,ﾗｲｺﾗﾝﾄﾞ 沖縄店,4524486103254,21SJ-14K ﾚｻﾞｰｼﾞｬｹｯﾄ BK XL 雲龍,21SJ-14K,BK 雲龍,XL,沖縄県,1.00,NAPS
2026,202601,20260120,1251,帝都産業 株式会社,4524486093654,21SJ-14K ﾚｻﾞｰｼﾞｬｹｯﾄ BK XL 風神雷神BE,21SJ-14K,BK-BE風,XL,東京都,1.00,KMC南関東
2026,202601,20260121,0000,いちげん,4524486093692,21SJ-14K ﾚｻﾞｰｼﾞｬｹｯﾄ BK M 桧垣桜,21SJ-14K,BK 桧垣,M,NULL,1.00,NULL
2026,202601,20260121,0000,いちげん,4524486094965,21SJ-14K ﾚｻﾞｰｼﾞｬｹｯﾄ BK L 鉄流水雪輪,21SJ-14K,BK 鉄流,L,NULL,1.00,NULL
2026,202601,20260121,0239,株式会社 ｻｲｸﾙﾜｰﾙﾄﾞ神戸本店,4524486094965,21SJ-14K ﾚｻﾞｰｼﾞｬｹｯﾄ BK L 鉄流水雪輪,21SJ-14K,BK 鉄流,L,兵庫県,1.00,KMC北関東
2026,202601,20260121,9996,株式会社 ﾃﾞｸﾞﾅｰ,4524486109515,21SJ-14K ﾚｻﾞｰｼﾞｬｹｯﾄ BK XLW 桧垣桜,21SJ-14K,BK 桧垣,XLW,NULL,1.00,NULL
2026,202601,20260122,0000,いちげん,4524486111495,21SJ-14K ﾚｻﾞｰｼﾞｬｹｯﾄ BK L 輝龍,21SJ-14K,BK 輝龍,L,NULL,1.00,NULL
2026,202601,20260122,onof,ON-OFF Motobike Collections,4524486093678,21SJ-14K ﾚｻﾞｰｼﾞｬｹｯﾄ BK L 流水雪輪,21SJ-14K,BK 流水,L,台湾,2.00,NULL
2026,202601,20260122,onof,ON-OFF Motobike Collections,4524486093685,21SJ-14K ﾚｻﾞｰｼﾞｬｹｯﾄ BK XL 流水雪輪,21SJ-14K,BK 流水,XL,台湾,1.00,NULL
2026,202601,20260122,onof,ON-OFF Motobike Collections,4524486094965,21SJ-14K ﾚｻﾞｰｼﾞｬｹｯﾄ BK L 鉄流水雪輪,21SJ-14K,BK 鉄流,L,台湾,1.00,NULL
2026,202601,20260122,onof,ON-OFF Motobike Collections,4524486094972,21SJ-14K ﾚｻﾞｰｼﾞｬｹｯﾄ BK XL 鉄流水雪輪,21SJ-14K,BK 鉄流,XL,台湾,1.00,NULL
2026,202601,20260122,onof,ON-OFF Motobike Collections,4524486109522,21SJ-14K ﾚｻﾞｰｼﾞｬｹｯﾄ BK XLW 流水雪輪,21SJ-14K,BK 流水,XLW,台湾,2.00,NULL
2026,202601,20260123,0688,南海部品株式会社,4524486097959,21SJ-14K ﾚｻﾞｰｼﾞｬｹｯﾄ BK LW 流水雪輪,21SJ-14K,BK 流水,LW,大阪府,1.00,卸
2026,202601,20260123,1223,ﾗｲｺﾗﾝﾄﾞ CuBe札幌白石店,4524486097973,21SJ-14K ﾚｻﾞｰｼﾞｬｹｯﾄ BK LW 桧垣桜,21SJ-14K,BK 桧垣,LW,北海道,1.00,NAPS
2026,202601,20260126,ansi,ANSIN MOTO CO.,4524486106545,21SJ-14K ﾚｻﾞｰｼﾞｬｹｯﾄ RD L 鉄流水雪輪,21SJ-14K,RD 鉄流,L,台湾,1.00,NULL
2026,202601,20260127,0598,ﾗｲｺﾗﾝﾄﾞ TokyoBay東雲店,4524486093692,21SJ-14K ﾚｻﾞｰｼﾞｬｹｯﾄ BK M 桧垣桜,21SJ-14K,BK 桧垣,M,東京都,1.00,NAPS
2026,202601,20260127,0986,ﾗｲｺﾗﾝﾄﾞ 沖縄店,4524486093692,21SJ-14K ﾚｻﾞｰｼﾞｬｹｯﾄ BK M 桧垣桜,21SJ-14K,BK 桧垣,M,沖縄県,1.00,NAPS
2026,202601,20260128,9996,株式会社 ﾃﾞｸﾞﾅｰ,4524486103254,21SJ-14K ﾚｻﾞｰｼﾞｬｹｯﾄ BK XL 雲龍,21SJ-14K,BK 雲龍,XL,NULL,1.00,NULL
2026,202601,20260128,show,デグナー京都本店,4524486103247,21SJ-14K ﾚｻﾞｰｼﾞｬｹｯﾄ BK L 雲龍,21SJ-14K,BK 雲龍,L,京都府,1.00,NULL
2026,202601,20260129,0000,いちげん,4524486113505,21SJ-14K ﾚｻﾞｰｼﾞｬｹｯﾄ BK S 桧垣桜,21SJ-14K,BK 桧垣,S,NULL,1.00,NULL
2026,202601,20260129,0000,いちげん,4524486114311,21SJ-14K ﾚｻﾞｰｼﾞｬｹｯﾄ BK M 虎,21SJ-14K,BK 虎,M,NULL,1.00,NULL
2026,202601,20260129,0015,株式会社 ｱｸﾄﾜｰﾙﾄﾞ,4524486114328,21SJ-14K ﾚｻﾞｰｼﾞｬｹｯﾄ BK L 虎,21SJ-14K,BK 虎,L,北海道,1.00,卸
2026,202601,20260129,1301,ﾊﾟｰｸｱｯﾌﾟ株式会社,4524486114328,21SJ-14K ﾚｻﾞｰｼﾞｬｹｯﾄ BK L 虎,21SJ-14K,BK 虎,L,兵庫県,1.00,KMC北関東
2026,202601,20260129,1450,甲子園ﾌﾙﾌｨﾙﾒﾝﾄｾﾝﾀｰ,4524486114335,21SJ-14K ﾚｻﾞｰｼﾞｬｹｯﾄ BK XL 虎,21SJ-14K,BK 虎,XL,兵庫県,1.00,KMC北関東
2026,202601,20260130,0000,いちげん,4524486114328,21SJ-14K ﾚｻﾞｰｼﾞｬｹｯﾄ BK L 虎,21SJ-14K,BK 虎,L,NULL,1.00,NULL
2026,202601,20260130,0199,株式会社 ﾜｲ･ｹｲ商事,4524486093630,21SJ-14K ﾚｻﾞｰｼﾞｬｹｯﾄ BK M 風神雷神BE,21SJ-14K,BK-BE風,M,東京都,1.00,NAPS
2026,202601,20260130,0769,株式会社 とかげや,4524486093661,21SJ-14K ﾚｻﾞｰｼﾞｬｹｯﾄ BK M 流水雪輪,21SJ-14K,BK 流水,M,愛媛県,1.00,NAPS
2026,202601,20260130,1301,ﾊﾟｰｸｱｯﾌﾟ株式会社,4524486093661,21SJ-14K ﾚｻﾞｰｼﾞｬｹｯﾄ BK M 流水雪輪,21SJ-14K,BK 流水,M,兵庫県,1.00,KMC北関東
2026,202601,20260130,1392,株式会社JTBふるさと開発事業部,4524486103230,21SJ-14K ﾚｻﾞｰｼﾞｬｹｯﾄ BK M 雲龍,21SJ-14K,BK 雲龍,M,NULL,1.00,NULL
2026,202602,20260201,0000,いちげん,4524486109485,21SJ-14K ﾚｻﾞｰｼﾞｬｹｯﾄ BK M 鳳凰,21SJ-14K,BK 鳳凰,M,NULL,1.00,NULL
2026,202602,20260201,9996,株式会社 ﾃﾞｸﾞﾅｰ,4524486111495,21SJ-14K ﾚｻﾞｰｼﾞｬｹｯﾄ BK L 輝龍,21SJ-14K,BK 輝龍,L,NULL,1.00,NULL
2026,202602,20260201,show,デグナー京都本店,4524486093661,21SJ-14K ﾚｻﾞｰｼﾞｬｹｯﾄ BK M 流水雪輪,21SJ-14K,BK 流水,M,京都府,1.00,NULL
2026,202602,20260202,0000,いちげん,4524486106545,21SJ-14K ﾚｻﾞｰｼﾞｬｹｯﾄ RD L 鉄流水雪輪,21SJ-14K,RD 鉄流,L,NULL,1.00,NULL
2026,202602,20260202,0168,ﾗｲｺﾗﾝﾄﾞ 柏店,4524486093708,21SJ-14K ﾚｻﾞｰｼﾞｬｹｯﾄ BK L 桧垣桜,21SJ-14K,BK 桧垣,L,千葉県,1.00,NAPS
2026,202602,20260202,0433,南海部品 宇都宮店,4524486109508,21SJ-14K ﾚｻﾞｰｼﾞｬｹｯﾄ BK XL 鳳凰,21SJ-14K,BK 鳳凰,XL,栃木県,1.00,NAPS
2026,202602,20260202,0598,ﾗｲｺﾗﾝﾄﾞ TokyoBay東雲店,4524486093715,21SJ-14K ﾚｻﾞｰｼﾞｬｹｯﾄ BK XL 桧垣桜,21SJ-14K,BK 桧垣,XL,東京都,1.00,NAPS
2026,202602,20260202,0598,ﾗｲｺﾗﾝﾄﾞ TokyoBay東雲店,4524486094958,21SJ-14K ﾚｻﾞｰｼﾞｬｹｯﾄ BK M 鉄流水雪輪,21SJ-14K,BK 鉄流,M,東京都,1.00,NAPS
2026,202602,20260202,0986,ﾗｲｺﾗﾝﾄﾞ 沖縄店,4524486093708,21SJ-14K ﾚｻﾞｰｼﾞｬｹｯﾄ BK L 桧垣桜,21SJ-14K,BK 桧垣,L,沖縄県,1.00,NAPS
2026,202602,20260202,0986,ﾗｲｺﾗﾝﾄﾞ 沖縄店,4524486093715,21SJ-14K ﾚｻﾞｰｼﾞｬｹｯﾄ BK XL 桧垣桜,21SJ-14K,BK 桧垣,XL,沖縄県,1.00,NAPS
2026,202602,20260202,0986,ﾗｲｺﾗﾝﾄﾞ 沖縄店,4524486109508,21SJ-14K ﾚｻﾞｰｼﾞｬｹｯﾄ BK XL 鳳凰,21SJ-14K,BK 鳳凰,XL,沖縄県,1.00,NAPS
2026,202602,20260202,1067,株式会社 ﾓﾉﾀﾞｲﾚｸﾄ,4524486107573,21SJ-14K ﾚｻﾞｰｼﾞｬｹｯﾄ NV XL 鉄流水雪輪,21SJ-14K,NV 鉄流,XL,神奈川県,1.00,KMC北関東
2026,202602,20260202,1067,株式会社 ﾓﾉﾀﾞｲﾚｸﾄ,4524486113505,21SJ-14K ﾚｻﾞｰｼﾞｬｹｯﾄ BK S 桧垣桜,21SJ-14K,BK 桧垣,S,神奈川県,1.00,KMC北関東
2026,202602,20260202,1223,ﾗｲｺﾗﾝﾄﾞ CuBe札幌白石店,4524486111488,21SJ-14K ﾚｻﾞｰｼﾞｬｹｯﾄ BK M 輝龍,21SJ-14K,BK 輝龍,M,北海道,1.00,NAPS
2026,202602,20260202,1301,ﾊﾟｰｸｱｯﾌﾟ株式会社,4524486093678,21SJ-14K ﾚｻﾞｰｼﾞｬｹｯﾄ BK L 流水雪輪,21SJ-14K,BK 流水,L,兵庫県,1.00,KMC北関東
2026,202602,20260202,1429,ﾗｲｺﾗﾝﾄﾞ 新潟店,4524486093630,21SJ-14K ﾚｻﾞｰｼﾞｬｹｯﾄ BK M 風神雷神BE,21SJ-14K,BK-BE風,M,新潟県,1.00,NAPS
2026,202602,20260202,a278,ﾊｰﾚｰｶｽﾀﾏｰｼﾞｬﾊﾟﾝ,4524486093630,21SJ-14K ﾚｻﾞｰｼﾞｬｹｯﾄ BK M 風神雷神BE,21SJ-14K,BK-BE風,M,広島県,1.00,KMC南関東
2026,202602,20260204,0000,いちげん,4524486093647,21SJ-14K ﾚｻﾞｰｼﾞｬｹｯﾄ BK L 風神雷神BE,21SJ-14K,BK-BE風,L,NULL,1.00,NULL
2026,202602,20260204,0769,株式会社 とかげや,4524486097973,21SJ-14K ﾚｻﾞｰｼﾞｬｹｯﾄ BK LW 桧垣桜,21SJ-14K,BK 桧垣,LW,愛媛県,1.00,NAPS
2026,202602,20260204,0769,株式会社 とかげや,4524486109522,21SJ-14K ﾚｻﾞｰｼﾞｬｹｯﾄ BK XLW 流水雪輪,21SJ-14K,BK 流水,XLW,愛媛県,1.00,NAPS
2026,202602,20260204,0986,ﾗｲｺﾗﾝﾄﾞ 沖縄店,4524486103247,21SJ-14K ﾚｻﾞｰｼﾞｬｹｯﾄ BK L 雲龍,21SJ-14K,BK 雲龍,L,沖縄県,1.00,NAPS
2026,202602,20260204,1273,ﾗｲｺﾗﾝﾄﾞ 小倉店,4524486093708,21SJ-14K ﾚｻﾞｰｼﾞｬｹｯﾄ BK L 桧垣桜,21SJ-14K,BK 桧垣,L,福岡県,1.00,NAPS
2026,202602,20260204,1273,ﾗｲｺﾗﾝﾄﾞ 小倉店,4524486093715,21SJ-14K ﾚｻﾞｰｼﾞｬｹｯﾄ BK XL 桧垣桜,21SJ-14K,BK 桧垣,XL,福岡県,1.00,NAPS
2026,202602,20260205,1301,ﾊﾟｰｸｱｯﾌﾟ株式会社,4524486093661,21SJ-14K ﾚｻﾞｰｼﾞｬｹｯﾄ BK M 流水雪輪,21SJ-14K,BK 流水,M,兵庫県,-1.00,KMC北関東
2026,202602,20260205,1301,ﾊﾟｰｸｱｯﾌﾟ株式会社,4524486113499,21SJ-14K ﾚｻﾞｰｼﾞｬｹｯﾄ BK S 流水雪輪,21SJ-14K,BK 流水,S,兵庫県,1.00,KMC北関東
2026,202602,20260206,0000,いちげん,4524486093678,21SJ-14K ﾚｻﾞｰｼﾞｬｹｯﾄ BK L 流水雪輪,21SJ-14K,BK 流水,L,NULL,1.00,NULL
2026,202602,20260206,show,デグナー京都本店,4524486093678,21SJ-14K ﾚｻﾞｰｼﾞｬｹｯﾄ BK L 流水雪輪,21SJ-14K,BK 流水,L,京都府,1.00,NULL
2026,202602,20260206,show,デグナー京都本店,4524486106538,21SJ-14K ﾚｻﾞｰｼﾞｬｹｯﾄ RD M 鉄流水雪輪,21SJ-14K,RD 鉄流,M,京都府,1.00,NULL
2026,202602,20260208,9996,株式会社 ﾃﾞｸﾞﾅｰ,4524486093661,21SJ-14K ﾚｻﾞｰｼﾞｬｹｯﾄ BK M 流水雪輪,21SJ-14K,BK 流水,M,NULL,1.00,NULL
2026,202602,20260208,9996,株式会社 ﾃﾞｸﾞﾅｰ,4524486106545,21SJ-14K ﾚｻﾞｰｼﾞｬｹｯﾄ RD L 鉄流水雪輪,21SJ-14K,RD 鉄流,L,NULL,1.00,NULL
2026,202602,20260209,0000,いちげん,4524486113499,21SJ-14K ﾚｻﾞｰｼﾞｬｹｯﾄ BK S 流水雪輪,21SJ-14K,BK 流水,S,NULL,1.00,NULL
2026,202602,20260209,0653,株式会社 光輝 南海部品仙台店,4524486093708,21SJ-14K ﾚｻﾞｰｼﾞｬｹｯﾄ BK L 桧垣桜,21SJ-14K,BK 桧垣,L,宮城県,1.00,NAPS
2026,202602,20260209,1067,株式会社 ﾓﾉﾀﾞｲﾚｸﾄ,4524486107573,21SJ-14K ﾚｻﾞｰｼﾞｬｹｯﾄ NV XL 鉄流水雪輪,21SJ-14K,NV 鉄流,XL,神奈川県,1.00,KMC北関東
2026,202602,20260210,rihk,FSM TRADING (HK) LIMITED/ Rider Shop HK,4524486093678,21SJ-14K ﾚｻﾞｰｼﾞｬｹｯﾄ BK L 流水雪輪,21SJ-14K,BK 流水,L,香港,1.00,NULL
2026,202602,20260210,rihk,FSM TRADING (HK) LIMITED/ Rider Shop HK,4524486093685,21SJ-14K ﾚｻﾞｰｼﾞｬｹｯﾄ BK XL 流水雪輪,21SJ-14K,BK 流水,XL,香港,1.00,NULL
2026,202602,20260210,rihk,FSM TRADING (HK) LIMITED/ Rider Shop HK,4524486093692,21SJ-14K ﾚｻﾞｰｼﾞｬｹｯﾄ BK M 桧垣桜,21SJ-14K,BK 桧垣,M,香港,1.00,NULL
2026,202602,20260210,rihk,FSM TRADING (HK) LIMITED/ Rider Shop HK,4524486097966,21SJ-14K ﾚｻﾞｰｼﾞｬｹｯﾄ BK LW 鉄流水雪輪,21SJ-14K,BK 鉄流,LW,香港,1.00,NULL
2026,202602,20260210,rihk,FSM TRADING (HK) LIMITED/ Rider Shop HK,4524486109522,21SJ-14K ﾚｻﾞｰｼﾞｬｹｯﾄ BK XLW 流水雪輪,21SJ-14K,BK 流水,XLW,香港,1.00,NULL
2026,202602,20260210,rihk,FSM TRADING (HK) LIMITED/ Rider Shop HK,4524486111495,21SJ-14K ﾚｻﾞｰｼﾞｬｹｯﾄ BK L 輝龍,21SJ-14K,BK 輝龍,L,香港,1.00,NULL
2026,202602,20260212,0000,いちげん,4524486106538,21SJ-14K ﾚｻﾞｰｼﾞｬｹｯﾄ RD M 鉄流水雪輪,21SJ-14K,RD 鉄流,M,NULL,1.00,NULL
2026,202602,20260213,0000,いちげん,4524486093692,21SJ-14K ﾚｻﾞｰｼﾞｬｹｯﾄ BK M 桧垣桜,21SJ-14K,BK 桧垣,M,NULL,1.00,NULL
2026,202602,20260213,0000,いちげん,4524486093708,21SJ-14K ﾚｻﾞｰｼﾞｬｹｯﾄ BK L 桧垣桜,21SJ-14K,BK 桧垣,L,NULL,1.00,NULL
2026,202602,20260213,0000,いちげん,4524486093708,21SJ-14K ﾚｻﾞｰｼﾞｬｹｯﾄ BK L 桧垣桜,21SJ-14K,BK 桧垣,L,NULL,-1.00,NULL
2026,202602,20260213,0769,株式会社 とかげや,4524486109522,21SJ-14K ﾚｻﾞｰｼﾞｬｹｯﾄ BK XLW 流水雪輪,21SJ-14K,BK 流水,XLW,愛媛県,-1.00,NAPS
2026,202602,20260214,9996,株式会社 ﾃﾞｸﾞﾅｰ,4524486093647,21SJ-14K ﾚｻﾞｰｼﾞｬｹｯﾄ BK L 風神雷神BE,21SJ-14K,BK-BE風,L,NULL,1.00,NULL
2026,202602,20260215,9996,株式会社 ﾃﾞｸﾞﾅｰ,4524486106590,21SJ-14K ﾚｻﾞｰｼﾞｬｹｯﾄ BK L 百鬼夜行,21SJ-14K,BK 百夜,L,NULL,1.00,NULL
2026,202602,20260216,0000,いちげん,4524486093685,21SJ-14K ﾚｻﾞｰｼﾞｬｹｯﾄ BK XL 流水雪輪,21SJ-14K,BK 流水,XL,NULL,1.00,NULL
2026,202602,20260216,0688,南海部品株式会社,4524486093678,21SJ-14K ﾚｻﾞｰｼﾞｬｹｯﾄ BK L 流水雪輪,21SJ-14K,BK 流水,L,大阪府,1.00,卸
2026,202602,20260216,1392,株式会社JTBふるさと開発事業部,4524486103247,21SJ-14K ﾚｻﾞｰｼﾞｬｹｯﾄ BK L 雲龍,21SJ-14K,BK 雲龍,L,NULL,1.00,NULL
2026,202602,20260217,0000,いちげん,4524486093685,21SJ-14K ﾚｻﾞｰｼﾞｬｹｯﾄ BK XL 流水雪輪,21SJ-14K,BK 流水,XL,NULL,1.00,NULL
2026,202602,20260217,0000,いちげん,4524486097973,21SJ-14K ﾚｻﾞｰｼﾞｬｹｯﾄ BK LW 桧垣桜,21SJ-14K,BK 桧垣,LW,NULL,1.00,NULL
2026,202602,20260218,show,デグナー京都本店,4524486106552,21SJ-14K ﾚｻﾞｰｼﾞｬｹｯﾄ RD XL 鉄流水雪輪,21SJ-14K,RD 鉄流,XL,京都府,1.00,NULL
2026,202602,20260218,show,デグナー京都本店,4524486109492,21SJ-14K ﾚｻﾞｰｼﾞｬｹｯﾄ BK L 鳳凰,21SJ-14K,BK 鳳凰,L,京都府,1.00,NULL
2026,202602,20260219,0986,ﾗｲｺﾗﾝﾄﾞ 沖縄店,4524486103247,21SJ-14K ﾚｻﾞｰｼﾞｬｹｯﾄ BK L 雲龍,21SJ-14K,BK 雲龍,L,沖縄県,1.00,NAPS
2026,202602,20260219,0986,ﾗｲｺﾗﾝﾄﾞ 沖縄店,4524486109485,21SJ-14K ﾚｻﾞｰｼﾞｬｹｯﾄ BK M 鳳凰,21SJ-14K,BK 鳳凰,M,沖縄県,1.00,NAPS
2026,202602,20260220,0598,ﾗｲｺﾗﾝﾄﾞ TokyoBay東雲店,4524486103254,21SJ-14K ﾚｻﾞｰｼﾞｬｹｯﾄ BK XL 雲龍,21SJ-14K,BK 雲龍,XL,東京都,1.00,NAPS
2026,202602,20260220,0974,260 花園2りんかん,4524486093678,21SJ-14K ﾚｻﾞｰｼﾞｬｹｯﾄ BK L 流水雪輪,21SJ-14K,BK 流水,L,埼玉県,1.00,KMC北日本
2026,202602,20260222,show,デグナー京都本店,4524486093678,21SJ-14K ﾚｻﾞｰｼﾞｬｹｯﾄ BK L 流水雪輪,21SJ-14K,BK 流水,L,京都府,1.00,NULL
2026,202602,20260222,show,デグナー京都本店,4524486093685,21SJ-14K ﾚｻﾞｰｼﾞｬｹｯﾄ BK XL 流水雪輪,21SJ-14K,BK 流水,XL,京都府,1.00,NULL
2026,202602,20260222,show,デグナー京都本店,4524486107566,21SJ-14K ﾚｻﾞｰｼﾞｬｹｯﾄ NV L 鉄流水雪輪,21SJ-14K,NV 鉄流,L,京都府,1.00,NULL
2026,202602,20260224,0000,いちげん,4524486106538,21SJ-14K ﾚｻﾞｰｼﾞｬｹｯﾄ RD M 鉄流水雪輪,21SJ-14K,RD 鉄流,M,NULL,1.00,NULL
2026,202602,20260224,0688,南海部品株式会社,4524486093678,21SJ-14K ﾚｻﾞｰｼﾞｬｹｯﾄ BK L 流水雪輪,21SJ-14K,BK 流水,L,大阪府,1.00,卸
2026,202602,20260226,1386,ﾅｯﾌﾟｽ 一宮店,4524486111488,21SJ-14K ﾚｻﾞｰｼﾞｬｹｯﾄ BK M 輝龍,21SJ-14K,BK 輝龍,M,愛知県,1.00,NAPS
2026,202602,20260226,1386,ﾅｯﾌﾟｽ 一宮店,4524486111495,21SJ-14K ﾚｻﾞｰｼﾞｬｹｯﾄ BK L 輝龍,21SJ-14K,BK 輝龍,L,愛知県,1.00,NAPS
2026,202602,20260226,9996,株式会社 ﾃﾞｸﾞﾅｰ,4524486094965,21SJ-14K ﾚｻﾞｰｼﾞｬｹｯﾄ BK L 鉄流水雪輪,21SJ-14K,BK 鉄流,L,NULL,1.00,NULL
2026,202602,20260226,nkde,NK Des!gn,4524486093678,21SJ-14K ﾚｻﾞｰｼﾞｬｹｯﾄ BK L 流水雪輪,21SJ-14K,BK 流水,L,台湾,1.00,NULL
2026,202602,20260226,show,デグナー京都本店,4524486093661,21SJ-14K ﾚｻﾞｰｼﾞｬｹｯﾄ BK M 流水雪輪,21SJ-14K,BK 流水,M,京都府,1.00,NULL
2026,202602,20260227,0000,いちげん,4524486106538,21SJ-14K ﾚｻﾞｰｼﾞｬｹｯﾄ RD M 鉄流水雪輪,21SJ-14K,RD 鉄流,M,NULL,1.00,NULL
2026,202602,20260227,0000,いちげん,4524486114311,21SJ-14K ﾚｻﾞｰｼﾞｬｹｯﾄ BK M 虎,21SJ-14K,BK 虎,M,NULL,1.00,NULL
2026,202602,20260227,0168,ﾗｲｺﾗﾝﾄﾞ 柏店,4524486114328,21SJ-14K ﾚｻﾞｰｼﾞｬｹｯﾄ BK L 虎,21SJ-14K,BK 虎,L,千葉県,1.00,NAPS
2026,202602,20260227,0168,ﾗｲｺﾗﾝﾄﾞ 柏店,4524486114335,21SJ-14K ﾚｻﾞｰｼﾞｬｹｯﾄ BK XL 虎,21SJ-14K,BK 虎,XL,千葉県,1.00,NAPS
2026,202602,20260228,show,デグナー京都本店,4524486109492,21SJ-14K ﾚｻﾞｰｼﾞｬｹｯﾄ BK L 鳳凰,21SJ-14K,BK 鳳凰,L,京都府,1.00,NULL
2026,202603,20260301,9996,株式会社 ﾃﾞｸﾞﾅｰ,4524486109508,21SJ-14K ﾚｻﾞｰｼﾞｬｹｯﾄ BK XL 鳳凰,21SJ-14K,BK 鳳凰,XL,NULL,1.00,NULL
2026,202603,20260302,0000,いちげん,4524486093678,21SJ-14K ﾚｻﾞｰｼﾞｬｹｯﾄ BK L 流水雪輪,21SJ-14K,BK 流水,L,NULL,1.00,NULL
2026,202603,20260302,0000,いちげん,4524486097959,21SJ-14K ﾚｻﾞｰｼﾞｬｹｯﾄ BK LW 流水雪輪,21SJ-14K,BK 流水,LW,NULL,1.00,NULL
2026,202603,20260302,0000,いちげん,4524486109522,21SJ-14K ﾚｻﾞｰｼﾞｬｹｯﾄ BK XLW 流水雪輪,21SJ-14K,BK 流水,XLW,NULL,1.00,NULL
2026,202603,20260303,0978,ﾗｲｺﾗﾝﾄﾞ 福岡空港店,4524486097966,21SJ-14K ﾚｻﾞｰｼﾞｬｹｯﾄ BK LW 鉄流水雪輪,21SJ-14K,BK 鉄流,LW,福岡県,1.00,NAPS
2026,202603,20260303,0978,ﾗｲｺﾗﾝﾄﾞ 福岡空港店,4524486103230,21SJ-14K ﾚｻﾞｰｼﾞｬｹｯﾄ BK M 雲龍,21SJ-14K,BK 雲龍,M,福岡県,1.00,NAPS
2026,202603,20260303,0978,ﾗｲｺﾗﾝﾄﾞ 福岡空港店,4524486103247,21SJ-14K ﾚｻﾞｰｼﾞｬｹｯﾄ BK L 雲龍,21SJ-14K,BK 雲龍,L,福岡県,1.00,NAPS
2026,202603,20260303,0978,ﾗｲｺﾗﾝﾄﾞ 福岡空港店,4524486109508,21SJ-14K ﾚｻﾞｰｼﾞｬｹｯﾄ BK XL 鳳凰,21SJ-14K,BK 鳳凰,XL,福岡県,1.00,NAPS
2026,202603,20260304,0978,ﾗｲｺﾗﾝﾄﾞ 福岡空港店,4524486114311,21SJ-14K ﾚｻﾞｰｼﾞｬｹｯﾄ BK M 虎,21SJ-14K,BK 虎,M,福岡県,1.00,NAPS
2026,202603,20260305,ansi,ANSIN MOTO CO.,4524486094972,21SJ-14K ﾚｻﾞｰｼﾞｬｹｯﾄ BK XL 鉄流水雪輪,21SJ-14K,BK 鉄流,XL,台湾,1.00,NULL
2026,202603,20260306,0000,いちげん,4524486109508,21SJ-14K ﾚｻﾞｰｼﾞｬｹｯﾄ BK XL 鳳凰,21SJ-14K,BK 鳳凰,XL,NULL,1.00,NULL
2026,202603,20260306,0688,南海部品株式会社,4524486093685,21SJ-14K ﾚｻﾞｰｼﾞｬｹｯﾄ BK XL 流水雪輪,21SJ-14K,BK 流水,XL,大阪府,1.00,卸
2026,202603,20260306,1251,帝都産業 株式会社,4524486109508,21SJ-14K ﾚｻﾞｰｼﾞｬｹｯﾄ BK XL 鳳凰,21SJ-14K,BK 鳳凰,XL,東京都,1.00,KMC南関東
2026,202603,20260308,9996,株式会社 ﾃﾞｸﾞﾅｰ,4524486093661,21SJ-14K ﾚｻﾞｰｼﾞｬｹｯﾄ BK M 流水雪輪,21SJ-14K,BK 流水,M,NULL,1.00,NULL
2026,202603,20260308,9996,株式会社 ﾃﾞｸﾞﾅｰ,4524486097959,21SJ-14K ﾚｻﾞｰｼﾞｬｹｯﾄ BK LW 流水雪輪,21SJ-14K,BK 流水,LW,NULL,1.00,NULL
2026,202603,20260309,0000,いちげん,4524486093678,21SJ-14K ﾚｻﾞｰｼﾞｬｹｯﾄ BK L 流水雪輪,21SJ-14K,BK 流水,L,NULL,1.00,NULL
2026,202603,20260309,0000,いちげん,4524486093678,21SJ-14K ﾚｻﾞｰｼﾞｬｹｯﾄ BK L 流水雪輪,21SJ-14K,BK 流水,L,NULL,1.00,NULL
2026,202603,20260309,0000,いちげん,4524486093685,21SJ-14K ﾚｻﾞｰｼﾞｬｹｯﾄ BK XL 流水雪輪,21SJ-14K,BK 流水,XL,NULL,1.00,NULL
2026,202603,20260309,1386,ﾅｯﾌﾟｽ 一宮店,4524486111495,21SJ-14K ﾚｻﾞｰｼﾞｬｹｯﾄ BK L 輝龍,21SJ-14K,BK 輝龍,L,愛知県,-1.00,NAPS
2026,202603,20260309,show,デグナー京都本店,4524486113499,21SJ-14K ﾚｻﾞｰｼﾞｬｹｯﾄ BK S 流水雪輪,21SJ-14K,BK 流水,S,京都府,1.00,NULL
2026,202603,20260310,0000,いちげん,4524486093692,21SJ-14K ﾚｻﾞｰｼﾞｬｹｯﾄ BK M 桧垣桜,21SJ-14K,BK 桧垣,M,NULL,1.00,NULL
2026,202603,20260310,0840,南海部品 鹿児島店,4524486093692,21SJ-14K ﾚｻﾞｰｼﾞｬｹｯﾄ BK M 桧垣桜,21SJ-14K,BK 桧垣,M,鹿児島県,1.00,NAPS
2026,202603,20260310,1147,361 札幌2りんかん,4524486093678,21SJ-14K ﾚｻﾞｰｼﾞｬｹｯﾄ BK L 流水雪輪,21SJ-14K,BK 流水,L,北海道,1.00,KMC北日本
2026,202603,20260310,1320,ﾗｲｺﾗﾝﾄﾞ 長野店,4524486097973,21SJ-14K ﾚｻﾞｰｼﾞｬｹｯﾄ BK LW 桧垣桜,21SJ-14K,BK 桧垣,LW,長野県,1.00,NAPS
2026,202603,20260310,1320,ﾗｲｺﾗﾝﾄﾞ 長野店,4524486103247,21SJ-14K ﾚｻﾞｰｼﾞｬｹｯﾄ BK L 雲龍,21SJ-14K,BK 雲龍,L,長野県,1.00,NAPS
2026,202603,20260310,rihk,FSM TRADING (HK) LIMITED/ Rider Shop HK,4524486109492,21SJ-14K ﾚｻﾞｰｼﾞｬｹｯﾄ BK L 鳳凰,21SJ-14K,BK 鳳凰,L,香港,1.00,NULL
2026,202603,20260310,rihk,FSM TRADING (HK) LIMITED/ Rider Shop HK,4524486109522,21SJ-14K ﾚｻﾞｰｼﾞｬｹｯﾄ BK XLW 流水雪輪,21SJ-14K,BK 流水,XLW,香港,1.00,NULL
2026,202603,20260310,rihk,FSM TRADING (HK) LIMITED/ Rider Shop HK,4524486111501,21SJ-14K ﾚｻﾞｰｼﾞｬｹｯﾄ BK XL 輝龍,21SJ-14K,BK 輝龍,XL,香港,1.00,NULL
2026,202603,20260310,rihk,FSM TRADING (HK) LIMITED/ Rider Shop HK,4524486113499,21SJ-14K ﾚｻﾞｰｼﾞｬｹｯﾄ BK S 流水雪輪,21SJ-14K,BK 流水,S,香港,1.00,NULL
2026,202603,20260311,0688,南海部品株式会社,4524486093685,21SJ-14K ﾚｻﾞｰｼﾞｬｹｯﾄ BK XL 流水雪輪,21SJ-14K,BK 流水,XL,大阪府,1.00,卸
2026,202603,20260311,show,デグナー京都本店,4524486113499,21SJ-14K ﾚｻﾞｰｼﾞｬｹｯﾄ BK S 流水雪輪,21SJ-14K,BK 流水,S,京都府,1.00,NULL
2026,202603,20260315,9996,株式会社 ﾃﾞｸﾞﾅｰ,4524486093685,21SJ-14K ﾚｻﾞｰｼﾞｬｹｯﾄ BK XL 流水雪輪,21SJ-14K,BK 流水,XL,NULL,1.00,NULL
2026,202603,20260315,9996,株式会社 ﾃﾞｸﾞﾅｰ,4524486109485,21SJ-14K ﾚｻﾞｰｼﾞｬｹｯﾄ BK M 鳳凰,21SJ-14K,BK 鳳凰,M,NULL,1.00,NULL
2026,202603,20260315,9996,株式会社 ﾃﾞｸﾞﾅｰ,4524486109492,21SJ-14K ﾚｻﾞｰｼﾞｬｹｯﾄ BK L 鳳凰,21SJ-14K,BK 鳳凰,L,NULL,1.00,NULL
2026,202603,20260315,show,デグナー京都本店,4524486097966,21SJ-14K ﾚｻﾞｰｼﾞｬｹｯﾄ BK LW 鉄流水雪輪,21SJ-14K,BK 鉄流,LW,京都府,1.00,NULL
2026,202603,20260316,0000,いちげん,4524486093661,21SJ-14K ﾚｻﾞｰｼﾞｬｹｯﾄ BK M 流水雪輪,21SJ-14K,BK 流水,M,NULL,1.00,NULL
2026,202603,20260316,0000,いちげん,4524486111501,21SJ-14K ﾚｻﾞｰｼﾞｬｹｯﾄ BK XL 輝龍,21SJ-14K,BK 輝龍,XL,NULL,1.00,NULL
2026,202603,20260316,1067,株式会社 ﾓﾉﾀﾞｲﾚｸﾄ,4524486097959,21SJ-14K ﾚｻﾞｰｼﾞｬｹｯﾄ BK LW 流水雪輪,21SJ-14K,BK 流水,LW,神奈川県,1.00,KMC北関東
2026,202603,20260320,9996,株式会社 ﾃﾞｸﾞﾅｰ,4524486093654,21SJ-14K ﾚｻﾞｰｼﾞｬｹｯﾄ BK XL 風神雷神BE,21SJ-14K,BK-BE風,XL,NULL,1.00,NULL
2026,202603,20260321,9996,株式会社 ﾃﾞｸﾞﾅｰ,4524486093692,21SJ-14K ﾚｻﾞｰｼﾞｬｹｯﾄ BK M 桧垣桜,21SJ-14K,BK 桧垣,M,NULL,1.00,NULL
2026,202603,20260321,show,デグナー京都本店,4524486111488,21SJ-14K ﾚｻﾞｰｼﾞｬｹｯﾄ BK M 輝龍,21SJ-14K,BK 輝龍,M,京都府,1.00,NULL
2026,202603,20260322,9996,株式会社 ﾃﾞｸﾞﾅｰ,4524486094972,21SJ-14K ﾚｻﾞｰｼﾞｬｹｯﾄ BK XL 鉄流水雪輪,21SJ-14K,BK 鉄流,XL,NULL,1.00,NULL
2026,202603,20260323,0000,いちげん,4524486113505,21SJ-14K ﾚｻﾞｰｼﾞｬｹｯﾄ BK S 桧垣桜,21SJ-14K,BK 桧垣,S,NULL,1.00,NULL
2026,202603,20260323,1301,ﾊﾟｰｸｱｯﾌﾟ株式会社,4524486093678,21SJ-14K ﾚｻﾞｰｼﾞｬｹｯﾄ BK L 流水雪輪,21SJ-14K,BK 流水,L,兵庫県,1.00,KMC北関東
2026,202603,20260323,1375,南海部品 福島店,4524486093708,21SJ-14K ﾚｻﾞｰｼﾞｬｹｯﾄ BK L 桧垣桜,21SJ-14K,BK 桧垣,L,福島県,1.00,NAPS
2026,202603,20260324,0986,ﾗｲｺﾗﾝﾄﾞ 沖縄店,4524486109508,21SJ-14K ﾚｻﾞｰｼﾞｬｹｯﾄ BK XL 鳳凰,21SJ-14K,BK 鳳凰,XL,沖縄県,1.00,NAPS
2026,202603,20260324,1170,ﾅｯﾌﾟｽ 岡山店,4524486097973,21SJ-14K ﾚｻﾞｰｼﾞｬｹｯﾄ BK LW 桧垣桜,21SJ-14K,BK 桧垣,LW,岡山県,1.00,NAPS
2026,202603,20260325,0000,いちげん,4524486093685,21SJ-14K ﾚｻﾞｰｼﾞｬｹｯﾄ BK XL 流水雪輪,21SJ-14K,BK 流水,XL,NULL,1.00,NULL
2026,202603,20260325,show,デグナー京都本店,4524486093661,21SJ-14K ﾚｻﾞｰｼﾞｬｹｯﾄ BK M 流水雪輪,21SJ-14K,BK 流水,M,京都府,1.00,NULL
2026,202603,20260326,0598,ﾗｲｺﾗﾝﾄﾞ TokyoBay東雲店,4524486093630,21SJ-14K ﾚｻﾞｰｼﾞｬｹｯﾄ BK M 風神雷神BE,21SJ-14K,BK-BE風,M,東京都,-1.00,NAPS
2026,202603,20260326,0598,ﾗｲｺﾗﾝﾄﾞ TokyoBay東雲店,4524486093647,21SJ-14K ﾚｻﾞｰｼﾞｬｹｯﾄ BK L 風神雷神BE,21SJ-14K,BK-BE風,L,東京都,-1.00,NAPS
2026,202603,20260326,0598,ﾗｲｺﾗﾝﾄﾞ TokyoBay東雲店,4524486093654,21SJ-14K ﾚｻﾞｰｼﾞｬｹｯﾄ BK XL 風神雷神BE,21SJ-14K,BK-BE風,XL,東京都,-1.00,NAPS
2026,202603,20260326,0598,ﾗｲｺﾗﾝﾄﾞ TokyoBay東雲店,4524486093692,21SJ-14K ﾚｻﾞｰｼﾞｬｹｯﾄ BK M 桧垣桜,21SJ-14K,BK 桧垣,M,東京都,1.00,NAPS
2026,202603,20260326,0598,ﾗｲｺﾗﾝﾄﾞ TokyoBay東雲店,4524486094965,21SJ-14K ﾚｻﾞｰｼﾞｬｹｯﾄ BK L 鉄流水雪輪,21SJ-14K,BK 鉄流,L,東京都,-1.00,NAPS
2026,202603,20260326,0598,ﾗｲｺﾗﾝﾄﾞ TokyoBay東雲店,4524486097959,21SJ-14K ﾚｻﾞｰｼﾞｬｹｯﾄ BK LW 流水雪輪,21SJ-14K,BK 流水,LW,東京都,-1.00,NAPS
2026,202603,20260326,0598,ﾗｲｺﾗﾝﾄﾞ TokyoBay東雲店,4524486109492,21SJ-14K ﾚｻﾞｰｼﾞｬｹｯﾄ BK L 鳳凰,21SJ-14K,BK 鳳凰,L,東京都,1.00,NAPS
2026,202603,20260326,0598,ﾗｲｺﾗﾝﾄﾞ TokyoBay東雲店,4524486109508,21SJ-14K ﾚｻﾞｰｼﾞｬｹｯﾄ BK XL 鳳凰,21SJ-14K,BK 鳳凰,XL,東京都,1.00,NAPS
2026,202603,20260326,0598,ﾗｲｺﾗﾝﾄﾞ TokyoBay東雲店,4524486111488,21SJ-14K ﾚｻﾞｰｼﾞｬｹｯﾄ BK M 輝龍,21SJ-14K,BK 輝龍,M,東京都,-2.00,NAPS
2026,202603,20260326,1445,株式会社 桜士堂,4524486093661,21SJ-14K ﾚｻﾞｰｼﾞｬｹｯﾄ BK M 流水雪輪,21SJ-14K,BK 流水,M,京都府,1.00,KMC北日本
2026,202603,20260327,1223,ﾗｲｺﾗﾝﾄﾞ CuBe札幌白石店,4524486097973,21SJ-14K ﾚｻﾞｰｼﾞｬｹｯﾄ BK LW 桧垣桜,21SJ-14K,BK 桧垣,LW,北海道,1.00,NAPS
2026,202603,20260327,1223,ﾗｲｺﾗﾝﾄﾞ CuBe札幌白石店,4524486109492,21SJ-14K ﾚｻﾞｰｼﾞｬｹｯﾄ BK L 鳳凰,21SJ-14K,BK 鳳凰,L,北海道,1.00,NAPS
2026,202603,20260327,1223,ﾗｲｺﾗﾝﾄﾞ CuBe札幌白石店,4524486109508,21SJ-14K ﾚｻﾞｰｼﾞｬｹｯﾄ BK XL 鳳凰,21SJ-14K,BK 鳳凰,XL,北海道,1.00,NAPS
2026,202603,20260327,show,デグナー京都本店,4524486106552,21SJ-14K ﾚｻﾞｰｼﾞｬｹｯﾄ RD XL 鉄流水雪輪,21SJ-14K,RD 鉄流,XL,京都府,1.00,NULL
2026,202603,20260330,0000,いちげん,4524486094972,21SJ-14K ﾚｻﾞｰｼﾞｬｹｯﾄ BK XL 鉄流水雪輪,21SJ-14K,BK 鉄流,XL,NULL,1.00,NULL
2026,202603,20260330,0000,いちげん,4524486094972,21SJ-14K ﾚｻﾞｰｼﾞｬｹｯﾄ BK XL 鉄流水雪輪,21SJ-14K,BK 鉄流,XL,NULL,1.00,NULL
2026,202603,20260330,0840,南海部品 鹿児島店,4524486093685,21SJ-14K ﾚｻﾞｰｼﾞｬｹｯﾄ BK XL 流水雪輪,21SJ-14K,BK 流水,XL,鹿児島県,1.00,NAPS
2026,202603,20260330,ansi,ANSIN MOTO CO.,4524486094965,21SJ-14K ﾚｻﾞｰｼﾞｬｹｯﾄ BK L 鉄流水雪輪,21SJ-14K,BK 鉄流,L,台湾,1.00,NULL
2026,202603,20260330,rihk,FSM TRADING (HK) LIMITED/ Rider Shop HK,4524486111501,21SJ-14K ﾚｻﾞｰｼﾞｬｹｯﾄ BK XL 輝龍,21SJ-14K,BK 輝龍,XL,香港,1.00,NULL
2026,202603,20260331,onof,ON-OFF Motobike Collections,4524486093661,21SJ-14K ﾚｻﾞｰｼﾞｬｹｯﾄ BK M 流水雪輪,21SJ-14K,BK 流水,M,台湾,1.00,NULL
2026,202604,20260401,0168,ﾗｲｺﾗﾝﾄﾞ 柏店,4524486093715,21SJ-14K ﾚｻﾞｰｼﾞｬｹｯﾄ BK XL 桧垣桜,21SJ-14K,BK 桧垣,XL,千葉県,1.00,NAPS
2026,202604,20260401,0551,258 和光2りんかん,4524486093715,21SJ-14K ﾚｻﾞｰｼﾞｬｹｯﾄ BK XL 桧垣桜,21SJ-14K,BK 桧垣,XL,埼玉県,1.00,KMC北日本
2026,202604,20260401,0978,ﾗｲｺﾗﾝﾄﾞ 福岡空港店,4524486114328,21SJ-14K ﾚｻﾞｰｼﾞｬｹｯﾄ BK L 虎,21SJ-14K,BK 虎,L,福岡県,1.00,NAPS
2026,202604,20260401,0978,ﾗｲｺﾗﾝﾄﾞ 福岡空港店,4524486114335,21SJ-14K ﾚｻﾞｰｼﾞｬｹｯﾄ BK XL 虎,21SJ-14K,BK 虎,XL,福岡県,1.00,NAPS
2026,202604,20260401,1147,361 札幌2りんかん,4524486093715,21SJ-14K ﾚｻﾞｰｼﾞｬｹｯﾄ BK XL 桧垣桜,21SJ-14K,BK 桧垣,XL,北海道,1.00,KMC北日本
2026,202604,20260401,1159,新潟中央部品株式会社 長岡店,4524486114328,21SJ-14K ﾚｻﾞｰｼﾞｬｹｯﾄ BK L 虎,21SJ-14K,BK 虎,L,新潟県,1.00,KMC北日本
2026,202604,20260401,1301,ﾊﾟｰｸｱｯﾌﾟ株式会社,4524486093715,21SJ-14K ﾚｻﾞｰｼﾞｬｹｯﾄ BK XL 桧垣桜,21SJ-14K,BK 桧垣,XL,兵庫県,1.00,KMC北関東
2026,202604,20260401,1320,ﾗｲｺﾗﾝﾄﾞ 長野店,4524486093708,21SJ-14K ﾚｻﾞｰｼﾞｬｹｯﾄ BK L 桧垣桜,21SJ-14K,BK 桧垣,L,長野県,1.00,NAPS
2026,202604,20260401,1320,ﾗｲｺﾗﾝﾄﾞ 長野店,4524486093715,21SJ-14K ﾚｻﾞｰｼﾞｬｹｯﾄ BK XL 桧垣桜,21SJ-14K,BK 桧垣,XL,長野県,1.00,NAPS
2026,202604,20260401,1425,343 郡山2りんかん,4524486093708,21SJ-14K ﾚｻﾞｰｼﾞｬｹｯﾄ BK L 桧垣桜,21SJ-14K,BK 桧垣,L,福島県,1.00,KMC北日本
2026,202604,20260401,1425,343 郡山2りんかん,4524486093715,21SJ-14K ﾚｻﾞｰｼﾞｬｹｯﾄ BK XL 桧垣桜,21SJ-14K,BK 桧垣,XL,福島県,1.00,KMC北日本
2026,202604,20260401,1449,横浜ﾌﾙﾌｨﾙﾒﾝﾄｾﾝﾀｰ,4524486114328,21SJ-14K ﾚｻﾞｰｼﾞｬｹｯﾄ BK L 虎,21SJ-14K,BK 虎,L,神奈川県,1.00,KMC北関東
2026,202604,20260402,0168,ﾗｲｺﾗﾝﾄﾞ 柏店,4524486093708,21SJ-14K ﾚｻﾞｰｼﾞｬｹｯﾄ BK L 桧垣桜,21SJ-14K,BK 桧垣,L,千葉県,1.00,NAPS
2026,202604,20260402,0168,ﾗｲｺﾗﾝﾄﾞ 柏店,4524486106552,21SJ-14K ﾚｻﾞｰｼﾞｬｹｯﾄ RD XL 鉄流水雪輪,21SJ-14K,RD 鉄流,XL,千葉県,1.00,NAPS
2026,202604,20260402,0598,ﾗｲｺﾗﾝﾄﾞ TokyoBay東雲店,4524486093685,21SJ-14K ﾚｻﾞｰｼﾞｬｹｯﾄ BK XL 流水雪輪,21SJ-14K,BK 流水,XL,東京都,1.00,NAPS
2026,202604,20260402,0598,ﾗｲｺﾗﾝﾄﾞ TokyoBay東雲店,4524486093715,21SJ-14K ﾚｻﾞｰｼﾞｬｹｯﾄ BK XL 桧垣桜,21SJ-14K,BK 桧垣,XL,東京都,1.00,NAPS
2026,202604,20260402,0653,株式会社 光輝 南海部品仙台店,4524486093715,21SJ-14K ﾚｻﾞｰｼﾞｬｹｯﾄ BK XL 桧垣桜,21SJ-14K,BK 桧垣,XL,宮城県,1.00,NAPS
2026,202604,20260402,0653,株式会社 光輝 南海部品仙台店,4524486093715,21SJ-14K ﾚｻﾞｰｼﾞｬｹｯﾄ BK XL 桧垣桜,21SJ-14K,BK 桧垣,XL,宮城県,1.00,NAPS
2026,202604,20260402,0974,260 花園2りんかん,4524486093678,21SJ-14K ﾚｻﾞｰｼﾞｬｹｯﾄ BK L 流水雪輪,21SJ-14K,BK 流水,L,埼玉県,1.00,KMC北日本
2026,202604,20260402,0974,260 花園2りんかん,4524486093715,21SJ-14K ﾚｻﾞｰｼﾞｬｹｯﾄ BK XL 桧垣桜,21SJ-14K,BK 桧垣,XL,埼玉県,1.00,KMC北日本
2026,202604,20260402,0986,ﾗｲｺﾗﾝﾄﾞ 沖縄店,4524486093692,21SJ-14K ﾚｻﾞｰｼﾞｬｹｯﾄ BK M 桧垣桜,21SJ-14K,BK 桧垣,M,沖縄県,1.00,NAPS
2026,202604,20260402,1440,522 金沢2りんかん,4524486093678,21SJ-14K ﾚｻﾞｰｼﾞｬｹｯﾄ BK L 流水雪輪,21SJ-14K,BK 流水,L,石川県,1.00,KMC北日本
2026,202604,20260402,1440,522 金沢2りんかん,4524486093715,21SJ-14K ﾚｻﾞｰｼﾞｬｹｯﾄ BK XL 桧垣桜,21SJ-14K,BK 桧垣,XL,石川県,1.00,KMC北日本
2026,202604,20260402,1445,株式会社 桜士堂,4524486093678,21SJ-14K ﾚｻﾞｰｼﾞｬｹｯﾄ BK L 流水雪輪,21SJ-14K,BK 流水,L,京都府,2.00,KMC北日本
2026,202604,20260402,1445,株式会社 桜士堂,4524486093685,21SJ-14K ﾚｻﾞｰｼﾞｬｹｯﾄ BK XL 流水雪輪,21SJ-14K,BK 流水,XL,京都府,3.00,KMC北日本
2026,202604,20260402,1450,甲子園ﾌﾙﾌｨﾙﾒﾝﾄｾﾝﾀｰ,4524486093685,21SJ-14K ﾚｻﾞｰｼﾞｬｹｯﾄ BK XL 流水雪輪,21SJ-14K,BK 流水,XL,兵庫県,1.00,KMC北関東
2026,202604,20260403,0000,いちげん,4524486093708,21SJ-14K ﾚｻﾞｰｼﾞｬｹｯﾄ BK L 桧垣桜,21SJ-14K,BK 桧垣,L,NULL,1.00,NULL
2026,202604,20260403,0000,いちげん,4524486094965,21SJ-14K ﾚｻﾞｰｼﾞｬｹｯﾄ BK L 鉄流水雪輪,21SJ-14K,BK 鉄流,L,NULL,1.00,NULL
2026,202604,20260403,0000,いちげん,4524486094972,21SJ-14K ﾚｻﾞｰｼﾞｬｹｯﾄ BK XL 鉄流水雪輪,21SJ-14K,BK 鉄流,XL,NULL,-1.00,NULL
2026,202604,20260403,0199,株式会社 ﾜｲ･ｹｲ商事,4524486093715,21SJ-14K ﾚｻﾞｰｼﾞｬｹｯﾄ BK XL 桧垣桜,21SJ-14K,BK 桧垣,XL,東京都,1.00,NAPS
2026,202604,20260403,0239,株式会社 ｻｲｸﾙﾜｰﾙﾄﾞ神戸本店,4524486093685,21SJ-14K ﾚｻﾞｰｼﾞｬｹｯﾄ BK XL 流水雪輪,21SJ-14K,BK 流水,XL,兵庫県,1.00,KMC北関東
2026,202604,20260403,0653,株式会社 光輝 南海部品仙台店,4524486109485,21SJ-14K ﾚｻﾞｰｼﾞｬｹｯﾄ BK M 鳳凰,21SJ-14K,BK 鳳凰,M,宮城県,1.00,NAPS
2026,202604,20260403,0653,株式会社 光輝 南海部品仙台店,4524486109492,21SJ-14K ﾚｻﾞｰｼﾞｬｹｯﾄ BK L 鳳凰,21SJ-14K,BK 鳳凰,L,宮城県,1.00,NAPS
