倉庫コード,倉庫名,データ区分,商品コード,商品名,入数,ロケーションNo,入出荷日,伝票識別,伝票No,仕入単価,入荷数,出荷数,在庫数,入出荷先名
0,共通倉庫,10,4524486093630,21SJ-14K ﾚｻﾞｰｼﾞｬｹｯﾄ BK M 風神雷神BE,,,2021-03-03,仕入,25240.0,5276.0,2.0,,2.0,IHSAN                                    
0,共通倉庫,10,4524486093630,21SJ-14K ﾚｻﾞｰｼﾞｬｹｯﾄ BK M 風神雷神BE,,,2021-03-23,売上,298903.0,,,1.0,1.0,いちげん                                 
0,共通倉庫,10,4524486093630,21SJ-14K ﾚｻﾞｰｼﾞｬｹｯﾄ BK M 風神雷神BE,,,2021-04-07,売上,300179.0,,,1.0,0.0,いちげん                                 
0,共通倉庫,10,4524486093630,21SJ-14K ﾚｻﾞｰｼﾞｬｹｯﾄ BK M 風神雷神BE,,,2021-09-14,仕入,26669.0,4995.0,3.0,,3.0,IHSAN                                    
0,共通倉庫,10,4524486093630,21SJ-14K ﾚｻﾞｰｼﾞｬｹｯﾄ BK M 風神雷神BE,,,2021-10-10,売上,313531.0,,,1.0,2.0,デグナー京都本店                         
0,共通倉庫,10,4524486093630,21SJ-14K ﾚｻﾞｰｼﾞｬｹｯﾄ BK M 風神雷神BE,,,2022-02-16,売上,324519.0,,,1.0,0.0,ﾊﾟｰｸｱｯﾌﾟ株式会社                         
0,共通倉庫,10,4524486093630,21SJ-14K ﾚｻﾞｰｼﾞｬｹｯﾄ BK M 風神雷神BE,,,2022-05-20,仕入,28816.0,5838.0,4.0,,4.0,IHSAN                                    
0,共通倉庫,10,4524486093630,21SJ-14K ﾚｻﾞｰｼﾞｬｹｯﾄ BK M 風神雷神BE,,,2022-07-04,売上,337509.0,,,1.0,2.0,ANSIN MOTO CO.                           
0,共通倉庫,10,4524486093630,21SJ-14K ﾚｻﾞｰｼﾞｬｹｯﾄ BK M 風神雷神BE,,,2022-07-25,売上,339420.0,,,1.0,1.0,デグナー京都本店                         
0,共通倉庫,10,4524486093630,21SJ-14K ﾚｻﾞｰｼﾞｬｹｯﾄ BK M 風神雷神BE,,,2022-09-08,売上,342714.0,,,1.0,0.0,デグナー京都本店                         
0,共通倉庫,10,4524486093630,21SJ-14K ﾚｻﾞｰｼﾞｬｹｯﾄ BK M 風神雷神BE,,,2022-11-11,仕入,30252.0,6802.0,6.0,,6.0,IHSAN                                    
0,共通倉庫,10,4524486093630,21SJ-14K ﾚｻﾞｰｼﾞｬｹｯﾄ BK M 風神雷神BE,,,2022-11-15,売上,348878.0,,,1.0,,ﾅｯﾌﾟｽ 広島店                             14
0,共通倉庫,10,4524486093630,21SJ-14K ﾚｻﾞｰｼﾞｬｹｯﾄ BK M 風神雷神BE,,,2022-11-18,売上,349235.0,,,1.0,3.0,デグナー京都本店                         
0,共通倉庫,10,4524486093630,21SJ-14K ﾚｻﾞｰｼﾞｬｹｯﾄ BK M 風神雷神BE,,,2022-12-25,売上,351784.0,,,1.0,1.0,デグナー京都本店                         
0,共通倉庫,10,4524486093630,21SJ-14K ﾚｻﾞｰｼﾞｬｹｯﾄ BK M 風神雷神BE,,,2023-02-16,仕入,30967.0,5925.0,3.0,,4.0,IHSAN                                    
0,共通倉庫,10,4524486093630,21SJ-14K ﾚｻﾞｰｼﾞｬｹｯﾄ BK M 風神雷神BE,,,2023-04-09,売上,358964.0,,,1.0,1.0,いちげん                                 
0,共通倉庫,10,4524486093630,21SJ-14K ﾚｻﾞｰｼﾞｬｹｯﾄ BK M 風神雷神BE,,,2023-04-14,仕入,31451.0,6085.0,3.0,,4.0,IHSAN                                    
0,共通倉庫,10,4524486093630,21SJ-14K ﾚｻﾞｰｼﾞｬｹｯﾄ BK M 風神雷神BE,,,2023-06-20,仕入,31937.0,6378.0,3.0,,5.0,IHSAN                                    
0,共通倉庫,10,4524486093630,21SJ-14K ﾚｻﾞｰｼﾞｬｹｯﾄ BK M 風神雷神BE,,,2023-07-27,売上,366263.0,,,1.0,4.0,デグナー京都本店                         
0,共通倉庫,10,4524486093630,21SJ-14K ﾚｻﾞｰｼﾞｬｹｯﾄ BK M 風神雷神BE,,,2023-08-28,仕入,32394.0,6711.0,3.0,,7.0,IHSAN                                    
0,共通倉庫,10,4524486093630,21SJ-14K ﾚｻﾞｰｼﾞｬｹｯﾄ BK M 風神雷神BE,,,2023-09-17,売上,369291.0,,,1.0,6.0,デグナー京都本店                         
0,共通倉庫,10,4524486093630,21SJ-14K ﾚｻﾞｰｼﾞｬｹｯﾄ BK M 風神雷神BE,,,2023-11-01,仕入,32716.0,6915.0,7.0,,13.0,IHSAN                                    
0,共通倉庫,10,4524486093630,21SJ-14K ﾚｻﾞｰｼﾞｬｹｯﾄ BK M 風神雷神BE,,,2023-11-28,売上,374141.0,,,1.0,11.0,PAPAMOTO                                 
0,共通倉庫,10,4524486093630,21SJ-14K ﾚｻﾞｰｼﾞｬｹｯﾄ BK M 風神雷神BE,,,2023-12-05,売上,374582.0,,,1.0,10.0,ﾅｯﾌﾟｽ 浜松店                             16
0,共通倉庫,10,4524486093630,21SJ-14K ﾚｻﾞｰｼﾞｬｹｯﾄ BK M 風神雷神BE,,,2023-12-13,売上,375092.0,,,-1.0,11.0,ﾅｯﾌﾟｽ 浜松店                             16
0,共通倉庫,10,4524486093630,21SJ-14K ﾚｻﾞｰｼﾞｬｹｯﾄ BK M 風神雷神BE,,,2024-02-05,売上,377547.0,,,1.0,10.0,ﾗｲｺﾗﾝﾄﾞ TokyoBay東雲店                   2003 株式会社 ｺｼﾀﾞﾃｯｸ
0,共通倉庫,10,4524486093630,21SJ-14K ﾚｻﾞｰｼﾞｬｹｯﾄ BK M 風神雷神BE,,,2024-09-13,売上,391573.0,,,1.0,9.0,いちげん                                 
0,共通倉庫,10,4524486093630,21SJ-14K ﾚｻﾞｰｼﾞｬｹｯﾄ BK M 風神雷神BE,,,2024-10-21,売上,394073.0,,,1.0,8.0,デグナー京都本店                         
0,共通倉庫,10,4524486093630,21SJ-14K ﾚｻﾞｰｼﾞｬｹｯﾄ BK M 風神雷神BE,,,2024-11-27,売上,396922.0,,,1.0,7.0,274 水戸2りんかん                        株式会社2りんかんｲｴﾛｰﾊｯﾄ
0,共通倉庫,10,4524486093630,21SJ-14K ﾚｻﾞｰｼﾞｬｹｯﾄ BK M 風神雷神BE,,,2024-12-13,売上,398173.0,,,1.0,6.0,ﾗｲｺﾗﾝﾄﾞ TokyoBay東雲店                   2003 株式会社 ｺｼﾀﾞﾃｯｸ
0,共通倉庫,10,4524486093630,21SJ-14K ﾚｻﾞｰｼﾞｬｹｯﾄ BK M 風神雷神BE,,,2025-01-02,売上,399539.0,,,1.0,5.0,デグナー京都本店                         
0,共通倉庫,10,4524486093630,21SJ-14K ﾚｻﾞｰｼﾞｬｹｯﾄ BK M 風神雷神BE,,,2025-01-17,売上,400668.0,,,1.0,4.0,いちげん                                 
0,共通倉庫,10,4524486093630,21SJ-14K ﾚｻﾞｰｼﾞｬｹｯﾄ BK M 風神雷神BE,,,2025-02-07,売上,401796.0,,,1.0,3.0,ﾗｲｺﾗﾝﾄﾞ TokyoBay東雲店                   2003 株式会社 ｺｼﾀﾞﾃｯｸ
0,共通倉庫,10,4524486093630,21SJ-14K ﾚｻﾞｰｼﾞｬｹｯﾄ BK M 風神雷神BE,,,2025-05-09,売上,408666.0,,,1.0,1.0,デグナー京都本店                         
0,共通倉庫,10,4524486093630,21SJ-14K ﾚｻﾞｰｼﾞｬｹｯﾄ BK M 風神雷神BE,,,2025-05-20,仕入,35896.0,6727.0,3.0,,4.0,IHSAN                                    
0,共通倉庫,10,4524486093630,21SJ-14K ﾚｻﾞｰｼﾞｬｹｯﾄ BK M 風神雷神BE,,,2025-06-18,売上,411835.0,,,1.0,3.0,ﾗｲｺﾗﾝﾄﾞ TokyoBay東雲店                   2003 株式会社 ｺｼﾀﾞﾃｯｸ
0,共通倉庫,10,4524486093630,21SJ-14K ﾚｻﾞｰｼﾞｬｹｯﾄ BK M 風神雷神BE,,,2025-07-18,売上,414228.0,,,1.0,2.0,いちげん                                 
0,共通倉庫,10,4524486093630,21SJ-14K ﾚｻﾞｰｼﾞｬｹｯﾄ BK M 風神雷神BE,,,2025-09-12,売上,418195.0,,,1.0,1.0,ﾗｲｺﾗﾝﾄﾞ TokyoBay東雲店                   2003 株式会社 ｺｼﾀﾞﾃｯｸ
0,共通倉庫,10,4524486093630,21SJ-14K ﾚｻﾞｰｼﾞｬｹｯﾄ BK M 風神雷神BE,,,2025-10-14,売上,420973.0,,,1.0,0.0,いちげん                                 
0,共通倉庫,10,4524486093630,21SJ-14K ﾚｻﾞｰｼﾞｬｹｯﾄ BK M 風神雷神BE,,,2026-01-28,仕入,37562.0,7424.0,3.0,,3.0,IHSAN                                    
0,共通倉庫,10,4524486093630,21SJ-14K ﾚｻﾞｰｼﾞｬｹｯﾄ BK M 風神雷神BE,,,2026-01-30,売上,428826.0,,,1.0,2.0,株式会社 ﾜｲ･ｹｲ商事                       
0,共通倉庫,10,4524486093630,21SJ-14K ﾚｻﾞｰｼﾞｬｹｯﾄ BK M 風神雷神BE,,,2026-02-02,売上,429036.0,,,1.0,,ﾊｰﾚｰｶｽﾀﾏｰｼﾞｬﾊﾟﾝ                          ｳﾞｪｱﾘｱｽﾏｰｹﾃｨﾝｸﾞ株式会社
0,共通倉庫,10,4524486093630,21SJ-14K ﾚｻﾞｰｼﾞｬｹｯﾄ BK M 風神雷神BE,,,2026-02-02,売上,429046.0,,,1.0,0.0,ﾗｲｺﾗﾝﾄﾞ 新潟店                           2031 株式会社 ｺｼﾀﾞﾃｯｸ
0,共通倉庫,10,4524486093630,21SJ-14K ﾚｻﾞｰｼﾞｬｹｯﾄ BK M 風神雷神BE,,,2026-03-26,売上,432617.0,,,-1.0,1.0,ﾗｲｺﾗﾝﾄﾞ TokyoBay東雲店                   2003 株式会社 ｺｼﾀﾞﾃｯｸ
0,共通倉庫,10,4524486093630,21SJ-14K ﾚｻﾞｰｼﾞｬｹｯﾄ BK M 風神雷神BE,,,2026-03-31,仕入,37853.0,6727.0,5.0,,6.0,IHSAN                                    
0,共通倉庫,10,4524486093647,21SJ-14K ﾚｻﾞｰｼﾞｬｹｯﾄ BK L 風神雷神BE,,,2021-03-03,仕入,25240.0,5276.0,3.0,,3.0,IHSAN                                    
0,共通倉庫,10,4524486093647,21SJ-14K ﾚｻﾞｰｼﾞｬｹｯﾄ BK L 風神雷神BE,,,2021-06-13,売上,305292.0,,,1.0,2.0,デグナー京都本店                         
0,共通倉庫,10,4524486093647,21SJ-14K ﾚｻﾞｰｼﾞｬｹｯﾄ BK L 風神雷神BE,,,2021-09-14,仕入,26669.0,4995.0,5.0,,7.0,IHSAN                                    
0,共通倉庫,10,4524486093647,21SJ-14K ﾚｻﾞｰｼﾞｬｹｯﾄ BK L 風神雷神BE,,,2021-10-15,売上,314020.0,,,1.0,6.0,デグナー京都本店                         
0,共通倉庫,10,4524486093647,21SJ-14K ﾚｻﾞｰｼﾞｬｹｯﾄ BK L 風神雷神BE,,,2021-10-27,売上,315283.0,,,1.0,5.0,デグナー京都本店                         
0,共通倉庫,10,4524486093647,21SJ-14K ﾚｻﾞｰｼﾞｬｹｯﾄ BK L 風神雷神BE,,,2021-10-28,売上,315383.0,,,1.0,4.0,株式会社ﾘﾊﾞｰｸﾚｲﾝ                         
0,共通倉庫,10,4524486093647,21SJ-14K ﾚｻﾞｰｼﾞｬｹｯﾄ BK L 風神雷神BE,,,2021-11-15,売上,317176.0,,,1.0,3.0,いちげん                                 
0,共通倉庫,10,4524486093647,21SJ-14K ﾚｻﾞｰｼﾞｬｹｯﾄ BK L 風神雷神BE,,,2021-12-26,売上,320441.0,,,1.0,1.0,デグナー京都本店                         
0,共通倉庫,10,4524486093647,21SJ-14K ﾚｻﾞｰｼﾞｬｹｯﾄ BK L 風神雷神BE,,,2022-02-08,売上,323921.0,,,1.0,0.0,いちげん                                 
0,共通倉庫,10,4524486093647,21SJ-14K ﾚｻﾞｰｼﾞｬｹｯﾄ BK L 風神雷神BE,,,2022-05-20,仕入,28816.0,5838.0,8.0,,8.0,IHSAN                                    
0,共通倉庫,10,4524486093647,21SJ-14K ﾚｻﾞｰｼﾞｬｹｯﾄ BK L 風神雷神BE,,,2022-05-27,売上,334141.0,,,1.0,,南海部品 小山店                          3003 株式会社 ｺｼﾀﾞﾃｯｸ
0,共通倉庫,10,4524486093647,21SJ-14K ﾚｻﾞｰｼﾞｬｹｯﾄ BK L 風神雷神BE,,,2022-05-27,売上,334146.0,,,1.0,,ﾗｲｺﾗﾝﾄﾞ TokyoBay東雲店                   2003 株式会社 ｺｼﾀﾞﾃｯｸ
0,共通倉庫,10,4524486093647,21SJ-14K ﾚｻﾞｰｼﾞｬｹｯﾄ BK L 風神雷神BE,,,2022-09-21,売上,343856.0,,,1.0,3.0,デグナー京都本店                         
0,共通倉庫,10,4524486093647,21SJ-14K ﾚｻﾞｰｼﾞｬｹｯﾄ BK L 風神雷神BE,,,2022-10-05,売上,345011.0,,,1.0,2.0,ﾅｯﾌﾟｽ 広島店                             14
0,共通倉庫,10,4524486093647,21SJ-14K ﾚｻﾞｰｼﾞｬｹｯﾄ BK L 風神雷神BE,,,2022-10-26,売上,347099.0,,,1.0,0.0,デグナー京都本店                         
0,共通倉庫,10,4524486093647,21SJ-14K ﾚｻﾞｰｼﾞｬｹｯﾄ BK L 風神雷神BE,,,2022-11-11,仕入,30251.0,6802.0,6.0,,,IHSAN                                    
0,共通倉庫,10,4524486093647,21SJ-14K ﾚｻﾞｰｼﾞｬｹｯﾄ BK L 風神雷神BE,,,2022-11-11,仕入,30252.0,6802.0,4.0,,10.0,IHSAN                                    
0,共通倉庫,10,4524486093647,21SJ-14K ﾚｻﾞｰｼﾞｬｹｯﾄ BK L 風神雷神BE,,,2022-12-12,売上,350781.0,,,1.0,8.0,南海部品 太田店                          3007 株式会社 ｺｼﾀﾞﾃｯｸ
0,共通倉庫,10,4524486093647,21SJ-14K ﾚｻﾞｰｼﾞｬｹｯﾄ BK L 風神雷神BE,,,2022-12-26,売上,351846.0,,,1.0,7.0,株式会社 ﾓﾉﾀﾞｲﾚｸﾄ                        
0,共通倉庫,10,4524486093647,21SJ-14K ﾚｻﾞｰｼﾞｬｹｯﾄ BK L 風神雷神BE,,,2023-01-05,売上,352282.0,,,1.0,6.0,いちげん                                 
0,共通倉庫,10,4524486093647,21SJ-14K ﾚｻﾞｰｼﾞｬｹｯﾄ BK L 風神雷神BE,,,2023-01-09,売上,352441.0,,,1.0,5.0,デグナー京都本店                         
0,共通倉庫,10,4524486093647,21SJ-14K ﾚｻﾞｰｼﾞｬｹｯﾄ BK L 風神雷神BE,,,2023-04-04,売上,358562.0,,,1.0,2.0,SEED 岡崎店SPROUT                        2051 株式会社 ｺｼﾀﾞﾃｯｸ
0,共通倉庫,10,4524486093647,21SJ-14K ﾚｻﾞｰｼﾞｬｹｯﾄ BK L 風神雷神BE,,,2023-04-14,仕入,31451.0,6085.0,5.0,,7.0,IHSAN                                    
0,共通倉庫,10,4524486093647,21SJ-14K ﾚｻﾞｰｼﾞｬｹｯﾄ BK L 風神雷神BE,,,2023-05-19,売上,361862.0,,,1.0,6.0,ﾅｯﾌﾟｽ 広島店                             14
0,共通倉庫,10,4524486093647,21SJ-14K ﾚｻﾞｰｼﾞｬｹｯﾄ BK L 風神雷神BE,,,2023-08-28,仕入,32394.0,6711.0,11.0,,17.0,IHSAN                                    
0,共通倉庫,10,4524486093647,21SJ-14K ﾚｻﾞｰｼﾞｬｹｯﾄ BK L 風神雷神BE,,,2023-09-26,売上,369965.0,,,1.0,16.0,ﾏﾙﾃｨ 出雲店                              
0,共通倉庫,10,4524486093647,21SJ-14K ﾚｻﾞｰｼﾞｬｹｯﾄ BK L 風神雷神BE,,,2023-09-29,売上,369705.0,,,1.0,15.0,ﾅｯﾌﾟｽ 岡山店                             20
0,共通倉庫,10,4524486093647,21SJ-14K ﾚｻﾞｰｼﾞｬｹｯﾄ BK L 風神雷神BE,,,2023-10-11,売上,370984.0,,,1.0,14.0,ﾅｯﾌﾟｽ 仙台泉ｲﾝﾀｰ店                       19
0,共通倉庫,10,4524486093647,21SJ-14K ﾚｻﾞｰｼﾞｬｹｯﾄ BK L 風神雷神BE,,,2023-10-16,売上,371315.0,,,1.0,13.0,ﾅｯﾌﾟｽ 福岡店                             18
0,共通倉庫,10,4524486093647,21SJ-14K ﾚｻﾞｰｼﾞｬｹｯﾄ BK L 風神雷神BE,,,2023-11-13,売上,373173.0,,,1.0,12.0,いちげん                                 
0,共通倉庫,10,4524486093647,21SJ-14K ﾚｻﾞｰｼﾞｬｹｯﾄ BK L 風神雷神BE,,,2023-11-24,売上,373872.0,,,1.0,,デグナー京都本店                         
0,共通倉庫,10,4524486093647,21SJ-14K ﾚｻﾞｰｼﾞｬｹｯﾄ BK L 風神雷神BE,,,2023-12-15,売上,375222.0,,,1.0,9.0,デグナー京都本店                         
0,共通倉庫,10,4524486093647,21SJ-14K ﾚｻﾞｰｼﾞｬｹｯﾄ BK L 風神雷神BE,,,2023-12-25,売上,375795.0,,,1.0,8.0,いちげん                                 
0,共通倉庫,10,4524486093647,21SJ-14K ﾚｻﾞｰｼﾞｬｹｯﾄ BK L 風神雷神BE,,,2024-01-15,売上,376689.0,,,-1.0,9.0,ﾅｯﾌﾟｽ 岡山店                             20
0,共通倉庫,10,4524486093647,21SJ-14K ﾚｻﾞｰｼﾞｬｹｯﾄ BK L 風神雷神BE,,,2024-02-02,売上,377545.0,,,1.0,8.0,ﾅｯﾌﾟｽ 広島店                             14
0,共通倉庫,10,4524486093647,21SJ-14K ﾚｻﾞｰｼﾞｬｹｯﾄ BK L 風神雷神BE,,,2024-02-05,売上,377547.0,,,1.0,7.0,ﾗｲｺﾗﾝﾄﾞ TokyoBay東雲店                   2003 株式会社 ｺｼﾀﾞﾃｯｸ
0,共通倉庫,10,4524486093647,21SJ-14K ﾚｻﾞｰｼﾞｬｹｯﾄ BK L 風神雷神BE,,,2024-03-06,仕入,33379.0,6926.0,4.0,,11.0,IHSAN                                    
0,共通倉庫,10,4524486093647,21SJ-14K ﾚｻﾞｰｼﾞｬｹｯﾄ BK L 風神雷神BE,,,2024-04-09,売上,381281.0,,,1.0,10.0,ﾅｯﾌﾟｽ 仙台泉ｲﾝﾀｰ店                       19
0,共通倉庫,10,4524486093647,21SJ-14K ﾚｻﾞｰｼﾞｬｹｯﾄ BK L 風神雷神BE,,,2024-04-17,売上,381866.0,,,1.0,9.0,ﾅｯﾌﾟｽ 足立店                             10
0,共通倉庫,10,4524486093647,21SJ-14K ﾚｻﾞｰｼﾞｬｹｯﾄ BK L 風神雷神BE,,,2024-05-07,売上,383202.0,,,1.0,8.0,ﾅｯﾌﾟｽ 仙台泉ｲﾝﾀｰ店                       19
0,共通倉庫,10,4524486093647,21SJ-14K ﾚｻﾞｰｼﾞｬｹｯﾄ BK L 風神雷神BE,,,2024-06-14,仕入,33934.0,7182.0,3.0,,11.0,IHSAN                                    
0,共通倉庫,10,4524486093647,21SJ-14K ﾚｻﾞｰｼﾞｬｹｯﾄ BK L 風神雷神BE,,,2024-06-17,売上,386031.0,,,1.0,10.0,ﾅｯﾌﾟｽ 仙台泉ｲﾝﾀｰ店                       19
0,共通倉庫,10,4524486093647,21SJ-14K ﾚｻﾞｰｼﾞｬｹｯﾄ BK L 風神雷神BE,,,2024-07-08,売上,387471.0,,,1.0,9.0,いちげん                                 
0,共通倉庫,10,4524486093647,21SJ-14K ﾚｻﾞｰｼﾞｬｹｯﾄ BK L 風神雷神BE,,,2024-09-27,売上,392411.0,,,1.0,8.0,株式会社 ｻｲｸﾙﾜｰﾙﾄﾞ神戸本店               
0,共通倉庫,10,4524486093647,21SJ-14K ﾚｻﾞｰｼﾞｬｹｯﾄ BK L 風神雷神BE,,,2024-10-15,売上,393586.0,,,1.0,7.0,いちげん                                 
0,共通倉庫,10,4524486093647,21SJ-14K ﾚｻﾞｰｼﾞｬｹｯﾄ BK L 風神雷神BE,,,2024-10-21,売上,394076.0,,,1.0,6.0,ﾗｲｺﾗﾝﾄﾞ TokyoBay東雲店                   2003 株式会社 ｺｼﾀﾞﾃｯｸ
0,共通倉庫,10,4524486093647,21SJ-14K ﾚｻﾞｰｼﾞｬｹｯﾄ BK L 風神雷神BE,,,2024-11-11,売上,395640.0,,,1.0,5.0,いちげん                                 
0,共通倉庫,10,4524486093647,21SJ-14K ﾚｻﾞｰｼﾞｬｹｯﾄ BK L 風神雷神BE,,,2024-11-16,売上,396056.0,,,1.0,4.0,デグナー京都本店                         
0,共通倉庫,10,4524486093647,21SJ-14K ﾚｻﾞｰｼﾞｬｹｯﾄ BK L 風神雷神BE,,,2024-11-27,売上,396973.0,,,1.0,3.0,ﾗｲｺﾗﾝﾄﾞ TokyoBay東雲店                   2003 株式会社 ｺｼﾀﾞﾃｯｸ
0,共通倉庫,10,4524486093647,21SJ-14K ﾚｻﾞｰｼﾞｬｹｯﾄ BK L 風神雷神BE,,,2024-12-28,仕入,35009.0,7227.0,4.0,,6.0,IHSAN                                    
0,共通倉庫,10,4524486093647,21SJ-14K ﾚｻﾞｰｼﾞｬｹｯﾄ BK L 風神雷神BE,,,2025-02-05,仕入,35147.0,7213.0,2.0,,8.0,IHSAN                                    
0,共通倉庫,10,4524486093647,21SJ-14K ﾚｻﾞｰｼﾞｬｹｯﾄ BK L 風神雷神BE,,,2025-03-03,売上,403122.0,,,1.0,7.0,株式会社 ｻｲｸﾙﾜｰﾙﾄﾞ神戸本店               
0,共通倉庫,10,4524486093647,21SJ-14K ﾚｻﾞｰｼﾞｬｹｯﾄ BK L 風神雷神BE,,,2025-03-24,仕入,35458.0,7074.0,1.0,,7.0,IHSAN                                    
0,共通倉庫,10,4524486093647,21SJ-14K ﾚｻﾞｰｼﾞｬｹｯﾄ BK L 風神雷神BE,,,2025-04-04,売上,405805.0,,,1.0,6.0,販売店様ｲﾍﾞﾝﾄ                            
0,共通倉庫,10,4524486093647,21SJ-14K ﾚｻﾞｰｼﾞｬｹｯﾄ BK L 風神雷神BE,,,2025-04-08,売上,406078.0,,,1.0,5.0,いちげん                                 
0,共通倉庫,10,4524486093647,21SJ-14K ﾚｻﾞｰｼﾞｬｹｯﾄ BK L 風神雷神BE,,,2025-04-10,売上,406233.0,,,1.0,4.0,株式会社 ｻｲｸﾙﾜｰﾙﾄﾞ神戸本店               
0,共通倉庫,10,4524486093647,21SJ-14K ﾚｻﾞｰｼﾞｬｹｯﾄ BK L 風神雷神BE,,,2025-04-23,売上,407200.0,,,1.0,,ﾗｲｺﾗﾝﾄﾞ 新潟店                           2031 株式会社 ｺｼﾀﾞﾃｯｸ
0,共通倉庫,10,4524486093647,21SJ-14K ﾚｻﾞｰｼﾞｬｹｯﾄ BK L 風神雷神BE,,,2025-04-23,売上,407204.0,,,1.0,2.0,ﾗｲｺﾗﾝﾄﾞ 新潟店                           2031 株式会社 ｺｼﾀﾞﾃｯｸ
0,共通倉庫,10,4524486093647,21SJ-14K ﾚｻﾞｰｼﾞｬｹｯﾄ BK L 風神雷神BE,,,2025-05-07,売上,408452.0,,,1.0,1.0,ﾅｯﾌﾟｽ 仙台泉ｲﾝﾀｰ店                       19
0,共通倉庫,10,4524486093647,21SJ-14K ﾚｻﾞｰｼﾞｬｹｯﾄ BK L 風神雷神BE,,,2025-05-13,売上,408971.0,,,1.0,0.0,株式会社 ﾓﾉﾀﾞｲﾚｸﾄ                        
0,共通倉庫,10,4524486093647,21SJ-14K ﾚｻﾞｰｼﾞｬｹｯﾄ BK L 風神雷神BE,,,2025-05-20,仕入,35896.0,6727.0,5.0,,5.0,IHSAN                                    
0,共通倉庫,10,4524486093647,21SJ-14K ﾚｻﾞｰｼﾞｬｹｯﾄ BK L 風神雷神BE,,,2025-07-24,売上,414699.0,,,1.0,4.0,南海部品 太田店                          3007 株式会社 ｺｼﾀﾞﾃｯｸ
0,共通倉庫,10,4524486093647,21SJ-14K ﾚｻﾞｰｼﾞｬｹｯﾄ BK L 風神雷神BE,,,2025-08-04,売上,415360.0,,,1.0,3.0,南海部品 小山店                          3003 株式会社 ｺｼﾀﾞﾃｯｸ
0,共通倉庫,10,4524486093647,21SJ-14K ﾚｻﾞｰｼﾞｬｹｯﾄ BK L 風神雷神BE,,,2025-08-26,仕入,36612.0,6990.0,5.0,,8.0,IHSAN                                    
0,共通倉庫,10,4524486093647,21SJ-14K ﾚｻﾞｰｼﾞｬｹｯﾄ BK L 風神雷神BE,,,2025-08-29,売上,416952.0,,,1.0,7.0,ﾅｯﾌﾟｽ ﾍﾞｲｻｲﾄﾞ幸浦店                      15
0,共通倉庫,10,4524486093647,21SJ-14K ﾚｻﾞｰｼﾞｬｹｯﾄ BK L 風神雷神BE,,,2025-09-26,売上,419480.0,,,1.0,6.0,いちげん                                 
0,共通倉庫,10,4524486093647,21SJ-14K ﾚｻﾞｰｼﾞｬｹｯﾄ BK L 風神雷神BE,,,2025-10-01,売上,419815.0,,,1.0,5.0,ﾅｯﾌﾟｽ 仙台泉ｲﾝﾀｰ店                       19
0,共通倉庫,10,4524486093647,21SJ-14K ﾚｻﾞｰｼﾞｬｹｯﾄ BK L 風神雷神BE,,,2025-10-05,売上,420128.0,,,1.0,,いちげん                                 
0,共通倉庫,10,4524486093647,21SJ-14K ﾚｻﾞｰｼﾞｬｹｯﾄ BK L 風神雷神BE,,,2025-10-05,売上,420144.0,,,1.0,3.0,デグナー京都本店                         
0,共通倉庫,10,4524486093647,21SJ-14K ﾚｻﾞｰｼﾞｬｹｯﾄ BK L 風神雷神BE,,,2025-10-21,売上,421574.0,,,1.0,2.0,ﾅｯﾌﾟｽ ﾍﾞｲｻｲﾄﾞ幸浦店                      15
0,共通倉庫,10,4524486093647,21SJ-14K ﾚｻﾞｰｼﾞｬｹｯﾄ BK L 風神雷神BE,,,2025-12-28,売上,426898.0,,,1.0,0.0,デグナー京都本店                         
0,共通倉庫,10,4524486093647,21SJ-14K ﾚｻﾞｰｼﾞｬｹｯﾄ BK L 風神雷神BE,,,2026-01-28,仕入,37562.0,7424.0,3.0,,3.0,IHSAN                                    
0,共通倉庫,10,4524486093647,21SJ-14K ﾚｻﾞｰｼﾞｬｹｯﾄ BK L 風神雷神BE,,,2026-02-04,売上,429159.0,,,1.0,1.0,いちげん                                 
0,共通倉庫,10,4524486093647,21SJ-14K ﾚｻﾞｰｼﾞｬｹｯﾄ BK L 風神雷神BE,,,2026-03-26,売上,432617.0,,,-1.0,2.0,ﾗｲｺﾗﾝﾄﾞ TokyoBay東雲店                   2003 株式会社 ｺｼﾀﾞﾃｯｸ
0,共通倉庫,10,4524486093654,21SJ-14K ﾚｻﾞｰｼﾞｬｹｯﾄ BK XL 風神雷神BE,,,2021-03-03,仕入,25240.0,5276.0,2.0,,2.0,IHSAN                                    
0,共通倉庫,10,4524486093654,21SJ-14K ﾚｻﾞｰｼﾞｬｹｯﾄ BK XL 風神雷神BE,,,2021-04-04,売上,299823.0,,,1.0,1.0,デグナー京都本店                         
0,共通倉庫,10,4524486093654,21SJ-14K ﾚｻﾞｰｼﾞｬｹｯﾄ BK XL 風神雷神BE,,,2021-05-05,売上,302185.0,,,1.0,0.0,デグナー京都本店                         
0,共通倉庫,10,4524486093654,21SJ-14K ﾚｻﾞｰｼﾞｬｹｯﾄ BK XL 風神雷神BE,,,2021-09-14,仕入,26669.0,4995.0,6.0,,6.0,IHSAN                                    
0,共通倉庫,10,4524486093654,21SJ-14K ﾚｻﾞｰｼﾞｬｹｯﾄ BK XL 風神雷神BE,,,2021-11-24,売上,317722.0,,,1.0,5.0,株式会社ﾘﾊﾞｰｸﾚｲﾝ                         
0,共通倉庫,10,4524486093654,21SJ-14K ﾚｻﾞｰｼﾞｬｹｯﾄ BK XL 風神雷神BE,,,2021-12-12,売上,319084.0,,,1.0,3.0,デグナー京都本店                         
0,共通倉庫,10,4524486093654,21SJ-14K ﾚｻﾞｰｼﾞｬｹｯﾄ BK XL 風神雷神BE,,,2022-01-26,売上,322798.0,,,1.0,1.0,いちげん                                 
0,共通倉庫,10,4524486093654,21SJ-14K ﾚｻﾞｰｼﾞｬｹｯﾄ BK XL 風神雷神BE,,,2022-02-21,売上,324863.0,,,1.0,0.0,いちげん                                 
0,共通倉庫,10,4524486093654,21SJ-14K ﾚｻﾞｰｼﾞｬｹｯﾄ BK XL 風神雷神BE,,,2022-05-20,仕入,28816.0,5838.0,2.0,,2.0,IHSAN                                    
0,共通倉庫,10,4524486093654,21SJ-14K ﾚｻﾞｰｼﾞｬｹｯﾄ BK XL 風神雷神BE,,,2022-05-27,売上,334260.0,,,1.0,1.0,503 豊山2りんかん                        株式会社2りんかんｲｴﾛｰﾊｯﾄ
0,共通倉庫,10,4524486093654,21SJ-14K ﾚｻﾞｰｼﾞｬｹｯﾄ BK XL 風神雷神BE,,,2022-07-05,売上,337608.0,,,1.0,0.0,いちげん                                 
0,共通倉庫,10,4524486093654,21SJ-14K ﾚｻﾞｰｼﾞｬｹｯﾄ BK XL 風神雷神BE,,,2022-10-12,仕入,29978.0,6516.0,2.0,,2.0,IHSAN                                    
0,共通倉庫,10,4524486093654,21SJ-14K ﾚｻﾞｰｼﾞｬｹｯﾄ BK XL 風神雷神BE,,,2022-10-14,売上,345872.0,,,1.0,1.0,ﾅｯﾌﾟｽ 広島店                             14
0,共通倉庫,10,4524486093654,21SJ-14K ﾚｻﾞｰｼﾞｬｹｯﾄ BK XL 風神雷神BE,,,2022-11-11,仕入,30251.0,6802.0,6.0,,,IHSAN                                    
0,共通倉庫,10,4524486093654,21SJ-14K ﾚｻﾞｰｼﾞｬｹｯﾄ BK XL 風神雷神BE,,,2022-11-11,仕入,30252.0,6802.0,4.0,,10.0,IHSAN                                    
0,共通倉庫,10,4524486093654,21SJ-14K ﾚｻﾞｰｼﾞｬｹｯﾄ BK XL 風神雷神BE,,,2022-12-18,売上,351441.0,,,1.0,7.0,稲妻ﾌｪｽﾃｨﾊﾞﾙEAST                         
0,共通倉庫,10,4524486093654,21SJ-14K ﾚｻﾞｰｼﾞｬｹｯﾄ BK XL 風神雷神BE,,,2023-01-06,売上,352345.0,,,1.0,6.0,ﾅｯﾌﾟｽ 広島店                             14
0,共通倉庫,10,4524486093654,21SJ-14K ﾚｻﾞｰｼﾞｬｹｯﾄ BK XL 風神雷神BE,,,2023-02-09,売上,354349.0,,,1.0,4.0,ﾊｰﾚｰｶｽﾀﾏｰｼﾞｬﾊﾟﾝ                          ｳﾞｪｱﾘｱｽﾏｰｹﾃｨﾝｸﾞ株式会社
0,共通倉庫,10,4524486093654,21SJ-14K ﾚｻﾞｰｼﾞｬｹｯﾄ BK XL 風神雷神BE,,,2023-04-10,売上,358942.0,,,1.0,2.0,いちげん                                 
0,共通倉庫,10,4524486093654,21SJ-14K ﾚｻﾞｰｼﾞｬｹｯﾄ BK XL 風神雷神BE,,,2023-04-14,仕入,31451.0,6085.0,3.0,,5.0,IHSAN                                    
0,共通倉庫,10,4524486093654,21SJ-14K ﾚｻﾞｰｼﾞｬｹｯﾄ BK XL 風神雷神BE,,,2023-04-24,売上,359945.0,,,1.0,4.0,株式会社 ｷｼﾞﾏ                            
0,共通倉庫,10,4524486093654,21SJ-14K ﾚｻﾞｰｼﾞｬｹｯﾄ BK XL 風神雷神BE,,,2023-05-08,売上,360951.0,,,1.0,3.0,ﾅｯﾌﾟｽ 広島店                             14
0,共通倉庫,10,4524486093654,21SJ-14K ﾚｻﾞｰｼﾞｬｹｯﾄ BK XL 風神雷神BE,,,2023-06-20,仕入,31937.0,6378.0,4.0,,7.0,IHSAN                                    
0,共通倉庫,10,4524486093654,21SJ-14K ﾚｻﾞｰｼﾞｬｹｯﾄ BK XL 風神雷神BE,,,2023-07-16,売上,365498.0,,,1.0,5.0,デグナー京都本店                         
0,共通倉庫,10,4524486093654,21SJ-14K ﾚｻﾞｰｼﾞｬｹｯﾄ BK XL 風神雷神BE,,,2023-08-28,仕入,32397.0,6711.0,8.0,,13.0,IHSAN                                    
0,共通倉庫,10,4524486093654,21SJ-14K ﾚｻﾞｰｼﾞｬｹｯﾄ BK XL 風神雷神BE,,,2023-11-13,売上,373203.0,,,1.0,8.0,いちげん                                 
0,共通倉庫,10,4524486093654,21SJ-14K ﾚｻﾞｰｼﾞｬｹｯﾄ BK XL 風神雷神BE,,,2023-12-06,売上,374614.0,,,1.0,7.0,ｽﾀｰｼｰｽﾞ株式会社                          
0,共通倉庫,10,4524486093654,21SJ-14K ﾚｻﾞｰｼﾞｬｹｯﾄ BK XL 風神雷神BE,,,2023-12-18,売上,375403.0,,,1.0,5.0,いちげん                                 
0,共通倉庫,10,4524486093654,21SJ-14K ﾚｻﾞｰｼﾞｬｹｯﾄ BK XL 風神雷神BE,,,2023-12-25,売上,375795.0,,,-1.0,6.0,いちげん                                 
0,共通倉庫,10,4524486093654,21SJ-14K ﾚｻﾞｰｼﾞｬｹｯﾄ BK XL 風神雷神BE,,,2024-01-03,売上,376122.0,,,1.0,5.0,デグナー京都本店                         
0,共通倉庫,10,4524486093654,21SJ-14K ﾚｻﾞｰｼﾞｬｹｯﾄ BK XL 風神雷神BE,,,2024-02-05,売上,377547.0,,,1.0,4.0,ﾗｲｺﾗﾝﾄﾞ TokyoBay東雲店                   2003 株式会社 ｺｼﾀﾞﾃｯｸ
0,共通倉庫,10,4524486093654,21SJ-14K ﾚｻﾞｰｼﾞｬｹｯﾄ BK XL 風神雷神BE,,,2024-02-26,売上,378743.0,,,1.0,3.0,デグナー京都本店                         
0,共通倉庫,10,4524486093654,21SJ-14K ﾚｻﾞｰｼﾞｬｹｯﾄ BK XL 風神雷神BE,,,2024-03-01,売上,378913.0,,,1.0,2.0,新潟中央部品株式会社 長岡店              
0,共通倉庫,10,4524486093654,21SJ-14K ﾚｻﾞｰｼﾞｬｹｯﾄ BK XL 風神雷神BE,,,2024-03-06,仕入,33379.0,6926.0,4.0,,6.0,IHSAN                                    
0,共通倉庫,10,4524486093654,21SJ-14K ﾚｻﾞｰｼﾞｬｹｯﾄ BK XL 風神雷神BE,,,2024-04-07,売上,381153.0,,,1.0,5.0,販売店様ｲﾍﾞﾝﾄ                            
0,共通倉庫,10,4524486093654,21SJ-14K ﾚｻﾞｰｼﾞｬｹｯﾄ BK XL 風神雷神BE,,,2024-04-19,出荷,11001.0,,,-1.0,6.0,棚卸し調整                               
0,共通倉庫,10,4524486093654,21SJ-14K ﾚｻﾞｰｼﾞｬｹｯﾄ BK XL 風神雷神BE,,,2024-04-23,売上,382322.0,,,1.0,5.0,いちげん                                 
0,共通倉庫,10,4524486093654,21SJ-14K ﾚｻﾞｰｼﾞｬｹｯﾄ BK XL 風神雷神BE,,,2024-06-14,仕入,33934.0,7182.0,1.0,,6.0,IHSAN                                    
0,共通倉庫,10,4524486093654,21SJ-14K ﾚｻﾞｰｼﾞｬｹｯﾄ BK XL 風神雷神BE,,,2024-07-02,売上,387078.0,,,1.0,5.0,いちげん                                 
0,共通倉庫,10,4524486093654,21SJ-14K ﾚｻﾞｰｼﾞｬｹｯﾄ BK XL 風神雷神BE,,,2024-07-08,売上,387471.0,,,-1.0,6.0,いちげん                                 
0,共通倉庫,10,4524486093654,21SJ-14K ﾚｻﾞｰｼﾞｬｹｯﾄ BK XL 風神雷神BE,,,2024-07-10,仕入,34086.0,7287.0,9.0,,15.0,IHSAN                                    
0,共通倉庫,10,4524486093654,21SJ-14K ﾚｻﾞｰｼﾞｬｹｯﾄ BK XL 風神雷神BE,,,2024-08-20,出荷,11215.0,,,1.0,14.0,棚卸し調整                               
0,共通倉庫,10,4524486093654,21SJ-14K ﾚｻﾞｰｼﾞｬｹｯﾄ BK XL 風神雷神BE,,,2024-09-10,仕入,34428.0,6762.0,1.0,,15.0,IHSAN                                    
0,共通倉庫,10,4524486093654,21SJ-14K ﾚｻﾞｰｼﾞｬｹｯﾄ BK XL 風神雷神BE,,,2024-09-12,売上,391471.0,,,1.0,14.0,ﾗｲｺﾗﾝﾄﾞ 水戸店                           2017 株式会社 ｺｼﾀﾞﾃｯｸ
0,共通倉庫,10,4524486093654,21SJ-14K ﾚｻﾞｰｼﾞｬｹｯﾄ BK XL 風神雷神BE,,,2024-10-13,売上,393468.0,,,1.0,13.0,デグナー京都本店                         
0,共通倉庫,10,4524486093654,21SJ-14K ﾚｻﾞｰｼﾞｬｹｯﾄ BK XL 風神雷神BE,,,2024-12-09,売上,397769.0,,,1.0,12.0,ﾗｲｺﾗﾝﾄﾞ 水戸店                           2017 株式会社 ｺｼﾀﾞﾃｯｸ
0,共通倉庫,10,4524486093654,21SJ-14K ﾚｻﾞｰｼﾞｬｹｯﾄ BK XL 風神雷神BE,,,2024-12-15,売上,398347.0,,,1.0,11.0,デグナー京都本店                         
0,共通倉庫,10,4524486093654,21SJ-14K ﾚｻﾞｰｼﾞｬｹｯﾄ BK XL 風神雷神BE,,,2025-02-07,売上,401796.0,,,1.0,10.0,ﾗｲｺﾗﾝﾄﾞ TokyoBay東雲店                   2003 株式会社 ｺｼﾀﾞﾃｯｸ
0,共通倉庫,10,4524486093654,21SJ-14K ﾚｻﾞｰｼﾞｬｹｯﾄ BK XL 風神雷神BE,,,2025-04-23,売上,407200.0,,,1.0,9.0,ﾗｲｺﾗﾝﾄﾞ 新潟店                           2031 株式会社 ｺｼﾀﾞﾃｯｸ
0,共通倉庫,10,4524486093654,21SJ-14K ﾚｻﾞｰｼﾞｬｹｯﾄ BK XL 風神雷神BE,,,2025-08-29,売上,416952.0,,,1.0,8.0,ﾅｯﾌﾟｽ ﾍﾞｲｻｲﾄﾞ幸浦店                      15
0,共通倉庫,10,4524486093654,21SJ-14K ﾚｻﾞｰｼﾞｬｹｯﾄ BK XL 風神雷神BE,,,2025-11-05,売上,422698.0,,,1.0,6.0,ﾗｲｺﾗﾝﾄﾞ TokyoBay東雲店                   2003 株式会社 ｺｼﾀﾞﾃｯｸ
0,共通倉庫,10,4524486093654,21SJ-14K ﾚｻﾞｰｼﾞｬｹｯﾄ BK XL 風神雷神BE,,,2025-11-21,売上,424136.0,,,1.0,5.0,いちげん                                 
0,共通倉庫,10,4524486093654,21SJ-14K ﾚｻﾞｰｼﾞｬｹｯﾄ BK XL 風神雷神BE,,,2026-01-06,売上,427458.0,,,1.0,3.0,いちげん                                 
0,共通倉庫,10,4524486093654,21SJ-14K ﾚｻﾞｰｼﾞｬｹｯﾄ BK XL 風神雷神BE,,,2026-01-13,売上,427853.0,,,1.0,2.0,いちげん                                 
0,共通倉庫,10,4524486093654,21SJ-14K ﾚｻﾞｰｼﾞｬｹｯﾄ BK XL 風神雷神BE,,,2026-01-20,売上,428290.0,,,1.0,1.0,帝都産業 株式会社                        EC/海外事業部
0,共通倉庫,10,4524486093654,21SJ-14K ﾚｻﾞｰｼﾞｬｹｯﾄ BK XL 風神雷神BE,,,2026-03-26,売上,432617.0,,,-1.0,2.0,ﾗｲｺﾗﾝﾄﾞ TokyoBay東雲店                   2003 株式会社 ｺｼﾀﾞﾃｯｸ
0,共通倉庫,10,4524486093661,21SJ-14K ﾚｻﾞｰｼﾞｬｹｯﾄ BK M 流水雪輪,,,2021-03-03,仕入,25240.0,5276.0,6.0,,6.0,IHSAN                                    
0,共通倉庫,10,4524486093661,21SJ-14K ﾚｻﾞｰｼﾞｬｹｯﾄ BK M 流水雪輪,,,2021-03-26,売上,299174.0,,,1.0,5.0,ﾓﾄﾌｨｰﾙﾄﾞﾄﾞｯｶｰｽﾞ東京本店                  株式会社ﾜｰｽﾜｲﾙ
0,共通倉庫,10,4524486093661,21SJ-14K ﾚｻﾞｰｼﾞｬｹｯﾄ BK M 流水雪輪,,,2021-03-29,売上,299387.0,,,1.0,4.0,ﾗｲｺﾗﾝﾄﾞ 柏店                             1001 株式会社ﾗｲﾀﾞｰｽﾞ・ｻﾎﾟｰﾄ・ｶﾝﾊﾟﾆｰ
0,共通倉庫,10,4524486093661,21SJ-14K ﾚｻﾞｰｼﾞｬｹｯﾄ BK M 流水雪輪,,,2021-03-31,仕入,25458.0,5444.0,5.0,,9.0,IHSAN                                    
0,共通倉庫,10,4524486093661,21SJ-14K ﾚｻﾞｰｼﾞｬｹｯﾄ BK M 流水雪輪,,,2021-04-08,売上,300245.0,,,1.0,8.0,ﾗｲｺﾗﾝﾄﾞ 水戸店                           2017 株式会社 ｺｼﾀﾞﾃｯｸ
0,共通倉庫,10,4524486093661,21SJ-14K ﾚｻﾞｰｼﾞｬｹｯﾄ BK M 流水雪輪,,,2021-04-12,売上,300496.0,,,1.0,7.0,ﾗｲｺﾗﾝﾄﾞ CuBe札幌白石店                   2015 株式会社 ｺｼﾀﾞﾃｯｸ
0,共通倉庫,10,4524486093661,21SJ-14K ﾚｻﾞｰｼﾞｬｹｯﾄ BK M 流水雪輪,,,2021-08-22,売上,309920.0,,,1.0,6.0,デグナー京都本店                         
0,共通倉庫,10,4524486093661,21SJ-14K ﾚｻﾞｰｼﾞｬｹｯﾄ BK M 流水雪輪,,,2021-09-14,売上,311639.0,,,1.0,5.0,ﾗｲｺﾗﾝﾄﾞ TokyoBay東雲店                   2003 株式会社 ｺｼﾀﾞﾃｯｸ
0,共通倉庫,10,4524486093661,21SJ-14K ﾚｻﾞｰｼﾞｬｹｯﾄ BK M 流水雪輪,,,2021-10-22,売上,314819.0,,,3.0,2.0,Riding My Way Company                    
0,共通倉庫,10,4524486093661,21SJ-14K ﾚｻﾞｰｼﾞｬｹｯﾄ BK M 流水雪輪,,,2021-11-30,売上,318212.0,,,1.0,0.0,株式会社ﾘﾊﾞｰｸﾚｲﾝ                         
0,共通倉庫,10,4524486093661,21SJ-14K ﾚｻﾞｰｼﾞｬｹｯﾄ BK M 流水雪輪,,,2022-02-15,仕入,27967.0,5203.0,3.0,,3.0,IHSAN                                    
0,共通倉庫,10,4524486093661,21SJ-14K ﾚｻﾞｰｼﾞｬｹｯﾄ BK M 流水雪輪,,,2022-04-05,売上,329055.0,,,1.0,,Riding My Way Company                    
0,共通倉庫,10,4524486093661,21SJ-14K ﾚｻﾞｰｼﾞｬｹｯﾄ BK M 流水雪輪,,,2022-04-05,売上,329060.0,,,1.0,,Riding My Way Company                    
0,共通倉庫,10,4524486093661,21SJ-14K ﾚｻﾞｰｼﾞｬｹｯﾄ BK M 流水雪輪,,,2022-04-05,売上,329061.0,,,1.0,0.0,Riding My Way Company                    
0,共通倉庫,10,4524486093661,21SJ-14K ﾚｻﾞｰｼﾞｬｹｯﾄ BK M 流水雪輪,,,2022-05-20,仕入,28817.0,5838.0,3.0,,,IHSAN                                    
0,共通倉庫,10,4524486093661,21SJ-14K ﾚｻﾞｰｼﾞｬｹｯﾄ BK M 流水雪輪,,,2022-05-20,仕入,28818.0,5838.0,2.0,,5.0,IHSAN                                    
0,共通倉庫,10,4524486093661,21SJ-14K ﾚｻﾞｰｼﾞｬｹｯﾄ BK M 流水雪輪,,,2022-05-27,売上,334138.0,,,1.0,,南海部品 小山店                          3003 株式会社 ｺｼﾀﾞﾃｯｸ
0,共通倉庫,10,4524486093661,21SJ-14K ﾚｻﾞｰｼﾞｬｹｯﾄ BK M 流水雪輪,,,2022-06-15,売上,335935.0,,,1.0,1.0,デグナー京都本店                         
0,共通倉庫,10,4524486093661,21SJ-14K ﾚｻﾞｰｼﾞｬｹｯﾄ BK M 流水雪輪,,,2022-06-17,売上,336079.0,,,1.0,0.0,いちげん                                 
0,共通倉庫,10,4524486093661,21SJ-14K ﾚｻﾞｰｼﾞｬｹｯﾄ BK M 流水雪輪,,,2022-07-12,仕入,29216.0,6139.0,1.0,,,IHSAN                                    
0,共通倉庫,10,4524486093661,21SJ-14K ﾚｻﾞｰｼﾞｬｹｯﾄ BK M 流水雪輪,,,2022-07-12,仕入,29217.0,6139.0,5.0,,,IHSAN                                    
0,共通倉庫,10,4524486093661,21SJ-14K ﾚｻﾞｰｼﾞｬｹｯﾄ BK M 流水雪輪,,,2022-07-13,売上,338393.0,,,1.0,,ﾗｲｺﾗﾝﾄﾞ CuBe札幌白石店                   2015 株式会社 ｺｼﾀﾞﾃｯｸ
0,共通倉庫,10,4524486093661,21SJ-14K ﾚｻﾞｰｼﾞｬｹｯﾄ BK M 流水雪輪,,,2022-08-12,仕入,29482.0,6274.0,5.0,,10.0,IHSAN                                    
0,共通倉庫,10,4524486093661,21SJ-14K ﾚｻﾞｰｼﾞｬｹｯﾄ BK M 流水雪輪,,,2022-09-09,売上,342832.0,,,1.0,9.0,ﾗｲｺﾗﾝﾄﾞ TokyoBay東雲店                   2003 株式会社 ｺｼﾀﾞﾃｯｸ
0,共通倉庫,10,4524486093661,21SJ-14K ﾚｻﾞｰｼﾞｬｹｯﾄ BK M 流水雪輪,,,2022-09-21,売上,343859.0,,,1.0,8.0,株式会社JTBふるさと開発事業部            
0,共通倉庫,10,4524486093661,21SJ-14K ﾚｻﾞｰｼﾞｬｹｯﾄ BK M 流水雪輪,,,2022-09-27,売上,344350.0,,,1.0,7.0,株式会社JTBふるさと開発事業部            
0,共通倉庫,10,4524486093661,21SJ-14K ﾚｻﾞｰｼﾞｬｹｯﾄ BK M 流水雪輪,,,2022-10-12,仕入,30030.0,6516.0,7.0,,14.0,IHSAN                                    
0,共通倉庫,10,4524486093661,21SJ-14K ﾚｻﾞｰｼﾞｬｹｯﾄ BK M 流水雪輪,,,2022-10-21,売上,346611.0,,,3.0,11.0,Riding My Way Company                    
0,共通倉庫,10,4524486093661,21SJ-14K ﾚｻﾞｰｼﾞｬｹｯﾄ BK M 流水雪輪,,,2022-11-18,売上,349160.0,,,1.0,10.0,株式会社JTBふるさと開発事業部            
0,共通倉庫,10,4524486093661,21SJ-14K ﾚｻﾞｰｼﾞｬｹｯﾄ BK M 流水雪輪,,,2022-11-24,売上,349559.0,,,1.0,9.0,ANSIN MOTO CO.                           
0,共通倉庫,10,4524486093661,21SJ-14K ﾚｻﾞｰｼﾞｬｹｯﾄ BK M 流水雪輪,,,2022-11-29,売上,349945.0,,,2.0,7.0,Riding My Way Company                    
0,共通倉庫,10,4524486093661,21SJ-14K ﾚｻﾞｰｼﾞｬｹｯﾄ BK M 流水雪輪,,,2022-11-30,売上,350031.0,,,1.0,6.0,株式会社JTBふるさと開発事業部            
0,共通倉庫,10,4524486093661,21SJ-14K ﾚｻﾞｰｼﾞｬｹｯﾄ BK M 流水雪輪,,,2022-12-06,売上,350515.0,,,1.0,5.0,株式会社JTBふるさと開発事業部            
0,共通倉庫,10,4524486093661,21SJ-14K ﾚｻﾞｰｼﾞｬｹｯﾄ BK M 流水雪輪,,,2022-12-13,売上,351005.0,,,1.0,4.0,株式会社JTBふるさと開発事業部            
0,共通倉庫,10,4524486093661,21SJ-14K ﾚｻﾞｰｼﾞｬｹｯﾄ BK M 流水雪輪,,,2022-12-20,売上,351523.0,,,1.0,2.0,株式会社JTBふるさと開発事業部            
0,共通倉庫,10,4524486093661,21SJ-14K ﾚｻﾞｰｼﾞｬｹｯﾄ BK M 流水雪輪,,,2022-12-22,売上,351605.0,,,1.0,1.0,株式会社JTBふるさと開発事業部            
0,共通倉庫,10,4524486093661,21SJ-14K ﾚｻﾞｰｼﾞｬｹｯﾄ BK M 流水雪輪,,,2023-01-16,仕入,30687.0,6297.0,3.0,,5.0,IHSAN                                    
0,共通倉庫,10,4524486093661,21SJ-14K ﾚｻﾞｰｼﾞｬｹｯﾄ BK M 流水雪輪,,,2023-01-17,売上,352935.0,,,1.0,4.0,いちげん                                 
0,共通倉庫,10,4524486093661,21SJ-14K ﾚｻﾞｰｼﾞｬｹｯﾄ BK M 流水雪輪,,,2023-01-19,売上,353100.0,,,1.0,,株式会社JTBふるさと開発事業部            
0,共通倉庫,10,4524486093661,21SJ-14K ﾚｻﾞｰｼﾞｬｹｯﾄ BK M 流水雪輪,,,2023-01-19,売上,353101.0,,,1.0,2.0,株式会社JTBふるさと開発事業部            
0,共通倉庫,10,4524486093661,21SJ-14K ﾚｻﾞｰｼﾞｬｹｯﾄ BK M 流水雪輪,,,2023-01-23,売上,353305.0,,,1.0,1.0,株式会社JTBふるさと開発事業部            
0,共通倉庫,10,4524486093661,21SJ-14K ﾚｻﾞｰｼﾞｬｹｯﾄ BK M 流水雪輪,,,2023-02-01,売上,353873.0,,,1.0,0.0,株式会社JTBふるさと開発事業部            
0,共通倉庫,10,4524486093661,21SJ-14K ﾚｻﾞｰｼﾞｬｹｯﾄ BK M 流水雪輪,,,2023-02-16,仕入,30962.0,5925.0,4.0,,4.0,IHSAN                                    
0,共通倉庫,10,4524486093661,21SJ-14K ﾚｻﾞｰｼﾞｬｹｯﾄ BK M 流水雪輪,,,2023-02-17,売上,354812.0,,,1.0,,帝都産業 株式会社                        EC/海外事業部
0,共通倉庫,10,4524486093661,21SJ-14K ﾚｻﾞｰｼﾞｬｹｯﾄ BK M 流水雪輪,,,2023-02-20,売上,355040.0,,,1.0,1.0,ANSIN MOTO CO.                           
0,共通倉庫,10,4524486093661,21SJ-14K ﾚｻﾞｰｼﾞｬｹｯﾄ BK M 流水雪輪,,,2023-02-22,売上,355186.0,,,1.0,0.0,株式会社JTBふるさと開発事業部            
0,共通倉庫,10,4524486093661,21SJ-14K ﾚｻﾞｰｼﾞｬｹｯﾄ BK M 流水雪輪,,,2023-03-23,売上,357379.0,,,1.0,0.0,株式会社ﾘﾊﾞｰｸﾚｲﾝ                         
0,共通倉庫,10,4524486093661,21SJ-14K ﾚｻﾞｰｼﾞｬｹｯﾄ BK M 流水雪輪,,,2023-04-14,仕入,31452.0,6085.0,5.0,,5.0,IHSAN                                    
0,共通倉庫,10,4524486093661,21SJ-14K ﾚｻﾞｰｼﾞｬｹｯﾄ BK M 流水雪輪,,,2023-04-20,売上,359799.0,,,1.0,3.0,ﾗｲｺﾗﾝﾄﾞ CuBe札幌白石店                   2015 株式会社 ｺｼﾀﾞﾃｯｸ
0,共通倉庫,10,4524486093661,21SJ-14K ﾚｻﾞｰｼﾞｬｹｯﾄ BK M 流水雪輪,,,2023-04-25,売上,360147.0,,,1.0,2.0,株式会社JTBふるさと開発事業部            
0,共通倉庫,10,4524486093661,21SJ-14K ﾚｻﾞｰｼﾞｬｹｯﾄ BK M 流水雪輪,,,2023-05-10,売上,361272.0,,,1.0,1.0,株式会社JTBふるさと開発事業部            
0,共通倉庫,10,4524486093661,21SJ-14K ﾚｻﾞｰｼﾞｬｹｯﾄ BK M 流水雪輪,,,2023-05-16,売上,361723.0,,,1.0,0.0,いちげん                                 
0,共通倉庫,10,4524486093661,21SJ-14K ﾚｻﾞｰｼﾞｬｹｯﾄ BK M 流水雪輪,,,2023-05-23,仕入,31733.0,6378.0,5.0,,5.0,IHSAN                                    
0,共通倉庫,10,4524486093661,21SJ-14K ﾚｻﾞｰｼﾞｬｹｯﾄ BK M 流水雪輪,,,2023-06-07,売上,363233.0,,,2.0,3.0,ANSIN MOTO CO.                           
0,共通倉庫,10,4524486093661,21SJ-14K ﾚｻﾞｰｼﾞｬｹｯﾄ BK M 流水雪輪,,,2023-06-20,仕入,31936.0,6378.0,10.0,,13.0,IHSAN                                    
0,共通倉庫,10,4524486093661,21SJ-14K ﾚｻﾞｰｼﾞｬｹｯﾄ BK M 流水雪輪,,,2023-07-27,売上,366270.0,,,4.0,9.0,ANSIN MOTO CO.                           
0,共通倉庫,10,4524486093661,21SJ-14K ﾚｻﾞｰｼﾞｬｹｯﾄ BK M 流水雪輪,,,2023-07-29,売上,366333.0,,,1.0,8.0,デグナー京都本店                         
0,共通倉庫,10,4524486093661,21SJ-14K ﾚｻﾞｰｼﾞｬｹｯﾄ BK M 流水雪輪,,,2023-08-01,仕入,32236.0,6445.0,5.0,,13.0,IHSAN                                    
0,共通倉庫,10,4524486093661,21SJ-14K ﾚｻﾞｰｼﾞｬｹｯﾄ BK M 流水雪輪,,,2023-08-28,仕入,32393.0,6711.0,5.0,,18.0,IHSAN                                    
0,共通倉庫,10,4524486093661,21SJ-14K ﾚｻﾞｰｼﾞｬｹｯﾄ BK M 流水雪輪,,,2023-09-05,売上,368528.0,,,1.0,17.0,南海部品株式会社                         
0,共通倉庫,10,4524486093661,21SJ-14K ﾚｻﾞｰｼﾞｬｹｯﾄ BK M 流水雪輪,,,2023-09-22,売上,369717.0,,,1.0,,株式会社JTBふるさと開発事業部            
0,共通倉庫,10,4524486093661,21SJ-14K ﾚｻﾞｰｼﾞｬｹｯﾄ BK M 流水雪輪,,,2023-09-22,売上,369741.0,,,1.0,15.0,株式会社JTBふるさと開発事業部            
0,共通倉庫,10,4524486093661,21SJ-14K ﾚｻﾞｰｼﾞｬｹｯﾄ BK M 流水雪輪,,,2023-10-02,売上,370251.0,,,1.0,14.0,ﾗｲｺﾗﾝﾄﾞ TokyoBay東雲店                   2003 株式会社 ｺｼﾀﾞﾃｯｸ
0,共通倉庫,10,4524486093661,21SJ-14K ﾚｻﾞｰｼﾞｬｹｯﾄ BK M 流水雪輪,,,2023-10-10,売上,370823.0,,,1.0,13.0,いちげん                                 
0,共通倉庫,10,4524486093661,21SJ-14K ﾚｻﾞｰｼﾞｬｹｯﾄ BK M 流水雪輪,,,2023-10-11,売上,370927.0,,,1.0,12.0,南海部品株式会社                         
0,共通倉庫,10,4524486093661,21SJ-14K ﾚｻﾞｰｼﾞｬｹｯﾄ BK M 流水雪輪,,,2023-11-01,仕入,32714.0,6915.0,15.0,,,IHSAN                                    
0,共通倉庫,10,4524486093661,21SJ-14K ﾚｻﾞｰｼﾞｬｹｯﾄ BK M 流水雪輪,,,2023-11-01,仕入,32715.0,6915.0,3.0,,30.0,IHSAN                                    
0,共通倉庫,10,4524486093661,21SJ-14K ﾚｻﾞｰｼﾞｬｹｯﾄ BK M 流水雪輪,,,2023-11-02,売上,372561.0,,,1.0,29.0,Riding My Way Company                    
0,共通倉庫,10,4524486093661,21SJ-14K ﾚｻﾞｰｼﾞｬｹｯﾄ BK M 流水雪輪,,,2023-11-22,売上,373783.0,,,1.0,28.0,ANSIN MOTO CO.                           
0,共通倉庫,10,4524486093661,21SJ-14K ﾚｻﾞｰｼﾞｬｹｯﾄ BK M 流水雪輪,,,2023-12-12,売上,375032.0,,,2.0,26.0,ANSIN MOTO CO.                           
0,共通倉庫,10,4524486093661,21SJ-14K ﾚｻﾞｰｼﾞｬｹｯﾄ BK M 流水雪輪,,,2023-12-14,売上,375125.0,,,1.0,25.0,株式会社JTBふるさと開発事業部            
0,共通倉庫,10,4524486093661,21SJ-14K ﾚｻﾞｰｼﾞｬｹｯﾄ BK M 流水雪輪,,,2023-12-19,仕入,32953.0,6638.0,15.0,,40.0,IHSAN                                    
0,共通倉庫,10,4524486093661,21SJ-14K ﾚｻﾞｰｼﾞｬｹｯﾄ BK M 流水雪輪,,,2023-12-20,売上,375530.0,,,1.0,39.0,株式会社JTBふるさと開発事業部            
0,共通倉庫,10,4524486093661,21SJ-14K ﾚｻﾞｰｼﾞｬｹｯﾄ BK M 流水雪輪,,,2024-01-16,売上,376823.0,,,3.0,36.0,Riding My Way Company                    
0,共通倉庫,10,4524486093661,21SJ-14K ﾚｻﾞｰｼﾞｬｹｯﾄ BK M 流水雪輪,,,2024-01-17,売上,376856.0,,,2.0,34.0,ANSIN MOTO CO.                           
0,共通倉庫,10,4524486093661,21SJ-14K ﾚｻﾞｰｼﾞｬｹｯﾄ BK M 流水雪輪,,,2024-01-19,売上,376950.0,,,1.0,33.0,株式会社JTBふるさと開発事業部            
0,共通倉庫,10,4524486093661,21SJ-14K ﾚｻﾞｰｼﾞｬｹｯﾄ BK M 流水雪輪,,,2024-01-25,売上,377187.0,,,1.0,32.0,ﾗｲｺﾗﾝﾄﾞ TokyoBay東雲店                   2003 株式会社 ｺｼﾀﾞﾃｯｸ
0,共通倉庫,10,4524486093661,21SJ-14K ﾚｻﾞｰｼﾞｬｹｯﾄ BK M 流水雪輪,,,2024-02-01,売上,377502.0,,,1.0,30.0,ﾊﾟｰｸｱｯﾌﾟ株式会社                         
0,共通倉庫,10,4524486093661,21SJ-14K ﾚｻﾞｰｼﾞｬｹｯﾄ BK M 流水雪輪,,,2024-02-07,売上,377802.0,,,1.0,29.0,デグナー京都本店                         
0,共通倉庫,10,4524486093661,21SJ-14K ﾚｻﾞｰｼﾞｬｹｯﾄ BK M 流水雪輪,,,2024-02-26,売上,378732.0,,,1.0,28.0,南海部品株式会社                         
0,共通倉庫,10,4524486093661,21SJ-14K ﾚｻﾞｰｼﾞｬｹｯﾄ BK M 流水雪輪,,,2024-03-01,売上,378926.0,,,1.0,27.0,ﾗｲｺﾗﾝﾄﾞ TokyoBay東雲店                   2003 株式会社 ｺｼﾀﾞﾃｯｸ
0,共通倉庫,10,4524486093661,21SJ-14K ﾚｻﾞｰｼﾞｬｹｯﾄ BK M 流水雪輪,,,2024-03-08,売上,379364.0,,,1.0,26.0,いちげん                                 
0,共通倉庫,10,4524486093661,21SJ-14K ﾚｻﾞｰｼﾞｬｹｯﾄ BK M 流水雪輪,,,2024-03-22,売上,380129.0,,,1.0,25.0,ANSIN MOTO CO.                           
0,共通倉庫,10,4524486093661,21SJ-14K ﾚｻﾞｰｼﾞｬｹｯﾄ BK M 流水雪輪,,,2024-04-18,売上,382020.0,,,1.0,24.0,株式会社JTBふるさと開発事業部            
0,共通倉庫,10,4524486093661,21SJ-14K ﾚｻﾞｰｼﾞｬｹｯﾄ BK M 流水雪輪,,,2024-05-20,売上,384276.0,,,1.0,23.0,株式会社JTBふるさと開発事業部            
0,共通倉庫,10,4524486093661,21SJ-14K ﾚｻﾞｰｼﾞｬｹｯﾄ BK M 流水雪輪,,,2024-06-07,売上,385439.0,,,1.0,22.0,株式会社JTBふるさと開発事業部            
0,共通倉庫,10,4524486093661,21SJ-14K ﾚｻﾞｰｼﾞｬｹｯﾄ BK M 流水雪輪,,,2024-07-10,仕入,34086.0,7287.0,5.0,,27.0,IHSAN                                    
0,共通倉庫,10,4524486093661,21SJ-14K ﾚｻﾞｰｼﾞｬｹｯﾄ BK M 流水雪輪,,,2024-07-13,売上,387890.0,,,1.0,26.0,デグナー京都本店                         
0,共通倉庫,10,4524486093661,21SJ-14K ﾚｻﾞｰｼﾞｬｹｯﾄ BK M 流水雪輪,,,2024-07-19,売上,388333.0,,,1.0,25.0,ﾅｯﾌﾟｽ 東大阪店                           26
0,共通倉庫,10,4524486093661,21SJ-14K ﾚｻﾞｰｼﾞｬｹｯﾄ BK M 流水雪輪,,,2024-08-06,売上,389394.0,,,1.0,24.0,南海部品株式会社                         
0,共通倉庫,10,4524486093661,21SJ-14K ﾚｻﾞｰｼﾞｬｹｯﾄ BK M 流水雪輪,,,2024-08-20,売上,390239.0,,,1.0,23.0,株式会社JTBふるさと開発事業部            
0,共通倉庫,10,4524486093661,21SJ-14K ﾚｻﾞｰｼﾞｬｹｯﾄ BK M 流水雪輪,,,2024-08-23,売上,390372.0,,,1.0,22.0,ﾅｯﾌﾟｽ 松山店                             29
0,共通倉庫,10,4524486093661,21SJ-14K ﾚｻﾞｰｼﾞｬｹｯﾄ BK M 流水雪輪,,,2024-09-12,売上,391471.0,,,1.0,20.0,ﾗｲｺﾗﾝﾄﾞ 水戸店                           2017 株式会社 ｺｼﾀﾞﾃｯｸ
0,共通倉庫,10,4524486093661,21SJ-14K ﾚｻﾞｰｼﾞｬｹｯﾄ BK M 流水雪輪,,,2024-09-13,売上,391548.0,,,1.0,19.0,ﾗｲｺﾗﾝﾄﾞ 大分店                           2030 株式会社 ｺｼﾀﾞﾃｯｸ
0,共通倉庫,10,4524486093661,21SJ-14K ﾚｻﾞｰｼﾞｬｹｯﾄ BK M 流水雪輪,,,2024-10-09,売上,393223.0,,,1.0,18.0,株式会社JTBふるさと開発事業部            
0,共通倉庫,10,4524486093661,21SJ-14K ﾚｻﾞｰｼﾞｬｹｯﾄ BK M 流水雪輪,,,2024-10-28,売上,394688.0,,,1.0,17.0,ﾅｯﾌﾟｽ ﾍﾞｲｻｲﾄﾞ幸浦店                      15
0,共通倉庫,10,4524486093661,21SJ-14K ﾚｻﾞｰｼﾞｬｹｯﾄ BK M 流水雪輪,,,2024-11-08,売上,395480.0,,,1.0,,株式会社JTBふるさと開発事業部            
0,共通倉庫,10,4524486093661,21SJ-14K ﾚｻﾞｰｼﾞｬｹｯﾄ BK M 流水雪輪,,,2024-11-08,売上,395522.0,,,1.0,15.0,ON-OFF Motobike Collections              International Co.
0,共通倉庫,10,4524486093661,21SJ-14K ﾚｻﾞｰｼﾞｬｹｯﾄ BK M 流水雪輪,,,2024-11-13,売上,395867.0,,,1.0,,株式会社JTBふるさと開発事業部            
0,共通倉庫,10,4524486093661,21SJ-14K ﾚｻﾞｰｼﾞｬｹｯﾄ BK M 流水雪輪,,,2024-11-13,売上,395873.0,,,2.0,,Riding My Way Company                    
0,共通倉庫,10,4524486093661,21SJ-14K ﾚｻﾞｰｼﾞｬｹｯﾄ BK M 流水雪輪,,,2024-11-13,売上,397468.0,,,1.0,11.0,株式会社JTBふるさと開発事業部            
0,共通倉庫,10,4524486093661,21SJ-14K ﾚｻﾞｰｼﾞｬｹｯﾄ BK M 流水雪輪,,,2024-11-14,売上,395942.0,,,1.0,10.0,ANSIN MOTO CO.                           
0,共通倉庫,10,4524486093661,21SJ-14K ﾚｻﾞｰｼﾞｬｹｯﾄ BK M 流水雪輪,,,2024-11-15,売上,396026.0,,,1.0,9.0,Zuo-Huang Company                        
0,共通倉庫,10,4524486093661,21SJ-14K ﾚｻﾞｰｼﾞｬｹｯﾄ BK M 流水雪輪,,,2024-11-18,売上,396216.0,,,1.0,8.0,ﾗｲｺﾗﾝﾄﾞ 福岡空港店                       2028 株式会社 ｺｼﾀﾞﾃｯｸ
0,共通倉庫,10,4524486093661,21SJ-14K ﾚｻﾞｰｼﾞｬｹｯﾄ BK M 流水雪輪,,,2024-11-21,仕入,34828.0,7227.0,7.0,,15.0,IHSAN                                    
0,共通倉庫,10,4524486093661,21SJ-14K ﾚｻﾞｰｼﾞｬｹｯﾄ BK M 流水雪輪,,,2024-11-22,売上,396596.0,,,3.0,12.0,株式会社 桜士堂                          
0,共通倉庫,10,4524486093661,21SJ-14K ﾚｻﾞｰｼﾞｬｹｯﾄ BK M 流水雪輪,,,2024-11-23,売上,396603.0,,,1.0,11.0,デグナー京都本店                         
0,共通倉庫,10,4524486093661,21SJ-14K ﾚｻﾞｰｼﾞｬｹｯﾄ BK M 流水雪輪,,,2024-11-25,売上,396719.0,,,1.0,10.0,ﾅｯﾌﾟｽ 練馬店                             6
0,共通倉庫,10,4524486093661,21SJ-14K ﾚｻﾞｰｼﾞｬｹｯﾄ BK M 流水雪輪,,,2024-11-28,売上,397037.0,,,1.0,9.0,株式会社JTBふるさと開発事業部            
0,共通倉庫,10,4524486093661,21SJ-14K ﾚｻﾞｰｼﾞｬｹｯﾄ BK M 流水雪輪,,,2024-12-14,売上,398280.0,,,1.0,8.0,デグナー京都本店                         
0,共通倉庫,10,4524486093661,21SJ-14K ﾚｻﾞｰｼﾞｬｹｯﾄ BK M 流水雪輪,,,2024-12-20,出荷,11441.0,,,-1.0,9.0,棚卸し調整                               
0,共通倉庫,10,4524486093661,21SJ-14K ﾚｻﾞｰｼﾞｬｹｯﾄ BK M 流水雪輪,,,2024-12-25,売上,399109.0,,,1.0,8.0,ﾅｯﾌﾟｽ 東大阪店                           26
0,共通倉庫,10,4524486093661,21SJ-14K ﾚｻﾞｰｼﾞｬｹｯﾄ BK M 流水雪輪,,,2024-12-28,仕入,35008.0,7227.0,4.0,,12.0,IHSAN                                    
0,共通倉庫,10,4524486093661,21SJ-14K ﾚｻﾞｰｼﾞｬｹｯﾄ BK M 流水雪輪,,,2025-01-02,売上,399588.0,,,1.0,11.0,デグナー京都本店                         
0,共通倉庫,10,4524486093661,21SJ-14K ﾚｻﾞｰｼﾞｬｹｯﾄ BK M 流水雪輪,,,2025-01-14,売上,400431.0,,,1.0,10.0,いちげん                                 
0,共通倉庫,10,4524486093661,21SJ-14K ﾚｻﾞｰｼﾞｬｹｯﾄ BK M 流水雪輪,,,2025-01-24,売上,401032.0,,,1.0,9.0,株式会社JTBふるさと開発事業部            
0,共通倉庫,10,4524486093661,21SJ-14K ﾚｻﾞｰｼﾞｬｹｯﾄ BK M 流水雪輪,,,2025-01-29,売上,401240.0,,,1.0,8.0,南海部品株式会社                         
0,共通倉庫,10,4524486093661,21SJ-14K ﾚｻﾞｰｼﾞｬｹｯﾄ BK M 流水雪輪,,,2025-02-07,売上,401781.0,,,1.0,,ANSIN MOTO CO.                           
0,共通倉庫,10,4524486093661,21SJ-14K ﾚｻﾞｰｼﾞｬｹｯﾄ BK M 流水雪輪,,,2025-02-07,売上,401792.0,,,1.0,6.0,株式会社JTBふるさと開発事業部            
0,共通倉庫,10,4524486093661,21SJ-14K ﾚｻﾞｰｼﾞｬｹｯﾄ BK M 流水雪輪,,,2025-02-10,売上,401865.0,,,1.0,5.0,ﾗｲｺﾗﾝﾄﾞ CuBe札幌白石店                   2015 株式会社 ｺｼﾀﾞﾃｯｸ
0,共通倉庫,10,4524486093661,21SJ-14K ﾚｻﾞｰｼﾞｬｹｯﾄ BK M 流水雪輪,,,2025-02-18,売上,402403.0,,,1.0,4.0,FSM TRADING (HK) LIMITED/ Rider Shop HK  
0,共通倉庫,10,4524486093661,21SJ-14K ﾚｻﾞｰｼﾞｬｹｯﾄ BK M 流水雪輪,,,2025-02-24,売上,402656.0,,,1.0,2.0,デグナー京都本店                         
0,共通倉庫,10,4524486093661,21SJ-14K ﾚｻﾞｰｼﾞｬｹｯﾄ BK M 流水雪輪,,,2025-03-01,売上,403009.0,,,1.0,1.0,デグナー京都本店                         
0,共通倉庫,10,4524486093661,21SJ-14K ﾚｻﾞｰｼﾞｬｹｯﾄ BK M 流水雪輪,,,2025-04-05,売上,405841.0,,,1.0,1.0,販売店様ｲﾍﾞﾝﾄ                            
0,共通倉庫,10,4524486093661,21SJ-14K ﾚｻﾞｰｼﾞｬｹｯﾄ BK M 流水雪輪,,,2025-04-25,売上,407448.0,,,1.0,0.0,株式会社JTBふるさと開発事業部            
0,共通倉庫,10,4524486093661,21SJ-14K ﾚｻﾞｰｼﾞｬｹｯﾄ BK M 流水雪輪,,,2025-05-20,仕入,35890.0,6727.0,11.0,,11.0,IHSAN                                    
0,共通倉庫,10,4524486093661,21SJ-14K ﾚｻﾞｰｼﾞｬｹｯﾄ BK M 流水雪輪,,,2025-05-23,売上,409859.0,,,1.0,9.0,株式会社 桜士堂                          
0,共通倉庫,10,4524486093661,21SJ-14K ﾚｻﾞｰｼﾞｬｹｯﾄ BK M 流水雪輪,,,2025-05-28,売上,410238.0,,,1.0,8.0,株式会社JTBふるさと開発事業部            
0,共通倉庫,10,4524486093661,21SJ-14K ﾚｻﾞｰｼﾞｬｹｯﾄ BK M 流水雪輪,,,2025-06-06,売上,410858.0,,,1.0,,南海部品株式会社                         
0,共通倉庫,10,4524486093661,21SJ-14K ﾚｻﾞｰｼﾞｬｹｯﾄ BK M 流水雪輪,,,2025-06-06,売上,410936.0,,,1.0,6.0,FSM TRADING (HK) LIMITED/ Rider Shop HK  
0,共通倉庫,10,4524486093661,21SJ-14K ﾚｻﾞｰｼﾞｬｹｯﾄ BK M 流水雪輪,,,2025-06-09,売上,411086.0,,,1.0,5.0,いちげん                                 
0,共通倉庫,10,4524486093661,21SJ-14K ﾚｻﾞｰｼﾞｬｹｯﾄ BK M 流水雪輪,,,2025-06-13,売上,411459.0,,,1.0,4.0,デグナー京都本店                         
0,共通倉庫,10,4524486093661,21SJ-14K ﾚｻﾞｰｼﾞｬｹｯﾄ BK M 流水雪輪,,,2025-06-18,売上,411835.0,,,1.0,2.0,ﾗｲｺﾗﾝﾄﾞ TokyoBay東雲店                   2003 株式会社 ｺｼﾀﾞﾃｯｸ
0,共通倉庫,10,4524486093661,21SJ-14K ﾚｻﾞｰｼﾞｬｹｯﾄ BK M 流水雪輪,,,2025-06-19,売上,412009.0,,,1.0,1.0,Riderment Company                        
0,共通倉庫,10,4524486093661,21SJ-14K ﾚｻﾞｰｼﾞｬｹｯﾄ BK M 流水雪輪,,,2025-07-15,仕入,36269.0,6880.0,9.0,,,IHSAN                                    
0,共通倉庫,10,4524486093661,21SJ-14K ﾚｻﾞｰｼﾞｬｹｯﾄ BK M 流水雪輪,,,2025-07-15,売上,413981.0,,,1.0,9.0,Riderment Company                        
0,共通倉庫,10,4524486093661,21SJ-14K ﾚｻﾞｰｼﾞｬｹｯﾄ BK M 流水雪輪,,,2025-07-17,売上,414156.0,,,1.0,8.0,ﾗｲｺﾗﾝﾄﾞ TokyoBay東雲店                   2003 株式会社 ｺｼﾀﾞﾃｯｸ
0,共通倉庫,10,4524486093661,21SJ-14K ﾚｻﾞｰｼﾞｬｹｯﾄ BK M 流水雪輪,,,2025-08-13,売上,415983.0,,,1.0,7.0,FSM TRADING (HK) LIMITED/ Rider Shop HK  
0,共通倉庫,10,4524486093661,21SJ-14K ﾚｻﾞｰｼﾞｬｹｯﾄ BK M 流水雪輪,,,2025-08-29,売上,416952.0,,,1.0,6.0,ﾅｯﾌﾟｽ ﾍﾞｲｻｲﾄﾞ幸浦店                      15
0,共通倉庫,10,4524486093661,21SJ-14K ﾚｻﾞｰｼﾞｬｹｯﾄ BK M 流水雪輪,,,2025-09-10,売上,417918.0,,,1.0,5.0,株式会社 ｻｲｸﾙﾜｰﾙﾄﾞ神戸本店               
0,共通倉庫,10,4524486093661,21SJ-14K ﾚｻﾞｰｼﾞｬｹｯﾄ BK M 流水雪輪,,,2025-09-11,売上,418094.0,,,1.0,4.0,ﾅｯﾌﾟｽ 豊橋店                             24
0,共通倉庫,10,4524486093661,21SJ-14K ﾚｻﾞｰｼﾞｬｹｯﾄ BK M 流水雪輪,,,2025-09-22,売上,419036.0,,,1.0,3.0,いちげん                                 
0,共通倉庫,10,4524486093661,21SJ-14K ﾚｻﾞｰｼﾞｬｹｯﾄ BK M 流水雪輪,,,2025-09-30,売上,419777.0,,,1.0,,いちげん                                 
0,共通倉庫,10,4524486093661,21SJ-14K ﾚｻﾞｰｼﾞｬｹｯﾄ BK M 流水雪輪,,,2025-10-02,売上,419989.0,,,1.0,0.0,株式会社JTBふるさと開発事業部            
0,共通倉庫,10,4524486093661,21SJ-14K ﾚｻﾞｰｼﾞｬｹｯﾄ BK M 流水雪輪,,,2025-10-10,売上,420673.0,,,1.0,0.0,南海部品株式会社                         
0,共通倉庫,10,4524486093661,21SJ-14K ﾚｻﾞｰｼﾞｬｹｯﾄ BK M 流水雪輪,,,2025-10-22,仕入,36943.0,7227.0,10.0,,10.0,IHSAN                                    
0,共通倉庫,10,4524486093661,21SJ-14K ﾚｻﾞｰｼﾞｬｹｯﾄ BK M 流水雪輪,,,2025-10-27,売上,421944.0,,,1.0,,ﾅｯﾌﾟｽ 東大阪店                           26
0,共通倉庫,10,4524486093661,21SJ-14K ﾚｻﾞｰｼﾞｬｹｯﾄ BK M 流水雪輪,,,2025-10-27,売上,422074.0,,,1.0,7.0,ﾊﾟｰｸｱｯﾌﾟ株式会社                         
0,共通倉庫,10,4524486093661,21SJ-14K ﾚｻﾞｰｼﾞｬｹｯﾄ BK M 流水雪輪,,,2025-10-30,売上,422260.0,,,1.0,6.0,ﾅｯﾌﾟｽ台湾新北店                          
0,共通倉庫,10,4524486093661,21SJ-14K ﾚｻﾞｰｼﾞｬｹｯﾄ BK M 流水雪輪,,,2025-11-04,売上,422621.0,,,2.0,4.0,株式会社 桜士堂                          
0,共通倉庫,10,4524486093661,21SJ-14K ﾚｻﾞｰｼﾞｬｹｯﾄ BK M 流水雪輪,,,2025-11-12,売上,423420.0,,,1.0,3.0,FSM TRADING (HK) LIMITED/ Rider Shop HK  
0,共通倉庫,10,4524486093661,21SJ-14K ﾚｻﾞｰｼﾞｬｹｯﾄ BK M 流水雪輪,,,2025-11-17,売上,423797.0,,,3.0,0.0,Riding My Way Company                    
0,共通倉庫,10,4524486093661,21SJ-14K ﾚｻﾞｰｼﾞｬｹｯﾄ BK M 流水雪輪,,,2025-12-01,仕入,37151.0,7374.0,6.0,,6.0,IHSAN                                    
0,共通倉庫,10,4524486093661,21SJ-14K ﾚｻﾞｰｼﾞｬｹｯﾄ BK M 流水雪輪,,,2025-12-02,売上,424889.0,,,1.0,,ﾗｲｺﾗﾝﾄﾞ TokyoBay東雲店                   2003 株式会社 ｺｼﾀﾞﾃｯｸ
0,共通倉庫,10,4524486093661,21SJ-14K ﾚｻﾞｰｼﾞｬｹｯﾄ BK M 流水雪輪,,,2025-12-02,売上,424896.0,,,1.0,,ﾗｲｺﾗﾝﾄﾞ 沖縄店                           2071 株式会社 ｺｼﾀﾞﾃｯｸ
0,共通倉庫,10,4524486093661,21SJ-14K ﾚｻﾞｰｼﾞｬｹｯﾄ BK M 流水雪輪,,,2025-12-02,売上,424950.0,,,1.0,3.0,南海部品株式会社                         
0,共通倉庫,10,4524486093661,21SJ-14K ﾚｻﾞｰｼﾞｬｹｯﾄ BK M 流水雪輪,,,2025-12-05,売上,425227.0,,,1.0,2.0,デグナー京都本店                         
0,共通倉庫,10,4524486093661,21SJ-14K ﾚｻﾞｰｼﾞｬｹｯﾄ BK M 流水雪輪,,,2025-12-09,売上,425549.0,,,1.0,1.0,株式会社 桜士堂                          
0,共通倉庫,10,4524486093661,21SJ-14K ﾚｻﾞｰｼﾞｬｹｯﾄ BK M 流水雪輪,,,2025-12-11,売上,425738.0,,,1.0,,ANSIN MOTO CO.                           
0,共通倉庫,10,4524486093661,21SJ-14K ﾚｻﾞｰｼﾞｬｹｯﾄ BK M 流水雪輪,,,2025-12-12,売上,425823.0,,,1.0,0.0,株式会社JTBふるさと開発事業部            
0,共通倉庫,10,4524486093661,21SJ-14K ﾚｻﾞｰｼﾞｬｹｯﾄ BK M 流水雪輪,,,2026-01-28,仕入,37488.0,7424.0,4.0,,,IHSAN                                    
0,共通倉庫,10,4524486093661,21SJ-14K ﾚｻﾞｰｼﾞｬｹｯﾄ BK M 流水雪輪,,,2026-01-28,仕入,37490.0,7424.0,10.0,,14.0,IHSAN                                    
0,共通倉庫,10,4524486093661,21SJ-14K ﾚｻﾞｰｼﾞｬｹｯﾄ BK M 流水雪輪,,,2026-01-30,売上,428818.0,,,1.0,,株式会社 とかげや                        
0,共通倉庫,10,4524486093661,21SJ-14K ﾚｻﾞｰｼﾞｬｹｯﾄ BK M 流水雪輪,,,2026-01-30,売上,428823.0,,,1.0,,ﾊﾟｰｸｱｯﾌﾟ株式会社                         
0,共通倉庫,10,4524486093661,21SJ-14K ﾚｻﾞｰｼﾞｬｹｯﾄ BK M 流水雪輪,,,2026-02-01,売上,428903.0,,,1.0,10.0,デグナー京都本店                         
0,共通倉庫,10,4524486093661,21SJ-14K ﾚｻﾞｰｼﾞｬｹｯﾄ BK M 流水雪輪,,,2026-02-05,売上,429202.0,,,-1.0,11.0,ﾊﾟｰｸｱｯﾌﾟ株式会社                         
0,共通倉庫,10,4524486093661,21SJ-14K ﾚｻﾞｰｼﾞｬｹｯﾄ BK M 流水雪輪,,,2026-02-26,売上,430405.0,,,1.0,9.0,デグナー京都本店                         
0,共通倉庫,10,4524486093661,21SJ-14K ﾚｻﾞｰｼﾞｬｹｯﾄ BK M 流水雪輪,,,2026-03-16,売上,431798.0,,,1.0,7.0,いちげん                                 
0,共通倉庫,10,4524486093661,21SJ-14K ﾚｻﾞｰｼﾞｬｹｯﾄ BK M 流水雪輪,,,2026-03-25,売上,432550.0,,,1.0,6.0,デグナー京都本店                         
0,共通倉庫,10,4524486093661,21SJ-14K ﾚｻﾞｰｼﾞｬｹｯﾄ BK M 流水雪輪,,,2026-03-26,売上,432614.0,,,1.0,5.0,株式会社 桜士堂                          
0,共通倉庫,10,4524486093661,21SJ-14K ﾚｻﾞｰｼﾞｬｹｯﾄ BK M 流水雪輪,,,2026-03-31,仕入,37855.0,7424.0,4.0,,,IHSAN                                    
0,共通倉庫,10,4524486093661,21SJ-14K ﾚｻﾞｰｼﾞｬｹｯﾄ BK M 流水雪輪,,,2026-03-31,売上,433000.0,,,1.0,8.0,ON-OFF Motobike Collections              International Co.
0,共通倉庫,10,4524486093678,21SJ-14K ﾚｻﾞｰｼﾞｬｹｯﾄ BK L 流水雪輪,,,2021-03-03,仕入,25240.0,5276.0,10.0,,10.0,IHSAN                                    
0,共通倉庫,10,4524486093678,21SJ-14K ﾚｻﾞｰｼﾞｬｹｯﾄ BK L 流水雪輪,,,2021-03-10,売上,297836.0,,,1.0,9.0,南海部品 熊谷店                          3005 株式会社 ｺｼﾀﾞﾃｯｸ
0,共通倉庫,10,4524486093678,21SJ-14K ﾚｻﾞｰｼﾞｬｹｯﾄ BK L 流水雪輪,,,2021-03-12,売上,297995.0,,,1.0,8.0,南海部品 小山店                          3003 株式会社 ｺｼﾀﾞﾃｯｸ
0,共通倉庫,10,4524486093678,21SJ-14K ﾚｻﾞｰｼﾞｬｹｯﾄ BK L 流水雪輪,,,2021-03-31,仕入,25458.0,5444.0,8.0,,16.0,IHSAN                                    
0,共通倉庫,10,4524486093678,21SJ-14K ﾚｻﾞｰｼﾞｬｹｯﾄ BK L 流水雪輪,,,2021-04-08,売上,300245.0,,,1.0,15.0,ﾗｲｺﾗﾝﾄﾞ 水戸店                           2017 株式会社 ｺｼﾀﾞﾃｯｸ
0,共通倉庫,10,4524486093678,21SJ-14K ﾚｻﾞｰｼﾞｬｹｯﾄ BK L 流水雪輪,,,2021-04-09,売上,300291.0,,,1.0,14.0,ﾓﾄﾌｨｰﾙﾄﾞﾄﾞｯｶｰｽﾞ東京本店                  株式会社ﾜｰｽﾜｲﾙ
0,共通倉庫,10,4524486093678,21SJ-14K ﾚｻﾞｰｼﾞｬｹｯﾄ BK L 流水雪輪,,,2021-04-12,売上,300496.0,,,1.0,13.0,ﾗｲｺﾗﾝﾄﾞ CuBe札幌白石店                   2015 株式会社 ｺｼﾀﾞﾃｯｸ
0,共通倉庫,10,4524486093678,21SJ-14K ﾚｻﾞｰｼﾞｬｹｯﾄ BK L 流水雪輪,,,2021-04-14,売上,300764.0,,,1.0,12.0,ﾗｲｺﾗﾝﾄﾞ 郡山店                           2008 株式会社 ｺｼﾀﾞﾃｯｸ
0,共通倉庫,10,4524486093678,21SJ-14K ﾚｻﾞｰｼﾞｬｹｯﾄ BK L 流水雪輪,,,2021-05-18,売上,303348.0,,,1.0,,【閉店】ﾘｰｽﾞﾝ株式会社 仙台店             
0,共通倉庫,10,4524486093678,21SJ-14K ﾚｻﾞｰｼﾞｬｹｯﾄ BK L 流水雪輪,,,2021-05-18,売上,303426.0,,,1.0,10.0,いちげん                                 
0,共通倉庫,10,4524486093678,21SJ-14K ﾚｻﾞｰｼﾞｬｹｯﾄ BK L 流水雪輪,,,2021-05-19,売上,303516.0,,,1.0,9.0,いちげん                                 
0,共通倉庫,10,4524486093678,21SJ-14K ﾚｻﾞｰｼﾞｬｹｯﾄ BK L 流水雪輪,,,2021-07-16,売上,307587.0,,,1.0,8.0,株式会社ﾘﾊﾞｰｸﾚｲﾝ                         
0,共通倉庫,10,4524486093678,21SJ-14K ﾚｻﾞｰｼﾞｬｹｯﾄ BK L 流水雪輪,,,2021-08-05,売上,308973.0,,,1.0,7.0,ﾗｲｺﾗﾝﾄﾞ CuBe札幌白石店                   2015 株式会社 ｺｼﾀﾞﾃｯｸ
0,共通倉庫,10,4524486093678,21SJ-14K ﾚｻﾞｰｼﾞｬｹｯﾄ BK L 流水雪輪,,,2021-08-19,売上,309815.0,,,1.0,6.0,株式会社ﾘﾊﾞｰｸﾚｲﾝ                         
0,共通倉庫,10,4524486093678,21SJ-14K ﾚｻﾞｰｼﾞｬｹｯﾄ BK L 流水雪輪,,,2021-09-01,売上,310559.0,,,1.0,5.0,ﾗｲｺﾗﾝﾄﾞ 埼玉店                           1002 株式会社ﾗｲﾀﾞｰｽﾞ・ｻﾎﾟｰﾄ・ｶﾝﾊﾟﾆｰ
0,共通倉庫,10,4524486093678,21SJ-14K ﾚｻﾞｰｼﾞｬｹｯﾄ BK L 流水雪輪,,,2021-09-14,売上,311639.0,,,1.0,4.0,ﾗｲｺﾗﾝﾄﾞ TokyoBay東雲店                   2003 株式会社 ｺｼﾀﾞﾃｯｸ
0,共通倉庫,10,4524486093678,21SJ-14K ﾚｻﾞｰｼﾞｬｹｯﾄ BK L 流水雪輪,,,2021-09-27,売上,312589.0,,,1.0,3.0,いちげん                                 
0,共通倉庫,10,4524486093678,21SJ-14K ﾚｻﾞｰｼﾞｬｹｯﾄ BK L 流水雪輪,,,2021-09-29,売上,312816.0,,,1.0,2.0,ﾗｲｺﾗﾝﾄﾞ 小牧ｲﾝﾀｰ店                       2004 株式会社 ｺｼﾀﾞﾃｯｸ
0,共通倉庫,10,4524486093678,21SJ-14K ﾚｻﾞｰｼﾞｬｹｯﾄ BK L 流水雪輪,,,2021-10-18,売上,314080.0,,,1.0,1.0,232 千葉北2りんかん                      株式会社2りんかんｲｴﾛｰﾊｯﾄ
0,共通倉庫,10,4524486093678,21SJ-14K ﾚｻﾞｰｼﾞｬｹｯﾄ BK L 流水雪輪,,,2021-10-22,売上,314819.0,,,1.0,0.0,Riding My Way Company                    
0,共通倉庫,10,4524486093678,21SJ-14K ﾚｻﾞｰｼﾞｬｹｯﾄ BK L 流水雪輪,,,2022-02-15,仕入,27967.0,5203.0,6.0,,6.0,IHSAN                                    
0,共通倉庫,10,4524486093678,21SJ-14K ﾚｻﾞｰｼﾞｬｹｯﾄ BK L 流水雪輪,,,2022-02-17,売上,324566.0,,,1.0,,南海部品 小山店                          3003 株式会社 ｺｼﾀﾞﾃｯｸ
0,共通倉庫,10,4524486093678,21SJ-14K ﾚｻﾞｰｼﾞｬｹｯﾄ BK L 流水雪輪,,,2022-03-11,売上,326490.0,,,1.0,3.0,ANSIN MOTO CO.                           
0,共通倉庫,10,4524486093678,21SJ-14K ﾚｻﾞｰｼﾞｬｹｯﾄ BK L 流水雪輪,,,2022-03-20,売上,327341.0,,,1.0,2.0,デグナー京都本店                         
0,共通倉庫,10,4524486093678,21SJ-14K ﾚｻﾞｰｼﾞｬｹｯﾄ BK L 流水雪輪,,,2022-04-05,売上,329061.0,,,2.0,,Riding My Way Company                    
0,共通倉庫,10,4524486093678,21SJ-14K ﾚｻﾞｰｼﾞｬｹｯﾄ BK L 流水雪輪,,,2022-04-05,売上,329149.0,,,1.0,0.0,ﾗｲｺﾗﾝﾄﾞ CuBe札幌白石店                   2015 株式会社 ｺｼﾀﾞﾃｯｸ
0,共通倉庫,10,4524486093678,21SJ-14K ﾚｻﾞｰｼﾞｬｹｯﾄ BK L 流水雪輪,,,2022-05-20,仕入,28817.0,5838.0,6.0,,,IHSAN                                    
0,共通倉庫,10,4524486093678,21SJ-14K ﾚｻﾞｰｼﾞｬｹｯﾄ BK L 流水雪輪,,,2022-05-20,仕入,28818.0,5838.0,4.0,,10.0,IHSAN                                    
0,共通倉庫,10,4524486093678,21SJ-14K ﾚｻﾞｰｼﾞｬｹｯﾄ BK L 流水雪輪,,,2022-05-27,売上,334141.0,,,1.0,,南海部品 小山店                          3003 株式会社 ｺｼﾀﾞﾃｯｸ
0,共通倉庫,10,4524486093678,21SJ-14K ﾚｻﾞｰｼﾞｬｹｯﾄ BK L 流水雪輪,,,2022-06-02,売上,334776.0,,,1.0,7.0,デグナー京都本店                         
0,共通倉庫,10,4524486093678,21SJ-14K ﾚｻﾞｰｼﾞｬｹｯﾄ BK L 流水雪輪,,,2022-06-10,売上,335422.0,,,1.0,6.0,ANSIN MOTO CO.                           
0,共通倉庫,10,4524486093678,21SJ-14K ﾚｻﾞｰｼﾞｬｹｯﾄ BK L 流水雪輪,,,2022-07-12,仕入,29217.0,6139.0,7.0,,13.0,IHSAN                                    
0,共通倉庫,10,4524486093678,21SJ-14K ﾚｻﾞｰｼﾞｬｹｯﾄ BK L 流水雪輪,,,2022-09-06,売上,342491.0,,,1.0,12.0,株式会社JTBふるさと開発事業部            
0,共通倉庫,10,4524486093678,21SJ-14K ﾚｻﾞｰｼﾞｬｹｯﾄ BK L 流水雪輪,,,2022-09-08,売上,342708.0,,,1.0,11.0,ﾗｲｺﾗﾝﾄﾞ 水戸店                           2017 株式会社 ｺｼﾀﾞﾃｯｸ
0,共通倉庫,10,4524486093678,21SJ-14K ﾚｻﾞｰｼﾞｬｹｯﾄ BK L 流水雪輪,,,2022-09-09,売上,342832.0,,,1.0,10.0,ﾗｲｺﾗﾝﾄﾞ TokyoBay東雲店                   2003 株式会社 ｺｼﾀﾞﾃｯｸ
0,共通倉庫,10,4524486093678,21SJ-14K ﾚｻﾞｰｼﾞｬｹｯﾄ BK L 流水雪輪,,,2022-09-13,売上,343094.0,,,1.0,9.0,ﾗｲｺﾗﾝﾄﾞ CuBe札幌白石店                   2015 株式会社 ｺｼﾀﾞﾃｯｸ
0,共通倉庫,10,4524486093678,21SJ-14K ﾚｻﾞｰｼﾞｬｹｯﾄ BK L 流水雪輪,,,2022-09-14,仕入,29754.0,6215.0,7.0,,16.0,IHSAN                                    
0,共通倉庫,10,4524486093678,21SJ-14K ﾚｻﾞｰｼﾞｬｹｯﾄ BK L 流水雪輪,,,2022-09-27,売上,344348.0,,,1.0,15.0,株式会社JTBふるさと開発事業部            
0,共通倉庫,10,4524486093678,21SJ-14K ﾚｻﾞｰｼﾞｬｹｯﾄ BK L 流水雪輪,,,2022-10-06,売上,345116.0,,,1.0,14.0,いちげん                                 
0,共通倉庫,10,4524486093678,21SJ-14K ﾚｻﾞｰｼﾞｬｹｯﾄ BK L 流水雪輪,,,2022-10-11,売上,345542.0,,,1.0,13.0,株式会社JTBふるさと開発事業部            
0,共通倉庫,10,4524486093678,21SJ-14K ﾚｻﾞｰｼﾞｬｹｯﾄ BK L 流水雪輪,,,2022-10-12,仕入,30030.0,6516.0,12.0,,25.0,IHSAN                                    
0,共通倉庫,10,4524486093678,21SJ-14K ﾚｻﾞｰｼﾞｬｹｯﾄ BK L 流水雪輪,,,2022-10-17,売上,346074.0,,,1.0,24.0,ﾅｯﾌﾟｽ 埼玉店                             12
0,共通倉庫,10,4524486093678,21SJ-14K ﾚｻﾞｰｼﾞｬｹｯﾄ BK L 流水雪輪,,,2022-10-20,売上,346535.0,,,1.0,23.0,株式会社JTBふるさと開発事業部            
0,共通倉庫,10,4524486093678,21SJ-14K ﾚｻﾞｰｼﾞｬｹｯﾄ BK L 流水雪輪,,,2022-10-21,売上,346611.0,,,4.0,19.0,Riding My Way Company                    
0,共通倉庫,10,4524486093678,21SJ-14K ﾚｻﾞｰｼﾞｬｹｯﾄ BK L 流水雪輪,,,2022-10-26,売上,347044.0,,,1.0,18.0,ANSIN MOTO CO.                           
0,共通倉庫,10,4524486093678,21SJ-14K ﾚｻﾞｰｼﾞｬｹｯﾄ BK L 流水雪輪,,,2022-11-03,売上,347856.0,,,1.0,17.0,デグナー京都本店                         
0,共通倉庫,10,4524486093678,21SJ-14K ﾚｻﾞｰｼﾞｬｹｯﾄ BK L 流水雪輪,,,2022-11-07,売上,348218.0,,,1.0,,いちげん                                 
0,共通倉庫,10,4524486093678,21SJ-14K ﾚｻﾞｰｼﾞｬｹｯﾄ BK L 流水雪輪,,,2022-11-07,売上,348225.0,,,1.0,15.0,ANSIN MOTO CO.                           
0,共通倉庫,10,4524486093678,21SJ-14K ﾚｻﾞｰｼﾞｬｹｯﾄ BK L 流水雪輪,,,2022-11-08,売上,348349.0,,,1.0,,株式会社JTBふるさと開発事業部            
0,共通倉庫,10,4524486093678,21SJ-14K ﾚｻﾞｰｼﾞｬｹｯﾄ BK L 流水雪輪,,,2022-11-08,売上,348353.0,,,1.0,13.0,株式会社JTBふるさと開発事業部            
0,共通倉庫,10,4524486093678,21SJ-14K ﾚｻﾞｰｼﾞｬｹｯﾄ BK L 流水雪輪,,,2022-11-15,売上,348922.0,,,1.0,12.0,株式会社JTBふるさと開発事業部            
0,共通倉庫,10,4524486093678,21SJ-14K ﾚｻﾞｰｼﾞｬｹｯﾄ BK L 流水雪輪,,,2022-11-21,売上,349402.0,,,1.0,11.0,株式会社JTBふるさと開発事業部            
0,共通倉庫,10,4524486093678,21SJ-14K ﾚｻﾞｰｼﾞｬｹｯﾄ BK L 流水雪輪,,,2022-11-22,売上,349446.0,,,1.0,10.0,帝都産業 株式会社                        EC/海外事業部
0,共通倉庫,10,4524486093678,21SJ-14K ﾚｻﾞｰｼﾞｬｹｯﾄ BK L 流水雪輪,,,2022-11-29,売上,349940.0,,,1.0,,株式会社JTBふるさと開発事業部            
0,共通倉庫,10,4524486093678,21SJ-14K ﾚｻﾞｰｼﾞｬｹｯﾄ BK L 流水雪輪,,,2022-11-29,売上,349945.0,,,5.0,4.0,Riding My Way Company                    
0,共通倉庫,10,4524486093678,21SJ-14K ﾚｻﾞｰｼﾞｬｹｯﾄ BK L 流水雪輪,,,2022-12-06,売上,350516.0,,,1.0,3.0,株式会社JTBふるさと開発事業部            
0,共通倉庫,10,4524486093678,21SJ-14K ﾚｻﾞｰｼﾞｬｹｯﾄ BK L 流水雪輪,,,2022-12-19,売上,351421.0,,,1.0,2.0,ﾅｯﾌﾟｽ 仙台泉ｲﾝﾀｰ店                       19
0,共通倉庫,10,4524486093678,21SJ-14K ﾚｻﾞｰｼﾞｬｹｯﾄ BK L 流水雪輪,,,2023-01-11,売上,352629.0,,,1.0,1.0,株式会社JTBふるさと開発事業部            
0,共通倉庫,10,4524486093678,21SJ-14K ﾚｻﾞｰｼﾞｬｹｯﾄ BK L 流水雪輪,,,2023-01-16,仕入,30687.0,6297.0,4.0,,,IHSAN                                    
0,共通倉庫,10,4524486093678,21SJ-14K ﾚｻﾞｰｼﾞｬｹｯﾄ BK L 流水雪輪,,,2023-01-16,売上,352867.0,,,1.0,5.0,株式会社JTBふるさと開発事業部            
0,共通倉庫,10,4524486093678,21SJ-14K ﾚｻﾞｰｼﾞｬｹｯﾄ BK L 流水雪輪,,,2023-01-17,売上,352880.0,,,1.0,4.0,ﾅｯﾌﾟｽ 仙台泉ｲﾝﾀｰ店                       19
0,共通倉庫,10,4524486093678,21SJ-14K ﾚｻﾞｰｼﾞｬｹｯﾄ BK L 流水雪輪,,,2023-01-19,売上,353102.0,,,1.0,,株式会社JTBふるさと開発事業部            
0,共通倉庫,10,4524486093678,21SJ-14K ﾚｻﾞｰｼﾞｬｹｯﾄ BK L 流水雪輪,,,2023-01-19,売上,353104.0,,,1.0,,株式会社JTBふるさと開発事業部            
0,共通倉庫,10,4524486093678,21SJ-14K ﾚｻﾞｰｼﾞｬｹｯﾄ BK L 流水雪輪,,,2023-01-19,売上,353105.0,,,1.0,1.0,株式会社JTBふるさと開発事業部            
0,共通倉庫,10,4524486093678,21SJ-14K ﾚｻﾞｰｼﾞｬｹｯﾄ BK L 流水雪輪,,,2023-02-01,売上,353871.0,,,-1.0,2.0,株式会社JTBふるさと開発事業部            
0,共通倉庫,10,4524486093678,21SJ-14K ﾚｻﾞｰｼﾞｬｹｯﾄ BK L 流水雪輪,,,2023-02-16,仕入,30962.0,5925.0,16.0,,18.0,IHSAN                                    
0,共通倉庫,10,4524486093678,21SJ-14K ﾚｻﾞｰｼﾞｬｹｯﾄ BK L 流水雪輪,,,2023-02-20,売上,355040.0,,,1.0,16.0,ANSIN MOTO CO.                           
0,共通倉庫,10,4524486093678,21SJ-14K ﾚｻﾞｰｼﾞｬｹｯﾄ BK L 流水雪輪,,,2023-03-01,売上,355810.0,,,1.0,15.0,株式会社JTBふるさと開発事業部            
0,共通倉庫,10,4524486093678,21SJ-14K ﾚｻﾞｰｼﾞｬｹｯﾄ BK L 流水雪輪,,,2023-03-10,売上,356503.0,,,1.0,14.0,デグナー京都本店                         
0,共通倉庫,10,4524486093678,21SJ-14K ﾚｻﾞｰｼﾞｬｹｯﾄ BK L 流水雪輪,,,2023-03-22,売上,357324.0,,,1.0,13.0,いちげん                                 
0,共通倉庫,10,4524486093678,21SJ-14K ﾚｻﾞｰｼﾞｬｹｯﾄ BK L 流水雪輪,,,2023-03-28,売上,357875.0,,,1.0,12.0,ﾅｯﾌﾟｽ 仙台泉ｲﾝﾀｰ店                       19
0,共通倉庫,10,4524486093678,21SJ-14K ﾚｻﾞｰｼﾞｬｹｯﾄ BK L 流水雪輪,,,2023-04-13,売上,359183.0,,,1.0,10.0,ﾅｯﾌﾟｽ 仙台泉ｲﾝﾀｰ店                       19
0,共通倉庫,10,4524486093678,21SJ-14K ﾚｻﾞｰｼﾞｬｹｯﾄ BK L 流水雪輪,,,2023-04-14,仕入,31452.0,6085.0,10.0,,20.0,IHSAN                                    
0,共通倉庫,10,4524486093678,21SJ-14K ﾚｻﾞｰｼﾞｬｹｯﾄ BK L 流水雪輪,,,2023-05-01,売上,360496.0,,,1.0,19.0,南海部品 小山店                          3003 株式会社 ｺｼﾀﾞﾃｯｸ
0,共通倉庫,10,4524486093678,21SJ-14K ﾚｻﾞｰｼﾞｬｹｯﾄ BK L 流水雪輪,,,2023-05-02,売上,360651.0,,,1.0,18.0,ﾅｯﾌﾟｽ 仙台泉ｲﾝﾀｰ店                       19
0,共通倉庫,10,4524486093678,21SJ-14K ﾚｻﾞｰｼﾞｬｹｯﾄ BK L 流水雪輪,,,2023-05-09,売上,361130.0,,,1.0,17.0,ﾅｯﾌﾟｽ 埼玉店                             12
0,共通倉庫,10,4524486093678,21SJ-14K ﾚｻﾞｰｼﾞｬｹｯﾄ BK L 流水雪輪,,,2023-05-23,仕入,31733.0,6378.0,5.0,,22.0,IHSAN                                    
0,共通倉庫,10,4524486093678,21SJ-14K ﾚｻﾞｰｼﾞｬｹｯﾄ BK L 流水雪輪,,,2023-06-07,売上,363224.0,,,1.0,,ANSIN MOTO CO.                           
0,共通倉庫,10,4524486093678,21SJ-14K ﾚｻﾞｰｼﾞｬｹｯﾄ BK L 流水雪輪,,,2023-06-07,売上,363233.0,,,1.0,20.0,ANSIN MOTO CO.                           
0,共通倉庫,10,4524486093678,21SJ-14K ﾚｻﾞｰｼﾞｬｹｯﾄ BK L 流水雪輪,,,2023-06-20,仕入,31936.0,6378.0,15.0,,35.0,IHSAN                                    
0,共通倉庫,10,4524486093678,21SJ-14K ﾚｻﾞｰｼﾞｬｹｯﾄ BK L 流水雪輪,,,2023-06-23,売上,364152.0,,,1.0,34.0,株式会社JTBふるさと開発事業部            
0,共通倉庫,10,4524486093678,21SJ-14K ﾚｻﾞｰｼﾞｬｹｯﾄ BK L 流水雪輪,,,2023-07-06,売上,364908.0,,,1.0,33.0,ﾅｯﾌﾟｽ 仙台泉ｲﾝﾀｰ店                       19
0,共通倉庫,10,4524486093678,21SJ-14K ﾚｻﾞｰｼﾞｬｹｯﾄ BK L 流水雪輪,,,2023-08-01,仕入,32238.0,6445.0,10.0,,43.0,IHSAN                                    
0,共通倉庫,10,4524486093678,21SJ-14K ﾚｻﾞｰｼﾞｬｹｯﾄ BK L 流水雪輪,,,2023-08-10,売上,367137.0,,,1.0,42.0,株式会社JTBふるさと開発事業部            
0,共通倉庫,10,4524486093678,21SJ-14K ﾚｻﾞｰｼﾞｬｹｯﾄ BK L 流水雪輪,,,2023-08-31,売上,368153.0,,,1.0,41.0,ﾄﾞﾗｲﾊﾞｰｽﾞ 神栖店                         
0,共通倉庫,10,4524486093678,21SJ-14K ﾚｻﾞｰｼﾞｬｹｯﾄ BK L 流水雪輪,,,2023-09-04,売上,368364.0,,,1.0,40.0,ﾗｲｺﾗﾝﾄﾞ CuBe札幌白石店                   2015 株式会社 ｺｼﾀﾞﾃｯｸ
0,共通倉庫,10,4524486093678,21SJ-14K ﾚｻﾞｰｼﾞｬｹｯﾄ BK L 流水雪輪,,,2023-09-06,売上,368548.0,,,1.0,39.0,ﾅｯﾌﾟｽ 仙台泉ｲﾝﾀｰ店                       19
0,共通倉庫,10,4524486093678,21SJ-14K ﾚｻﾞｰｼﾞｬｹｯﾄ BK L 流水雪輪,,,2023-09-08,売上,368712.0,,,1.0,38.0,株式会社JTBふるさと開発事業部            
0,共通倉庫,10,4524486093678,21SJ-14K ﾚｻﾞｰｼﾞｬｹｯﾄ BK L 流水雪輪,,,2023-09-20,売上,369497.0,,,1.0,37.0,株式会社 ﾊﾞｲｸﾜｰﾙﾄﾞりんくうｼｰｸﾙ店         
0,共通倉庫,10,4524486093678,21SJ-14K ﾚｻﾞｰｼﾞｬｹｯﾄ BK L 流水雪輪,,,2023-09-22,売上,369685.0,,,1.0,36.0,南海部品株式会社                         
0,共通倉庫,10,4524486093678,21SJ-14K ﾚｻﾞｰｼﾞｬｹｯﾄ BK L 流水雪輪,,,2023-10-02,売上,370226.0,,,1.0,,株式会社 ﾊﾞｲｸﾜｰﾙﾄﾞりんくうｼｰｸﾙ店         
0,共通倉庫,10,4524486093678,21SJ-14K ﾚｻﾞｰｼﾞｬｹｯﾄ BK L 流水雪輪,,,2023-10-02,売上,370251.0,,,1.0,34.0,ﾗｲｺﾗﾝﾄﾞ TokyoBay東雲店                   2003 株式会社 ｺｼﾀﾞﾃｯｸ
0,共通倉庫,10,4524486093678,21SJ-14K ﾚｻﾞｰｼﾞｬｹｯﾄ BK L 流水雪輪,,,2023-10-30,売上,372272.0,,,1.0,33.0,いちげん                                 
0,共通倉庫,10,4524486093678,21SJ-14K ﾚｻﾞｰｼﾞｬｹｯﾄ BK L 流水雪輪,,,2023-11-01,仕入,32714.0,6915.0,10.0,,,IHSAN                                    
0,共通倉庫,10,4524486093678,21SJ-14K ﾚｻﾞｰｼﾞｬｹｯﾄ BK L 流水雪輪,,,2023-11-01,仕入,32715.0,6915.0,3.0,,,IHSAN                                    
0,共通倉庫,10,4524486093678,21SJ-14K ﾚｻﾞｰｼﾞｬｹｯﾄ BK L 流水雪輪,,,2023-11-01,売上,372463.0,,,1.0,,株式会社JTBふるさと開発事業部            
0,共通倉庫,10,4524486093678,21SJ-14K ﾚｻﾞｰｼﾞｬｹｯﾄ BK L 流水雪輪,,,2023-11-01,売上,372464.0,,,1.0,44.0,株式会社JTBふるさと開発事業部            
0,共通倉庫,10,4524486093678,21SJ-14K ﾚｻﾞｰｼﾞｬｹｯﾄ BK L 流水雪輪,,,2023-11-02,売上,372561.0,,,3.0,41.0,Riding My Way Company                    
0,共通倉庫,10,4524486093678,21SJ-14K ﾚｻﾞｰｼﾞｬｹｯﾄ BK L 流水雪輪,,,2023-11-07,売上,372830.0,,,1.0,40.0,南海部品株式会社                         
0,共通倉庫,10,4524486093678,21SJ-14K ﾚｻﾞｰｼﾞｬｹｯﾄ BK L 流水雪輪,,,2023-11-16,売上,373392.0,,,1.0,,株式会社 ﾊﾞｲｸﾜｰﾙﾄﾞりんくうｼｰｸﾙ店         
0,共通倉庫,10,4524486093678,21SJ-14K ﾚｻﾞｰｼﾞｬｹｯﾄ BK L 流水雪輪,,,2023-11-16,売上,373452.0,,,1.0,38.0,ANSIN MOTO CO.                           
0,共通倉庫,10,4524486093678,21SJ-14K ﾚｻﾞｰｼﾞｬｹｯﾄ BK L 流水雪輪,,,2023-11-17,売上,373497.0,,,1.0,37.0,ﾅｯﾌﾟｽ 福岡店                             18
0,共通倉庫,10,4524486093678,21SJ-14K ﾚｻﾞｰｼﾞｬｹｯﾄ BK L 流水雪輪,,,2023-11-20,売上,373607.0,,,1.0,36.0,株式会社 ﾊﾞｲｸﾜｰﾙﾄﾞりんくうｼｰｸﾙ店         
0,共通倉庫,10,4524486093678,21SJ-14K ﾚｻﾞｰｼﾞｬｹｯﾄ BK L 流水雪輪,,,2023-11-21,売上,373750.0,,,1.0,35.0,株式会社JTBふるさと開発事業部            
0,共通倉庫,10,4524486093678,21SJ-14K ﾚｻﾞｰｼﾞｬｹｯﾄ BK L 流水雪輪,,,2023-11-26,売上,374055.0,,,2.0,33.0,ANSIN MOTO CO.                           
0,共通倉庫,10,4524486093678,21SJ-14K ﾚｻﾞｰｼﾞｬｹｯﾄ BK L 流水雪輪,,,2023-11-27,売上,374049.0,,,1.0,32.0,いちげん                                 
0,共通倉庫,10,4524486093678,21SJ-14K ﾚｻﾞｰｼﾞｬｹｯﾄ BK L 流水雪輪,,,2023-11-28,売上,374071.0,,,-1.0,33.0,ﾅｯﾌﾟｽ 福岡店                             18
0,共通倉庫,10,4524486093678,21SJ-14K ﾚｻﾞｰｼﾞｬｹｯﾄ BK L 流水雪輪,,,2023-12-08,売上,374733.0,,,1.0,31.0,株式会社ﾘﾊﾞｰｸﾚｲﾝ                         
0,共通倉庫,10,4524486093678,21SJ-14K ﾚｻﾞｰｼﾞｬｹｯﾄ BK L 流水雪輪,,,2023-12-14,売上,375113.0,,,1.0,,ﾄﾞﾗｲﾊﾞｰｽﾞ 神栖店                         
0,共通倉庫,10,4524486093678,21SJ-14K ﾚｻﾞｰｼﾞｬｹｯﾄ BK L 流水雪輪,,,2023-12-14,売上,375126.0,,,1.0,29.0,株式会社JTBふるさと開発事業部            
0,共通倉庫,10,4524486093678,21SJ-14K ﾚｻﾞｰｼﾞｬｹｯﾄ BK L 流水雪輪,,,2023-12-19,仕入,32953.0,6638.0,22.0,,,IHSAN                                    
0,共通倉庫,10,4524486093678,21SJ-14K ﾚｻﾞｰｼﾞｬｹｯﾄ BK L 流水雪輪,,,2023-12-19,売上,375495.0,,,1.0,50.0,Super Speed Supplier                     
0,共通倉庫,10,4524486093678,21SJ-14K ﾚｻﾞｰｼﾞｬｹｯﾄ BK L 流水雪輪,,,2023-12-20,売上,375531.0,,,1.0,49.0,株式会社JTBふるさと開発事業部            
0,共通倉庫,10,4524486093678,21SJ-14K ﾚｻﾞｰｼﾞｬｹｯﾄ BK L 流水雪輪,,,2023-12-28,売上,375971.0,,,1.0,48.0,株式会社JTBふるさと開発事業部            
0,共通倉庫,10,4524486093678,21SJ-14K ﾚｻﾞｰｼﾞｬｹｯﾄ BK L 流水雪輪,,,2024-01-05,売上,376170.0,,,1.0,47.0,南海部品株式会社                         
0,共通倉庫,10,4524486093678,21SJ-14K ﾚｻﾞｰｼﾞｬｹｯﾄ BK L 流水雪輪,,,2024-01-16,売上,376785.0,,,1.0,,株式会社JTBふるさと開発事業部            
0,共通倉庫,10,4524486093678,21SJ-14K ﾚｻﾞｰｼﾞｬｹｯﾄ BK L 流水雪輪,,,2024-01-16,売上,376787.0,,,1.0,,株式会社JTBふるさと開発事業部            
0,共通倉庫,10,4524486093678,21SJ-14K ﾚｻﾞｰｼﾞｬｹｯﾄ BK L 流水雪輪,,,2024-01-16,売上,376790.0,,,1.0,,株式会社JTBふるさと開発事業部            
0,共通倉庫,10,4524486093678,21SJ-14K ﾚｻﾞｰｼﾞｬｹｯﾄ BK L 流水雪輪,,,2024-01-16,売上,376823.0,,,2.0,42.0,Riding My Way Company                    
0,共通倉庫,10,4524486093678,21SJ-14K ﾚｻﾞｰｼﾞｬｹｯﾄ BK L 流水雪輪,,,2024-01-22,売上,377010.0,,,1.0,41.0,南海部品株式会社                         
0,共通倉庫,10,4524486093678,21SJ-14K ﾚｻﾞｰｼﾞｬｹｯﾄ BK L 流水雪輪,,,2024-02-26,売上,378732.0,,,1.0,40.0,南海部品株式会社                         
0,共通倉庫,10,4524486093678,21SJ-14K ﾚｻﾞｰｼﾞｬｹｯﾄ BK L 流水雪輪,,,2024-02-27,売上,378781.0,,,1.0,39.0,ﾅｯﾌﾟｽ 埼玉店                             12
0,共通倉庫,10,4524486093678,21SJ-14K ﾚｻﾞｰｼﾞｬｹｯﾄ BK L 流水雪輪,,,2024-03-01,売上,378922.0,,,1.0,38.0,ﾗｲｺﾗﾝﾄﾞ 柏店                             1001 株式会社ﾗｲﾀﾞｰｽﾞ・ｻﾎﾟｰﾄ・ｶﾝﾊﾟﾆｰ
0,共通倉庫,10,4524486093678,21SJ-14K ﾚｻﾞｰｼﾞｬｹｯﾄ BK L 流水雪輪,,,2024-03-11,売上,379443.0,,,1.0,37.0,南海部品株式会社                         
0,共通倉庫,10,4524486093678,21SJ-14K ﾚｻﾞｰｼﾞｬｹｯﾄ BK L 流水雪輪,,,2024-03-14,売上,379689.0,,,1.0,36.0,いちげん                                 
0,共通倉庫,10,4524486093678,21SJ-14K ﾚｻﾞｰｼﾞｬｹｯﾄ BK L 流水雪輪,,,2024-03-25,売上,380263.0,,,1.0,,ﾅｯﾌﾟｽ 仙台泉ｲﾝﾀｰ店                       19
0,共通倉庫,10,4524486093678,21SJ-14K ﾚｻﾞｰｼﾞｬｹｯﾄ BK L 流水雪輪,,,2024-03-25,売上,380264.0,,,1.0,34.0,株式会社 ﾊﾞｲｸﾜｰﾙﾄﾞりんくうｼｰｸﾙ店         
0,共通倉庫,10,4524486093678,21SJ-14K ﾚｻﾞｰｼﾞｬｹｯﾄ BK L 流水雪輪,,,2024-03-29,売上,380569.0,,,1.0,33.0,南海部品 小山店                          3003 株式会社 ｺｼﾀﾞﾃｯｸ
0,共通倉庫,10,4524486093678,21SJ-14K ﾚｻﾞｰｼﾞｬｹｯﾄ BK L 流水雪輪,,,2024-04-03,仕入,33584.0,6942.0,7.0,,,IHSAN                                    
0,共通倉庫,10,4524486093678,21SJ-14K ﾚｻﾞｰｼﾞｬｹｯﾄ BK L 流水雪輪,,,2024-04-03,売上,380961.0,,,1.0,39.0,ﾗｲｺﾗﾝﾄﾞ CuBe札幌白石店                   2015 株式会社 ｺｼﾀﾞﾃｯｸ
0,共通倉庫,10,4524486093678,21SJ-14K ﾚｻﾞｰｼﾞｬｹｯﾄ BK L 流水雪輪,,,2024-04-18,売上,381978.0,,,1.0,38.0,ﾗｲｺﾗﾝﾄﾞ TokyoBay東雲店                   2003 株式会社 ｺｼﾀﾞﾃｯｸ
0,共通倉庫,10,4524486093678,21SJ-14K ﾚｻﾞｰｼﾞｬｹｯﾄ BK L 流水雪輪,,,2024-05-02,売上,382959.0,,,1.0,37.0,株式会社 ﾊﾞｲｸﾜｰﾙﾄﾞりんくうｼｰｸﾙ店         
0,共通倉庫,10,4524486093678,21SJ-14K ﾚｻﾞｰｼﾞｬｹｯﾄ BK L 流水雪輪,,,2024-05-07,仕入,33746.0,7131.0,2.0,,39.0,IHSAN                                    
0,共通倉庫,10,4524486093678,21SJ-14K ﾚｻﾞｰｼﾞｬｹｯﾄ BK L 流水雪輪,,,2024-05-14,売上,383821.0,,,1.0,38.0,ﾗｲｺﾗﾝﾄﾞ 柏店                             1001 株式会社ﾗｲﾀﾞｰｽﾞ・ｻﾎﾟｰﾄ・ｶﾝﾊﾟﾆｰ
0,共通倉庫,10,4524486093678,21SJ-14K ﾚｻﾞｰｼﾞｬｹｯﾄ BK L 流水雪輪,,,2024-05-22,売上,384383.0,,,1.0,37.0,ﾗｲｺﾗﾝﾄﾞ 新潟店                           2031 株式会社 ｺｼﾀﾞﾃｯｸ
0,共通倉庫,10,4524486093678,21SJ-14K ﾚｻﾞｰｼﾞｬｹｯﾄ BK L 流水雪輪,,,2024-05-23,売上,384436.0,,,1.0,36.0,株式会社 ﾊﾞｲｸﾜｰﾙﾄﾞりんくうｼｰｸﾙ店         
0,共通倉庫,10,4524486093678,21SJ-14K ﾚｻﾞｰｼﾞｬｹｯﾄ BK L 流水雪輪,,,2024-06-14,仕入,33934.0,7182.0,1.0,,,IHSAN                                    
0,共通倉庫,10,4524486093678,21SJ-14K ﾚｻﾞｰｼﾞｬｹｯﾄ BK L 流水雪輪,,,2024-06-14,売上,385923.0,,,1.0,36.0,株式会社JTBふるさと開発事業部            
0,共通倉庫,10,4524486093678,21SJ-14K ﾚｻﾞｰｼﾞｬｹｯﾄ BK L 流水雪輪,,,2024-07-10,仕入,34086.0,7287.0,2.0,,38.0,IHSAN                                    
0,共通倉庫,10,4524486093678,21SJ-14K ﾚｻﾞｰｼﾞｬｹｯﾄ BK L 流水雪輪,,,2024-07-17,売上,388228.0,,,-1.0,39.0,ﾗｲｺﾗﾝﾄﾞ 柏店                             1001 株式会社ﾗｲﾀﾞｰｽﾞ・ｻﾎﾟｰﾄ・ｶﾝﾊﾟﾆｰ
0,共通倉庫,10,4524486093678,21SJ-14K ﾚｻﾞｰｼﾞｬｹｯﾄ BK L 流水雪輪,,,2024-07-19,売上,388311.0,,,1.0,,株式会社 ﾊﾞｲｸﾜｰﾙﾄﾞりんくうｼｰｸﾙ店         
0,共通倉庫,10,4524486093678,21SJ-14K ﾚｻﾞｰｼﾞｬｹｯﾄ BK L 流水雪輪,,,2024-07-19,売上,388333.0,,,1.0,37.0,ﾅｯﾌﾟｽ 東大阪店                           26
0,共通倉庫,10,4524486093678,21SJ-14K ﾚｻﾞｰｼﾞｬｹｯﾄ BK L 流水雪輪,,,2024-08-07,売上,389539.0,,,1.0,36.0,株式会社JTBふるさと開発事業部            
0,共通倉庫,10,4524486093678,21SJ-14K ﾚｻﾞｰｼﾞｬｹｯﾄ BK L 流水雪輪,,,2024-08-09,売上,389687.0,,,1.0,35.0,ﾗｲｺﾗﾝﾄﾞ TokyoBay東雲店                   2003 株式会社 ｺｼﾀﾞﾃｯｸ
0,共通倉庫,10,4524486093678,21SJ-14K ﾚｻﾞｰｼﾞｬｹｯﾄ BK L 流水雪輪,,,2024-08-19,売上,390097.0,,,1.0,34.0,いちげん                                 
0,共通倉庫,10,4524486093678,21SJ-14K ﾚｻﾞｰｼﾞｬｹｯﾄ BK L 流水雪輪,,,2024-09-03,売上,390938.0,,,1.0,32.0,いちげん                                 
0,共通倉庫,10,4524486093678,21SJ-14K ﾚｻﾞｰｼﾞｬｹｯﾄ BK L 流水雪輪,,,2024-09-11,売上,391378.0,,,1.0,31.0,ﾄﾞﾗｲﾊﾞｰｽﾞ 神栖店                         
0,共通倉庫,10,4524486093678,21SJ-14K ﾚｻﾞｰｼﾞｬｹｯﾄ BK L 流水雪輪,,,2024-09-13,売上,391548.0,,,1.0,30.0,ﾗｲｺﾗﾝﾄﾞ 大分店                           2030 株式会社 ｺｼﾀﾞﾃｯｸ
0,共通倉庫,10,4524486093678,21SJ-14K ﾚｻﾞｰｼﾞｬｹｯﾄ BK L 流水雪輪,,,2024-09-18,売上,391839.0,,,1.0,29.0,ﾗｲｺﾗﾝﾄﾞ CuBe札幌白石店                   2015 株式会社 ｺｼﾀﾞﾃｯｸ
0,共通倉庫,10,4524486093678,21SJ-14K ﾚｻﾞｰｼﾞｬｹｯﾄ BK L 流水雪輪,,,2024-09-20,売上,391929.0,,,1.0,28.0,ﾅｯﾌﾟｽ 仙台泉ｲﾝﾀｰ店                       19
0,共通倉庫,10,4524486093678,21SJ-14K ﾚｻﾞｰｼﾞｬｹｯﾄ BK L 流水雪輪,,,2024-09-25,売上,392304.0,,,1.0,27.0,いちげん                                 
0,共通倉庫,10,4524486093678,21SJ-14K ﾚｻﾞｰｼﾞｬｹｯﾄ BK L 流水雪輪,,,2024-09-26,売上,392323.0,,,1.0,26.0,ﾅｯﾌﾟｽ 座間店                             25
0,共通倉庫,10,4524486093678,21SJ-14K ﾚｻﾞｰｼﾞｬｹｯﾄ BK L 流水雪輪,,,2024-10-01,売上,392610.0,,,1.0,25.0,ﾅｯﾌﾟｽ 埼玉店                             12
0,共通倉庫,10,4524486093678,21SJ-14K ﾚｻﾞｰｼﾞｬｹｯﾄ BK L 流水雪輪,,,2024-10-16,売上,393706.0,,,1.0,24.0,南海部品株式会社                         
0,共通倉庫,10,4524486093678,21SJ-14K ﾚｻﾞｰｼﾞｬｹｯﾄ BK L 流水雪輪,,,2024-10-17,売上,393903.0,,,1.0,23.0,ANSIN MOTO CO.                           
0,共通倉庫,10,4524486093678,21SJ-14K ﾚｻﾞｰｼﾞｬｹｯﾄ BK L 流水雪輪,,,2024-11-01,売上,394941.0,,,1.0,22.0,ﾗｲｺﾗﾝﾄﾞ 福岡空港店                       2028 株式会社 ｺｼﾀﾞﾃｯｸ
0,共通倉庫,10,4524486093678,21SJ-14K ﾚｻﾞｰｼﾞｬｹｯﾄ BK L 流水雪輪,,,2024-11-05,売上,395197.0,,,1.0,21.0,いちげん                                 
0,共通倉庫,10,4524486093678,21SJ-14K ﾚｻﾞｰｼﾞｬｹｯﾄ BK L 流水雪輪,,,2024-11-08,売上,395455.0,,,1.0,,ﾗｲｺﾗﾝﾄﾞ 福岡空港店                       2028 株式会社 ｺｼﾀﾞﾃｯｸ
0,共通倉庫,10,4524486093678,21SJ-14K ﾚｻﾞｰｼﾞｬｹｯﾄ BK L 流水雪輪,,,2024-11-08,売上,395522.0,,,1.0,19.0,ON-OFF Motobike Collections              International Co.
0,共通倉庫,10,4524486093678,21SJ-14K ﾚｻﾞｰｼﾞｬｹｯﾄ BK L 流水雪輪,,,2024-11-12,売上,395730.0,,,1.0,18.0,ﾗｲｺﾗﾝﾄﾞ CuBe札幌白石店                   2015 株式会社 ｺｼﾀﾞﾃｯｸ
0,共通倉庫,10,4524486093678,21SJ-14K ﾚｻﾞｰｼﾞｬｹｯﾄ BK L 流水雪輪,,,2024-11-13,売上,395866.0,,,1.0,,株式会社JTBふるさと開発事業部            
0,共通倉庫,10,4524486093678,21SJ-14K ﾚｻﾞｰｼﾞｬｹｯﾄ BK L 流水雪輪,,,2024-11-13,売上,395873.0,,,3.0,14.0,Riding My Way Company                    
0,共通倉庫,10,4524486093678,21SJ-14K ﾚｻﾞｰｼﾞｬｹｯﾄ BK L 流水雪輪,,,2024-11-14,売上,395942.0,,,1.0,13.0,ANSIN MOTO CO.                           
0,共通倉庫,10,4524486093678,21SJ-14K ﾚｻﾞｰｼﾞｬｹｯﾄ BK L 流水雪輪,,,2024-11-18,売上,396216.0,,,1.0,12.0,ﾗｲｺﾗﾝﾄﾞ 福岡空港店                       2028 株式会社 ｺｼﾀﾞﾃｯｸ
0,共通倉庫,10,4524486093678,21SJ-14K ﾚｻﾞｰｼﾞｬｹｯﾄ BK L 流水雪輪,,,2024-11-19,売上,396248.0,,,1.0,,南海部品 鹿児島店                        3013 株式会社 ｺｼﾀﾞﾃｯｸ
0,共通倉庫,10,4524486093678,21SJ-14K ﾚｻﾞｰｼﾞｬｹｯﾄ BK L 流水雪輪,,,2024-11-19,売上,396319.0,,,1.0,10.0,"YOULUN CO.,LTD                           "
0,共通倉庫,10,4524486093678,21SJ-14K ﾚｻﾞｰｼﾞｬｹｯﾄ BK L 流水雪輪,,,2024-11-20,売上,396364.0,,,1.0,9.0,株式会社 とかげや                        
0,共通倉庫,10,4524486093678,21SJ-14K ﾚｻﾞｰｼﾞｬｹｯﾄ BK L 流水雪輪,,,2024-11-21,仕入,34828.0,7227.0,15.0,,24.0,IHSAN                                    
0,共通倉庫,10,4524486093678,21SJ-14K ﾚｻﾞｰｼﾞｬｹｯﾄ BK L 流水雪輪,,,2024-11-22,売上,396596.0,,,3.0,21.0,株式会社 桜士堂                          
0,共通倉庫,10,4524486093678,21SJ-14K ﾚｻﾞｰｼﾞｬｹｯﾄ BK L 流水雪輪,,,2024-11-25,売上,396701.0,,,1.0,,南海部品株式会社                         
0,共通倉庫,10,4524486093678,21SJ-14K ﾚｻﾞｰｼﾞｬｹｯﾄ BK L 流水雪輪,,,2024-11-25,売上,396719.0,,,1.0,19.0,ﾅｯﾌﾟｽ 練馬店                             6
0,共通倉庫,10,4524486093678,21SJ-14K ﾚｻﾞｰｼﾞｬｹｯﾄ BK L 流水雪輪,,,2024-12-02,売上,397204.0,,,1.0,18.0,ﾅｯﾌﾟｽ 埼玉店                             12
0,共通倉庫,10,4524486093678,21SJ-14K ﾚｻﾞｰｼﾞｬｹｯﾄ BK L 流水雪輪,,,2024-12-04,売上,397426.0,,,1.0,17.0,株式会社JTBふるさと開発事業部            
0,共通倉庫,10,4524486093678,21SJ-14K ﾚｻﾞｰｼﾞｬｹｯﾄ BK L 流水雪輪,,,2024-12-06,売上,397610.0,,,1.0,,株式会社JTBふるさと開発事業部            
0,共通倉庫,10,4524486093678,21SJ-14K ﾚｻﾞｰｼﾞｬｹｯﾄ BK L 流水雪輪,,,2024-12-06,売上,397614.0,,,1.0,15.0,株式会社JTBふるさと開発事業部            
0,共通倉庫,10,4524486093678,21SJ-14K ﾚｻﾞｰｼﾞｬｹｯﾄ BK L 流水雪輪,,,2024-12-11,売上,398026.0,,,1.0,14.0,株式会社JTBふるさと開発事業部            
0,共通倉庫,10,4524486093678,21SJ-14K ﾚｻﾞｰｼﾞｬｹｯﾄ BK L 流水雪輪,,,2024-12-12,売上,398086.0,,,1.0,,南海部品 太田店                          3007 株式会社 ｺｼﾀﾞﾃｯｸ
0,共通倉庫,10,4524486093678,21SJ-14K ﾚｻﾞｰｼﾞｬｹｯﾄ BK L 流水雪輪,,,2024-12-12,売上,398116.0,,,1.0,12.0,いちげん                                 
0,共通倉庫,10,4524486093678,21SJ-14K ﾚｻﾞｰｼﾞｬｹｯﾄ BK L 流水雪輪,,,2024-12-13,売上,398182.0,,,1.0,11.0,南海部品株式会社                         
0,共通倉庫,10,4524486093678,21SJ-14K ﾚｻﾞｰｼﾞｬｹｯﾄ BK L 流水雪輪,,,2024-12-14,売上,398282.0,,,1.0,10.0,デグナー京都本店                         
0,共通倉庫,10,4524486093678,21SJ-14K ﾚｻﾞｰｼﾞｬｹｯﾄ BK L 流水雪輪,,,2024-12-19,売上,398753.0,,,1.0,9.0,株式会社JTBふるさと開発事業部            
0,共通倉庫,10,4524486093678,21SJ-14K ﾚｻﾞｰｼﾞｬｹｯﾄ BK L 流水雪輪,,,2024-12-20,出荷,11441.0,,,-1.0,10.0,棚卸し調整                               
0,共通倉庫,10,4524486093678,21SJ-14K ﾚｻﾞｰｼﾞｬｹｯﾄ BK L 流水雪輪,,,2024-12-26,売上,399261.0,,,2.0,8.0,ANSIN MOTO CO.                           
0,共通倉庫,10,4524486093678,21SJ-14K ﾚｻﾞｰｼﾞｬｹｯﾄ BK L 流水雪輪,,,2024-12-27,売上,399411.0,,,1.0,,株式会社JTBふるさと開発事業部            
0,共通倉庫,10,4524486093678,21SJ-14K ﾚｻﾞｰｼﾞｬｹｯﾄ BK L 流水雪輪,,,2024-12-27,売上,399429.0,,,1.0,6.0,株式会社 桜士堂                          
0,共通倉庫,10,4524486093678,21SJ-14K ﾚｻﾞｰｼﾞｬｹｯﾄ BK L 流水雪輪,,,2024-12-29,売上,399473.0,,,1.0,5.0,デグナー京都本店                         
0,共通倉庫,10,4524486093678,21SJ-14K ﾚｻﾞｰｼﾞｬｹｯﾄ BK L 流水雪輪,,,2025-01-06,売上,399844.0,,,1.0,4.0,南海部品株式会社                         
0,共通倉庫,10,4524486093678,21SJ-14K ﾚｻﾞｰｼﾞｬｹｯﾄ BK L 流水雪輪,,,2025-01-16,売上,400534.0,,,1.0,3.0,株式会社JTBふるさと開発事業部            
0,共通倉庫,10,4524486093678,21SJ-14K ﾚｻﾞｰｼﾞｬｹｯﾄ BK L 流水雪輪,,,2025-01-17,売上,400700.0,,,-1.0,4.0,ﾅｯﾌﾟｽ 座間店                             25
0,共通倉庫,10,4524486093678,21SJ-14K ﾚｻﾞｰｼﾞｬｹｯﾄ BK L 流水雪輪,,,2025-01-23,売上,401004.0,,,1.0,,株式会社JTBふるさと開発事業部            
0,共通倉庫,10,4524486093678,21SJ-14K ﾚｻﾞｰｼﾞｬｹｯﾄ BK L 流水雪輪,,,2025-01-23,売上,401006.0,,,1.0,2.0,株式会社JTBふるさと開発事業部            
0,共通倉庫,10,4524486093678,21SJ-14K ﾚｻﾞｰｼﾞｬｹｯﾄ BK L 流水雪輪,,,2025-01-24,売上,401035.0,,,1.0,1.0,株式会社JTBふるさと開発事業部            
0,共通倉庫,10,4524486093678,21SJ-14K ﾚｻﾞｰｼﾞｬｹｯﾄ BK L 流水雪輪,,,2025-02-05,仕入,35145.0,7213.0,1.0,,3.0,IHSAN                                    
0,共通倉庫,10,4524486093678,21SJ-14K ﾚｻﾞｰｼﾞｬｹｯﾄ BK L 流水雪輪,,,2025-02-06,売上,401688.0,,,1.0,2.0,南海部品 鹿児島店                        3013 株式会社 ｺｼﾀﾞﾃｯｸ
0,共通倉庫,10,4524486093678,21SJ-14K ﾚｻﾞｰｼﾞｬｹｯﾄ BK L 流水雪輪,,,2025-02-21,売上,402543.0,,,1.0,1.0,株式会社 ｶﾑｲｵｰﾄ高森店                    
0,共通倉庫,10,4524486093678,21SJ-14K ﾚｻﾞｰｼﾞｬｹｯﾄ BK L 流水雪輪,,,2025-03-24,仕入,35460.0,6899.0,8.0,,9.0,IHSAN                                    
0,共通倉庫,10,4524486093678,21SJ-14K ﾚｻﾞｰｼﾞｬｹｯﾄ BK L 流水雪輪,,,2025-03-26,売上,404864.0,,,1.0,,南海部品株式会社                         
0,共通倉庫,10,4524486093678,21SJ-14K ﾚｻﾞｰｼﾞｬｹｯﾄ BK L 流水雪輪,,,2025-03-26,売上,404872.0,,,1.0,7.0,ﾗｲｺﾗﾝﾄﾞ TokyoBay東雲店                   2003 株式会社 ｺｼﾀﾞﾃｯｸ
0,共通倉庫,10,4524486093678,21SJ-14K ﾚｻﾞｰｼﾞｬｹｯﾄ BK L 流水雪輪,,,2025-03-27,売上,405012.0,,,1.0,,株式会社 桜士堂                          
0,共通倉庫,10,4524486093678,21SJ-14K ﾚｻﾞｰｼﾞｬｹｯﾄ BK L 流水雪輪,,,2025-03-27,売上,405012.0,,,2.0,4.0,株式会社 桜士堂                          
0,共通倉庫,10,4524486093678,21SJ-14K ﾚｻﾞｰｼﾞｬｹｯﾄ BK L 流水雪輪,,,2025-04-09,売上,406194.0,,,3.0,1.0,Riding My Way Company                    
0,共通倉庫,10,4524486093678,21SJ-14K ﾚｻﾞｰｼﾞｬｹｯﾄ BK L 流水雪輪,,,2025-05-02,売上,408142.0,,,1.0,0.0,デグナー京都本店                         
0,共通倉庫,10,4524486093678,21SJ-14K ﾚｻﾞｰｼﾞｬｹｯﾄ BK L 流水雪輪,,,2025-05-20,仕入,35890.0,6727.0,13.0,,13.0,IHSAN                                    
0,共通倉庫,10,4524486093678,21SJ-14K ﾚｻﾞｰｼﾞｬｹｯﾄ BK L 流水雪輪,,,2025-05-22,売上,409720.0,,,1.0,,ﾅｯﾌﾟｽ 仙台泉ｲﾝﾀｰ店                       19
0,共通倉庫,10,4524486093678,21SJ-14K ﾚｻﾞｰｼﾞｬｹｯﾄ BK L 流水雪輪,,,2025-05-22,売上,409721.0,,,1.0,,株式会社 ﾊﾞｲｸﾜｰﾙﾄﾞりんくうｼｰｸﾙ店         
0,共通倉庫,10,4524486093678,21SJ-14K ﾚｻﾞｰｼﾞｬｹｯﾄ BK L 流水雪輪,,,2025-05-22,売上,409727.0,,,1.0,,南海部品 宇都宮店                        3006 株式会社 ｺｼﾀﾞﾃｯｸ
0,共通倉庫,10,4524486093678,21SJ-14K ﾚｻﾞｰｼﾞｬｹｯﾄ BK L 流水雪輪,,,2025-05-22,売上,409733.0,,,1.0,,ﾗｲｺﾗﾝﾄﾞ TokyoBay東雲店                   2003 株式会社 ｺｼﾀﾞﾃｯｸ
0,共通倉庫,10,4524486093678,21SJ-14K ﾚｻﾞｰｼﾞｬｹｯﾄ BK L 流水雪輪,,,2025-05-23,売上,409859.0,,,2.0,,株式会社 桜士堂                          
0,共通倉庫,10,4524486093678,21SJ-14K ﾚｻﾞｰｼﾞｬｹｯﾄ BK L 流水雪輪,,,2025-05-23,売上,409869.0,,,1.0,,株式会社JTBふるさと開発事業部            
0,共通倉庫,10,4524486093678,21SJ-14K ﾚｻﾞｰｼﾞｬｹｯﾄ BK L 流水雪輪,,,2025-05-23,売上,409870.0,,,1.0,4.0,いちげん                                 
0,共通倉庫,10,4524486093678,21SJ-14K ﾚｻﾞｰｼﾞｬｹｯﾄ BK L 流水雪輪,,,2025-06-06,売上,410936.0,,,1.0,3.0,FSM TRADING (HK) LIMITED/ Rider Shop HK  
0,共通倉庫,10,4524486093678,21SJ-14K ﾚｻﾞｰｼﾞｬｹｯﾄ BK L 流水雪輪,,,2025-06-10,売上,411204.0,,,1.0,2.0,ANSIN MOTO CO.                           
0,共通倉庫,10,4524486093678,21SJ-14K ﾚｻﾞｰｼﾞｬｹｯﾄ BK L 流水雪輪,,,2025-06-19,売上,411839.0,,,1.0,1.0,株式会社 ﾊﾞｲｸﾜｰﾙﾄﾞりんくうｼｰｸﾙ店         
0,共通倉庫,10,4524486093678,21SJ-14K ﾚｻﾞｰｼﾞｬｹｯﾄ BK L 流水雪輪,,,2025-07-01,売上,412749.0,,,-1.0,2.0,株式会社JTBふるさと開発事業部            
0,共通倉庫,10,4524486093678,21SJ-14K ﾚｻﾞｰｼﾞｬｹｯﾄ BK L 流水雪輪,,,2025-07-08,売上,413338.0,,,1.0,,522 金沢2りんかん                        株式会社2りんかんｲｴﾛｰﾊｯﾄ
0,共通倉庫,10,4524486093678,21SJ-14K ﾚｻﾞｰｼﾞｬｹｯﾄ BK L 流水雪輪,,,2025-07-08,売上,413364.0,,,1.0,1.0,ﾊﾟｰｸｱｯﾌﾟ株式会社                         
0,共通倉庫,10,4524486093678,21SJ-14K ﾚｻﾞｰｼﾞｬｹｯﾄ BK L 流水雪輪,,,2025-07-15,仕入,36269.0,6880.0,8.0,,9.0,IHSAN                                    
0,共通倉庫,10,4524486093678,21SJ-14K ﾚｻﾞｰｼﾞｬｹｯﾄ BK L 流水雪輪,,,2025-08-01,売上,415209.0,,,1.0,7.0,株式会社 ﾊﾞｲｸﾜｰﾙﾄﾞ 土山店                
0,共通倉庫,10,4524486093678,21SJ-14K ﾚｻﾞｰｼﾞｬｹｯﾄ BK L 流水雪輪,,,2025-08-04,売上,415347.0,,,1.0,6.0,361 札幌2りんかん                        株式会社2りんかんｲｴﾛｰﾊｯﾄ
0,共通倉庫,10,4524486093678,21SJ-14K ﾚｻﾞｰｼﾞｬｹｯﾄ BK L 流水雪輪,,,2025-08-07,売上,415664.0,,,1.0,5.0,352 新潟2りんかん                        株式会社2りんかんｲｴﾛｰﾊｯﾄ
0,共通倉庫,10,4524486093678,21SJ-14K ﾚｻﾞｰｼﾞｬｹｯﾄ BK L 流水雪輪,,,2025-08-08,売上,415750.0,,,1.0,4.0,ANSIN MOTO CO.                           
0,共通倉庫,10,4524486093678,21SJ-14K ﾚｻﾞｰｼﾞｬｹｯﾄ BK L 流水雪輪,,,2025-08-16,売上,416150.0,,,1.0,3.0,いちげん                                 
0,共通倉庫,10,4524486093678,21SJ-14K ﾚｻﾞｰｼﾞｬｹｯﾄ BK L 流水雪輪,,,2025-08-26,仕入,36608.0,6990.0,9.0,,12.0,IHSAN                                    
0,共通倉庫,10,4524486093678,21SJ-14K ﾚｻﾞｰｼﾞｬｹｯﾄ BK L 流水雪輪,,,2025-09-01,売上,417071.0,,,1.0,,722 福岡2りんかん                        株式会社2りんかんｲｴﾛｰﾊｯﾄ
0,共通倉庫,10,4524486093678,21SJ-14K ﾚｻﾞｰｼﾞｬｹｯﾄ BK L 流水雪輪,,,2025-09-01,売上,417125.0,,,1.0,10.0,ﾅｯﾌﾟｽ 一宮店                             32
0,共通倉庫,10,4524486093678,21SJ-14K ﾚｻﾞｰｼﾞｬｹｯﾄ BK L 流水雪輪,,,2025-09-06,売上,417543.0,,,1.0,9.0,デグナー京都本店                         
0,共通倉庫,10,4524486093678,21SJ-14K ﾚｻﾞｰｼﾞｬｹｯﾄ BK L 流水雪輪,,,2025-09-12,売上,418195.0,,,1.0,,ﾗｲｺﾗﾝﾄﾞ TokyoBay東雲店                   2003 株式会社 ｺｼﾀﾞﾃｯｸ
0,共通倉庫,10,4524486093678,21SJ-14K ﾚｻﾞｰｼﾞｬｹｯﾄ BK L 流水雪輪,,,2025-09-12,売上,418209.0,,,1.0,7.0,株式会社JTBふるさと開発事業部            
0,共通倉庫,10,4524486093678,21SJ-14K ﾚｻﾞｰｼﾞｬｹｯﾄ BK L 流水雪輪,,,2025-09-16,売上,418439.0,,,1.0,6.0,いちげん                                 
0,共通倉庫,10,4524486093678,21SJ-14K ﾚｻﾞｰｼﾞｬｹｯﾄ BK L 流水雪輪,,,2025-09-23,売上,419196.0,,,1.0,5.0,販売店様ｲﾍﾞﾝﾄ                            
0,共通倉庫,10,4524486093678,21SJ-14K ﾚｻﾞｰｼﾞｬｹｯﾄ BK L 流水雪輪,,,2025-09-25,売上,419301.0,,,1.0,4.0,ﾅｯﾌﾟｽ 仙台泉ｲﾝﾀｰ店                       19
0,共通倉庫,10,4524486093678,21SJ-14K ﾚｻﾞｰｼﾞｬｹｯﾄ BK L 流水雪輪,,,2025-09-29,売上,419629.0,,,1.0,3.0,南海部品株式会社                         
0,共通倉庫,10,4524486093678,21SJ-14K ﾚｻﾞｰｼﾞｬｹｯﾄ BK L 流水雪輪,,,2025-09-30,売上,419730.0,,,1.0,2.0,株式会社JTBふるさと開発事業部            
0,共通倉庫,10,4524486093678,21SJ-14K ﾚｻﾞｰｼﾞｬｹｯﾄ BK L 流水雪輪,,,2025-10-07,売上,420406.0,,,1.0,1.0,南海部品株式会社                         
0,共通倉庫,10,4524486093678,21SJ-14K ﾚｻﾞｰｼﾞｬｹｯﾄ BK L 流水雪輪,,,2025-10-15,売上,421063.0,,,1.0,0.0,株式会社JTBふるさと開発事業部            
0,共通倉庫,10,4524486093678,21SJ-14K ﾚｻﾞｰｼﾞｬｹｯﾄ BK L 流水雪輪,,,2025-10-22,仕入,36943.0,7227.0,20.0,,20.0,IHSAN                                    
0,共通倉庫,10,4524486093678,21SJ-14K ﾚｻﾞｰｼﾞｬｹｯﾄ BK L 流水雪輪,,,2025-10-27,売上,421944.0,,,1.0,,ﾅｯﾌﾟｽ 東大阪店                           26
0,共通倉庫,10,4524486093678,21SJ-14K ﾚｻﾞｰｼﾞｬｹｯﾄ BK L 流水雪輪,,,2025-10-27,売上,422020.0,,,1.0,18.0,いちげん                                 
0,共通倉庫,10,4524486093678,21SJ-14K ﾚｻﾞｰｼﾞｬｹｯﾄ BK L 流水雪輪,,,2025-11-04,売上,422557.0,,,1.0,,ﾗｲｺﾗﾝﾄﾞ 富士店                           2018 株式会社 ｺｼﾀﾞﾃｯｸ
0,共通倉庫,10,4524486093678,21SJ-14K ﾚｻﾞｰｼﾞｬｹｯﾄ BK L 流水雪輪,,,2025-11-04,売上,422566.0,,,1.0,,南海部品株式会社                         
0,共通倉庫,10,4524486093678,21SJ-14K ﾚｻﾞｰｼﾞｬｹｯﾄ BK L 流水雪輪,,,2025-11-04,売上,422616.0,,,1.0,,いちげん                                 
0,共通倉庫,10,4524486093678,21SJ-14K ﾚｻﾞｰｼﾞｬｹｯﾄ BK L 流水雪輪,,,2025-11-04,売上,422621.0,,,3.0,12.0,株式会社 桜士堂                          
0,共通倉庫,10,4524486093678,21SJ-14K ﾚｻﾞｰｼﾞｬｹｯﾄ BK L 流水雪輪,,,2025-11-06,売上,422903.0,,,1.0,11.0,361 札幌2りんかん                        株式会社2りんかんｲｴﾛｰﾊｯﾄ
0,共通倉庫,10,4524486093678,21SJ-14K ﾚｻﾞｰｼﾞｬｹｯﾄ BK L 流水雪輪,,,2025-11-12,売上,423395.0,,,1.0,10.0,ﾗｲｺﾗﾝﾄﾞ 沖縄店                           2071 株式会社 ｺｼﾀﾞﾃｯｸ
0,共通倉庫,10,4524486093678,21SJ-14K ﾚｻﾞｰｼﾞｬｹｯﾄ BK L 流水雪輪,,,2025-11-20,売上,423967.0,,,1.0,9.0,522 金沢2りんかん                        株式会社2りんかんｲｴﾛｰﾊｯﾄ
0,共通倉庫,10,4524486093678,21SJ-14K ﾚｻﾞｰｼﾞｬｹｯﾄ BK L 流水雪輪,,,2025-11-21,売上,424107.0,,,1.0,8.0,258 和光2りんかん                        株式会社2りんかんｲｴﾛｰﾊｯﾄ
0,共通倉庫,10,4524486093678,21SJ-14K ﾚｻﾞｰｼﾞｬｹｯﾄ BK L 流水雪輪,,,2025-11-27,売上,424554.0,,,1.0,,ﾗｲｺﾗﾝﾄﾞ 小倉店                           2091 株式会社 ｺｼﾀﾞﾃｯｸ
0,共通倉庫,10,4524486093678,21SJ-14K ﾚｻﾞｰｼﾞｬｹｯﾄ BK L 流水雪輪,,,2025-11-27,売上,424614.0,,,1.0,6.0,南海部品株式会社                         
0,共通倉庫,10,4524486093678,21SJ-14K ﾚｻﾞｰｼﾞｬｹｯﾄ BK L 流水雪輪,,,2025-12-01,仕入,37150.0,7426.0,20.0,,26.0,IHSAN                                    
0,共通倉庫,10,4524486093678,21SJ-14K ﾚｻﾞｰｼﾞｬｹｯﾄ BK L 流水雪輪,,,2025-12-09,売上,425549.0,,,2.0,24.0,株式会社 桜士堂                          
0,共通倉庫,10,4524486093678,21SJ-14K ﾚｻﾞｰｼﾞｬｹｯﾄ BK L 流水雪輪,,,2025-12-11,売上,425738.0,,,1.0,23.0,ANSIN MOTO CO.                           
0,共通倉庫,10,4524486093678,21SJ-14K ﾚｻﾞｰｼﾞｬｹｯﾄ BK L 流水雪輪,,,2025-12-19,売上,426456.0,,,1.0,22.0,デグナー京都本店                         
0,共通倉庫,10,4524486093678,21SJ-14K ﾚｻﾞｰｼﾞｬｹｯﾄ BK L 流水雪輪,,,2025-12-29,売上,426924.0,,,1.0,,南海部品株式会社                         
0,共通倉庫,10,4524486093678,21SJ-14K ﾚｻﾞｰｼﾞｬｹｯﾄ BK L 流水雪輪,,,2025-12-29,売上,426977.0,,,1.0,,ON-OFF Motobike Collections              International Co.
0,共通倉庫,10,4524486093678,21SJ-14K ﾚｻﾞｰｼﾞｬｹｯﾄ BK L 流水雪輪,,,2025-12-29,売上,427035.0,,,1.0,19.0,株式会社JTBふるさと開発事業部            
0,共通倉庫,10,4524486093678,21SJ-14K ﾚｻﾞｰｼﾞｬｹｯﾄ BK L 流水雪輪,,,2026-01-14,売上,427962.0,,,1.0,18.0,ﾗｲｺﾗﾝﾄﾞ 沖縄店                           2071 株式会社 ｺｼﾀﾞﾃｯｸ
0,共通倉庫,10,4524486093678,21SJ-14K ﾚｻﾞｰｼﾞｬｹｯﾄ BK L 流水雪輪,,,2026-01-16,売上,428074.0,,,1.0,17.0,いちげん                                 
0,共通倉庫,10,4524486093678,21SJ-14K ﾚｻﾞｰｼﾞｬｹｯﾄ BK L 流水雪輪,,,2026-01-19,売上,428240.0,,,1.0,16.0,FSM TRADING (HK) LIMITED/ Rider Shop HK  
0,共通倉庫,10,4524486093678,21SJ-14K ﾚｻﾞｰｼﾞｬｹｯﾄ BK L 流水雪輪,,,2026-01-22,売上,428431.0,,,2.0,14.0,ON-OFF Motobike Collections              International Co.
0,共通倉庫,10,4524486093678,21SJ-14K ﾚｻﾞｰｼﾞｬｹｯﾄ BK L 流水雪輪,,,2026-02-02,売上,428946.0,,,1.0,13.0,ﾊﾟｰｸｱｯﾌﾟ株式会社                         
0,共通倉庫,10,4524486093678,21SJ-14K ﾚｻﾞｰｼﾞｬｹｯﾄ BK L 流水雪輪,,,2026-02-06,売上,429302.0,,,1.0,,いちげん                                 
0,共通倉庫,10,4524486093678,21SJ-14K ﾚｻﾞｰｼﾞｬｹｯﾄ BK L 流水雪輪,,,2026-02-06,売上,429326.0,,,1.0,11.0,デグナー京都本店                         
0,共通倉庫,10,4524486093678,21SJ-14K ﾚｻﾞｰｼﾞｬｹｯﾄ BK L 流水雪輪,,,2026-02-10,売上,429509.0,,,1.0,10.0,FSM TRADING (HK) LIMITED/ Rider Shop HK  
0,共通倉庫,10,4524486093678,21SJ-14K ﾚｻﾞｰｼﾞｬｹｯﾄ BK L 流水雪輪,,,2026-02-16,売上,429739.0,,,1.0,9.0,南海部品株式会社                         
0,共通倉庫,10,4524486093678,21SJ-14K ﾚｻﾞｰｼﾞｬｹｯﾄ BK L 流水雪輪,,,2026-02-20,売上,430027.0,,,1.0,8.0,260 花園2りんかん                        株式会社2りんかんｲｴﾛｰﾊｯﾄ
0,共通倉庫,10,4524486093678,21SJ-14K ﾚｻﾞｰｼﾞｬｹｯﾄ BK L 流水雪輪,,,2026-02-22,売上,430102.0,,,1.0,7.0,デグナー京都本店                         
0,共通倉庫,10,4524486093678,21SJ-14K ﾚｻﾞｰｼﾞｬｹｯﾄ BK L 流水雪輪,,,2026-02-24,売上,430262.0,,,1.0,6.0,南海部品株式会社                         
0,共通倉庫,10,4524486093678,21SJ-14K ﾚｻﾞｰｼﾞｬｹｯﾄ BK L 流水雪輪,,,2026-02-26,売上,430399.0,,,1.0,5.0,NK Des!gn                                
0,共通倉庫,10,4524486093678,21SJ-14K ﾚｻﾞｰｼﾞｬｹｯﾄ BK L 流水雪輪,,,2026-03-02,売上,430666.0,,,1.0,4.0,いちげん                                 
0,共通倉庫,10,4524486093678,21SJ-14K ﾚｻﾞｰｼﾞｬｹｯﾄ BK L 流水雪輪,,,2026-03-09,売上,431148.0,,,1.0,,いちげん                                 
0,共通倉庫,10,4524486093678,21SJ-14K ﾚｻﾞｰｼﾞｬｹｯﾄ BK L 流水雪輪,,,2026-03-09,売上,431179.0,,,1.0,2.0,いちげん                                 
0,共通倉庫,10,4524486093678,21SJ-14K ﾚｻﾞｰｼﾞｬｹｯﾄ BK L 流水雪輪,,,2026-03-10,売上,431323.0,,,1.0,1.0,361 札幌2りんかん                        株式会社2りんかんｲｴﾛｰﾊｯﾄ
0,共通倉庫,10,4524486093678,21SJ-14K ﾚｻﾞｰｼﾞｬｹｯﾄ BK L 流水雪輪,,,2026-03-23,売上,432389.0,,,1.0,0.0,ﾊﾟｰｸｱｯﾌﾟ株式会社                         
0,共通倉庫,10,4524486093678,21SJ-14K ﾚｻﾞｰｼﾞｬｹｯﾄ BK L 流水雪輪,,,2026-03-31,仕入,37847.0,7213.0,4.0,,,IHSAN                                    
0,共通倉庫,10,4524486093678,21SJ-14K ﾚｻﾞｰｼﾞｬｹｯﾄ BK L 流水雪輪,,,2026-03-31,仕入,37852.0,7426.0,3.0,,7.0,IHSAN                                    
0,共通倉庫,10,4524486093678,21SJ-14K ﾚｻﾞｰｼﾞｬｹｯﾄ BK L 流水雪輪,,,2026-04-02,売上,433153.0,,,2.0,,株式会社 桜士堂                          
0,共通倉庫,10,4524486093678,21SJ-14K ﾚｻﾞｰｼﾞｬｹｯﾄ BK L 流水雪輪,,,2026-04-02,売上,433162.0,,,1.0,,260 花園2りんかん                        株式会社2りんかんｲｴﾛｰﾊｯﾄ
0,共通倉庫,10,4524486093678,21SJ-14K ﾚｻﾞｰｼﾞｬｹｯﾄ BK L 流水雪輪,,,2026-04-02,売上,433164.0,,,1.0,3.0,522 金沢2りんかん                        株式会社2りんかんｲｴﾛｰﾊｯﾄ
0,共通倉庫,10,4524486093685,21SJ-14K ﾚｻﾞｰｼﾞｬｹｯﾄ BK XL 流水雪輪,,,2021-03-03,仕入,25240.0,5276.0,10.0,,10.0,IHSAN                                    
0,共通倉庫,10,4524486093685,21SJ-14K ﾚｻﾞｰｼﾞｬｹｯﾄ BK XL 流水雪輪,,,2021-03-26,売上,299174.0,,,1.0,9.0,ﾓﾄﾌｨｰﾙﾄﾞﾄﾞｯｶｰｽﾞ東京本店                  株式会社ﾜｰｽﾜｲﾙ
0,共通倉庫,10,4524486093685,21SJ-14K ﾚｻﾞｰｼﾞｬｹｯﾄ BK XL 流水雪輪,,,2021-03-31,仕入,25458.0,5444.0,5.0,,14.0,IHSAN                                    
0,共通倉庫,10,4524486093685,21SJ-14K ﾚｻﾞｰｼﾞｬｹｯﾄ BK XL 流水雪輪,,,2021-04-08,売上,300245.0,,,1.0,13.0,ﾗｲｺﾗﾝﾄﾞ 水戸店                           2017 株式会社 ｺｼﾀﾞﾃｯｸ
0,共通倉庫,10,4524486093685,21SJ-14K ﾚｻﾞｰｼﾞｬｹｯﾄ BK XL 流水雪輪,,,2021-04-12,売上,300496.0,,,1.0,12.0,ﾗｲｺﾗﾝﾄﾞ CuBe札幌白石店                   2015 株式会社 ｺｼﾀﾞﾃｯｸ
0,共通倉庫,10,4524486093685,21SJ-14K ﾚｻﾞｰｼﾞｬｹｯﾄ BK XL 流水雪輪,,,2021-04-14,売上,300764.0,,,1.0,11.0,ﾗｲｺﾗﾝﾄﾞ 郡山店                           2008 株式会社 ｺｼﾀﾞﾃｯｸ
0,共通倉庫,10,4524486093685,21SJ-14K ﾚｻﾞｰｼﾞｬｹｯﾄ BK XL 流水雪輪,,,2021-04-20,出荷,8953.0,,,1.0,10.0,棚卸し調整                               
0,共通倉庫,10,4524486093685,21SJ-14K ﾚｻﾞｰｼﾞｬｹｯﾄ BK XL 流水雪輪,,,2021-05-18,売上,303348.0,,,1.0,,【閉店】ﾘｰｽﾞﾝ株式会社 仙台店             
0,共通倉庫,10,4524486093685,21SJ-14K ﾚｻﾞｰｼﾞｬｹｯﾄ BK XL 流水雪輪,,,2021-05-18,売上,303441.0,,,1.0,8.0,いちげん                                 
0,共通倉庫,10,4524486093685,21SJ-14K ﾚｻﾞｰｼﾞｬｹｯﾄ BK XL 流水雪輪,,,2021-06-07,売上,304853.0,,,1.0,7.0,いちげん                                 
0,共通倉庫,10,4524486093685,21SJ-14K ﾚｻﾞｰｼﾞｬｹｯﾄ BK XL 流水雪輪,,,2021-06-11,売上,305200.0,,,1.0,6.0,南海部品 小山店                          3003 株式会社 ｺｼﾀﾞﾃｯｸ
0,共通倉庫,10,4524486093685,21SJ-14K ﾚｻﾞｰｼﾞｬｹｯﾄ BK XL 流水雪輪,,,2021-07-26,売上,308187.0,,,1.0,5.0,KTM YAMAGATA                             BeSTAR株式会社
0,共通倉庫,10,4524486093685,21SJ-14K ﾚｻﾞｰｼﾞｬｹｯﾄ BK XL 流水雪輪,,,2021-07-28,売上,308449.0,,,1.0,,株式会社ﾘﾊﾞｰｸﾚｲﾝ                         
0,共通倉庫,10,4524486093685,21SJ-14K ﾚｻﾞｰｼﾞｬｹｯﾄ BK XL 流水雪輪,,,2021-07-28,売上,308477.0,,,-1.0,5.0,【閉店】ﾘｰｽﾞﾝ株式会社 仙台店             
0,共通倉庫,10,4524486093685,21SJ-14K ﾚｻﾞｰｼﾞｬｹｯﾄ BK XL 流水雪輪,,,2021-08-05,売上,308973.0,,,1.0,4.0,ﾗｲｺﾗﾝﾄﾞ CuBe札幌白石店                   2015 株式会社 ｺｼﾀﾞﾃｯｸ
0,共通倉庫,10,4524486093685,21SJ-14K ﾚｻﾞｰｼﾞｬｹｯﾄ BK XL 流水雪輪,,,2021-09-14,売上,311639.0,,,1.0,3.0,ﾗｲｺﾗﾝﾄﾞ TokyoBay東雲店                   2003 株式会社 ｺｼﾀﾞﾃｯｸ
0,共通倉庫,10,4524486093685,21SJ-14K ﾚｻﾞｰｼﾞｬｹｯﾄ BK XL 流水雪輪,,,2021-10-18,売上,314129.0,,,1.0,2.0,ﾗｲｺﾗﾝﾄﾞ 水戸店                           2017 株式会社 ｺｼﾀﾞﾃｯｸ
0,共通倉庫,10,4524486093685,21SJ-14K ﾚｻﾞｰｼﾞｬｹｯﾄ BK XL 流水雪輪,,,2021-10-22,売上,314819.0,,,2.0,0.0,Riding My Way Company                    
0,共通倉庫,10,4524486093685,21SJ-14K ﾚｻﾞｰｼﾞｬｹｯﾄ BK XL 流水雪輪,,,2021-12-28,仕入,27553.0,5171.0,3.0,,3.0,IHSAN                                    
0,共通倉庫,10,4524486093685,21SJ-14K ﾚｻﾞｰｼﾞｬｹｯﾄ BK XL 流水雪輪,,,2021-12-29,売上,320812.0,,,1.0,,ﾗｲｺﾗﾝﾄﾞ TokyoBay東雲店                   2003 株式会社 ｺｼﾀﾞﾃｯｸ
0,共通倉庫,10,4524486093685,21SJ-14K ﾚｻﾞｰｼﾞｬｹｯﾄ BK XL 流水雪輪,,,2021-12-29,売上,320854.0,,,1.0,1.0,株式会社 ﾓﾉﾀﾞｲﾚｸﾄ                        
0,共通倉庫,10,4524486093685,21SJ-14K ﾚｻﾞｰｼﾞｬｹｯﾄ BK XL 流水雪輪,,,2022-02-15,仕入,27967.0,5203.0,3.0,,4.0,IHSAN                                    
0,共通倉庫,10,4524486093685,21SJ-14K ﾚｻﾞｰｼﾞｬｹｯﾄ BK XL 流水雪輪,,,2022-03-11,売上,326490.0,,,1.0,2.0,ANSIN MOTO CO.                           
0,共通倉庫,10,4524486093685,21SJ-14K ﾚｻﾞｰｼﾞｬｹｯﾄ BK XL 流水雪輪,,,2022-04-05,売上,329061.0,,,2.0,,Riding My Way Company                    
0,共通倉庫,10,4524486093685,21SJ-14K ﾚｻﾞｰｼﾞｬｹｯﾄ BK XL 流水雪輪,,,2022-04-06,売上,329161.0,,,1.0,0.0,ﾗｲｺﾗﾝﾄﾞ TokyoBay東雲店                   2003 株式会社 ｺｼﾀﾞﾃｯｸ
0,共通倉庫,10,4524486093685,21SJ-14K ﾚｻﾞｰｼﾞｬｹｯﾄ BK XL 流水雪輪,,,2022-05-20,仕入,28817.0,5838.0,3.0,,,IHSAN                                    
0,共通倉庫,10,4524486093685,21SJ-14K ﾚｻﾞｰｼﾞｬｹｯﾄ BK XL 流水雪輪,,,2022-05-20,仕入,28818.0,5838.0,6.0,,9.0,IHSAN                                    
0,共通倉庫,10,4524486093685,21SJ-14K ﾚｻﾞｰｼﾞｬｹｯﾄ BK XL 流水雪輪,,,2022-06-10,売上,335422.0,,,1.0,7.0,ANSIN MOTO CO.                           
0,共通倉庫,10,4524486093685,21SJ-14K ﾚｻﾞｰｼﾞｬｹｯﾄ BK XL 流水雪輪,,,2022-07-01,売上,337294.0,,,1.0,6.0,株式会社JTBふるさと開発事業部            
0,共通倉庫,10,4524486093685,21SJ-14K ﾚｻﾞｰｼﾞｬｹｯﾄ BK XL 流水雪輪,,,2022-07-12,仕入,29216.0,6139.0,2.0,,,IHSAN                                    
0,共通倉庫,10,4524486093685,21SJ-14K ﾚｻﾞｰｼﾞｬｹｯﾄ BK XL 流水雪輪,,,2022-07-12,仕入,29217.0,6139.0,6.0,,14.0,IHSAN                                    
0,共通倉庫,10,4524486093685,21SJ-14K ﾚｻﾞｰｼﾞｬｹｯﾄ BK XL 流水雪輪,,,2022-07-19,売上,338916.0,,,1.0,13.0,株式会社JTBふるさと開発事業部            
0,共通倉庫,10,4524486093685,21SJ-14K ﾚｻﾞｰｼﾞｬｹｯﾄ BK XL 流水雪輪,,,2022-08-03,売上,340060.0,,,1.0,12.0,株式会社JTBふるさと開発事業部            
0,共通倉庫,10,4524486093685,21SJ-14K ﾚｻﾞｰｼﾞｬｹｯﾄ BK XL 流水雪輪,,,2022-08-12,仕入,29482.0,6274.0,6.0,,18.0,IHSAN                                    
0,共通倉庫,10,4524486093685,21SJ-14K ﾚｻﾞｰｼﾞｬｹｯﾄ BK XL 流水雪輪,,,2022-09-05,売上,342342.0,,,1.0,17.0,株式会社ﾘﾊﾞｰｸﾚｲﾝ                         
0,共通倉庫,10,4524486093685,21SJ-14K ﾚｻﾞｰｼﾞｬｹｯﾄ BK XL 流水雪輪,,,2022-09-12,売上,342926.0,,,1.0,16.0,341 仙台南2りんかん                      株式会社2りんかんｲｴﾛｰﾊｯﾄ
0,共通倉庫,10,4524486093685,21SJ-14K ﾚｻﾞｰｼﾞｬｹｯﾄ BK XL 流水雪輪,,,2022-10-12,仕入,30030.0,6516.0,3.0,,,IHSAN                                    
0,共通倉庫,10,4524486093685,21SJ-14K ﾚｻﾞｰｼﾞｬｹｯﾄ BK XL 流水雪輪,,,2022-10-12,売上,346412.0,,,1.0,,株式会社JTBふるさと開発事業部            
0,共通倉庫,10,4524486093685,21SJ-14K ﾚｻﾞｰｼﾞｬｹｯﾄ BK XL 流水雪輪,,,2022-10-12,売上,346413.0,,,1.0,17.0,株式会社JTBふるさと開発事業部            
0,共通倉庫,10,4524486093685,21SJ-14K ﾚｻﾞｰｼﾞｬｹｯﾄ BK XL 流水雪輪,,,2022-10-13,売上,345824.0,,,1.0,16.0,株式会社JTBふるさと開発事業部            
0,共通倉庫,10,4524486093685,21SJ-14K ﾚｻﾞｰｼﾞｬｹｯﾄ BK XL 流水雪輪,,,2022-10-17,売上,346074.0,,,1.0,15.0,ﾅｯﾌﾟｽ 埼玉店                             12
0,共通倉庫,10,4524486093685,21SJ-14K ﾚｻﾞｰｼﾞｬｹｯﾄ BK XL 流水雪輪,,,2022-10-21,売上,346611.0,,,3.0,12.0,Riding My Way Company                    
0,共通倉庫,10,4524486093685,21SJ-14K ﾚｻﾞｰｼﾞｬｹｯﾄ BK XL 流水雪輪,,,2022-10-27,売上,347128.0,,,1.0,11.0,ﾅｯﾌﾟｽ 埼玉店                             12
0,共通倉庫,10,4524486093685,21SJ-14K ﾚｻﾞｰｼﾞｬｹｯﾄ BK XL 流水雪輪,,,2022-11-01,売上,347698.0,,,1.0,10.0,株式会社JTBふるさと開発事業部            
0,共通倉庫,10,4524486093685,21SJ-14K ﾚｻﾞｰｼﾞｬｹｯﾄ BK XL 流水雪輪,,,2022-11-10,売上,348499.0,,,1.0,9.0,株式会社JTBふるさと開発事業部            
0,共通倉庫,10,4524486093685,21SJ-14K ﾚｻﾞｰｼﾞｬｹｯﾄ BK XL 流水雪輪,,,2022-11-11,出荷,10149.0,,,1.0,8.0,棚卸し調整                               
0,共通倉庫,10,4524486093685,21SJ-14K ﾚｻﾞｰｼﾞｬｹｯﾄ BK XL 流水雪輪,,,2022-11-24,売上,349559.0,,,1.0,7.0,ANSIN MOTO CO.                           
0,共通倉庫,10,4524486093685,21SJ-14K ﾚｻﾞｰｼﾞｬｹｯﾄ BK XL 流水雪輪,,,2022-11-25,売上,349673.0,,,1.0,6.0,株式会社JTBふるさと開発事業部            
0,共通倉庫,10,4524486093685,21SJ-14K ﾚｻﾞｰｼﾞｬｹｯﾄ BK XL 流水雪輪,,,2022-11-28,売上,349849.0,,,1.0,5.0,株式会社JTBふるさと開発事業部            
0,共通倉庫,10,4524486093685,21SJ-14K ﾚｻﾞｰｼﾞｬｹｯﾄ BK XL 流水雪輪,,,2022-11-29,売上,349945.0,,,5.0,0.0,Riding My Way Company                    
0,共通倉庫,10,4524486093685,21SJ-14K ﾚｻﾞｰｼﾞｬｹｯﾄ BK XL 流水雪輪,,,2022-12-13,売上,350998.0,,,1.0,0.0,株式会社JTBふるさと開発事業部            
0,共通倉庫,10,4524486093685,21SJ-14K ﾚｻﾞｰｼﾞｬｹｯﾄ BK XL 流水雪輪,,,2023-01-16,仕入,30687.0,6297.0,2.0,,2.0,IHSAN                                    
0,共通倉庫,10,4524486093685,21SJ-14K ﾚｻﾞｰｼﾞｬｹｯﾄ BK XL 流水雪輪,,,2023-01-17,売上,352901.0,,,1.0,1.0,ﾅｯﾌﾟｽ 埼玉店                             12
0,共通倉庫,10,4524486093685,21SJ-14K ﾚｻﾞｰｼﾞｬｹｯﾄ BK XL 流水雪輪,,,2023-02-01,売上,353871.0,,,1.0,0.0,株式会社JTBふるさと開発事業部            
0,共通倉庫,10,4524486093685,21SJ-14K ﾚｻﾞｰｼﾞｬｹｯﾄ BK XL 流水雪輪,,,2023-02-16,仕入,30962.0,5925.0,13.0,,13.0,IHSAN                                    
0,共通倉庫,10,4524486093685,21SJ-14K ﾚｻﾞｰｼﾞｬｹｯﾄ BK XL 流水雪輪,,,2023-02-17,売上,354787.0,,,1.0,,ﾗｲｺﾗﾝﾄﾞ TokyoBay東雲店                   2003 株式会社 ｺｼﾀﾞﾃｯｸ
0,共通倉庫,10,4524486093685,21SJ-14K ﾚｻﾞｰｼﾞｬｹｯﾄ BK XL 流水雪輪,,,2023-02-20,売上,355040.0,,,1.0,,ANSIN MOTO CO.                           
0,共通倉庫,10,4524486093685,21SJ-14K ﾚｻﾞｰｼﾞｬｹｯﾄ BK XL 流水雪輪,,,2023-02-20,売上,355046.0,,,1.0,,株式会社JTBふるさと開発事業部            
0,共通倉庫,10,4524486093685,21SJ-14K ﾚｻﾞｰｼﾞｬｹｯﾄ BK XL 流水雪輪,,,2023-02-20,売上,355047.0,,,1.0,8.0,株式会社JTBふるさと開発事業部            
0,共通倉庫,10,4524486093685,21SJ-14K ﾚｻﾞｰｼﾞｬｹｯﾄ BK XL 流水雪輪,,,2023-02-21,売上,355118.0,,,1.0,,株式会社JTBふるさと開発事業部            
0,共通倉庫,10,4524486093685,21SJ-14K ﾚｻﾞｰｼﾞｬｹｯﾄ BK XL 流水雪輪,,,2023-02-21,売上,355119.0,,,1.0,,株式会社JTBふるさと開発事業部            
0,共通倉庫,10,4524486093685,21SJ-14K ﾚｻﾞｰｼﾞｬｹｯﾄ BK XL 流水雪輪,,,2023-02-21,売上,355120.0,,,1.0,5.0,株式会社JTBふるさと開発事業部            
0,共通倉庫,10,4524486093685,21SJ-14K ﾚｻﾞｰｼﾞｬｹｯﾄ BK XL 流水雪輪,,,2023-02-22,売上,355187.0,,,1.0,,株式会社JTBふるさと開発事業部            
0,共通倉庫,10,4524486093685,21SJ-14K ﾚｻﾞｰｼﾞｬｹｯﾄ BK XL 流水雪輪,,,2023-02-22,売上,355189.0,,,1.0,3.0,ﾅｯﾌﾟｽ 埼玉店                             12
0,共通倉庫,10,4524486093685,21SJ-14K ﾚｻﾞｰｼﾞｬｹｯﾄ BK XL 流水雪輪,,,2023-02-27,売上,355488.0,,,1.0,,株式会社JTBふるさと開発事業部            
0,共通倉庫,10,4524486093685,21SJ-14K ﾚｻﾞｰｼﾞｬｹｯﾄ BK XL 流水雪輪,,,2023-02-27,売上,355489.0,,,1.0,1.0,株式会社JTBふるさと開発事業部            
0,共通倉庫,10,4524486093685,21SJ-14K ﾚｻﾞｰｼﾞｬｹｯﾄ BK XL 流水雪輪,,,2023-04-04,売上,358562.0,,,1.0,0.0,SEED 岡崎店SPROUT                        2051 株式会社 ｺｼﾀﾞﾃｯｸ
0,共通倉庫,10,4524486093685,21SJ-14K ﾚｻﾞｰｼﾞｬｹｯﾄ BK XL 流水雪輪,,,2023-04-14,仕入,31452.0,6085.0,10.0,,10.0,IHSAN                                    
0,共通倉庫,10,4524486093685,21SJ-14K ﾚｻﾞｰｼﾞｬｹｯﾄ BK XL 流水雪輪,,,2023-05-10,売上,361270.0,,,1.0,9.0,株式会社JTBふるさと開発事業部            
0,共通倉庫,10,4524486093685,21SJ-14K ﾚｻﾞｰｼﾞｬｹｯﾄ BK XL 流水雪輪,,,2023-05-15,売上,361564.0,,,1.0,8.0,いちげん                                 
0,共通倉庫,10,4524486093685,21SJ-14K ﾚｻﾞｰｼﾞｬｹｯﾄ BK XL 流水雪輪,,,2023-05-23,仕入,31733.0,6378.0,5.0,,13.0,IHSAN                                    
0,共通倉庫,10,4524486093685,21SJ-14K ﾚｻﾞｰｼﾞｬｹｯﾄ BK XL 流水雪輪,,,2023-06-07,売上,363233.0,,,1.0,12.0,ANSIN MOTO CO.                           
0,共通倉庫,10,4524486093685,21SJ-14K ﾚｻﾞｰｼﾞｬｹｯﾄ BK XL 流水雪輪,,,2023-06-20,仕入,31936.0,6378.0,5.0,,17.0,IHSAN                                    
0,共通倉庫,10,4524486093685,21SJ-14K ﾚｻﾞｰｼﾞｬｹｯﾄ BK XL 流水雪輪,,,2023-08-01,仕入,32236.0,6445.0,5.0,,,IHSAN                                    
0,共通倉庫,10,4524486093685,21SJ-14K ﾚｻﾞｰｼﾞｬｹｯﾄ BK XL 流水雪輪,,,2023-08-01,仕入,32238.0,6445.0,5.0,,27.0,IHSAN                                    
0,共通倉庫,10,4524486093685,21SJ-14K ﾚｻﾞｰｼﾞｬｹｯﾄ BK XL 流水雪輪,,,2023-08-31,売上,368153.0,,,1.0,26.0,ﾄﾞﾗｲﾊﾞｰｽﾞ 神栖店                         
0,共通倉庫,10,4524486093685,21SJ-14K ﾚｻﾞｰｼﾞｬｹｯﾄ BK XL 流水雪輪,,,2023-09-01,売上,368249.0,,,1.0,25.0,新潟中央部品株式会社 長岡店              
0,共通倉庫,10,4524486093685,21SJ-14K ﾚｻﾞｰｼﾞｬｹｯﾄ BK XL 流水雪輪,,,2023-09-22,売上,369685.0,,,1.0,24.0,南海部品株式会社                         
0,共通倉庫,10,4524486093685,21SJ-14K ﾚｻﾞｰｼﾞｬｹｯﾄ BK XL 流水雪輪,,,2023-10-02,売上,370251.0,,,1.0,,ﾗｲｺﾗﾝﾄﾞ TokyoBay東雲店                   2003 株式会社 ｺｼﾀﾞﾃｯｸ
0,共通倉庫,10,4524486093685,21SJ-14K ﾚｻﾞｰｼﾞｬｹｯﾄ BK XL 流水雪輪,,,2023-10-02,売上,370291.0,,,1.0,22.0,南海部品株式会社                         
0,共通倉庫,10,4524486093685,21SJ-14K ﾚｻﾞｰｼﾞｬｹｯﾄ BK XL 流水雪輪,,,2023-10-10,売上,370881.0,,,1.0,21.0,いちげん                                 
0,共通倉庫,10,4524486093685,21SJ-14K ﾚｻﾞｰｼﾞｬｹｯﾄ BK XL 流水雪輪,,,2023-10-23,売上,371742.0,,,1.0,19.0,ﾅｯﾌﾟｽ 岡山店                             20
0,共通倉庫,10,4524486093685,21SJ-14K ﾚｻﾞｰｼﾞｬｹｯﾄ BK XL 流水雪輪,,,2023-10-30,売上,372250.0,,,1.0,18.0,南海部品株式会社                         
0,共通倉庫,10,4524486093685,21SJ-14K ﾚｻﾞｰｼﾞｬｹｯﾄ BK XL 流水雪輪,,,2023-11-01,仕入,32714.0,6915.0,26.0,,,IHSAN                                    
0,共通倉庫,10,4524486093685,21SJ-14K ﾚｻﾞｰｼﾞｬｹｯﾄ BK XL 流水雪輪,,,2023-11-01,仕入,32715.0,6915.0,3.0,,47.0,IHSAN                                    
0,共通倉庫,10,4524486093685,21SJ-14K ﾚｻﾞｰｼﾞｬｹｯﾄ BK XL 流水雪輪,,,2023-11-02,売上,372561.0,,,2.0,45.0,Riding My Way Company                    
0,共通倉庫,10,4524486093685,21SJ-14K ﾚｻﾞｰｼﾞｬｹｯﾄ BK XL 流水雪輪,,,2023-11-16,売上,373392.0,,,1.0,,株式会社 ﾊﾞｲｸﾜｰﾙﾄﾞりんくうｼｰｸﾙ店         
0,共通倉庫,10,4524486093685,21SJ-14K ﾚｻﾞｰｼﾞｬｹｯﾄ BK XL 流水雪輪,,,2023-11-16,売上,373447.0,,,1.0,43.0,株式会社JTBふるさと開発事業部            
0,共通倉庫,10,4524486093685,21SJ-14K ﾚｻﾞｰｼﾞｬｹｯﾄ BK XL 流水雪輪,,,2023-11-22,売上,373783.0,,,2.0,41.0,ANSIN MOTO CO.                           
0,共通倉庫,10,4524486093685,21SJ-14K ﾚｻﾞｰｼﾞｬｹｯﾄ BK XL 流水雪輪,,,2023-12-04,売上,374451.0,,,1.0,40.0,株式会社 ﾊﾞｲｸﾜｰﾙﾄﾞりんくうｼｰｸﾙ店         
0,共通倉庫,10,4524486093685,21SJ-14K ﾚｻﾞｰｼﾞｬｹｯﾄ BK XL 流水雪輪,,,2023-12-05,売上,374576.0,,,1.0,,ﾅｯﾌﾟｽ 埼玉店                             12
0,共通倉庫,10,4524486093685,21SJ-14K ﾚｻﾞｰｼﾞｬｹｯﾄ BK XL 流水雪輪,,,2023-12-05,売上,374582.0,,,1.0,38.0,ﾅｯﾌﾟｽ 浜松店                             16
0,共通倉庫,10,4524486093685,21SJ-14K ﾚｻﾞｰｼﾞｬｹｯﾄ BK XL 流水雪輪,,,2023-12-06,売上,374636.0,,,1.0,37.0,株式会社JTBふるさと開発事業部            
0,共通倉庫,10,4524486093685,21SJ-14K ﾚｻﾞｰｼﾞｬｹｯﾄ BK XL 流水雪輪,,,2023-12-13,売上,375092.0,,,-1.0,38.0,ﾅｯﾌﾟｽ 浜松店                             16
0,共通倉庫,10,4524486093685,21SJ-14K ﾚｻﾞｰｼﾞｬｹｯﾄ BK XL 流水雪輪,,,2023-12-18,売上,375346.0,,,1.0,37.0,株式会社 ﾊﾞｲｸﾜｰﾙﾄﾞりんくうｼｰｸﾙ店         
0,共通倉庫,10,4524486093685,21SJ-14K ﾚｻﾞｰｼﾞｬｹｯﾄ BK XL 流水雪輪,,,2023-12-19,仕入,32953.0,6638.0,3.0,,,IHSAN                                    
0,共通倉庫,10,4524486093685,21SJ-14K ﾚｻﾞｰｼﾞｬｹｯﾄ BK XL 流水雪輪,,,2023-12-19,売上,375500.0,,,1.0,39.0,株式会社JTBふるさと開発事業部            
0,共通倉庫,10,4524486093685,21SJ-14K ﾚｻﾞｰｼﾞｬｹｯﾄ BK XL 流水雪輪,,,2023-12-20,出荷,10873.0,,,1.0,38.0,棚卸し調整                               
0,共通倉庫,10,4524486093685,21SJ-14K ﾚｻﾞｰｼﾞｬｹｯﾄ BK XL 流水雪輪,,,2023-12-26,売上,375875.0,,,1.0,37.0,株式会社JTBふるさと開発事業部            
0,共通倉庫,10,4524486093685,21SJ-14K ﾚｻﾞｰｼﾞｬｹｯﾄ BK XL 流水雪輪,,,2024-01-12,売上,376574.0,,,1.0,36.0,株式会社 ﾊﾞｲｸﾜｰﾙﾄﾞりんくうｼｰｸﾙ店         
0,共通倉庫,10,4524486093685,21SJ-14K ﾚｻﾞｰｼﾞｬｹｯﾄ BK XL 流水雪輪,,,2024-01-15,売上,376674.0,,,1.0,35.0,ﾅｯﾌﾟｽ 岡山店                             20
0,共通倉庫,10,4524486093685,21SJ-14K ﾚｻﾞｰｼﾞｬｹｯﾄ BK XL 流水雪輪,,,2024-01-16,売上,376823.0,,,1.0,34.0,Riding My Way Company                    
0,共通倉庫,10,4524486093685,21SJ-14K ﾚｻﾞｰｼﾞｬｹｯﾄ BK XL 流水雪輪,,,2024-01-17,売上,376856.0,,,1.0,33.0,ANSIN MOTO CO.                           
0,共通倉庫,10,4524486093685,21SJ-14K ﾚｻﾞｰｼﾞｬｹｯﾄ BK XL 流水雪輪,,,2024-01-18,売上,376905.0,,,1.0,32.0,株式会社JTBふるさと開発事業部            
0,共通倉庫,10,4524486093685,21SJ-14K ﾚｻﾞｰｼﾞｬｹｯﾄ BK XL 流水雪輪,,,2024-01-24,売上,377159.0,,,1.0,31.0,ANSIN MOTO CO.                           
0,共通倉庫,10,4524486093685,21SJ-14K ﾚｻﾞｰｼﾞｬｹｯﾄ BK XL 流水雪輪,,,2024-01-25,売上,377187.0,,,1.0,30.0,ﾗｲｺﾗﾝﾄﾞ TokyoBay東雲店                   2003 株式会社 ｺｼﾀﾞﾃｯｸ
0,共通倉庫,10,4524486093685,21SJ-14K ﾚｻﾞｰｼﾞｬｹｯﾄ BK XL 流水雪輪,,,2024-02-26,売上,378732.0,,,1.0,29.0,南海部品株式会社                         
0,共通倉庫,10,4524486093685,21SJ-14K ﾚｻﾞｰｼﾞｬｹｯﾄ BK XL 流水雪輪,,,2024-03-01,売上,378922.0,,,1.0,28.0,ﾗｲｺﾗﾝﾄﾞ 柏店                             1001 株式会社ﾗｲﾀﾞｰｽﾞ・ｻﾎﾟｰﾄ・ｶﾝﾊﾟﾆｰ
0,共通倉庫,10,4524486093685,21SJ-14K ﾚｻﾞｰｼﾞｬｹｯﾄ BK XL 流水雪輪,,,2024-03-04,売上,379039.0,,,1.0,27.0,南海部品株式会社                         
0,共通倉庫,10,4524486093685,21SJ-14K ﾚｻﾞｰｼﾞｬｹｯﾄ BK XL 流水雪輪,,,2024-03-25,売上,380264.0,,,1.0,26.0,株式会社 ﾊﾞｲｸﾜｰﾙﾄﾞりんくうｼｰｸﾙ店         
0,共通倉庫,10,4524486093685,21SJ-14K ﾚｻﾞｰｼﾞｬｹｯﾄ BK XL 流水雪輪,,,2024-03-29,売上,380569.0,,,1.0,25.0,南海部品 小山店                          3003 株式会社 ｺｼﾀﾞﾃｯｸ
0,共通倉庫,10,4524486093685,21SJ-14K ﾚｻﾞｰｼﾞｬｹｯﾄ BK XL 流水雪輪,,,2024-04-03,売上,380920.0,,,1.0,,株式会社 ﾊﾞｲｸﾜｰﾙﾄﾞりんくうｼｰｸﾙ店         
0,共通倉庫,10,4524486093685,21SJ-14K ﾚｻﾞｰｼﾞｬｹｯﾄ BK XL 流水雪輪,,,2024-04-03,売上,380961.0,,,1.0,22.0,ﾗｲｺﾗﾝﾄﾞ CuBe札幌白石店                   2015 株式会社 ｺｼﾀﾞﾃｯｸ
0,共通倉庫,10,4524486093685,21SJ-14K ﾚｻﾞｰｼﾞｬｹｯﾄ BK XL 流水雪輪,,,2024-04-16,売上,381770.0,,,1.0,21.0,ﾗｲｺﾗﾝﾄﾞ 柏店                             1001 株式会社ﾗｲﾀﾞｰｽﾞ・ｻﾎﾟｰﾄ・ｶﾝﾊﾟﾆｰ
0,共通倉庫,10,4524486093685,21SJ-14K ﾚｻﾞｰｼﾞｬｹｯﾄ BK XL 流水雪輪,,,2024-05-08,売上,383373.0,,,1.0,20.0,ﾗｲｺﾗﾝﾄﾞ CuBe札幌白石店                   2015 株式会社 ｺｼﾀﾞﾃｯｸ
0,共通倉庫,10,4524486093685,21SJ-14K ﾚｻﾞｰｼﾞｬｹｯﾄ BK XL 流水雪輪,,,2024-05-22,売上,384383.0,,,1.0,19.0,ﾗｲｺﾗﾝﾄﾞ 新潟店                           2031 株式会社 ｺｼﾀﾞﾃｯｸ
0,共通倉庫,10,4524486093685,21SJ-14K ﾚｻﾞｰｼﾞｬｹｯﾄ BK XL 流水雪輪,,,2024-05-30,売上,384934.0,,,1.0,18.0,いちげん                                 
0,共通倉庫,10,4524486093685,21SJ-14K ﾚｻﾞｰｼﾞｬｹｯﾄ BK XL 流水雪輪,,,2024-06-11,売上,385695.0,,,1.0,17.0,ﾗｲｺﾗﾝﾄﾞ 柏店                             1001 株式会社ﾗｲﾀﾞｰｽﾞ・ｻﾎﾟｰﾄ・ｶﾝﾊﾟﾆｰ
0,共通倉庫,10,4524486093685,21SJ-14K ﾚｻﾞｰｼﾞｬｹｯﾄ BK XL 流水雪輪,,,2024-06-18,売上,386152.0,,,1.0,16.0,ﾗｲｺﾗﾝﾄﾞ CuBe札幌白石店                   2015 株式会社 ｺｼﾀﾞﾃｯｸ
0,共通倉庫,10,4524486093685,21SJ-14K ﾚｻﾞｰｼﾞｬｹｯﾄ BK XL 流水雪輪,,,2024-06-28,売上,386806.0,,,1.0,15.0,株式会社JTBふるさと開発事業部            
0,共通倉庫,10,4524486093685,21SJ-14K ﾚｻﾞｰｼﾞｬｹｯﾄ BK XL 流水雪輪,,,2024-07-10,仕入,34086.0,7287.0,12.0,,,IHSAN                                    
0,共通倉庫,10,4524486093685,21SJ-14K ﾚｻﾞｰｼﾞｬｹｯﾄ BK XL 流水雪輪,,,2024-07-10,売上,387581.0,,,1.0,26.0,株式会社 ﾊﾞｲｸﾜｰﾙﾄﾞりんくうｼｰｸﾙ店         
0,共通倉庫,10,4524486093685,21SJ-14K ﾚｻﾞｰｼﾞｬｹｯﾄ BK XL 流水雪輪,,,2024-07-17,売上,388228.0,,,-1.0,26.0,ﾗｲｺﾗﾝﾄﾞ 柏店                             1001 株式会社ﾗｲﾀﾞｰｽﾞ・ｻﾎﾟｰﾄ・ｶﾝﾊﾟﾆｰ
0,共通倉庫,10,4524486093685,21SJ-14K ﾚｻﾞｰｼﾞｬｹｯﾄ BK XL 流水雪輪,,,2024-07-19,売上,388333.0,,,1.0,,ﾅｯﾌﾟｽ 東大阪店                           26
0,共通倉庫,10,4524486093685,21SJ-14K ﾚｻﾞｰｼﾞｬｹｯﾄ BK XL 流水雪輪,,,2024-07-19,売上,388363.0,,,1.0,24.0,Ridersity                                
0,共通倉庫,10,4524486093685,21SJ-14K ﾚｻﾞｰｼﾞｬｹｯﾄ BK XL 流水雪輪,,,2024-08-20,出荷,11215.0,,,-1.0,,棚卸し調整                               
0,共通倉庫,10,4524486093685,21SJ-14K ﾚｻﾞｰｼﾞｬｹｯﾄ BK XL 流水雪輪,,,2024-09-13,売上,391548.0,,,1.0,22.0,ﾗｲｺﾗﾝﾄﾞ 大分店                           2030 株式会社 ｺｼﾀﾞﾃｯｸ
0,共通倉庫,10,4524486093685,21SJ-14K ﾚｻﾞｰｼﾞｬｹｯﾄ BK XL 流水雪輪,,,2024-09-27,売上,392414.0,,,1.0,21.0,株式会社JTBふるさと開発事業部            
0,共通倉庫,10,4524486093685,21SJ-14K ﾚｻﾞｰｼﾞｬｹｯﾄ BK XL 流水雪輪,,,2024-10-02,売上,392730.0,,,1.0,20.0,ﾗｲｺﾗﾝﾄﾞ CuBe札幌白石店                   2015 株式会社 ｺｼﾀﾞﾃｯｸ
0,共通倉庫,10,4524486093685,21SJ-14K ﾚｻﾞｰｼﾞｬｹｯﾄ BK XL 流水雪輪,,,2024-10-16,売上,393679.0,,,1.0,19.0,南海部品 宇都宮店                        3006 株式会社 ｺｼﾀﾞﾃｯｸ
0,共通倉庫,10,4524486093685,21SJ-14K ﾚｻﾞｰｼﾞｬｹｯﾄ BK XL 流水雪輪,,,2024-10-28,売上,394643.0,,,1.0,18.0,いちげん                                 
0,共通倉庫,10,4524486093685,21SJ-14K ﾚｻﾞｰｼﾞｬｹｯﾄ BK XL 流水雪輪,,,2024-10-30,売上,394814.0,,,1.0,17.0,いちげん                                 
0,共通倉庫,10,4524486093685,21SJ-14K ﾚｻﾞｰｼﾞｬｹｯﾄ BK XL 流水雪輪,,,2024-11-06,売上,395337.0,,,1.0,16.0,南海部品株式会社                         
0,共通倉庫,10,4524486093685,21SJ-14K ﾚｻﾞｰｼﾞｬｹｯﾄ BK XL 流水雪輪,,,2024-11-14,売上,395942.0,,,1.0,15.0,ANSIN MOTO CO.                           
0,共通倉庫,10,4524486093685,21SJ-14K ﾚｻﾞｰｼﾞｬｹｯﾄ BK XL 流水雪輪,,,2024-11-15,売上,395992.0,,,1.0,14.0,株式会社 ﾌﾟﾛﾄ 経理課                     
0,共通倉庫,10,4524486093685,21SJ-14K ﾚｻﾞｰｼﾞｬｹｯﾄ BK XL 流水雪輪,,,2024-11-18,売上,396216.0,,,1.0,13.0,ﾗｲｺﾗﾝﾄﾞ 福岡空港店                       2028 株式会社 ｺｼﾀﾞﾃｯｸ
0,共通倉庫,10,4524486093685,21SJ-14K ﾚｻﾞｰｼﾞｬｹｯﾄ BK XL 流水雪輪,,,2024-11-19,売上,396248.0,,,1.0,,南海部品 鹿児島店                        3013 株式会社 ｺｼﾀﾞﾃｯｸ
0,共通倉庫,10,4524486093685,21SJ-14K ﾚｻﾞｰｼﾞｬｹｯﾄ BK XL 流水雪輪,,,2024-11-19,売上,396278.0,,,1.0,,ﾅｯﾌﾟｽ 岡山店                             20
0,共通倉庫,10,4524486093685,21SJ-14K ﾚｻﾞｰｼﾞｬｹｯﾄ BK XL 流水雪輪,,,2024-11-19,売上,396336.0,,,1.0,10.0,株式会社JTBふるさと開発事業部            
0,共通倉庫,10,4524486093685,21SJ-14K ﾚｻﾞｰｼﾞｬｹｯﾄ BK XL 流水雪輪,,,2024-11-20,売上,396429.0,,,1.0,9.0,株式会社JTBふるさと開発事業部            
0,共通倉庫,10,4524486093685,21SJ-14K ﾚｻﾞｰｼﾞｬｹｯﾄ BK XL 流水雪輪,,,2024-11-21,仕入,34828.0,7227.0,9.0,,18.0,IHSAN                                    
0,共通倉庫,10,4524486093685,21SJ-14K ﾚｻﾞｰｼﾞｬｹｯﾄ BK XL 流水雪輪,,,2024-11-22,売上,396596.0,,,3.0,15.0,株式会社 桜士堂                          
0,共通倉庫,10,4524486093685,21SJ-14K ﾚｻﾞｰｼﾞｬｹｯﾄ BK XL 流水雪輪,,,2024-11-25,売上,396719.0,,,1.0,14.0,ﾅｯﾌﾟｽ 練馬店                             6
0,共通倉庫,10,4524486093685,21SJ-14K ﾚｻﾞｰｼﾞｬｹｯﾄ BK XL 流水雪輪,,,2024-11-28,売上,397035.0,,,1.0,13.0,いちげん                                 
0,共通倉庫,10,4524486093685,21SJ-14K ﾚｻﾞｰｼﾞｬｹｯﾄ BK XL 流水雪輪,,,2024-12-05,売上,397508.0,,,1.0,12.0,ANSIN MOTO CO.                           
0,共通倉庫,10,4524486093685,21SJ-14K ﾚｻﾞｰｼﾞｬｹｯﾄ BK XL 流水雪輪,,,2024-12-12,売上,398085.0,,,1.0,11.0,南海部品 宇都宮店                        3006 株式会社 ｺｼﾀﾞﾃｯｸ
0,共通倉庫,10,4524486093685,21SJ-14K ﾚｻﾞｰｼﾞｬｹｯﾄ BK XL 流水雪輪,,,2024-12-16,売上,398471.0,,,1.0,9.0,いちげん                                 
0,共通倉庫,10,4524486093685,21SJ-14K ﾚｻﾞｰｼﾞｬｹｯﾄ BK XL 流水雪輪,,,2024-12-26,売上,399261.0,,,1.0,8.0,ANSIN MOTO CO.                           
0,共通倉庫,10,4524486093685,21SJ-14K ﾚｻﾞｰｼﾞｬｹｯﾄ BK XL 流水雪輪,,,2024-12-27,売上,399409.0,,,1.0,,株式会社JTBふるさと開発事業部            
0,共通倉庫,10,4524486093685,21SJ-14K ﾚｻﾞｰｼﾞｬｹｯﾄ BK XL 流水雪輪,,,2024-12-27,売上,399417.0,,,1.0,,株式会社JTBふるさと開発事業部            
0,共通倉庫,10,4524486093685,21SJ-14K ﾚｻﾞｰｼﾞｬｹｯﾄ BK XL 流水雪輪,,,2024-12-27,売上,399429.0,,,1.0,5.0,株式会社 桜士堂                          
0,共通倉庫,10,4524486093685,21SJ-14K ﾚｻﾞｰｼﾞｬｹｯﾄ BK XL 流水雪輪,,,2025-01-09,売上,400056.0,,,1.0,,南海部品 鹿児島店                        3013 株式会社 ｺｼﾀﾞﾃｯｸ
0,共通倉庫,10,4524486093685,21SJ-14K ﾚｻﾞｰｼﾞｬｹｯﾄ BK XL 流水雪輪,,,2025-01-09,売上,400169.0,,,1.0,3.0,ANSIN MOTO CO.                           
0,共通倉庫,10,4524486093685,21SJ-14K ﾚｻﾞｰｼﾞｬｹｯﾄ BK XL 流水雪輪,,,2025-01-23,売上,401011.0,,,2.0,1.0,Riding My Way Company                    
0,共通倉庫,10,4524486093685,21SJ-14K ﾚｻﾞｰｼﾞｬｹｯﾄ BK XL 流水雪輪,,,2025-01-24,売上,401029.0,,,1.0,0.0,株式会社JTBふるさと開発事業部            
0,共通倉庫,10,4524486093685,21SJ-14K ﾚｻﾞｰｼﾞｬｹｯﾄ BK XL 流水雪輪,,,2025-02-05,仕入,35146.0,7213.0,10.0,,,IHSAN                                    
0,共通倉庫,10,4524486093685,21SJ-14K ﾚｻﾞｰｼﾞｬｹｯﾄ BK XL 流水雪輪,,,2025-02-06,売上,401695.0,,,1.0,,南海部品株式会社                         
0,共通倉庫,10,4524486093685,21SJ-14K ﾚｻﾞｰｼﾞｬｹｯﾄ BK XL 流水雪輪,,,2025-02-06,売上,401702.0,,,3.0,6.0,株式会社 桜士堂                          
0,共通倉庫,10,4524486093685,21SJ-14K ﾚｻﾞｰｼﾞｬｹｯﾄ BK XL 流水雪輪,,,2025-02-07,売上,401796.0,,,1.0,5.0,ﾗｲｺﾗﾝﾄﾞ TokyoBay東雲店                   2003 株式会社 ｺｼﾀﾞﾃｯｸ
0,共通倉庫,10,4524486093685,21SJ-14K ﾚｻﾞｰｼﾞｬｹｯﾄ BK XL 流水雪輪,,,2025-03-17,売上,404085.0,,,1.0,4.0,株式会社 ﾊﾞｲｸﾜｰﾙﾄﾞりんくうｼｰｸﾙ店         
0,共通倉庫,10,4524486093685,21SJ-14K ﾚｻﾞｰｼﾞｬｹｯﾄ BK XL 流水雪輪,,,2025-03-24,仕入,35460.0,6899.0,2.0,,6.0,IHSAN                                    
0,共通倉庫,10,4524486093685,21SJ-14K ﾚｻﾞｰｼﾞｬｹｯﾄ BK XL 流水雪輪,,,2025-03-27,売上,405039.0,,,2.0,4.0,ﾗｲｺﾗﾝﾄﾞ TokyoBay東雲店                   2003 株式会社 ｺｼﾀﾞﾃｯｸ
0,共通倉庫,10,4524486093685,21SJ-14K ﾚｻﾞｰｼﾞｬｹｯﾄ BK XL 流水雪輪,,,2025-04-09,売上,406194.0,,,1.0,3.0,Riding My Way Company                    
0,共通倉庫,10,4524486093685,21SJ-14K ﾚｻﾞｰｼﾞｬｹｯﾄ BK XL 流水雪輪,,,2025-04-14,売上,406532.0,,,1.0,2.0,南海部品株式会社                         
0,共通倉庫,10,4524486093685,21SJ-14K ﾚｻﾞｰｼﾞｬｹｯﾄ BK XL 流水雪輪,,,2025-04-17,売上,406764.0,,,1.0,1.0,南海部品 宇都宮店                        3006 株式会社 ｺｼﾀﾞﾃｯｸ
0,共通倉庫,10,4524486093685,21SJ-14K ﾚｻﾞｰｼﾞｬｹｯﾄ BK XL 流水雪輪,,,2025-04-22,売上,407058.0,,,1.0,0.0,南海部品株式会社                         
0,共通倉庫,10,4524486093685,21SJ-14K ﾚｻﾞｰｼﾞｬｹｯﾄ BK XL 流水雪輪,,,2025-05-20,仕入,35887.0,6560.0,2.0,,,IHSAN                                    
0,共通倉庫,10,4524486093685,21SJ-14K ﾚｻﾞｰｼﾞｬｹｯﾄ BK XL 流水雪輪,,,2025-05-20,仕入,35890.0,6727.0,8.0,,10.0,IHSAN                                    
0,共通倉庫,10,4524486093685,21SJ-14K ﾚｻﾞｰｼﾞｬｹｯﾄ BK XL 流水雪輪,,,2025-05-23,売上,409859.0,,,1.0,8.0,株式会社 桜士堂                          
0,共通倉庫,10,4524486093685,21SJ-14K ﾚｻﾞｰｼﾞｬｹｯﾄ BK XL 流水雪輪,,,2025-06-19,売上,411839.0,,,1.0,7.0,株式会社 ﾊﾞｲｸﾜｰﾙﾄﾞりんくうｼｰｸﾙ店         
0,共通倉庫,10,4524486093685,21SJ-14K ﾚｻﾞｰｼﾞｬｹｯﾄ BK XL 流水雪輪,,,2025-06-27,売上,412488.0,,,1.0,6.0,南海部品株式会社                         
0,共通倉庫,10,4524486093685,21SJ-14K ﾚｻﾞｰｼﾞｬｹｯﾄ BK XL 流水雪輪,,,2025-07-01,売上,412749.0,,,1.0,5.0,株式会社JTBふるさと開発事業部            
0,共通倉庫,10,4524486093685,21SJ-14K ﾚｻﾞｰｼﾞｬｹｯﾄ BK XL 流水雪輪,,,2025-07-15,仕入,36269.0,6880.0,7.0,,12.0,IHSAN                                    
0,共通倉庫,10,4524486093685,21SJ-14K ﾚｻﾞｰｼﾞｬｹｯﾄ BK XL 流水雪輪,,,2025-08-01,売上,415228.0,,,1.0,11.0,南海部品株式会社                         
0,共通倉庫,10,4524486093685,21SJ-14K ﾚｻﾞｰｼﾞｬｹｯﾄ BK XL 流水雪輪,,,2025-08-04,売上,415360.0,,,1.0,10.0,南海部品 小山店                          3003 株式会社 ｺｼﾀﾞﾃｯｸ
0,共通倉庫,10,4524486093685,21SJ-14K ﾚｻﾞｰｼﾞｬｹｯﾄ BK XL 流水雪輪,,,2025-08-08,売上,415750.0,,,1.0,9.0,ANSIN MOTO CO.                           
0,共通倉庫,10,4524486093685,21SJ-14K ﾚｻﾞｰｼﾞｬｹｯﾄ BK XL 流水雪輪,,,2025-08-26,仕入,36608.0,6990.0,5.0,,,IHSAN                                    
0,共通倉庫,10,4524486093685,21SJ-14K ﾚｻﾞｰｼﾞｬｹｯﾄ BK XL 流水雪輪,,,2025-08-26,仕入,36612.0,6990.0,8.0,,22.0,IHSAN                                    
0,共通倉庫,10,4524486093685,21SJ-14K ﾚｻﾞｰｼﾞｬｹｯﾄ BK XL 流水雪輪,,,2025-08-29,売上,416952.0,,,1.0,21.0,ﾅｯﾌﾟｽ ﾍﾞｲｻｲﾄﾞ幸浦店                      15
0,共通倉庫,10,4524486093685,21SJ-14K ﾚｻﾞｰｼﾞｬｹｯﾄ BK XL 流水雪輪,,,2025-09-01,売上,417125.0,,,1.0,20.0,ﾅｯﾌﾟｽ 一宮店                             32
0,共通倉庫,10,4524486093685,21SJ-14K ﾚｻﾞｰｼﾞｬｹｯﾄ BK XL 流水雪輪,,,2025-09-25,売上,419391.0,,,1.0,19.0,いちげん                                 
0,共通倉庫,10,4524486093685,21SJ-14K ﾚｻﾞｰｼﾞｬｹｯﾄ BK XL 流水雪輪,,,2025-10-07,売上,420391.0,,,1.0,,株式会社JTBふるさと開発事業部            
0,共通倉庫,10,4524486093685,21SJ-14K ﾚｻﾞｰｼﾞｬｹｯﾄ BK XL 流水雪輪,,,2025-10-07,売上,420406.0,,,1.0,17.0,南海部品株式会社                         
0,共通倉庫,10,4524486093685,21SJ-14K ﾚｻﾞｰｼﾞｬｹｯﾄ BK XL 流水雪輪,,,2025-10-16,売上,421171.0,,,1.0,,いちげん                                 
0,共通倉庫,10,4524486093685,21SJ-14K ﾚｻﾞｰｼﾞｬｹｯﾄ BK XL 流水雪輪,,,2025-10-16,売上,421205.0,,,1.0,15.0,ANSIN MOTO CO.                           
0,共通倉庫,10,4524486093685,21SJ-14K ﾚｻﾞｰｼﾞｬｹｯﾄ BK XL 流水雪輪,,,2025-10-21,売上,421515.0,,,1.0,14.0,株式会社 とかげや                        
0,共通倉庫,10,4524486093685,21SJ-14K ﾚｻﾞｰｼﾞｬｹｯﾄ BK XL 流水雪輪,,,2025-10-22,仕入,36943.0,7227.0,7.0,,,IHSAN                                    
0,共通倉庫,10,4524486093685,21SJ-14K ﾚｻﾞｰｼﾞｬｹｯﾄ BK XL 流水雪輪,,,2025-10-22,仕入,36944.0,7213.0,8.0,,29.0,IHSAN                                    
0,共通倉庫,10,4524486093685,21SJ-14K ﾚｻﾞｰｼﾞｬｹｯﾄ BK XL 流水雪輪,,,2025-10-27,売上,421944.0,,,1.0,,ﾅｯﾌﾟｽ 東大阪店                           26
0,共通倉庫,10,4524486093685,21SJ-14K ﾚｻﾞｰｼﾞｬｹｯﾄ BK XL 流水雪輪,,,2025-10-27,売上,422063.0,,,1.0,27.0,南海部品株式会社                         
0,共通倉庫,10,4524486093685,21SJ-14K ﾚｻﾞｰｼﾞｬｹｯﾄ BK XL 流水雪輪,,,2025-11-04,売上,422621.0,,,2.0,,株式会社 桜士堂                          
0,共通倉庫,10,4524486093685,21SJ-14K ﾚｻﾞｰｼﾞｬｹｯﾄ BK XL 流水雪輪,,,2025-11-06,売上,423976.0,,,1.0,23.0,Evy Moto                                 
0,共通倉庫,10,4524486093685,21SJ-14K ﾚｻﾞｰｼﾞｬｹｯﾄ BK XL 流水雪輪,,,2025-11-10,売上,423188.0,,,1.0,22.0,いちげん                                 
0,共通倉庫,10,4524486093685,21SJ-14K ﾚｻﾞｰｼﾞｬｹｯﾄ BK XL 流水雪輪,,,2025-11-12,売上,423395.0,,,1.0,21.0,ﾗｲｺﾗﾝﾄﾞ 沖縄店                           2071 株式会社 ｺｼﾀﾞﾃｯｸ
0,共通倉庫,10,4524486093685,21SJ-14K ﾚｻﾞｰｼﾞｬｹｯﾄ BK XL 流水雪輪,,,2025-12-08,売上,425354.0,,,1.0,20.0,南海部品株式会社                         
0,共通倉庫,10,4524486093685,21SJ-14K ﾚｻﾞｰｼﾞｬｹｯﾄ BK XL 流水雪輪,,,2025-12-09,売上,425549.0,,,3.0,17.0,株式会社 桜士堂                          
0,共通倉庫,10,4524486093685,21SJ-14K ﾚｻﾞｰｼﾞｬｹｯﾄ BK XL 流水雪輪,,,2025-12-12,売上,425834.0,,,1.0,16.0,いちげん                                 
0,共通倉庫,10,4524486093685,21SJ-14K ﾚｻﾞｰｼﾞｬｹｯﾄ BK XL 流水雪輪,,,2025-12-18,売上,426333.0,,,1.0,15.0,横浜ﾌﾙﾌｨﾙﾒﾝﾄｾﾝﾀｰ                         株式会社ﾘﾊﾞｰｸﾚｲﾝ
0,共通倉庫,10,4524486093685,21SJ-14K ﾚｻﾞｰｼﾞｬｹｯﾄ BK XL 流水雪輪,,,2025-12-24,売上,426684.0,,,1.0,13.0,いちげん                                 
0,共通倉庫,10,4524486093685,21SJ-14K ﾚｻﾞｰｼﾞｬｹｯﾄ BK XL 流水雪輪,,,2025-12-25,売上,426802.0,,,1.0,12.0,ANSIN MOTO CO.                           
0,共通倉庫,10,4524486093685,21SJ-14K ﾚｻﾞｰｼﾞｬｹｯﾄ BK XL 流水雪輪,,,2026-01-06,売上,427387.0,,,1.0,11.0,株式会社 ｱｸﾄﾜｰﾙﾄﾞ                        
0,共通倉庫,10,4524486093685,21SJ-14K ﾚｻﾞｰｼﾞｬｹｯﾄ BK XL 流水雪輪,,,2026-01-11,売上,427732.0,,,1.0,10.0,デグナー京都本店                         
0,共通倉庫,10,4524486093685,21SJ-14K ﾚｻﾞｰｼﾞｬｹｯﾄ BK XL 流水雪輪,,,2026-01-22,売上,428431.0,,,1.0,9.0,ON-OFF Motobike Collections              International Co.
0,共通倉庫,10,4524486093685,21SJ-14K ﾚｻﾞｰｼﾞｬｹｯﾄ BK XL 流水雪輪,,,2026-02-10,売上,429509.0,,,1.0,8.0,FSM TRADING (HK) LIMITED/ Rider Shop HK  
0,共通倉庫,10,4524486093685,21SJ-14K ﾚｻﾞｰｼﾞｬｹｯﾄ BK XL 流水雪輪,,,2026-02-16,売上,429793.0,,,1.0,7.0,いちげん                                 
0,共通倉庫,10,4524486093685,21SJ-14K ﾚｻﾞｰｼﾞｬｹｯﾄ BK XL 流水雪輪,,,2026-02-17,売上,429870.0,,,1.0,6.0,いちげん                                 
0,共通倉庫,10,4524486093685,21SJ-14K ﾚｻﾞｰｼﾞｬｹｯﾄ BK XL 流水雪輪,,,2026-02-22,売上,430098.0,,,1.0,5.0,デグナー京都本店                         
0,共通倉庫,10,4524486093685,21SJ-14K ﾚｻﾞｰｼﾞｬｹｯﾄ BK XL 流水雪輪,,,2026-03-06,売上,430940.0,,,1.0,4.0,南海部品株式会社                         
0,共通倉庫,10,4524486093685,21SJ-14K ﾚｻﾞｰｼﾞｬｹｯﾄ BK XL 流水雪輪,,,2026-03-09,売上,431154.0,,,1.0,3.0,いちげん                                 
0,共通倉庫,10,4524486093685,21SJ-14K ﾚｻﾞｰｼﾞｬｹｯﾄ BK XL 流水雪輪,,,2026-03-11,売上,431429.0,,,1.0,2.0,南海部品株式会社                         
0,共通倉庫,10,4524486093685,21SJ-14K ﾚｻﾞｰｼﾞｬｹｯﾄ BK XL 流水雪輪,,,2026-03-25,売上,432500.0,,,1.0,0.0,いちげん                                 
0,共通倉庫,10,4524486093685,21SJ-14K ﾚｻﾞｰｼﾞｬｹｯﾄ BK XL 流水雪輪,,,2026-03-30,売上,432870.0,,,1.0,0.0,南海部品 鹿児島店                        3013 株式会社 ｺｼﾀﾞﾃｯｸ
0,共通倉庫,10,4524486093685,21SJ-14K ﾚｻﾞｰｼﾞｬｹｯﾄ BK XL 流水雪輪,,,2026-03-31,仕入,37847.0,7213.0,4.0,,,IHSAN                                    
0,共通倉庫,10,4524486093685,21SJ-14K ﾚｻﾞｰｼﾞｬｹｯﾄ BK XL 流水雪輪,,,2026-03-31,仕入,37849.0,7287.0,15.0,,,IHSAN                                    
0,共通倉庫,10,4524486093685,21SJ-14K ﾚｻﾞｰｼﾞｬｹｯﾄ BK XL 流水雪輪,,,2026-03-31,仕入,37852.0,7080.0,1.0,,20.0,IHSAN                                    
0,共通倉庫,10,4524486093685,21SJ-14K ﾚｻﾞｰｼﾞｬｹｯﾄ BK XL 流水雪輪,,,2026-04-02,売上,433134.0,,,1.0,,ﾗｲｺﾗﾝﾄﾞ TokyoBay東雲店                   2003 株式会社 ｺｼﾀﾞﾃｯｸ
0,共通倉庫,10,4524486093685,21SJ-14K ﾚｻﾞｰｼﾞｬｹｯﾄ BK XL 流水雪輪,,,2026-04-02,売上,433153.0,,,3.0,,株式会社 桜士堂                          
0,共通倉庫,10,4524486093685,21SJ-14K ﾚｻﾞｰｼﾞｬｹｯﾄ BK XL 流水雪輪,,,2026-04-02,売上,433160.0,,,1.0,,甲子園ﾌﾙﾌｨﾙﾒﾝﾄｾﾝﾀｰ                       株式会社ﾘﾊﾞｰｸﾚｲﾝ
0,共通倉庫,10,4524486093692,21SJ-14K ﾚｻﾞｰｼﾞｬｹｯﾄ BK M 桧垣桜,,,2021-03-03,仕入,25240.0,5276.0,8.0,,8.0,IHSAN                                    
0,共通倉庫,10,4524486093692,21SJ-14K ﾚｻﾞｰｼﾞｬｹｯﾄ BK M 桧垣桜,,,2021-03-10,売上,297836.0,,,1.0,7.0,南海部品 熊谷店                          3005 株式会社 ｺｼﾀﾞﾃｯｸ
0,共通倉庫,10,4524486093692,21SJ-14K ﾚｻﾞｰｼﾞｬｹｯﾄ BK M 桧垣桜,,,2021-03-31,仕入,25458.0,5444.0,3.0,,10.0,IHSAN                                    
0,共通倉庫,10,4524486093692,21SJ-14K ﾚｻﾞｰｼﾞｬｹｯﾄ BK M 桧垣桜,,,2021-04-01,売上,299662.0,,,1.0,9.0,いちげん                                 
0,共通倉庫,10,4524486093692,21SJ-14K ﾚｻﾞｰｼﾞｬｹｯﾄ BK M 桧垣桜,,,2021-04-08,売上,300245.0,,,1.0,8.0,ﾗｲｺﾗﾝﾄﾞ 水戸店                           2017 株式会社 ｺｼﾀﾞﾃｯｸ
0,共通倉庫,10,4524486093692,21SJ-14K ﾚｻﾞｰｼﾞｬｹｯﾄ BK M 桧垣桜,,,2021-04-09,売上,300291.0,,,1.0,7.0,ﾓﾄﾌｨｰﾙﾄﾞﾄﾞｯｶｰｽﾞ東京本店                  株式会社ﾜｰｽﾜｲﾙ
0,共通倉庫,10,4524486093692,21SJ-14K ﾚｻﾞｰｼﾞｬｹｯﾄ BK M 桧垣桜,,,2021-04-12,売上,300496.0,,,1.0,,ﾗｲｺﾗﾝﾄﾞ CuBe札幌白石店                   2015 株式会社 ｺｼﾀﾞﾃｯｸ
0,共通倉庫,10,4524486093692,21SJ-14K ﾚｻﾞｰｼﾞｬｹｯﾄ BK M 桧垣桜,,,2021-04-12,売上,300607.0,,,1.0,5.0,Honda DREAM 京都東                       株式会社 ﾚｵﾀﾆﾓﾄ
0,共通倉庫,10,4524486093692,21SJ-14K ﾚｻﾞｰｼﾞｬｹｯﾄ BK M 桧垣桜,,,2021-04-13,売上,300682.0,,,1.0,4.0,【閉店】ﾗｲｺﾗﾝﾄﾞCube都城                  2013 株式会社 ｺｼﾀﾞﾃｯｸ
0,共通倉庫,10,4524486093692,21SJ-14K ﾚｻﾞｰｼﾞｬｹｯﾄ BK M 桧垣桜,,,2021-06-03,売上,304630.0,,,1.0,3.0,デグナー京都本店                         
0,共通倉庫,10,4524486093692,21SJ-14K ﾚｻﾞｰｼﾞｬｹｯﾄ BK M 桧垣桜,,,2021-07-26,売上,308286.0,,,1.0,2.0,ﾊﾟｰｸｱｯﾌﾟ株式会社                         
0,共通倉庫,10,4524486093692,21SJ-14K ﾚｻﾞｰｼﾞｬｹｯﾄ BK M 桧垣桜,,,2021-08-05,売上,308973.0,,,1.0,1.0,ﾗｲｺﾗﾝﾄﾞ CuBe札幌白石店                   2015 株式会社 ｺｼﾀﾞﾃｯｸ
0,共通倉庫,10,4524486093692,21SJ-14K ﾚｻﾞｰｼﾞｬｹｯﾄ BK M 桧垣桜,,,2021-09-14,仕入,26669.0,4995.0,11.0,,,IHSAN                                    
0,共通倉庫,10,4524486093692,21SJ-14K ﾚｻﾞｰｼﾞｬｹｯﾄ BK M 桧垣桜,,,2021-09-14,売上,311639.0,,,1.0,11.0,ﾗｲｺﾗﾝﾄﾞ TokyoBay東雲店                   2003 株式会社 ｺｼﾀﾞﾃｯｸ
0,共通倉庫,10,4524486093692,21SJ-14K ﾚｻﾞｰｼﾞｬｹｯﾄ BK M 桧垣桜,,,2021-09-16,売上,311794.0,,,1.0,10.0,ﾗｲｺﾗﾝﾄﾞ 埼玉店                           1002 株式会社ﾗｲﾀﾞｰｽﾞ・ｻﾎﾟｰﾄ・ｶﾝﾊﾟﾆｰ
0,共通倉庫,10,4524486093692,21SJ-14K ﾚｻﾞｰｼﾞｬｹｯﾄ BK M 桧垣桜,,,2021-09-27,売上,312581.0,,,1.0,9.0,デグナー京都本店                         
0,共通倉庫,10,4524486093692,21SJ-14K ﾚｻﾞｰｼﾞｬｹｯﾄ BK M 桧垣桜,,,2021-09-29,売上,312816.0,,,1.0,8.0,ﾗｲｺﾗﾝﾄﾞ 小牧ｲﾝﾀｰ店                       2004 株式会社 ｺｼﾀﾞﾃｯｸ
0,共通倉庫,10,4524486093692,21SJ-14K ﾚｻﾞｰｼﾞｬｹｯﾄ BK M 桧垣桜,,,2021-10-05,売上,313174.0,,,1.0,7.0,ﾗｲｺﾗﾝﾄﾞ 小牧ｲﾝﾀｰ店                       2004 株式会社 ｺｼﾀﾞﾃｯｸ
0,共通倉庫,10,4524486093692,21SJ-14K ﾚｻﾞｰｼﾞｬｹｯﾄ BK M 桧垣桜,,,2021-10-07,売上,313425.0,,,1.0,6.0,ﾗｲｺﾗﾝﾄﾞ 小牧ｲﾝﾀｰ店                       2004 株式会社 ｺｼﾀﾞﾃｯｸ
0,共通倉庫,10,4524486093692,21SJ-14K ﾚｻﾞｰｼﾞｬｹｯﾄ BK M 桧垣桜,,,2021-10-08,売上,313455.0,,,1.0,5.0,株式会社 光輝 南海部品仙台店             
0,共通倉庫,10,4524486093692,21SJ-14K ﾚｻﾞｰｼﾞｬｹｯﾄ BK M 桧垣桜,,,2021-10-29,売上,315463.0,,,1.0,4.0,いちげん                                 
0,共通倉庫,10,4524486093692,21SJ-14K ﾚｻﾞｰｼﾞｬｹｯﾄ BK M 桧垣桜,,,2021-12-03,出荷,9419.0,,,1.0,2.0,棚卸し調整                               
0,共通倉庫,10,4524486093692,21SJ-14K ﾚｻﾞｰｼﾞｬｹｯﾄ BK M 桧垣桜,,,2021-12-10,売上,319047.0,,,1.0,1.0,いちげん                                 
0,共通倉庫,10,4524486093692,21SJ-14K ﾚｻﾞｰｼﾞｬｹｯﾄ BK M 桧垣桜,,,2021-12-29,売上,320872.0,,,1.0,0.0,デグナー京都本店                         
0,共通倉庫,10,4524486093692,21SJ-14K ﾚｻﾞｰｼﾞｬｹｯﾄ BK M 桧垣桜,,,2022-04-07,仕入,28426.0,5418.0,10.0,,10.0,IHSAN                                    
0,共通倉庫,10,4524486093692,21SJ-14K ﾚｻﾞｰｼﾞｬｹｯﾄ BK M 桧垣桜,,,2022-04-08,売上,329342.0,,,1.0,,株式会社 光輝 南海部品仙台店             
0,共通倉庫,10,4524486093692,21SJ-14K ﾚｻﾞｰｼﾞｬｹｯﾄ BK M 桧垣桜,,,2022-04-08,売上,329355.0,,,1.0,,ﾗｲｺﾗﾝﾄﾞ TokyoBay東雲店                   2003 株式会社 ｺｼﾀﾞﾃｯｸ
0,共通倉庫,10,4524486093692,21SJ-14K ﾚｻﾞｰｼﾞｬｹｯﾄ BK M 桧垣桜,,,2022-04-08,売上,329369.0,,,1.0,,株式会社ﾘﾊﾞｰｸﾚｲﾝ                         
0,共通倉庫,10,4524486093692,21SJ-14K ﾚｻﾞｰｼﾞｬｹｯﾄ BK M 桧垣桜,,,2022-04-08,売上,329403.0,,,1.0,,帝都産業 株式会社                        EC/海外事業部
0,共通倉庫,10,4524486093692,21SJ-14K ﾚｻﾞｰｼﾞｬｹｯﾄ BK M 桧垣桜,,,2022-04-10,売上,329674.0,,,1.0,4.0,いちげん                                 
0,共通倉庫,10,4524486093692,21SJ-14K ﾚｻﾞｰｼﾞｬｹｯﾄ BK M 桧垣桜,,,2022-04-11,売上,329556.0,,,1.0,,いちげん                                 
0,共通倉庫,10,4524486093692,21SJ-14K ﾚｻﾞｰｼﾞｬｹｯﾄ BK M 桧垣桜,,,2022-04-11,売上,329630.0,,,1.0,2.0,いちげん                                 
0,共通倉庫,10,4524486093692,21SJ-14K ﾚｻﾞｰｼﾞｬｹｯﾄ BK M 桧垣桜,,,2022-04-19,売上,330388.0,,,1.0,1.0,いちげん                                 
0,共通倉庫,10,4524486093692,21SJ-14K ﾚｻﾞｰｼﾞｬｹｯﾄ BK M 桧垣桜,,,2022-05-06,売上,331797.0,,,1.0,0.0,いちげん                                 
0,共通倉庫,10,4524486093692,21SJ-14K ﾚｻﾞｰｼﾞｬｹｯﾄ BK M 桧垣桜,,,2022-05-12,売上,332549.0,,,1.0,0.0,いちげん                                 
0,共通倉庫,10,4524486093692,21SJ-14K ﾚｻﾞｰｼﾞｬｹｯﾄ BK M 桧垣桜,,,2022-07-12,仕入,29216.0,6139.0,2.0,,,IHSAN                                    
0,共通倉庫,10,4524486093692,21SJ-14K ﾚｻﾞｰｼﾞｬｹｯﾄ BK M 桧垣桜,,,2022-07-12,仕入,29217.0,6139.0,11.0,,13.0,IHSAN                                    
0,共通倉庫,10,4524486093692,21SJ-14K ﾚｻﾞｰｼﾞｬｹｯﾄ BK M 桧垣桜,,,2022-07-13,売上,338393.0,,,1.0,,ﾗｲｺﾗﾝﾄﾞ CuBe札幌白石店                   2015 株式会社 ｺｼﾀﾞﾃｯｸ
0,共通倉庫,10,4524486093692,21SJ-14K ﾚｻﾞｰｼﾞｬｹｯﾄ BK M 桧垣桜,,,2022-08-12,仕入,29482.0,6274.0,11.0,,22.0,IHSAN                                    
0,共通倉庫,10,4524486093692,21SJ-14K ﾚｻﾞｰｼﾞｬｹｯﾄ BK M 桧垣桜,,,2022-08-30,売上,342003.0,,,1.0,21.0,ﾅｯﾌﾟｽ 福岡店                             18
0,共通倉庫,10,4524486093692,21SJ-14K ﾚｻﾞｰｼﾞｬｹｯﾄ BK M 桧垣桜,,,2022-09-09,売上,342832.0,,,1.0,20.0,ﾗｲｺﾗﾝﾄﾞ TokyoBay東雲店                   2003 株式会社 ｺｼﾀﾞﾃｯｸ
0,共通倉庫,10,4524486093692,21SJ-14K ﾚｻﾞｰｼﾞｬｹｯﾄ BK M 桧垣桜,,,2022-09-15,売上,343371.0,,,1.0,19.0,ﾗｲｺﾗﾝﾄﾞ 郡山店                           2008 株式会社 ｺｼﾀﾞﾃｯｸ
0,共通倉庫,10,4524486093692,21SJ-14K ﾚｻﾞｰｼﾞｬｹｯﾄ BK M 桧垣桜,,,2022-09-20,売上,343652.0,,,1.0,18.0,いちげん                                 
0,共通倉庫,10,4524486093692,21SJ-14K ﾚｻﾞｰｼﾞｬｹｯﾄ BK M 桧垣桜,,,2022-10-06,売上,345122.0,,,1.0,17.0,株式会社JTBふるさと開発事業部            
0,共通倉庫,10,4524486093692,21SJ-14K ﾚｻﾞｰｼﾞｬｹｯﾄ BK M 桧垣桜,,,2022-10-11,売上,345424.0,,,1.0,16.0,南海部品 太田店                          3007 株式会社 ｺｼﾀﾞﾃｯｸ
0,共通倉庫,10,4524486093692,21SJ-14K ﾚｻﾞｰｼﾞｬｹｯﾄ BK M 桧垣桜,,,2022-10-12,仕入,30030.0,6516.0,3.0,,19.0,IHSAN                                    
0,共通倉庫,10,4524486093692,21SJ-14K ﾚｻﾞｰｼﾞｬｹｯﾄ BK M 桧垣桜,,,2022-10-13,売上,345819.0,,,1.0,18.0,株式会社JTBふるさと開発事業部            
0,共通倉庫,10,4524486093692,21SJ-14K ﾚｻﾞｰｼﾞｬｹｯﾄ BK M 桧垣桜,,,2022-10-19,売上,346409.0,,,1.0,17.0,株式会社JTBふるさと開発事業部            
0,共通倉庫,10,4524486093692,21SJ-14K ﾚｻﾞｰｼﾞｬｹｯﾄ BK M 桧垣桜,,,2022-10-23,売上,346700.0,,,1.0,16.0,デグナー京都本店                         
0,共通倉庫,10,4524486093692,21SJ-14K ﾚｻﾞｰｼﾞｬｹｯﾄ BK M 桧垣桜,,,2022-10-24,売上,346786.0,,,1.0,15.0,いちげん                                 
0,共通倉庫,10,4524486093692,21SJ-14K ﾚｻﾞｰｼﾞｬｹｯﾄ BK M 桧垣桜,,,2022-10-25,売上,346975.0,,,1.0,14.0,株式会社JTBふるさと開発事業部            
0,共通倉庫,10,4524486093692,21SJ-14K ﾚｻﾞｰｼﾞｬｹｯﾄ BK M 桧垣桜,,,2022-11-21,売上,349339.0,,,1.0,13.0,南海部品 太田店                          3007 株式会社 ｺｼﾀﾞﾃｯｸ
0,共通倉庫,10,4524486093692,21SJ-14K ﾚｻﾞｰｼﾞｬｹｯﾄ BK M 桧垣桜,,,2022-11-29,売上,349941.0,,,1.0,11.0,株式会社JTBふるさと開発事業部            
0,共通倉庫,10,4524486093692,21SJ-14K ﾚｻﾞｰｼﾞｬｹｯﾄ BK M 桧垣桜,,,2022-12-06,売上,350518.0,,,1.0,10.0,株式会社JTBふるさと開発事業部            
0,共通倉庫,10,4524486093692,21SJ-14K ﾚｻﾞｰｼﾞｬｹｯﾄ BK M 桧垣桜,,,2022-12-08,売上,350636.0,,,1.0,9.0,株式会社JTBふるさと開発事業部            
0,共通倉庫,10,4524486093692,21SJ-14K ﾚｻﾞｰｼﾞｬｹｯﾄ BK M 桧垣桜,,,2022-12-13,売上,350999.0,,,1.0,,株式会社JTBふるさと開発事業部            
0,共通倉庫,10,4524486093692,21SJ-14K ﾚｻﾞｰｼﾞｬｹｯﾄ BK M 桧垣桜,,,2022-12-13,売上,351003.0,,,1.0,7.0,株式会社JTBふるさと開発事業部            
0,共通倉庫,10,4524486093692,21SJ-14K ﾚｻﾞｰｼﾞｬｹｯﾄ BK M 桧垣桜,,,2022-12-19,売上,351423.0,,,1.0,6.0,いちげん                                 
0,共通倉庫,10,4524486093692,21SJ-14K ﾚｻﾞｰｼﾞｬｹｯﾄ BK M 桧垣桜,,,2023-01-16,売上,352835.0,,,1.0,5.0,いちげん                                 
0,共通倉庫,10,4524486093692,21SJ-14K ﾚｻﾞｰｼﾞｬｹｯﾄ BK M 桧垣桜,,,2023-01-19,売上,353103.0,,,1.0,,株式会社JTBふるさと開発事業部            
0,共通倉庫,10,4524486093692,21SJ-14K ﾚｻﾞｰｼﾞｬｹｯﾄ BK M 桧垣桜,,,2023-01-19,売上,353106.0,,,1.0,3.0,株式会社JTBふるさと開発事業部            
0,共通倉庫,10,4524486093692,21SJ-14K ﾚｻﾞｰｼﾞｬｹｯﾄ BK M 桧垣桜,,,2023-01-24,売上,352945.0,,,1.0,,ﾅｯﾌﾟｽ 堺ｲﾝﾀｰ店                           35
0,共通倉庫,10,4524486093692,21SJ-14K ﾚｻﾞｰｼﾞｬｹｯﾄ BK M 桧垣桜,,,2023-01-24,売上,353380.0,,,1.0,1.0,ANSIN MOTO CO.                           
0,共通倉庫,10,4524486093692,21SJ-14K ﾚｻﾞｰｼﾞｬｹｯﾄ BK M 桧垣桜,,,2023-02-16,仕入,30966.0,5925.0,5.0,,6.0,IHSAN                                    
0,共通倉庫,10,4524486093692,21SJ-14K ﾚｻﾞｰｼﾞｬｹｯﾄ BK M 桧垣桜,,,2023-02-21,売上,354734.0,,,1.0,5.0,ﾅｯﾌﾟｽ ららぽーと立川立飛店               36
0,共通倉庫,10,4524486093692,21SJ-14K ﾚｻﾞｰｼﾞｬｹｯﾄ BK M 桧垣桜,,,2023-02-24,出荷,10353.0,,,1.0,4.0,棚卸し調整                               
0,共通倉庫,10,4524486093692,21SJ-14K ﾚｻﾞｰｼﾞｬｹｯﾄ BK M 桧垣桜,,,2023-03-22,売上,357308.0,,,1.0,3.0,ﾅｯﾌﾟｽ 福岡店                             18
0,共通倉庫,10,4524486093692,21SJ-14K ﾚｻﾞｰｼﾞｬｹｯﾄ BK M 桧垣桜,,,2023-03-25,売上,357580.0,,,1.0,2.0,デグナー京都本店                         
0,共通倉庫,10,4524486093692,21SJ-14K ﾚｻﾞｰｼﾞｬｹｯﾄ BK M 桧垣桜,,,2023-04-04,売上,358562.0,,,1.0,1.0,SEED 岡崎店SPROUT                        2051 株式会社 ｺｼﾀﾞﾃｯｸ
0,共通倉庫,10,4524486093692,21SJ-14K ﾚｻﾞｰｼﾞｬｹｯﾄ BK M 桧垣桜,,,2023-04-14,仕入,31450.0,6085.0,5.0,,,IHSAN                                    
0,共通倉庫,10,4524486093692,21SJ-14K ﾚｻﾞｰｼﾞｬｹｯﾄ BK M 桧垣桜,,,2023-04-14,仕入,31452.0,6085.0,5.0,,11.0,IHSAN                                    
0,共通倉庫,10,4524486093692,21SJ-14K ﾚｻﾞｰｼﾞｬｹｯﾄ BK M 桧垣桜,,,2023-04-19,売上,359738.0,,,1.0,10.0,株式会社JTBふるさと開発事業部            
0,共通倉庫,10,4524486093692,21SJ-14K ﾚｻﾞｰｼﾞｬｹｯﾄ BK M 桧垣桜,,,2023-04-24,売上,360040.0,,,1.0,9.0,いちげん                                 
0,共通倉庫,10,4524486093692,21SJ-14K ﾚｻﾞｰｼﾞｬｹｯﾄ BK M 桧垣桜,,,2023-04-29,売上,360429.0,,,1.0,8.0,デグナー京都本店                         
0,共通倉庫,10,4524486093692,21SJ-14K ﾚｻﾞｰｼﾞｬｹｯﾄ BK M 桧垣桜,,,2023-05-09,売上,361156.0,,,1.0,7.0,ﾗｲｺﾗﾝﾄﾞ TokyoBay東雲店                   2003 株式会社 ｺｼﾀﾞﾃｯｸ
0,共通倉庫,10,4524486093692,21SJ-14K ﾚｻﾞｰｼﾞｬｹｯﾄ BK M 桧垣桜,,,2023-05-23,仕入,31733.0,6378.0,5.0,,12.0,IHSAN                                    
0,共通倉庫,10,4524486093692,21SJ-14K ﾚｻﾞｰｼﾞｬｹｯﾄ BK M 桧垣桜,,,2023-05-31,売上,362756.0,,,1.0,11.0,株式会社JTBふるさと開発事業部            
0,共通倉庫,10,4524486093692,21SJ-14K ﾚｻﾞｰｼﾞｬｹｯﾄ BK M 桧垣桜,,,2023-06-05,売上,363065.0,,,-1.0,,ﾅｯﾌﾟｽ 堺ｲﾝﾀｰ店                           35
0,共通倉庫,10,4524486093692,21SJ-14K ﾚｻﾞｰｼﾞｬｹｯﾄ BK M 桧垣桜,,,2023-06-05,売上,363065.0,,,1.0,11.0,ﾅｯﾌﾟｽ 堺ｲﾝﾀｰ店                           35
0,共通倉庫,10,4524486093692,21SJ-14K ﾚｻﾞｰｼﾞｬｹｯﾄ BK M 桧垣桜,,,2023-06-07,売上,363224.0,,,1.0,9.0,ANSIN MOTO CO.                           
0,共通倉庫,10,4524486093692,21SJ-14K ﾚｻﾞｰｼﾞｬｹｯﾄ BK M 桧垣桜,,,2023-06-20,仕入,31936.0,6378.0,5.0,,14.0,IHSAN                                    
0,共通倉庫,10,4524486093692,21SJ-14K ﾚｻﾞｰｼﾞｬｹｯﾄ BK M 桧垣桜,,,2023-06-30,売上,364590.0,,,1.0,,有限会社ﾃｨﾋﾟﾓｰﾀｰｻｲｸﾙ                     
0,共通倉庫,10,4524486093692,21SJ-14K ﾚｻﾞｰｼﾞｬｹｯﾄ BK M 桧垣桜,,,2023-06-30,売上,364590.0,,,3.0,10.0,有限会社ﾃｨﾋﾟﾓｰﾀｰｻｲｸﾙ                     
0,共通倉庫,10,4524486093692,21SJ-14K ﾚｻﾞｰｼﾞｬｹｯﾄ BK M 桧垣桜,,,2023-07-24,売上,366026.0,,,1.0,9.0,株式会社JTBふるさと開発事業部            
0,共通倉庫,10,4524486093692,21SJ-14K ﾚｻﾞｰｼﾞｬｹｯﾄ BK M 桧垣桜,,,2023-08-01,仕入,32236.0,6445.0,10.0,,,IHSAN                                    
0,共通倉庫,10,4524486093692,21SJ-14K ﾚｻﾞｰｼﾞｬｹｯﾄ BK M 桧垣桜,,,2023-08-01,売上,366509.0,,,1.0,18.0,帝都産業 株式会社                        EC/海外事業部
0,共通倉庫,10,4524486093692,21SJ-14K ﾚｻﾞｰｼﾞｬｹｯﾄ BK M 桧垣桜,,,2023-08-10,売上,367090.0,,,1.0,17.0,ﾗｲｺﾗﾝﾄﾞ CuBe札幌白石店                   2015 株式会社 ｺｼﾀﾞﾃｯｸ
0,共通倉庫,10,4524486093692,21SJ-14K ﾚｻﾞｰｼﾞｬｹｯﾄ BK M 桧垣桜,,,2023-08-17,売上,367436.0,,,1.0,16.0,株式会社JTBふるさと開発事業部            
0,共通倉庫,10,4524486093692,21SJ-14K ﾚｻﾞｰｼﾞｬｹｯﾄ BK M 桧垣桜,,,2023-08-24,売上,367773.0,,,1.0,15.0,株式会社JTBふるさと開発事業部            
0,共通倉庫,10,4524486093692,21SJ-14K ﾚｻﾞｰｼﾞｬｹｯﾄ BK M 桧垣桜,,,2023-08-28,仕入,32393.0,6711.0,10.0,,25.0,IHSAN                                    
0,共通倉庫,10,4524486093692,21SJ-14K ﾚｻﾞｰｼﾞｬｹｯﾄ BK M 桧垣桜,,,2023-09-20,売上,369586.0,,,1.0,24.0,株式会社JTBふるさと開発事業部            
0,共通倉庫,10,4524486093692,21SJ-14K ﾚｻﾞｰｼﾞｬｹｯﾄ BK M 桧垣桜,,,2023-09-29,売上,369705.0,,,1.0,,ﾅｯﾌﾟｽ 岡山店                             20
0,共通倉庫,10,4524486093692,21SJ-14K ﾚｻﾞｰｼﾞｬｹｯﾄ BK M 桧垣桜,,,2023-09-29,売上,370139.0,,,1.0,22.0,株式会社JTBふるさと開発事業部            
0,共通倉庫,10,4524486093692,21SJ-14K ﾚｻﾞｰｼﾞｬｹｯﾄ BK M 桧垣桜,,,2023-10-02,売上,370251.0,,,1.0,21.0,ﾗｲｺﾗﾝﾄﾞ TokyoBay東雲店                   2003 株式会社 ｺｼﾀﾞﾃｯｸ
0,共通倉庫,10,4524486093692,21SJ-14K ﾚｻﾞｰｼﾞｬｹｯﾄ BK M 桧垣桜,,,2023-10-14,売上,371157.0,,,1.0,20.0,デグナー京都本店                         
0,共通倉庫,10,4524486093692,21SJ-14K ﾚｻﾞｰｼﾞｬｹｯﾄ BK M 桧垣桜,,,2023-10-24,売上,371902.0,,,1.0,18.0,いちげん                                 
0,共通倉庫,10,4524486093692,21SJ-14K ﾚｻﾞｰｼﾞｬｹｯﾄ BK M 桧垣桜,,,2023-10-26,売上,372026.0,,,1.0,17.0,ﾊﾟｰｸｱｯﾌﾟ株式会社                         
0,共通倉庫,10,4524486093692,21SJ-14K ﾚｻﾞｰｼﾞｬｹｯﾄ BK M 桧垣桜,,,2023-11-01,仕入,32714.0,6915.0,10.0,,27.0,IHSAN                                    
0,共通倉庫,10,4524486093692,21SJ-14K ﾚｻﾞｰｼﾞｬｹｯﾄ BK M 桧垣桜,,,2023-11-07,売上,372864.0,,,1.0,26.0,株式会社JTBふるさと開発事業部            
0,共通倉庫,10,4524486093692,21SJ-14K ﾚｻﾞｰｼﾞｬｹｯﾄ BK M 桧垣桜,,,2023-11-16,売上,373444.0,,,1.0,25.0,デグナー京都本店                         
0,共通倉庫,10,4524486093692,21SJ-14K ﾚｻﾞｰｼﾞｬｹｯﾄ BK M 桧垣桜,,,2023-11-20,売上,373597.0,,,1.0,24.0,208 246溝口2りんかん                     株式会社2りんかんｲｴﾛｰﾊｯﾄ
0,共通倉庫,10,4524486093692,21SJ-14K ﾚｻﾞｰｼﾞｬｹｯﾄ BK M 桧垣桜,,,2023-11-24,売上,373844.0,,,1.0,23.0,株式会社ﾘﾊﾞｰｸﾚｲﾝ                         
0,共通倉庫,10,4524486093692,21SJ-14K ﾚｻﾞｰｼﾞｬｹｯﾄ BK M 桧垣桜,,,2023-11-30,売上,374274.0,,,1.0,22.0,ANSIN MOTO CO.                           
0,共通倉庫,10,4524486093692,21SJ-14K ﾚｻﾞｰｼﾞｬｹｯﾄ BK M 桧垣桜,,,2023-12-08,売上,374784.0,,,1.0,21.0,株式会社JTBふるさと開発事業部            
0,共通倉庫,10,4524486093692,21SJ-14K ﾚｻﾞｰｼﾞｬｹｯﾄ BK M 桧垣桜,,,2023-12-19,仕入,32953.0,6638.0,5.0,,26.0,IHSAN                                    
0,共通倉庫,10,4524486093692,21SJ-14K ﾚｻﾞｰｼﾞｬｹｯﾄ BK M 桧垣桜,,,2023-12-28,売上,375975.0,,,1.0,25.0,株式会社JTBふるさと開発事業部            
0,共通倉庫,10,4524486093692,21SJ-14K ﾚｻﾞｰｼﾞｬｹｯﾄ BK M 桧垣桜,,,2024-01-15,売上,376689.0,,,-1.0,26.0,ﾅｯﾌﾟｽ 岡山店                             20
0,共通倉庫,10,4524486093692,21SJ-14K ﾚｻﾞｰｼﾞｬｹｯﾄ BK M 桧垣桜,,,2024-01-16,売上,376789.0,,,1.0,25.0,株式会社JTBふるさと開発事業部            
0,共通倉庫,10,4524486093692,21SJ-14K ﾚｻﾞｰｼﾞｬｹｯﾄ BK M 桧垣桜,,,2024-01-17,売上,376854.0,,,1.0,24.0,いちげん                                 
0,共通倉庫,10,4524486093692,21SJ-14K ﾚｻﾞｰｼﾞｬｹｯﾄ BK M 桧垣桜,,,2024-01-19,売上,376952.0,,,1.0,23.0,株式会社JTBふるさと開発事業部            
0,共通倉庫,10,4524486093692,21SJ-14K ﾚｻﾞｰｼﾞｬｹｯﾄ BK M 桧垣桜,,,2024-01-24,仕入,33159.0,6841.0,10.0,,,IHSAN                                    
0,共通倉庫,10,4524486093692,21SJ-14K ﾚｻﾞｰｼﾞｬｹｯﾄ BK M 桧垣桜,,,2024-01-24,売上,377159.0,,,1.0,31.0,ANSIN MOTO CO.                           
0,共通倉庫,10,4524486093692,21SJ-14K ﾚｻﾞｰｼﾞｬｹｯﾄ BK M 桧垣桜,,,2024-01-25,売上,377187.0,,,1.0,30.0,ﾗｲｺﾗﾝﾄﾞ TokyoBay東雲店                   2003 株式会社 ｺｼﾀﾞﾃｯｸ
0,共通倉庫,10,4524486093692,21SJ-14K ﾚｻﾞｰｼﾞｬｹｯﾄ BK M 桧垣桜,,,2024-02-03,売上,377585.0,,,1.0,29.0,デグナー京都本店                         
0,共通倉庫,10,4524486093692,21SJ-14K ﾚｻﾞｰｼﾞｬｹｯﾄ BK M 桧垣桜,,,2024-02-19,売上,378320.0,,,1.0,28.0,いちげん                                 
0,共通倉庫,10,4524486093692,21SJ-14K ﾚｻﾞｰｼﾞｬｹｯﾄ BK M 桧垣桜,,,2024-03-01,売上,378922.0,,,1.0,27.0,ﾗｲｺﾗﾝﾄﾞ 柏店                             1001 株式会社ﾗｲﾀﾞｰｽﾞ・ｻﾎﾟｰﾄ・ｶﾝﾊﾟﾆｰ
0,共通倉庫,10,4524486093692,21SJ-14K ﾚｻﾞｰｼﾞｬｹｯﾄ BK M 桧垣桜,,,2024-03-19,売上,379890.0,,,1.0,,株式会社 ﾓﾉﾀﾞｲﾚｸﾄ                        
0,共通倉庫,10,4524486093692,21SJ-14K ﾚｻﾞｰｼﾞｬｹｯﾄ BK M 桧垣桜,,,2024-03-19,売上,379923.0,,,1.0,25.0,ﾊﾟｰｸｱｯﾌﾟ株式会社                         
0,共通倉庫,10,4524486093692,21SJ-14K ﾚｻﾞｰｼﾞｬｹｯﾄ BK M 桧垣桜,,,2024-03-21,売上,380019.0,,,1.0,24.0,ﾗｲｺﾗﾝﾄﾞ CuBe札幌白石店                   2015 株式会社 ｺｼﾀﾞﾃｯｸ
0,共通倉庫,10,4524486093692,21SJ-14K ﾚｻﾞｰｼﾞｬｹｯﾄ BK M 桧垣桜,,,2024-03-22,売上,380154.0,,,1.0,23.0,ﾗｲｺﾗﾝﾄﾞ TokyoBay東雲店                   2003 株式会社 ｺｼﾀﾞﾃｯｸ
0,共通倉庫,10,4524486093692,21SJ-14K ﾚｻﾞｰｼﾞｬｹｯﾄ BK M 桧垣桜,,,2024-04-03,売上,380961.0,,,1.0,22.0,ﾗｲｺﾗﾝﾄﾞ CuBe札幌白石店                   2015 株式会社 ｺｼﾀﾞﾃｯｸ
0,共通倉庫,10,4524486093692,21SJ-14K ﾚｻﾞｰｼﾞｬｹｯﾄ BK M 桧垣桜,,,2024-04-05,売上,381078.0,,,1.0,21.0,株式会社JTBふるさと開発事業部            
0,共通倉庫,10,4524486093692,21SJ-14K ﾚｻﾞｰｼﾞｬｹｯﾄ BK M 桧垣桜,,,2024-04-08,売上,381201.0,,,1.0,20.0,ﾗｲｺﾗﾝﾄﾞ 盛岡店                           2021 株式会社 ｺｼﾀﾞﾃｯｸ
0,共通倉庫,10,4524486093692,21SJ-14K ﾚｻﾞｰｼﾞｬｹｯﾄ BK M 桧垣桜,,,2024-04-18,売上,381978.0,,,1.0,,ﾗｲｺﾗﾝﾄﾞ TokyoBay東雲店                   2003 株式会社 ｺｼﾀﾞﾃｯｸ
0,共通倉庫,10,4524486093692,21SJ-14K ﾚｻﾞｰｼﾞｬｹｯﾄ BK M 桧垣桜,,,2024-04-18,売上,382021.0,,,1.0,18.0,株式会社JTBふるさと開発事業部            
0,共通倉庫,10,4524486093692,21SJ-14K ﾚｻﾞｰｼﾞｬｹｯﾄ BK M 桧垣桜,,,2024-05-22,売上,384383.0,,,1.0,17.0,ﾗｲｺﾗﾝﾄﾞ 新潟店                           2031 株式会社 ｺｼﾀﾞﾃｯｸ
0,共通倉庫,10,4524486093692,21SJ-14K ﾚｻﾞｰｼﾞｬｹｯﾄ BK M 桧垣桜,,,2024-05-27,売上,384701.0,,,1.0,16.0,いちげん                                 
0,共通倉庫,10,4524486093692,21SJ-14K ﾚｻﾞｰｼﾞｬｹｯﾄ BK M 桧垣桜,,,2024-05-28,売上,384797.0,,,1.0,15.0,いちげん                                 
0,共通倉庫,10,4524486093692,21SJ-14K ﾚｻﾞｰｼﾞｬｹｯﾄ BK M 桧垣桜,,,2024-06-03,売上,385178.0,,,1.0,14.0,ﾗｲｺﾗﾝﾄﾞ TokyoBay東雲店                   2003 株式会社 ｺｼﾀﾞﾃｯｸ
0,共通倉庫,10,4524486093692,21SJ-14K ﾚｻﾞｰｼﾞｬｹｯﾄ BK M 桧垣桜,,,2024-06-12,売上,385772.0,,,1.0,13.0,ﾗｲｺﾗﾝﾄﾞ 新潟店                           2031 株式会社 ｺｼﾀﾞﾃｯｸ
0,共通倉庫,10,4524486093692,21SJ-14K ﾚｻﾞｰｼﾞｬｹｯﾄ BK M 桧垣桜,,,2024-06-14,仕入,33934.0,7182.0,3.0,,16.0,IHSAN                                    
0,共通倉庫,10,4524486093692,21SJ-14K ﾚｻﾞｰｼﾞｬｹｯﾄ BK M 桧垣桜,,,2024-07-05,売上,387257.0,,,1.0,15.0,株式会社JTBふるさと開発事業部            
0,共通倉庫,10,4524486093692,21SJ-14K ﾚｻﾞｰｼﾞｬｹｯﾄ BK M 桧垣桜,,,2024-08-07,仕入,34261.0,7267.0,16.0,,,IHSAN                                    
0,共通倉庫,10,4524486093692,21SJ-14K ﾚｻﾞｰｼﾞｬｹｯﾄ BK M 桧垣桜,,,2024-08-07,売上,389536.0,,,1.0,30.0,株式会社JTBふるさと開発事業部            
0,共通倉庫,10,4524486093692,21SJ-14K ﾚｻﾞｰｼﾞｬｹｯﾄ BK M 桧垣桜,,,2024-08-19,売上,390107.0,,,1.0,29.0,いちげん                                 
0,共通倉庫,10,4524486093692,21SJ-14K ﾚｻﾞｰｼﾞｬｹｯﾄ BK M 桧垣桜,,,2024-09-25,売上,392209.0,,,1.0,28.0,株式会社 とかげや                        
0,共通倉庫,10,4524486093692,21SJ-14K ﾚｻﾞｰｼﾞｬｹｯﾄ BK M 桧垣桜,,,2024-09-26,売上,392323.0,,,1.0,,ﾅｯﾌﾟｽ 座間店                             25
0,共通倉庫,10,4524486093692,21SJ-14K ﾚｻﾞｰｼﾞｬｹｯﾄ BK M 桧垣桜,,,2024-09-27,売上,392385.0,,,1.0,25.0,南海部品 鹿児島店                        3013 株式会社 ｺｼﾀﾞﾃｯｸ
0,共通倉庫,10,4524486093692,21SJ-14K ﾚｻﾞｰｼﾞｬｹｯﾄ BK M 桧垣桜,,,2024-09-30,売上,392556.0,,,1.0,,いちげん                                 
0,共通倉庫,10,4524486093692,21SJ-14K ﾚｻﾞｰｼﾞｬｹｯﾄ BK M 桧垣桜,,,2024-09-30,売上,392570.0,,,1.0,23.0,有限会社 ﾊﾞｲｸﾊｳｽ阿部                     
0,共通倉庫,10,4524486093692,21SJ-14K ﾚｻﾞｰｼﾞｬｹｯﾄ BK M 桧垣桜,,,2024-10-01,売上,392659.0,,,1.0,,株式会社JTBふるさと開発事業部            
0,共通倉庫,10,4524486093692,21SJ-14K ﾚｻﾞｰｼﾞｬｹｯﾄ BK M 桧垣桜,,,2024-10-01,売上,392663.0,,,1.0,21.0,ﾅｯﾌﾟｽ 新横浜店                           30
0,共通倉庫,10,4524486093692,21SJ-14K ﾚｻﾞｰｼﾞｬｹｯﾄ BK M 桧垣桜,,,2024-10-09,売上,393187.0,,,1.0,20.0,ﾗｲｺﾗﾝﾄﾞ 新潟店                           2031 株式会社 ｺｼﾀﾞﾃｯｸ
0,共通倉庫,10,4524486093692,21SJ-14K ﾚｻﾞｰｼﾞｬｹｯﾄ BK M 桧垣桜,,,2024-10-16,売上,393710.0,,,1.0,18.0,ﾅｯﾌﾟｽ 岡山店                             20
0,共通倉庫,10,4524486093692,21SJ-14K ﾚｻﾞｰｼﾞｬｹｯﾄ BK M 桧垣桜,,,2024-10-17,売上,393895.0,,,1.0,17.0,株式会社JTBふるさと開発事業部            
0,共通倉庫,10,4524486093692,21SJ-14K ﾚｻﾞｰｼﾞｬｹｯﾄ BK M 桧垣桜,,,2024-11-01,売上,394941.0,,,1.0,16.0,ﾗｲｺﾗﾝﾄﾞ 福岡空港店                       2028 株式会社 ｺｼﾀﾞﾃｯｸ
0,共通倉庫,10,4524486093692,21SJ-14K ﾚｻﾞｰｼﾞｬｹｯﾄ BK M 桧垣桜,,,2024-11-05,売上,395138.0,,,1.0,15.0,株式会社JTBふるさと開発事業部            
0,共通倉庫,10,4524486093692,21SJ-14K ﾚｻﾞｰｼﾞｬｹｯﾄ BK M 桧垣桜,,,2024-11-06,売上,395341.0,,,1.0,14.0,株式会社JTBふるさと開発事業部            
0,共通倉庫,10,4524486093692,21SJ-14K ﾚｻﾞｰｼﾞｬｹｯﾄ BK M 桧垣桜,,,2024-11-08,売上,395483.0,,,1.0,,株式会社JTBふるさと開発事業部            
0,共通倉庫,10,4524486093692,21SJ-14K ﾚｻﾞｰｼﾞｬｹｯﾄ BK M 桧垣桜,,,2024-11-08,売上,395484.0,,,1.0,12.0,株式会社JTBふるさと開発事業部            
0,共通倉庫,10,4524486093692,21SJ-14K ﾚｻﾞｰｼﾞｬｹｯﾄ BK M 桧垣桜,,,2024-11-11,売上,395697.0,,,1.0,11.0,ﾅｯﾌﾟｽ 仙台泉ｲﾝﾀｰ店                       19
0,共通倉庫,10,4524486093692,21SJ-14K ﾚｻﾞｰｼﾞｬｹｯﾄ BK M 桧垣桜,,,2024-11-19,売上,396248.0,,,1.0,10.0,南海部品 鹿児島店                        3013 株式会社 ｺｼﾀﾞﾃｯｸ
0,共通倉庫,10,4524486093692,21SJ-14K ﾚｻﾞｰｼﾞｬｹｯﾄ BK M 桧垣桜,,,2024-11-25,売上,396749.0,,,1.0,9.0,ﾅｯﾌﾟｽ 前橋店                             17
0,共通倉庫,10,4524486093692,21SJ-14K ﾚｻﾞｰｼﾞｬｹｯﾄ BK M 桧垣桜,,,2024-11-26,売上,396801.0,,,1.0,8.0,いちげん                                 
0,共通倉庫,10,4524486093692,21SJ-14K ﾚｻﾞｰｼﾞｬｹｯﾄ BK M 桧垣桜,,,2024-11-28,売上,397036.0,,,1.0,7.0,株式会社JTBふるさと開発事業部            
0,共通倉庫,10,4524486093692,21SJ-14K ﾚｻﾞｰｼﾞｬｹｯﾄ BK M 桧垣桜,,,2024-11-29,売上,397063.0,,,1.0,6.0,ﾊﾟｰｸｱｯﾌﾟ株式会社                         
0,共通倉庫,10,4524486093692,21SJ-14K ﾚｻﾞｰｼﾞｬｹｯﾄ BK M 桧垣桜,,,2024-12-05,売上,397497.0,,,1.0,5.0,帝都産業 株式会社                        EC/海外事業部
0,共通倉庫,10,4524486093692,21SJ-14K ﾚｻﾞｰｼﾞｬｹｯﾄ BK M 桧垣桜,,,2024-12-12,売上,398114.0,,,1.0,4.0,いちげん                                 
0,共通倉庫,10,4524486093692,21SJ-14K ﾚｻﾞｰｼﾞｬｹｯﾄ BK M 桧垣桜,,,2024-12-16,売上,398508.0,,,1.0,3.0,いちげん                                 
0,共通倉庫,10,4524486093692,21SJ-14K ﾚｻﾞｰｼﾞｬｹｯﾄ BK M 桧垣桜,,,2024-12-19,売上,398754.0,,,1.0,,株式会社JTBふるさと開発事業部            
0,共通倉庫,10,4524486093692,21SJ-14K ﾚｻﾞｰｼﾞｬｹｯﾄ BK M 桧垣桜,,,2024-12-19,売上,398756.0,,,1.0,1.0,株式会社JTBふるさと開発事業部            
0,共通倉庫,10,4524486093692,21SJ-14K ﾚｻﾞｰｼﾞｬｹｯﾄ BK M 桧垣桜,,,2025-01-17,売上,400700.0,,,-1.0,2.0,ﾅｯﾌﾟｽ 座間店                             25
0,共通倉庫,10,4524486093692,21SJ-14K ﾚｻﾞｰｼﾞｬｹｯﾄ BK M 桧垣桜,,,2025-01-22,売上,400949.0,,,-1.0,3.0,ﾅｯﾌﾟｽ 新横浜店                           30
0,共通倉庫,10,4524486093692,21SJ-14K ﾚｻﾞｰｼﾞｬｹｯﾄ BK M 桧垣桜,,,2025-02-04,売上,401591.0,,,1.0,2.0,株式会社JTBふるさと開発事業部            
0,共通倉庫,10,4524486093692,21SJ-14K ﾚｻﾞｰｼﾞｬｹｯﾄ BK M 桧垣桜,,,2025-02-05,仕入,35150.0,7213.0,1.0,,,IHSAN                                    
0,共通倉庫,10,4524486093692,21SJ-14K ﾚｻﾞｰｼﾞｬｹｯﾄ BK M 桧垣桜,,,2025-02-05,売上,401661.0,,,1.0,2.0,株式会社JTBふるさと開発事業部            
0,共通倉庫,10,4524486093692,21SJ-14K ﾚｻﾞｰｼﾞｬｹｯﾄ BK M 桧垣桜,,,2025-02-06,売上,401682.0,,,1.0,1.0,株式会社 とかげや                        
0,共通倉庫,10,4524486093692,21SJ-14K ﾚｻﾞｰｼﾞｬｹｯﾄ BK M 桧垣桜,,,2025-02-21,売上,402543.0,,,1.0,0.0,株式会社 ｶﾑｲｵｰﾄ高森店                    
0,共通倉庫,10,4524486093692,21SJ-14K ﾚｻﾞｰｼﾞｬｹｯﾄ BK M 桧垣桜,,,2025-03-24,仕入,35456.0,6899.0,4.0,,4.0,IHSAN                                    
0,共通倉庫,10,4524486093692,21SJ-14K ﾚｻﾞｰｼﾞｬｹｯﾄ BK M 桧垣桜,,,2025-03-26,売上,404885.0,,,1.0,3.0,ﾗｲｺﾗﾝﾄﾞ 沖縄店                           2071 株式会社 ｺｼﾀﾞﾃｯｸ
0,共通倉庫,10,4524486093692,21SJ-14K ﾚｻﾞｰｼﾞｬｹｯﾄ BK M 桧垣桜,,,2025-03-27,売上,404981.0,,,1.0,,ﾗｲｺﾗﾝﾄﾞ 柏店                             1001 株式会社ﾗｲﾀﾞｰｽﾞ・ｻﾎﾟｰﾄ・ｶﾝﾊﾟﾆｰ
0,共通倉庫,10,4524486093692,21SJ-14K ﾚｻﾞｰｼﾞｬｹｯﾄ BK M 桧垣桜,,,2025-03-27,売上,405036.0,,,1.0,1.0,FSM TRADING (HK) LIMITED/ Rider Shop HK  
0,共通倉庫,10,4524486093692,21SJ-14K ﾚｻﾞｰｼﾞｬｹｯﾄ BK M 桧垣桜,,,2025-04-01,売上,405407.0,,,1.0,0.0,株式会社JTBふるさと開発事業部            
0,共通倉庫,10,4524486093692,21SJ-14K ﾚｻﾞｰｼﾞｬｹｯﾄ BK M 桧垣桜,,,2025-05-20,仕入,35887.0,6560.0,4.0,,,IHSAN                                    
0,共通倉庫,10,4524486093692,21SJ-14K ﾚｻﾞｰｼﾞｬｹｯﾄ BK M 桧垣桜,,,2025-05-20,仕入,35890.0,6727.0,1.0,,5.0,IHSAN                                    
0,共通倉庫,10,4524486093692,21SJ-14K ﾚｻﾞｰｼﾞｬｹｯﾄ BK M 桧垣桜,,,2025-05-22,売上,409718.0,,,1.0,,株式会社 光輝 南海部品仙台店             
0,共通倉庫,10,4524486093692,21SJ-14K ﾚｻﾞｰｼﾞｬｹｯﾄ BK M 桧垣桜,,,2025-05-22,売上,409733.0,,,1.0,,ﾗｲｺﾗﾝﾄﾞ TokyoBay東雲店                   2003 株式会社 ｺｼﾀﾞﾃｯｸ
0,共通倉庫,10,4524486093692,21SJ-14K ﾚｻﾞｰｼﾞｬｹｯﾄ BK M 桧垣桜,,,2025-05-22,売上,409744.0,,,1.0,,ﾗｲｺﾗﾝﾄﾞ 福岡空港店                       2028 株式会社 ｺｼﾀﾞﾃｯｸ
0,共通倉庫,10,4524486093692,21SJ-14K ﾚｻﾞｰｼﾞｬｹｯﾄ BK M 桧垣桜,,,2025-05-22,売上,409781.0,,,1.0,,いちげん                                 
0,共通倉庫,10,4524486093692,21SJ-14K ﾚｻﾞｰｼﾞｬｹｯﾄ BK M 桧垣桜,,,2025-05-22,売上,409782.0,,,1.0,0.0,いちげん                                 
0,共通倉庫,10,4524486093692,21SJ-14K ﾚｻﾞｰｼﾞｬｹｯﾄ BK M 桧垣桜,,,2025-07-15,仕入,36267.0,6880.0,8.0,,,IHSAN                                    
0,共通倉庫,10,4524486093692,21SJ-14K ﾚｻﾞｰｼﾞｬｹｯﾄ BK M 桧垣桜,,,2025-07-15,仕入,36269.0,6880.0,9.0,,17.0,IHSAN                                    
0,共通倉庫,10,4524486093692,21SJ-14K ﾚｻﾞｰｼﾞｬｹｯﾄ BK M 桧垣桜,,,2025-07-17,売上,414089.0,,,1.0,,ﾗｲｺﾗﾝﾄﾞ 柏店                             1001 株式会社ﾗｲﾀﾞｰｽﾞ・ｻﾎﾟｰﾄ・ｶﾝﾊﾟﾆｰ
0,共通倉庫,10,4524486093692,21SJ-14K ﾚｻﾞｰｼﾞｬｹｯﾄ BK M 桧垣桜,,,2025-07-17,売上,414101.0,,,1.0,,ﾗｲｺﾗﾝﾄﾞ 沖縄店                           2071 株式会社 ｺｼﾀﾞﾃｯｸ
0,共通倉庫,10,4524486093692,21SJ-14K ﾚｻﾞｰｼﾞｬｹｯﾄ BK M 桧垣桜,,,2025-07-17,売上,414104.0,,,1.0,,ﾗｲｺﾗﾝﾄﾞ CuBe札幌白石店                   2015 株式会社 ｺｼﾀﾞﾃｯｸ
0,共通倉庫,10,4524486093692,21SJ-14K ﾚｻﾞｰｼﾞｬｹｯﾄ BK M 桧垣桜,,,2025-07-17,売上,414156.0,,,1.0,,ﾗｲｺﾗﾝﾄﾞ TokyoBay東雲店                   2003 株式会社 ｺｼﾀﾞﾃｯｸ
0,共通倉庫,10,4524486093692,21SJ-14K ﾚｻﾞｰｼﾞｬｹｯﾄ BK M 桧垣桜,,,2025-07-18,売上,414245.0,,,1.0,,いちげん                                 
0,共通倉庫,10,4524486093692,21SJ-14K ﾚｻﾞｰｼﾞｬｹｯﾄ BK M 桧垣桜,,,2025-07-18,売上,414246.0,,,1.0,,株式会社JTBふるさと開発事業部            
0,共通倉庫,10,4524486093692,21SJ-14K ﾚｻﾞｰｼﾞｬｹｯﾄ BK M 桧垣桜,,,2025-07-18,売上,414247.0,,,1.0,9.0,株式会社JTBふるさと開発事業部            
0,共通倉庫,10,4524486093692,21SJ-14K ﾚｻﾞｰｼﾞｬｹｯﾄ BK M 桧垣桜,,,2025-07-25,売上,414799.0,,,2.0,7.0,Riderment Company                        
0,共通倉庫,10,4524486093692,21SJ-14K ﾚｻﾞｰｼﾞｬｹｯﾄ BK M 桧垣桜,,,2025-08-26,仕入,36608.0,6990.0,15.0,,22.0,IHSAN                                    
0,共通倉庫,10,4524486093692,21SJ-14K ﾚｻﾞｰｼﾞｬｹｯﾄ BK M 桧垣桜,,,2025-08-29,売上,416952.0,,,1.0,21.0,ﾅｯﾌﾟｽ ﾍﾞｲｻｲﾄﾞ幸浦店                      15
0,共通倉庫,10,4524486093692,21SJ-14K ﾚｻﾞｰｼﾞｬｹｯﾄ BK M 桧垣桜,,,2025-09-04,売上,417462.0,,,1.0,20.0,株式会社JTBふるさと開発事業部            
0,共通倉庫,10,4524486093692,21SJ-14K ﾚｻﾞｰｼﾞｬｹｯﾄ BK M 桧垣桜,,,2025-09-06,売上,417546.0,,,1.0,19.0,デグナー京都本店                         
0,共通倉庫,10,4524486093692,21SJ-14K ﾚｻﾞｰｼﾞｬｹｯﾄ BK M 桧垣桜,,,2025-09-12,売上,418263.0,,,1.0,18.0,FSM TRADING (HK) LIMITED/ Rider Shop HK  
0,共通倉庫,10,4524486093692,21SJ-14K ﾚｻﾞｰｼﾞｬｹｯﾄ BK M 桧垣桜,,,2025-09-18,売上,418765.0,,,1.0,17.0,ANSIN MOTO CO.                           
0,共通倉庫,10,4524486093692,21SJ-14K ﾚｻﾞｰｼﾞｬｹｯﾄ BK M 桧垣桜,,,2025-09-30,売上,419730.0,,,1.0,16.0,株式会社JTBふるさと開発事業部            
0,共通倉庫,10,4524486093692,21SJ-14K ﾚｻﾞｰｼﾞｬｹｯﾄ BK M 桧垣桜,,,2025-10-02,売上,419904.0,,,1.0,15.0,ﾗｲｺﾗﾝﾄﾞ 柏店                             1001 株式会社ﾗｲﾀﾞｰｽﾞ・ｻﾎﾟｰﾄ・ｶﾝﾊﾟﾆｰ
0,共通倉庫,10,4524486093692,21SJ-14K ﾚｻﾞｰｼﾞｬｹｯﾄ BK M 桧垣桜,,,2025-10-09,売上,420531.0,,,1.0,14.0,株式会社 ｻｲｸﾙﾜｰﾙﾄﾞ神戸本店               
0,共通倉庫,10,4524486093692,21SJ-14K ﾚｻﾞｰｼﾞｬｹｯﾄ BK M 桧垣桜,,,2025-10-14,売上,421002.0,,,1.0,13.0,株式会社 ﾓﾉﾀﾞｲﾚｸﾄ                        
0,共通倉庫,10,4524486093692,21SJ-14K ﾚｻﾞｰｼﾞｬｹｯﾄ BK M 桧垣桜,,,2025-10-21,売上,421593.0,,,1.0,,いちげん                                 
0,共通倉庫,10,4524486093692,21SJ-14K ﾚｻﾞｰｼﾞｬｹｯﾄ BK M 桧垣桜,,,2025-10-22,仕入,36944.0,7213.0,6.0,,,IHSAN                                    
0,共通倉庫,10,4524486093692,21SJ-14K ﾚｻﾞｰｼﾞｬｹｯﾄ BK M 桧垣桜,,,2025-10-22,仕入,36949.0,6841.0,5.0,,22.0,IHSAN                                    
0,共通倉庫,10,4524486093692,21SJ-14K ﾚｻﾞｰｼﾞｬｹｯﾄ BK M 桧垣桜,,,2025-10-28,売上,422089.0,,,1.0,21.0,ﾗｲｺﾗﾝﾄﾞ 柏店                             1001 株式会社ﾗｲﾀﾞｰｽﾞ・ｻﾎﾟｰﾄ・ｶﾝﾊﾟﾆｰ
0,共通倉庫,10,4524486093692,21SJ-14K ﾚｻﾞｰｼﾞｬｹｯﾄ BK M 桧垣桜,,,2025-11-05,売上,422698.0,,,1.0,19.0,ﾗｲｺﾗﾝﾄﾞ TokyoBay東雲店                   2003 株式会社 ｺｼﾀﾞﾃｯｸ
0,共通倉庫,10,4524486093692,21SJ-14K ﾚｻﾞｰｼﾞｬｹｯﾄ BK M 桧垣桜,,,2025-11-07,売上,423036.0,,,1.0,18.0,デグナー京都本店                         
0,共通倉庫,10,4524486093692,21SJ-14K ﾚｻﾞｰｼﾞｬｹｯﾄ BK M 桧垣桜,,,2025-12-02,売上,424919.0,,,1.0,,ﾅｯﾌﾟｽ 岡山店                             20
0,共通倉庫,10,4524486093692,21SJ-14K ﾚｻﾞｰｼﾞｬｹｯﾄ BK M 桧垣桜,,,2025-12-02,売上,424969.0,,,1.0,16.0,株式会社JTBふるさと開発事業部            
0,共通倉庫,10,4524486093692,21SJ-14K ﾚｻﾞｰｼﾞｬｹｯﾄ BK M 桧垣桜,,,2025-12-11,売上,425738.0,,,1.0,15.0,ANSIN MOTO CO.                           
0,共通倉庫,10,4524486093692,21SJ-14K ﾚｻﾞｰｼﾞｬｹｯﾄ BK M 桧垣桜,,,2025-12-19,売上,426450.0,,,-1.0,16.0,ﾅｯﾌﾟｽ ﾍﾞｲｻｲﾄﾞ幸浦店                      15
0,共通倉庫,10,4524486093692,21SJ-14K ﾚｻﾞｰｼﾞｬｹｯﾄ BK M 桧垣桜,,,2025-12-22,売上,426515.0,,,1.0,15.0,デグナー京都本店                         
0,共通倉庫,10,4524486093692,21SJ-14K ﾚｻﾞｰｼﾞｬｹｯﾄ BK M 桧垣桜,,,2025-12-24,売上,426718.0,,,1.0,14.0,株式会社JTBふるさと開発事業部            
0,共通倉庫,10,4524486093692,21SJ-14K ﾚｻﾞｰｼﾞｬｹｯﾄ BK M 桧垣桜,,,2026-01-05,売上,427305.0,,,1.0,13.0,いちげん                                 
0,共通倉庫,10,4524486093692,21SJ-14K ﾚｻﾞｰｼﾞｬｹｯﾄ BK M 桧垣桜,,,2026-01-06,売上,427395.0,,,1.0,12.0,ﾗｲｺﾗﾝﾄﾞ 柏店                             1001 株式会社ﾗｲﾀﾞｰｽﾞ・ｻﾎﾟｰﾄ・ｶﾝﾊﾟﾆｰ
0,共通倉庫,10,4524486093692,21SJ-14K ﾚｻﾞｰｼﾞｬｹｯﾄ BK M 桧垣桜,,,2026-01-07,売上,427542.0,,,1.0,11.0,ANSIN MOTO CO.                           
0,共通倉庫,10,4524486093692,21SJ-14K ﾚｻﾞｰｼﾞｬｹｯﾄ BK M 桧垣桜,,,2026-01-10,売上,427699.0,,,1.0,10.0,デグナー京都本店                         
0,共通倉庫,10,4524486093692,21SJ-14K ﾚｻﾞｰｼﾞｬｹｯﾄ BK M 桧垣桜,,,2026-01-19,売上,428240.0,,,1.0,9.0,FSM TRADING (HK) LIMITED/ Rider Shop HK  
0,共通倉庫,10,4524486093692,21SJ-14K ﾚｻﾞｰｼﾞｬｹｯﾄ BK M 桧垣桜,,,2026-01-21,売上,428384.0,,,1.0,8.0,いちげん                                 
0,共通倉庫,10,4524486093692,21SJ-14K ﾚｻﾞｰｼﾞｬｹｯﾄ BK M 桧垣桜,,,2026-01-27,売上,428659.0,,,1.0,,ﾗｲｺﾗﾝﾄﾞ 沖縄店                           2071 株式会社 ｺｼﾀﾞﾃｯｸ
0,共通倉庫,10,4524486093692,21SJ-14K ﾚｻﾞｰｼﾞｬｹｯﾄ BK M 桧垣桜,,,2026-01-27,売上,428694.0,,,1.0,6.0,ﾗｲｺﾗﾝﾄﾞ TokyoBay東雲店                   2003 株式会社 ｺｼﾀﾞﾃｯｸ
0,共通倉庫,10,4524486093692,21SJ-14K ﾚｻﾞｰｼﾞｬｹｯﾄ BK M 桧垣桜,,,2026-02-10,売上,429509.0,,,1.0,5.0,FSM TRADING (HK) LIMITED/ Rider Shop HK  
0,共通倉庫,10,4524486093692,21SJ-14K ﾚｻﾞｰｼﾞｬｹｯﾄ BK M 桧垣桜,,,2026-02-13,売上,429657.0,,,1.0,4.0,いちげん                                 
0,共通倉庫,10,4524486093692,21SJ-14K ﾚｻﾞｰｼﾞｬｹｯﾄ BK M 桧垣桜,,,2026-03-10,売上,431266.0,,,1.0,,南海部品 鹿児島店                        3013 株式会社 ｺｼﾀﾞﾃｯｸ
0,共通倉庫,10,4524486093692,21SJ-14K ﾚｻﾞｰｼﾞｬｹｯﾄ BK M 桧垣桜,,,2026-03-10,売上,431335.0,,,1.0,2.0,いちげん                                 
0,共通倉庫,10,4524486093692,21SJ-14K ﾚｻﾞｰｼﾞｬｹｯﾄ BK M 桧垣桜,,,2026-03-26,売上,432616.0,,,1.0,0.0,ﾗｲｺﾗﾝﾄﾞ TokyoBay東雲店                   2003 株式会社 ｺｼﾀﾞﾃｯｸ
0,共通倉庫,10,4524486093692,21SJ-14K ﾚｻﾞｰｼﾞｬｹｯﾄ BK M 桧垣桜,,,2026-03-31,仕入,37838.0,6841.0,16.0,,,IHSAN                                    
0,共通倉庫,10,4524486093692,21SJ-14K ﾚｻﾞｰｼﾞｬｹｯﾄ BK M 桧垣桜,,,2026-03-31,仕入,37840.0,7080.0,1.0,,17.0,IHSAN                                    
0,共通倉庫,10,4524486093692,21SJ-14K ﾚｻﾞｰｼﾞｬｹｯﾄ BK M 桧垣桜,,,2026-04-02,売上,433143.0,,,1.0,16.0,ﾗｲｺﾗﾝﾄﾞ 沖縄店                           2071 株式会社 ｺｼﾀﾞﾃｯｸ
0,共通倉庫,10,4524486093708,21SJ-14K ﾚｻﾞｰｼﾞｬｹｯﾄ BK L 桧垣桜,,,2021-03-03,仕入,25240.0,5276.0,8.0,,8.0,IHSAN                                    
0,共通倉庫,10,4524486093708,21SJ-14K ﾚｻﾞｰｼﾞｬｹｯﾄ BK L 桧垣桜,,,2021-03-15,売上,298151.0,,,1.0,7.0,有限会社 ﾎﾝﾀﾞｵｰﾄｾﾝﾀｰ青森                 
0,共通倉庫,10,4524486093708,21SJ-14K ﾚｻﾞｰｼﾞｬｹｯﾄ BK L 桧垣桜,,,2021-03-26,売上,299174.0,,,1.0,6.0,ﾓﾄﾌｨｰﾙﾄﾞﾄﾞｯｶｰｽﾞ東京本店                  株式会社ﾜｰｽﾜｲﾙ
0,共通倉庫,10,4524486093708,21SJ-14K ﾚｻﾞｰｼﾞｬｹｯﾄ BK L 桧垣桜,,,2021-03-29,売上,299387.0,,,1.0,5.0,ﾗｲｺﾗﾝﾄﾞ 柏店                             1001 株式会社ﾗｲﾀﾞｰｽﾞ・ｻﾎﾟｰﾄ・ｶﾝﾊﾟﾆｰ
0,共通倉庫,10,4524486093708,21SJ-14K ﾚｻﾞｰｼﾞｬｹｯﾄ BK L 桧垣桜,,,2021-03-31,仕入,25458.0,5444.0,10.0,,15.0,IHSAN                                    
0,共通倉庫,10,4524486093708,21SJ-14K ﾚｻﾞｰｼﾞｬｹｯﾄ BK L 桧垣桜,,,2021-04-08,売上,300245.0,,,1.0,14.0,ﾗｲｺﾗﾝﾄﾞ 水戸店                           2017 株式会社 ｺｼﾀﾞﾃｯｸ
0,共通倉庫,10,4524486093708,21SJ-14K ﾚｻﾞｰｼﾞｬｹｯﾄ BK L 桧垣桜,,,2021-04-12,売上,300496.0,,,1.0,13.0,ﾗｲｺﾗﾝﾄﾞ CuBe札幌白石店                   2015 株式会社 ｺｼﾀﾞﾃｯｸ
0,共通倉庫,10,4524486093708,21SJ-14K ﾚｻﾞｰｼﾞｬｹｯﾄ BK L 桧垣桜,,,2021-04-13,売上,300682.0,,,1.0,12.0,【閉店】ﾗｲｺﾗﾝﾄﾞCube都城                  2013 株式会社 ｺｼﾀﾞﾃｯｸ
0,共通倉庫,10,4524486093708,21SJ-14K ﾚｻﾞｰｼﾞｬｹｯﾄ BK L 桧垣桜,,,2021-04-16,売上,300966.0,,,1.0,11.0,ﾗｲｺﾗﾝﾄﾞ 小倉店                           2091 株式会社 ｺｼﾀﾞﾃｯｸ
0,共通倉庫,10,4524486093708,21SJ-14K ﾚｻﾞｰｼﾞｬｹｯﾄ BK L 桧垣桜,,,2021-04-21,売上,301310.0,,,1.0,10.0,いちげん                                 
0,共通倉庫,10,4524486093708,21SJ-14K ﾚｻﾞｰｼﾞｬｹｯﾄ BK L 桧垣桜,,,2021-05-07,売上,302549.0,,,1.0,9.0,いちげん                                 
0,共通倉庫,10,4524486093708,21SJ-14K ﾚｻﾞｰｼﾞｬｹｯﾄ BK L 桧垣桜,,,2021-05-10,売上,302696.0,,,1.0,8.0,いちげん                                 
0,共通倉庫,10,4524486093708,21SJ-14K ﾚｻﾞｰｼﾞｬｹｯﾄ BK L 桧垣桜,,,2021-05-11,出荷,8989.0,,,1.0,7.0,棚卸し調整                               
0,共通倉庫,10,4524486093708,21SJ-14K ﾚｻﾞｰｼﾞｬｹｯﾄ BK L 桧垣桜,,,2021-06-08,売上,304975.0,,,-1.0,8.0,ﾗｲｺﾗﾝﾄﾞ 柏店                             1001 株式会社ﾗｲﾀﾞｰｽﾞ・ｻﾎﾟｰﾄ・ｶﾝﾊﾟﾆｰ
0,共通倉庫,10,4524486093708,21SJ-14K ﾚｻﾞｰｼﾞｬｹｯﾄ BK L 桧垣桜,,,2021-06-11,売上,305200.0,,,1.0,7.0,南海部品 小山店                          3003 株式会社 ｺｼﾀﾞﾃｯｸ
0,共通倉庫,10,4524486093708,21SJ-14K ﾚｻﾞｰｼﾞｬｹｯﾄ BK L 桧垣桜,,,2021-06-25,売上,306311.0,,,1.0,6.0,いちげん                                 
0,共通倉庫,10,4524486093708,21SJ-14K ﾚｻﾞｰｼﾞｬｹｯﾄ BK L 桧垣桜,,,2021-07-16,売上,307660.0,,,1.0,5.0,KTM YAMAGATA                             BeSTAR株式会社
0,共通倉庫,10,4524486093708,21SJ-14K ﾚｻﾞｰｼﾞｬｹｯﾄ BK L 桧垣桜,,,2021-08-05,売上,308973.0,,,1.0,4.0,ﾗｲｺﾗﾝﾄﾞ CuBe札幌白石店                   2015 株式会社 ｺｼﾀﾞﾃｯｸ
0,共通倉庫,10,4524486093708,21SJ-14K ﾚｻﾞｰｼﾞｬｹｯﾄ BK L 桧垣桜,,,2021-09-06,売上,310977.0,,,1.0,3.0,南海部品 福島店                          DMC合同会社
0,共通倉庫,10,4524486093708,21SJ-14K ﾚｻﾞｰｼﾞｬｹｯﾄ BK L 桧垣桜,,,2021-09-14,仕入,26669.0,4995.0,16.0,,,IHSAN                                    
0,共通倉庫,10,4524486093708,21SJ-14K ﾚｻﾞｰｼﾞｬｹｯﾄ BK L 桧垣桜,,,2021-09-14,売上,311639.0,,,1.0,18.0,ﾗｲｺﾗﾝﾄﾞ TokyoBay東雲店                   2003 株式会社 ｺｼﾀﾞﾃｯｸ
0,共通倉庫,10,4524486093708,21SJ-14K ﾚｻﾞｰｼﾞｬｹｯﾄ BK L 桧垣桜,,,2021-10-08,売上,313455.0,,,1.0,17.0,株式会社 光輝 南海部品仙台店             
0,共通倉庫,10,4524486093708,21SJ-14K ﾚｻﾞｰｼﾞｬｹｯﾄ BK L 桧垣桜,,,2021-10-18,売上,314129.0,,,1.0,16.0,ﾗｲｺﾗﾝﾄﾞ 水戸店                           2017 株式会社 ｺｼﾀﾞﾃｯｸ
0,共通倉庫,10,4524486093708,21SJ-14K ﾚｻﾞｰｼﾞｬｹｯﾄ BK L 桧垣桜,,,2021-10-21,売上,314538.0,,,1.0,15.0,ﾗｲｺﾗﾝﾄﾞ TokyoBay東雲店                   2003 株式会社 ｺｼﾀﾞﾃｯｸ
0,共通倉庫,10,4524486093708,21SJ-14K ﾚｻﾞｰｼﾞｬｹｯﾄ BK L 桧垣桜,,,2021-10-26,売上,315005.0,,,1.0,14.0,ﾊﾟｰｸｱｯﾌﾟ株式会社                         
0,共通倉庫,10,4524486093708,21SJ-14K ﾚｻﾞｰｼﾞｬｹｯﾄ BK L 桧垣桜,,,2021-11-21,売上,317694.0,,,1.0,13.0,デグナー京都本店                         
0,共通倉庫,10,4524486093708,21SJ-14K ﾚｻﾞｰｼﾞｬｹｯﾄ BK L 桧垣桜,,,2021-11-23,売上,317813.0,,,1.0,12.0,デグナー京都本店                         
0,共通倉庫,10,4524486093708,21SJ-14K ﾚｻﾞｰｼﾞｬｹｯﾄ BK L 桧垣桜,,,2021-11-24,売上,317745.0,,,1.0,11.0,いちげん                                 
0,共通倉庫,10,4524486093708,21SJ-14K ﾚｻﾞｰｼﾞｬｹｯﾄ BK L 桧垣桜,,,2021-11-25,売上,317889.0,,,1.0,10.0,いちげん                                 
0,共通倉庫,10,4524486093708,21SJ-14K ﾚｻﾞｰｼﾞｬｹｯﾄ BK L 桧垣桜,,,2021-12-03,売上,318561.0,,,1.0,8.0,ﾅｯﾌﾟｽ 足立店                             10
0,共通倉庫,10,4524486093708,21SJ-14K ﾚｻﾞｰｼﾞｬｹｯﾄ BK L 桧垣桜,,,2021-12-19,売上,319778.0,,,1.0,7.0,デグナー京都本店                         
0,共通倉庫,10,4524486093708,21SJ-14K ﾚｻﾞｰｼﾞｬｹｯﾄ BK L 桧垣桜,,,2022-01-05,売上,321061.0,,,1.0,6.0,いちげん                                 
0,共通倉庫,10,4524486093708,21SJ-14K ﾚｻﾞｰｼﾞｬｹｯﾄ BK L 桧垣桜,,,2022-03-17,売上,327156.0,,,1.0,4.0,【閉店】ﾗｲｺﾗﾝﾄﾞCube宇都宮店              2007 株式会社 ｺｼﾀﾞﾃｯｸ
0,共通倉庫,10,4524486093708,21SJ-14K ﾚｻﾞｰｼﾞｬｹｯﾄ BK L 桧垣桜,,,2022-03-18,売上,327179.0,,,1.0,3.0,株式会社 光輝 南海部品仙台店             
0,共通倉庫,10,4524486093708,21SJ-14K ﾚｻﾞｰｼﾞｬｹｯﾄ BK L 桧垣桜,,,2022-03-25,売上,327941.0,,,1.0,2.0,ﾅｯﾌﾟｽ ﾍﾞｲｻｲﾄﾞ幸浦店                      15
0,共通倉庫,10,4524486093708,21SJ-14K ﾚｻﾞｰｼﾞｬｹｯﾄ BK L 桧垣桜,,,2022-04-04,売上,329030.0,,,2.0,0.0,ﾗｲｺﾗﾝﾄﾞ TokyoBay東雲店                   2003 株式会社 ｺｼﾀﾞﾃｯｸ
0,共通倉庫,10,4524486093708,21SJ-14K ﾚｻﾞｰｼﾞｬｹｯﾄ BK L 桧垣桜,,,2022-04-07,仕入,28426.0,5418.0,9.0,,9.0,IHSAN                                    
0,共通倉庫,10,4524486093708,21SJ-14K ﾚｻﾞｰｼﾞｬｹｯﾄ BK L 桧垣桜,,,2022-04-08,売上,329352.0,,,1.0,8.0,南海部品 太田店                          3007 株式会社 ｺｼﾀﾞﾃｯｸ
0,共通倉庫,10,4524486093708,21SJ-14K ﾚｻﾞｰｼﾞｬｹｯﾄ BK L 桧垣桜,,,2022-04-10,売上,329674.0,,,1.0,7.0,いちげん                                 
0,共通倉庫,10,4524486093708,21SJ-14K ﾚｻﾞｰｼﾞｬｹｯﾄ BK L 桧垣桜,,,2022-05-09,売上,332096.0,,,1.0,5.0,いちげん                                 
0,共通倉庫,10,4524486093708,21SJ-14K ﾚｻﾞｰｼﾞｬｹｯﾄ BK L 桧垣桜,,,2022-05-10,売上,332210.0,,,1.0,4.0,ﾗｲｺﾗﾝﾄﾞ CuBe札幌白石店                   2015 株式会社 ｺｼﾀﾞﾃｯｸ
0,共通倉庫,10,4524486093708,21SJ-14K ﾚｻﾞｰｼﾞｬｹｯﾄ BK L 桧垣桜,,,2022-05-11,売上,332487.0,,,1.0,3.0,デグナー京都本店                         
0,共通倉庫,10,4524486093708,21SJ-14K ﾚｻﾞｰｼﾞｬｹｯﾄ BK L 桧垣桜,,,2022-05-19,売上,333351.0,,,2.0,1.0,ﾅｯﾌﾟｽ EC事業                             46
0,共通倉庫,10,4524486093708,21SJ-14K ﾚｻﾞｰｼﾞｬｹｯﾄ BK L 桧垣桜,,,2022-05-24,売上,333777.0,,,1.0,0.0,ﾗｲｺﾗﾝﾄﾞ 埼玉店                           1002 株式会社ﾗｲﾀﾞｰｽﾞ・ｻﾎﾟｰﾄ・ｶﾝﾊﾟﾆｰ
0,共通倉庫,10,4524486093708,21SJ-14K ﾚｻﾞｰｼﾞｬｹｯﾄ BK L 桧垣桜,,,2022-06-27,売上,336947.0,,,1.0,0.0,帝都産業 株式会社                        EC/海外事業部
0,共通倉庫,10,4524486093708,21SJ-14K ﾚｻﾞｰｼﾞｬｹｯﾄ BK L 桧垣桜,,,2022-07-12,仕入,29216.0,6139.0,8.0,,,IHSAN                                    
0,共通倉庫,10,4524486093708,21SJ-14K ﾚｻﾞｰｼﾞｬｹｯﾄ BK L 桧垣桜,,,2022-07-12,仕入,29217.0,6139.0,8.0,,16.0,IHSAN                                    
0,共通倉庫,10,4524486093708,21SJ-14K ﾚｻﾞｰｼﾞｬｹｯﾄ BK L 桧垣桜,,,2022-07-14,売上,338493.0,,,1.0,,株式会社JTBふるさと開発事業部            
0,共通倉庫,10,4524486093708,21SJ-14K ﾚｻﾞｰｼﾞｬｹｯﾄ BK L 桧垣桜,,,2022-07-14,売上,338494.0,,,1.0,13.0,株式会社JTBふるさと開発事業部            
0,共通倉庫,10,4524486093708,21SJ-14K ﾚｻﾞｰｼﾞｬｹｯﾄ BK L 桧垣桜,,,2022-08-02,売上,339998.0,,,1.0,12.0,株式会社JTBふるさと開発事業部            
0,共通倉庫,10,4524486093708,21SJ-14K ﾚｻﾞｰｼﾞｬｹｯﾄ BK L 桧垣桜,,,2022-08-05,売上,340157.0,,,1.0,11.0,南海部品 太田店                          3007 株式会社 ｺｼﾀﾞﾃｯｸ
0,共通倉庫,10,4524486093708,21SJ-14K ﾚｻﾞｰｼﾞｬｹｯﾄ BK L 桧垣桜,,,2022-08-12,仕入,29482.0,6274.0,8.0,,19.0,IHSAN                                    
0,共通倉庫,10,4524486093708,21SJ-14K ﾚｻﾞｰｼﾞｬｹｯﾄ BK L 桧垣桜,,,2022-08-30,売上,342003.0,,,1.0,,ﾅｯﾌﾟｽ 福岡店                             18
0,共通倉庫,10,4524486093708,21SJ-14K ﾚｻﾞｰｼﾞｬｹｯﾄ BK L 桧垣桜,,,2022-08-30,売上,342009.0,,,1.0,17.0,株式会社JTBふるさと開発事業部            
0,共通倉庫,10,4524486093708,21SJ-14K ﾚｻﾞｰｼﾞｬｹｯﾄ BK L 桧垣桜,,,2022-09-06,売上,342490.0,,,1.0,,いちげん                                 
0,共通倉庫,10,4524486093708,21SJ-14K ﾚｻﾞｰｼﾞｬｹｯﾄ BK L 桧垣桜,,,2022-09-06,売上,342493.0,,,1.0,,株式会社JTBふるさと開発事業部            
0,共通倉庫,10,4524486093708,21SJ-14K ﾚｻﾞｰｼﾞｬｹｯﾄ BK L 桧垣桜,,,2022-09-06,売上,342531.0,,,1.0,14.0,ﾗｲｺﾗﾝﾄﾞ CuBe札幌白石店                   2015 株式会社 ｺｼﾀﾞﾃｯｸ
0,共通倉庫,10,4524486093708,21SJ-14K ﾚｻﾞｰｼﾞｬｹｯﾄ BK L 桧垣桜,,,2022-09-08,売上,342708.0,,,1.0,13.0,ﾗｲｺﾗﾝﾄﾞ 水戸店                           2017 株式会社 ｺｼﾀﾞﾃｯｸ
0,共通倉庫,10,4524486093708,21SJ-14K ﾚｻﾞｰｼﾞｬｹｯﾄ BK L 桧垣桜,,,2022-09-09,売上,342832.0,,,1.0,12.0,ﾗｲｺﾗﾝﾄﾞ TokyoBay東雲店                   2003 株式会社 ｺｼﾀﾞﾃｯｸ
0,共通倉庫,10,4524486093708,21SJ-14K ﾚｻﾞｰｼﾞｬｹｯﾄ BK L 桧垣桜,,,2022-09-15,売上,343371.0,,,1.0,11.0,ﾗｲｺﾗﾝﾄﾞ 郡山店                           2008 株式会社 ｺｼﾀﾞﾃｯｸ
0,共通倉庫,10,4524486093708,21SJ-14K ﾚｻﾞｰｼﾞｬｹｯﾄ BK L 桧垣桜,,,2022-09-22,売上,343966.0,,,1.0,10.0,株式会社JTBふるさと開発事業部            
0,共通倉庫,10,4524486093708,21SJ-14K ﾚｻﾞｰｼﾞｬｹｯﾄ BK L 桧垣桜,,,2022-10-12,仕入,30030.0,6516.0,11.0,,21.0,IHSAN                                    
0,共通倉庫,10,4524486093708,21SJ-14K ﾚｻﾞｰｼﾞｬｹｯﾄ BK L 桧垣桜,,,2022-10-31,売上,347538.0,,,1.0,20.0,株式会社JTBふるさと開発事業部            
0,共通倉庫,10,4524486093708,21SJ-14K ﾚｻﾞｰｼﾞｬｹｯﾄ BK L 桧垣桜,,,2022-11-01,売上,347712.0,,,1.0,19.0,有限会社ﾃｨﾋﾟﾓｰﾀｰｻｲｸﾙ                     
0,共通倉庫,10,4524486093708,21SJ-14K ﾚｻﾞｰｼﾞｬｹｯﾄ BK L 桧垣桜,,,2022-11-02,売上,347733.0,,,1.0,,ﾅｯﾌﾟｽ 福岡店                             18
0,共通倉庫,10,4524486093708,21SJ-14K ﾚｻﾞｰｼﾞｬｹｯﾄ BK L 桧垣桜,,,2022-11-02,売上,347738.0,,,1.0,17.0,ﾗｲｺﾗﾝﾄﾞ 埼玉店                           1002 株式会社ﾗｲﾀﾞｰｽﾞ・ｻﾎﾟｰﾄ・ｶﾝﾊﾟﾆｰ
0,共通倉庫,10,4524486093708,21SJ-14K ﾚｻﾞｰｼﾞｬｹｯﾄ BK L 桧垣桜,,,2022-11-08,売上,348351.0,,,1.0,16.0,株式会社JTBふるさと開発事業部            
0,共通倉庫,10,4524486093708,21SJ-14K ﾚｻﾞｰｼﾞｬｹｯﾄ BK L 桧垣桜,,,2022-11-14,売上,348765.0,,,1.0,,デグナー京都本店                         
0,共通倉庫,10,4524486093708,21SJ-14K ﾚｻﾞｰｼﾞｬｹｯﾄ BK L 桧垣桜,,,2022-11-14,売上,348814.0,,,1.0,14.0,いちげん                                 
0,共通倉庫,10,4524486093708,21SJ-14K ﾚｻﾞｰｼﾞｬｹｯﾄ BK L 桧垣桜,,,2022-12-08,売上,350638.0,,,1.0,13.0,株式会社JTBふるさと開発事業部            
0,共通倉庫,10,4524486093708,21SJ-14K ﾚｻﾞｰｼﾞｬｹｯﾄ BK L 桧垣桜,,,2022-12-12,売上,350788.0,,,1.0,12.0,ﾗｲｺﾗﾝﾄﾞ 小倉店                           2091 株式会社 ｺｼﾀﾞﾃｯｸ
0,共通倉庫,10,4524486093708,21SJ-14K ﾚｻﾞｰｼﾞｬｹｯﾄ BK L 桧垣桜,,,2022-12-14,売上,351073.0,,,1.0,11.0,株式会社JTBふるさと開発事業部            
0,共通倉庫,10,4524486093708,21SJ-14K ﾚｻﾞｰｼﾞｬｹｯﾄ BK L 桧垣桜,,,2022-12-20,売上,351525.0,,,1.0,,株式会社JTBふるさと開発事業部            
0,共通倉庫,10,4524486093708,21SJ-14K ﾚｻﾞｰｼﾞｬｹｯﾄ BK L 桧垣桜,,,2022-12-20,売上,351526.0,,,1.0,7.0,株式会社JTBふるさと開発事業部            
0,共通倉庫,10,4524486093708,21SJ-14K ﾚｻﾞｰｼﾞｬｹｯﾄ BK L 桧垣桜,,,2022-12-22,売上,351566.0,,,1.0,6.0,株式会社ﾘﾊﾞｰｸﾚｲﾝ                         
0,共通倉庫,10,4524486093708,21SJ-14K ﾚｻﾞｰｼﾞｬｹｯﾄ BK L 桧垣桜,,,2023-01-02,売上,352134.0,,,1.0,5.0,デグナー京都本店                         
0,共通倉庫,10,4524486093708,21SJ-14K ﾚｻﾞｰｼﾞｬｹｯﾄ BK L 桧垣桜,,,2023-01-11,売上,352628.0,,,1.0,,株式会社JTBふるさと開発事業部            
0,共通倉庫,10,4524486093708,21SJ-14K ﾚｻﾞｰｼﾞｬｹｯﾄ BK L 桧垣桜,,,2023-01-11,売上,352631.0,,,1.0,3.0,株式会社JTBふるさと開発事業部            
0,共通倉庫,10,4524486093708,21SJ-14K ﾚｻﾞｰｼﾞｬｹｯﾄ BK L 桧垣桜,,,2023-01-12,売上,352684.0,,,1.0,2.0,株式会社JTBふるさと開発事業部            
0,共通倉庫,10,4524486093708,21SJ-14K ﾚｻﾞｰｼﾞｬｹｯﾄ BK L 桧垣桜,,,2023-01-16,仕入,30687.0,6297.0,5.0,,,IHSAN                                    
0,共通倉庫,10,4524486093708,21SJ-14K ﾚｻﾞｰｼﾞｬｹｯﾄ BK L 桧垣桜,,,2023-01-16,売上,352866.0,,,1.0,6.0,株式会社JTBふるさと開発事業部            
0,共通倉庫,10,4524486093708,21SJ-14K ﾚｻﾞｰｼﾞｬｹｯﾄ BK L 桧垣桜,,,2023-01-17,売上,352877.0,,,1.0,,いちげん                                 
0,共通倉庫,10,4524486093708,21SJ-14K ﾚｻﾞｰｼﾞｬｹｯﾄ BK L 桧垣桜,,,2023-01-17,売上,352897.0,,,1.0,4.0,ﾗｲｺﾗﾝﾄﾞ 小倉店                           2091 株式会社 ｺｼﾀﾞﾃｯｸ
0,共通倉庫,10,4524486093708,21SJ-14K ﾚｻﾞｰｼﾞｬｹｯﾄ BK L 桧垣桜,,,2023-01-19,売上,353107.0,,,1.0,3.0,株式会社JTBふるさと開発事業部            
0,共通倉庫,10,4524486093708,21SJ-14K ﾚｻﾞｰｼﾞｬｹｯﾄ BK L 桧垣桜,,,2023-02-01,売上,353854.0,,,1.0,,ﾅｯﾌﾟｽ 堺ｲﾝﾀｰ店                           35
0,共通倉庫,10,4524486093708,21SJ-14K ﾚｻﾞｰｼﾞｬｹｯﾄ BK L 桧垣桜,,,2023-02-01,売上,353872.0,,,1.0,1.0,株式会社JTBふるさと開発事業部            
0,共通倉庫,10,4524486093708,21SJ-14K ﾚｻﾞｰｼﾞｬｹｯﾄ BK L 桧垣桜,,,2023-02-16,仕入,30962.0,5925.0,10.0,,11.0,IHSAN                                    
0,共通倉庫,10,4524486093708,21SJ-14K ﾚｻﾞｰｼﾞｬｹｯﾄ BK L 桧垣桜,,,2023-02-17,売上,354813.0,,,1.0,,株式会社 ｵｰｳﾞｧｰﾎｰﾙﾃﾞｨﾝｸﾞｽ                moto-JOY
0,共通倉庫,10,4524486093708,21SJ-14K ﾚｻﾞｰｼﾞｬｹｯﾄ BK L 桧垣桜,,,2023-02-21,売上,354734.0,,,1.0,8.0,ﾅｯﾌﾟｽ ららぽーと立川立飛店               36
0,共通倉庫,10,4524486093708,21SJ-14K ﾚｻﾞｰｼﾞｬｹｯﾄ BK L 桧垣桜,,,2023-02-22,売上,355179.0,,,1.0,7.0,いちげん                                 
0,共通倉庫,10,4524486093708,21SJ-14K ﾚｻﾞｰｼﾞｬｹｯﾄ BK L 桧垣桜,,,2023-03-01,売上,355733.0,,,1.0,,株式会社 光輝 南海部品仙台店             
0,共通倉庫,10,4524486093708,21SJ-14K ﾚｻﾞｰｼﾞｬｹｯﾄ BK L 桧垣桜,,,2023-03-01,売上,355814.0,,,1.0,5.0,ANSIN MOTO CO.                           
0,共通倉庫,10,4524486093708,21SJ-14K ﾚｻﾞｰｼﾞｬｹｯﾄ BK L 桧垣桜,,,2023-03-02,売上,355283.0,,,1.0,4.0,ﾗｲｺﾗﾝﾄﾞ 福岡空港店                       2028 株式会社 ｺｼﾀﾞﾃｯｸ
0,共通倉庫,10,4524486093708,21SJ-14K ﾚｻﾞｰｼﾞｬｹｯﾄ BK L 桧垣桜,,,2023-03-08,売上,356337.0,,,1.0,3.0,いちげん                                 
0,共通倉庫,10,4524486093708,21SJ-14K ﾚｻﾞｰｼﾞｬｹｯﾄ BK L 桧垣桜,,,2023-03-09,売上,356387.0,,,1.0,2.0,いちげん                                 
0,共通倉庫,10,4524486093708,21SJ-14K ﾚｻﾞｰｼﾞｬｹｯﾄ BK L 桧垣桜,,,2023-03-27,売上,357816.0,,,1.0,2.0,ﾅｯﾌﾟｽ ららぽーと立川立飛店               36
0,共通倉庫,10,4524486093708,21SJ-14K ﾚｻﾞｰｼﾞｬｹｯﾄ BK L 桧垣桜,,,2023-04-03,売上,358334.0,,,1.0,1.0,南海部品 太田店                          3007 株式会社 ｺｼﾀﾞﾃｯｸ
0,共通倉庫,10,4524486093708,21SJ-14K ﾚｻﾞｰｼﾞｬｹｯﾄ BK L 桧垣桜,,,2023-04-04,売上,358562.0,,,1.0,0.0,SEED 岡崎店SPROUT                        2051 株式会社 ｺｼﾀﾞﾃｯｸ
0,共通倉庫,10,4524486093708,21SJ-14K ﾚｻﾞｰｼﾞｬｹｯﾄ BK L 桧垣桜,,,2023-04-14,仕入,31450.0,6085.0,12.0,,12.0,IHSAN                                    
0,共通倉庫,10,4524486093708,21SJ-14K ﾚｻﾞｰｼﾞｬｹｯﾄ BK L 桧垣桜,,,2023-04-19,売上,359735.0,,,1.0,,株式会社JTBふるさと開発事業部            
0,共通倉庫,10,4524486093708,21SJ-14K ﾚｻﾞｰｼﾞｬｹｯﾄ BK L 桧垣桜,,,2023-04-19,売上,359737.0,,,1.0,9.0,株式会社JTBふるさと開発事業部            
0,共通倉庫,10,4524486093708,21SJ-14K ﾚｻﾞｰｼﾞｬｹｯﾄ BK L 桧垣桜,,,2023-04-26,売上,360187.0,,,1.0,7.0,帝都産業 株式会社                        EC/海外事業部
0,共通倉庫,10,4524486093708,21SJ-14K ﾚｻﾞｰｼﾞｬｹｯﾄ BK L 桧垣桜,,,2023-05-01,売上,360496.0,,,1.0,6.0,南海部品 小山店                          3003 株式会社 ｺｼﾀﾞﾃｯｸ
0,共通倉庫,10,4524486093708,21SJ-14K ﾚｻﾞｰｼﾞｬｹｯﾄ BK L 桧垣桜,,,2023-05-09,売上,361156.0,,,1.0,5.0,ﾗｲｺﾗﾝﾄﾞ TokyoBay東雲店                   2003 株式会社 ｺｼﾀﾞﾃｯｸ
0,共通倉庫,10,4524486093708,21SJ-14K ﾚｻﾞｰｼﾞｬｹｯﾄ BK L 桧垣桜,,,2023-05-23,仕入,31733.0,6378.0,10.0,,15.0,IHSAN                                    
0,共通倉庫,10,4524486093708,21SJ-14K ﾚｻﾞｰｼﾞｬｹｯﾄ BK L 桧垣桜,,,2023-05-25,売上,362335.0,,,1.0,14.0,いちげん                                 
0,共通倉庫,10,4524486093708,21SJ-14K ﾚｻﾞｰｼﾞｬｹｯﾄ BK L 桧垣桜,,,2023-06-08,売上,363251.0,,,1.0,13.0,南海部品 小山店                          3003 株式会社 ｺｼﾀﾞﾃｯｸ
0,共通倉庫,10,4524486093708,21SJ-14K ﾚｻﾞｰｼﾞｬｹｯﾄ BK L 桧垣桜,,,2023-06-13,売上,363575.0,,,1.0,12.0,株式会社JTBふるさと開発事業部            
0,共通倉庫,10,4524486093708,21SJ-14K ﾚｻﾞｰｼﾞｬｹｯﾄ BK L 桧垣桜,,,2023-06-20,仕入,31936.0,6378.0,25.0,,37.0,IHSAN                                    
0,共通倉庫,10,4524486093708,21SJ-14K ﾚｻﾞｰｼﾞｬｹｯﾄ BK L 桧垣桜,,,2023-06-28,売上,364456.0,,,1.0,36.0,ｽﾀｰｼｰｽﾞ株式会社                          
0,共通倉庫,10,4524486093708,21SJ-14K ﾚｻﾞｰｼﾞｬｹｯﾄ BK L 桧垣桜,,,2023-06-30,売上,364590.0,,,5.0,31.0,有限会社ﾃｨﾋﾟﾓｰﾀｰｻｲｸﾙ                     
0,共通倉庫,10,4524486093708,21SJ-14K ﾚｻﾞｰｼﾞｬｹｯﾄ BK L 桧垣桜,,,2023-07-27,売上,366270.0,,,1.0,30.0,ANSIN MOTO CO.                           
0,共通倉庫,10,4524486093708,21SJ-14K ﾚｻﾞｰｼﾞｬｹｯﾄ BK L 桧垣桜,,,2023-08-01,仕入,32238.0,6445.0,10.0,,40.0,IHSAN                                    
0,共通倉庫,10,4524486093708,21SJ-14K ﾚｻﾞｰｼﾞｬｹｯﾄ BK L 桧垣桜,,,2023-09-01,売上,368249.0,,,1.0,39.0,新潟中央部品株式会社 長岡店              
0,共通倉庫,10,4524486093708,21SJ-14K ﾚｻﾞｰｼﾞｬｹｯﾄ BK L 桧垣桜,,,2023-09-04,売上,368432.0,,,1.0,38.0,デグナー京都本店                         
0,共通倉庫,10,4524486093708,21SJ-14K ﾚｻﾞｰｼﾞｬｹｯﾄ BK L 桧垣桜,,,2023-09-05,売上,368528.0,,,1.0,37.0,南海部品株式会社                         
0,共通倉庫,10,4524486093708,21SJ-14K ﾚｻﾞｰｼﾞｬｹｯﾄ BK L 桧垣桜,,,2023-09-07,売上,368643.0,,,1.0,36.0,株式会社JTBふるさと開発事業部            
0,共通倉庫,10,4524486093708,21SJ-14K ﾚｻﾞｰｼﾞｬｹｯﾄ BK L 桧垣桜,,,2023-09-13,売上,369057.0,,,1.0,35.0,株式会社JTBふるさと開発事業部            
0,共通倉庫,10,4524486093708,21SJ-14K ﾚｻﾞｰｼﾞｬｹｯﾄ BK L 桧垣桜,,,2023-09-21,売上,369601.0,,,1.0,34.0,ﾅｯﾌﾟｽ 広島店                             14
0,共通倉庫,10,4524486093708,21SJ-14K ﾚｻﾞｰｼﾞｬｹｯﾄ BK L 桧垣桜,,,2023-09-29,売上,369705.0,,,1.0,,ﾅｯﾌﾟｽ 岡山店                             20
0,共通倉庫,10,4524486093708,21SJ-14K ﾚｻﾞｰｼﾞｬｹｯﾄ BK L 桧垣桜,,,2023-09-29,売上,370137.0,,,1.0,32.0,株式会社JTBふるさと開発事業部            
0,共通倉庫,10,4524486093708,21SJ-14K ﾚｻﾞｰｼﾞｬｹｯﾄ BK L 桧垣桜,,,2023-10-03,売上,370406.0,,,1.0,31.0,株式会社JTBふるさと開発事業部            
0,共通倉庫,10,4524486093708,21SJ-14K ﾚｻﾞｰｼﾞｬｹｯﾄ BK L 桧垣桜,,,2023-10-11,売上,370930.0,,,1.0,30.0,ﾗｲｺﾗﾝﾄﾞ 埼玉店                           1002 株式会社ﾗｲﾀﾞｰｽﾞ・ｻﾎﾟｰﾄ・ｶﾝﾊﾟﾆｰ
0,共通倉庫,10,4524486093708,21SJ-14K ﾚｻﾞｰｼﾞｬｹｯﾄ BK L 桧垣桜,,,2023-10-16,売上,371315.0,,,1.0,29.0,ﾅｯﾌﾟｽ 福岡店                             18
0,共通倉庫,10,4524486093708,21SJ-14K ﾚｻﾞｰｼﾞｬｹｯﾄ BK L 桧垣桜,,,2023-10-24,売上,371853.0,,,1.0,27.0,ﾗｲｺﾗﾝﾄﾞ 埼玉店                           1002 株式会社ﾗｲﾀﾞｰｽﾞ・ｻﾎﾟｰﾄ・ｶﾝﾊﾟﾆｰ
0,共通倉庫,10,4524486093708,21SJ-14K ﾚｻﾞｰｼﾞｬｹｯﾄ BK L 桧垣桜,,,2023-10-26,売上,372015.0,,,1.0,26.0,株式会社ﾘﾊﾞｰｸﾚｲﾝ                         
0,共通倉庫,10,4524486093708,21SJ-14K ﾚｻﾞｰｼﾞｬｹｯﾄ BK L 桧垣桜,,,2023-11-01,仕入,32714.0,6915.0,21.0,,47.0,IHSAN                                    
0,共通倉庫,10,4524486093708,21SJ-14K ﾚｻﾞｰｼﾞｬｹｯﾄ BK L 桧垣桜,,,2023-11-02,売上,372542.0,,,1.0,,いちげん                                 
0,共通倉庫,10,4524486093708,21SJ-14K ﾚｻﾞｰｼﾞｬｹｯﾄ BK L 桧垣桜,,,2023-11-02,売上,372566.0,,,1.0,45.0,株式会社JTBふるさと開発事業部            
0,共通倉庫,10,4524486093708,21SJ-14K ﾚｻﾞｰｼﾞｬｹｯﾄ BK L 桧垣桜,,,2023-11-03,売上,372586.0,,,1.0,44.0,デグナー京都本店                         
0,共通倉庫,10,4524486093708,21SJ-14K ﾚｻﾞｰｼﾞｬｹｯﾄ BK L 桧垣桜,,,2023-11-06,売上,372690.0,,,1.0,43.0,帝都産業 株式会社                        EC/海外事業部
0,共通倉庫,10,4524486093708,21SJ-14K ﾚｻﾞｰｼﾞｬｹｯﾄ BK L 桧垣桜,,,2023-11-19,売上,373566.0,,,1.0,41.0,デグナー京都本店                         
0,共通倉庫,10,4524486093708,21SJ-14K ﾚｻﾞｰｼﾞｬｹｯﾄ BK L 桧垣桜,,,2023-11-29,売上,374179.0,,,1.0,,株式会社JTBふるさと開発事業部            
0,共通倉庫,10,4524486093708,21SJ-14K ﾚｻﾞｰｼﾞｬｹｯﾄ BK L 桧垣桜,,,2023-11-29,売上,374180.0,,,1.0,,株式会社JTBふるさと開発事業部            
0,共通倉庫,10,4524486093708,21SJ-14K ﾚｻﾞｰｼﾞｬｹｯﾄ BK L 桧垣桜,,,2023-11-29,売上,374182.0,,,1.0,38.0,株式会社JTBふるさと開発事業部            
0,共通倉庫,10,4524486093708,21SJ-14K ﾚｻﾞｰｼﾞｬｹｯﾄ BK L 桧垣桜,,,2023-11-30,売上,374274.0,,,1.0,37.0,ANSIN MOTO CO.                           
0,共通倉庫,10,4524486093708,21SJ-14K ﾚｻﾞｰｼﾞｬｹｯﾄ BK L 桧垣桜,,,2023-12-08,売上,374784.0,,,-1.0,38.0,株式会社JTBふるさと開発事業部            
0,共通倉庫,10,4524486093708,21SJ-14K ﾚｻﾞｰｼﾞｬｹｯﾄ BK L 桧垣桜,,,2023-12-19,仕入,32953.0,6638.0,4.0,,,IHSAN                                    
0,共通倉庫,10,4524486093708,21SJ-14K ﾚｻﾞｰｼﾞｬｹｯﾄ BK L 桧垣桜,,,2023-12-19,売上,375501.0,,,1.0,41.0,株式会社JTBふるさと開発事業部            
0,共通倉庫,10,4524486093708,21SJ-14K ﾚｻﾞｰｼﾞｬｹｯﾄ BK L 桧垣桜,,,2023-12-28,売上,375965.0,,,1.0,,株式会社JTBふるさと開発事業部            
0,共通倉庫,10,4524486093708,21SJ-14K ﾚｻﾞｰｼﾞｬｹｯﾄ BK L 桧垣桜,,,2023-12-28,売上,375968.0,,,1.0,,株式会社JTBふるさと開発事業部            
0,共通倉庫,10,4524486093708,21SJ-14K ﾚｻﾞｰｼﾞｬｹｯﾄ BK L 桧垣桜,,,2023-12-28,売上,375970.0,,,1.0,38.0,株式会社JTBふるさと開発事業部            
0,共通倉庫,10,4524486093708,21SJ-14K ﾚｻﾞｰｼﾞｬｹｯﾄ BK L 桧垣桜,,,2024-01-15,売上,376701.0,,,1.0,37.0,いちげん                                 
0,共通倉庫,10,4524486093708,21SJ-14K ﾚｻﾞｰｼﾞｬｹｯﾄ BK L 桧垣桜,,,2024-01-17,売上,376854.0,,,-1.0,38.0,いちげん                                 
0,共通倉庫,10,4524486093708,21SJ-14K ﾚｻﾞｰｼﾞｬｹｯﾄ BK L 桧垣桜,,,2024-01-19,売上,376954.0,,,1.0,37.0,株式会社JTBふるさと開発事業部            
0,共通倉庫,10,4524486093708,21SJ-14K ﾚｻﾞｰｼﾞｬｹｯﾄ BK L 桧垣桜,,,2024-01-24,仕入,33159.0,6841.0,13.0,,50.0,IHSAN                                    
0,共通倉庫,10,4524486093708,21SJ-14K ﾚｻﾞｰｼﾞｬｹｯﾄ BK L 桧垣桜,,,2024-01-25,売上,377187.0,,,1.0,49.0,ﾗｲｺﾗﾝﾄﾞ TokyoBay東雲店                   2003 株式会社 ｺｼﾀﾞﾃｯｸ
0,共通倉庫,10,4524486093708,21SJ-14K ﾚｻﾞｰｼﾞｬｹｯﾄ BK L 桧垣桜,,,2024-02-01,売上,377495.0,,,1.0,48.0,南海部品 小山店                          3003 株式会社 ｺｼﾀﾞﾃｯｸ
0,共通倉庫,10,4524486093708,21SJ-14K ﾚｻﾞｰｼﾞｬｹｯﾄ BK L 桧垣桜,,,2024-02-13,売上,377984.0,,,1.0,47.0,ﾅｯﾌﾟｽ ららぽーと立川立飛店               36
0,共通倉庫,10,4524486093708,21SJ-14K ﾚｻﾞｰｼﾞｬｹｯﾄ BK L 桧垣桜,,,2024-02-15,売上,378150.0,,,1.0,46.0,いちげん                                 
0,共通倉庫,10,4524486093708,21SJ-14K ﾚｻﾞｰｼﾞｬｹｯﾄ BK L 桧垣桜,,,2024-03-01,売上,378922.0,,,1.0,44.0,ﾗｲｺﾗﾝﾄﾞ 柏店                             1001 株式会社ﾗｲﾀﾞｰｽﾞ・ｻﾎﾟｰﾄ・ｶﾝﾊﾟﾆｰ
0,共通倉庫,10,4524486093708,21SJ-14K ﾚｻﾞｰｼﾞｬｹｯﾄ BK L 桧垣桜,,,2024-03-06,売上,379245.0,,,1.0,43.0,ﾅｯﾌﾟｽ 岡山店                             20
0,共通倉庫,10,4524486093708,21SJ-14K ﾚｻﾞｰｼﾞｬｹｯﾄ BK L 桧垣桜,,,2024-03-07,売上,379318.0,,,1.0,42.0,いちげん                                 
0,共通倉庫,10,4524486093708,21SJ-14K ﾚｻﾞｰｼﾞｬｹｯﾄ BK L 桧垣桜,,,2024-03-15,売上,379738.0,,,1.0,41.0,いちげん                                 
0,共通倉庫,10,4524486093708,21SJ-14K ﾚｻﾞｰｼﾞｬｹｯﾄ BK L 桧垣桜,,,2024-03-22,売上,380148.0,,,1.0,40.0,株式会社JTBふるさと開発事業部            
0,共通倉庫,10,4524486093708,21SJ-14K ﾚｻﾞｰｼﾞｬｹｯﾄ BK L 桧垣桜,,,2024-03-25,売上,380346.0,,,1.0,39.0,デグナー京都本店                         
0,共通倉庫,10,4524486093708,21SJ-14K ﾚｻﾞｰｼﾞｬｹｯﾄ BK L 桧垣桜,,,2024-03-30,売上,380662.0,,,1.0,37.0,デグナー京都本店                         
0,共通倉庫,10,4524486093708,21SJ-14K ﾚｻﾞｰｼﾞｬｹｯﾄ BK L 桧垣桜,,,2024-04-03,仕入,33584.0,6942.0,12.0,,49.0,IHSAN                                    
0,共通倉庫,10,4524486093708,21SJ-14K ﾚｻﾞｰｼﾞｬｹｯﾄ BK L 桧垣桜,,,2024-04-08,売上,381238.0,,,1.0,48.0,ﾅｯﾌﾟｽ 広島店                             14
0,共通倉庫,10,4524486093708,21SJ-14K ﾚｻﾞｰｼﾞｬｹｯﾄ BK L 桧垣桜,,,2024-04-16,売上,381771.0,,,1.0,47.0,ﾗｲｺﾗﾝﾄﾞ 埼玉店                           1002 株式会社ﾗｲﾀﾞｰｽﾞ・ｻﾎﾟｰﾄ・ｶﾝﾊﾟﾆｰ
0,共通倉庫,10,4524486093708,21SJ-14K ﾚｻﾞｰｼﾞｬｹｯﾄ BK L 桧垣桜,,,2024-04-24,売上,382387.0,,,1.0,46.0,ﾅｯﾌﾟｽ 岡山店                             20
0,共通倉庫,10,4524486093708,21SJ-14K ﾚｻﾞｰｼﾞｬｹｯﾄ BK L 桧垣桜,,,2024-05-02,売上,382980.0,,,1.0,45.0,ﾗｲｺﾗﾝﾄﾞ CuBe札幌白石店                   2015 株式会社 ｺｼﾀﾞﾃｯｸ
0,共通倉庫,10,4524486093708,21SJ-14K ﾚｻﾞｰｼﾞｬｹｯﾄ BK L 桧垣桜,,,2024-05-07,仕入,33746.0,7131.0,6.0,,51.0,IHSAN                                    
0,共通倉庫,10,4524486093708,21SJ-14K ﾚｻﾞｰｼﾞｬｹｯﾄ BK L 桧垣桜,,,2024-05-21,売上,384316.0,,,1.0,,ﾗｲｺﾗﾝﾄﾞ 小倉店                           2091 株式会社 ｺｼﾀﾞﾃｯｸ
0,共通倉庫,10,4524486093708,21SJ-14K ﾚｻﾞｰｼﾞｬｹｯﾄ BK L 桧垣桜,,,2024-05-21,売上,384356.0,,,1.0,49.0,株式会社JTBふるさと開発事業部            
0,共通倉庫,10,4524486093708,21SJ-14K ﾚｻﾞｰｼﾞｬｹｯﾄ BK L 桧垣桜,,,2024-05-22,売上,384383.0,,,1.0,48.0,ﾗｲｺﾗﾝﾄﾞ 新潟店                           2031 株式会社 ｺｼﾀﾞﾃｯｸ
0,共通倉庫,10,4524486093708,21SJ-14K ﾚｻﾞｰｼﾞｬｹｯﾄ BK L 桧垣桜,,,2024-06-04,売上,385233.0,,,1.0,47.0,いちげん                                 
0,共通倉庫,10,4524486093708,21SJ-14K ﾚｻﾞｰｼﾞｬｹｯﾄ BK L 桧垣桜,,,2024-06-14,仕入,33927.0,7182.0,4.0,,51.0,IHSAN                                    
0,共通倉庫,10,4524486093708,21SJ-14K ﾚｻﾞｰｼﾞｬｹｯﾄ BK L 桧垣桜,,,2024-07-17,売上,388176.0,,,1.0,49.0,ﾗｲｺﾗﾝﾄﾞ CuBe札幌白石店                   2015 株式会社 ｺｼﾀﾞﾃｯｸ
0,共通倉庫,10,4524486093708,21SJ-14K ﾚｻﾞｰｼﾞｬｹｯﾄ BK L 桧垣桜,,,2024-07-19,売上,388363.0,,,1.0,48.0,Ridersity                                
0,共通倉庫,10,4524486093708,21SJ-14K ﾚｻﾞｰｼﾞｬｹｯﾄ BK L 桧垣桜,,,2024-08-23,売上,390372.0,,,1.0,47.0,ﾅｯﾌﾟｽ 松山店                             29
0,共通倉庫,10,4524486093708,21SJ-14K ﾚｻﾞｰｼﾞｬｹｯﾄ BK L 桧垣桜,,,2024-08-24,売上,390484.0,,,1.0,46.0,いちげん                                 
0,共通倉庫,10,4524486093708,21SJ-14K ﾚｻﾞｰｼﾞｬｹｯﾄ BK L 桧垣桜,,,2024-09-10,売上,391287.0,,,1.0,44.0,新潟中央部品株式会社 長岡店              
0,共通倉庫,10,4524486093708,21SJ-14K ﾚｻﾞｰｼﾞｬｹｯﾄ BK L 桧垣桜,,,2024-09-12,売上,391471.0,,,1.0,43.0,ﾗｲｺﾗﾝﾄﾞ 水戸店                           2017 株式会社 ｺｼﾀﾞﾃｯｸ
0,共通倉庫,10,4524486093708,21SJ-14K ﾚｻﾞｰｼﾞｬｹｯﾄ BK L 桧垣桜,,,2024-09-24,売上,392056.0,,,1.0,42.0,株式会社 光輝 南海部品仙台店             
0,共通倉庫,10,4524486093708,21SJ-14K ﾚｻﾞｰｼﾞｬｹｯﾄ BK L 桧垣桜,,,2024-09-27,売上,392385.0,,,1.0,41.0,南海部品 鹿児島店                        3013 株式会社 ｺｼﾀﾞﾃｯｸ
0,共通倉庫,10,4524486093708,21SJ-14K ﾚｻﾞｰｼﾞｬｹｯﾄ BK L 桧垣桜,,,2024-09-30,売上,392528.0,,,1.0,40.0,いちげん                                 
0,共通倉庫,10,4524486093708,21SJ-14K ﾚｻﾞｰｼﾞｬｹｯﾄ BK L 桧垣桜,,,2024-10-01,売上,392663.0,,,1.0,39.0,ﾅｯﾌﾟｽ 新横浜店                           30
0,共通倉庫,10,4524486093708,21SJ-14K ﾚｻﾞｰｼﾞｬｹｯﾄ BK L 桧垣桜,,,2024-10-07,売上,392946.0,,,1.0,38.0,いちげん                                 
0,共通倉庫,10,4524486093708,21SJ-14K ﾚｻﾞｰｼﾞｬｹｯﾄ BK L 桧垣桜,,,2024-10-09,売上,393222.0,,,1.0,37.0,株式会社JTBふるさと開発事業部            
0,共通倉庫,10,4524486093708,21SJ-14K ﾚｻﾞｰｼﾞｬｹｯﾄ BK L 桧垣桜,,,2024-10-15,売上,393533.0,,,1.0,,いちげん                                 
0,共通倉庫,10,4524486093708,21SJ-14K ﾚｻﾞｰｼﾞｬｹｯﾄ BK L 桧垣桜,,,2024-10-15,売上,393642.0,,,1.0,,株式会社JTBふるさと開発事業部            
0,共通倉庫,10,4524486093708,21SJ-14K ﾚｻﾞｰｼﾞｬｹｯﾄ BK L 桧垣桜,,,2024-10-15,売上,393669.0,,,1.0,34.0,Riding My Way Company                    
0,共通倉庫,10,4524486093708,21SJ-14K ﾚｻﾞｰｼﾞｬｹｯﾄ BK L 桧垣桜,,,2024-10-16,売上,393679.0,,,1.0,33.0,南海部品 宇都宮店                        3006 株式会社 ｺｼﾀﾞﾃｯｸ
0,共通倉庫,10,4524486093708,21SJ-14K ﾚｻﾞｰｼﾞｬｹｯﾄ BK L 桧垣桜,,,2024-10-17,売上,393920.0,,,1.0,32.0,南海部品 太田店                          3007 株式会社 ｺｼﾀﾞﾃｯｸ
0,共通倉庫,10,4524486093708,21SJ-14K ﾚｻﾞｰｼﾞｬｹｯﾄ BK L 桧垣桜,,,2024-10-18,売上,393968.0,,,-1.0,33.0,いちげん                                 
0,共通倉庫,10,4524486093708,21SJ-14K ﾚｻﾞｰｼﾞｬｹｯﾄ BK L 桧垣桜,,,2024-10-21,売上,394076.0,,,1.0,32.0,ﾗｲｺﾗﾝﾄﾞ TokyoBay東雲店                   2003 株式会社 ｺｼﾀﾞﾃｯｸ
0,共通倉庫,10,4524486093708,21SJ-14K ﾚｻﾞｰｼﾞｬｹｯﾄ BK L 桧垣桜,,,2024-10-22,売上,394176.0,,,1.0,31.0,ﾅｯﾌﾟｽ 松山店                             29
0,共通倉庫,10,4524486093708,21SJ-14K ﾚｻﾞｰｼﾞｬｹｯﾄ BK L 桧垣桜,,,2024-10-28,売上,394688.0,,,1.0,30.0,ﾅｯﾌﾟｽ ﾍﾞｲｻｲﾄﾞ幸浦店                      15
0,共通倉庫,10,4524486093708,21SJ-14K ﾚｻﾞｰｼﾞｬｹｯﾄ BK L 桧垣桜,,,2024-11-06,売上,395278.0,,,1.0,28.0,ﾗｲｺﾗﾝﾄﾞ 福岡空港店                       2028 株式会社 ｺｼﾀﾞﾃｯｸ
0,共通倉庫,10,4524486093708,21SJ-14K ﾚｻﾞｰｼﾞｬｹｯﾄ BK L 桧垣桜,,,2024-11-08,売上,395482.0,,,1.0,27.0,株式会社JTBふるさと開発事業部            
0,共通倉庫,10,4524486093708,21SJ-14K ﾚｻﾞｰｼﾞｬｹｯﾄ BK L 桧垣桜,,,2024-11-11,売上,395697.0,,,1.0,26.0,ﾅｯﾌﾟｽ 仙台泉ｲﾝﾀｰ店                       19
0,共通倉庫,10,4524486093708,21SJ-14K ﾚｻﾞｰｼﾞｬｹｯﾄ BK L 桧垣桜,,,2024-11-12,売上,395758.0,,,1.0,25.0,いちげん                                 
0,共通倉庫,10,4524486093708,21SJ-14K ﾚｻﾞｰｼﾞｬｹｯﾄ BK L 桧垣桜,,,2024-11-18,売上,396127.0,,,1.0,24.0,株式会社 ﾜｲ･ｹｲ商事                       
0,共通倉庫,10,4524486093708,21SJ-14K ﾚｻﾞｰｼﾞｬｹｯﾄ BK L 桧垣桜,,,2024-11-19,売上,396278.0,,,1.0,23.0,ﾅｯﾌﾟｽ 岡山店                             20
0,共通倉庫,10,4524486093708,21SJ-14K ﾚｻﾞｰｼﾞｬｹｯﾄ BK L 桧垣桜,,,2024-11-25,売上,396749.0,,,1.0,22.0,ﾅｯﾌﾟｽ 前橋店                             17
0,共通倉庫,10,4524486093708,21SJ-14K ﾚｻﾞｰｼﾞｬｹｯﾄ BK L 桧垣桜,,,2024-11-27,売上,396966.0,,,1.0,,株式会社JTBふるさと開発事業部            
0,共通倉庫,10,4524486093708,21SJ-14K ﾚｻﾞｰｼﾞｬｹｯﾄ BK L 桧垣桜,,,2024-11-27,売上,396973.0,,,1.0,20.0,ﾗｲｺﾗﾝﾄﾞ TokyoBay東雲店                   2003 株式会社 ｺｼﾀﾞﾃｯｸ
0,共通倉庫,10,4524486093708,21SJ-14K ﾚｻﾞｰｼﾞｬｹｯﾄ BK L 桧垣桜,,,2024-11-30,売上,397128.0,,,1.0,19.0,デグナー京都本店                         
0,共通倉庫,10,4524486093708,21SJ-14K ﾚｻﾞｰｼﾞｬｹｯﾄ BK L 桧垣桜,,,2024-12-01,売上,397269.0,,,1.0,18.0,販売店様ｲﾍﾞﾝﾄ                            
0,共通倉庫,10,4524486093708,21SJ-14K ﾚｻﾞｰｼﾞｬｹｯﾄ BK L 桧垣桜,,,2024-12-04,売上,397432.0,,,1.0,,株式会社JTBふるさと開発事業部            
0,共通倉庫,10,4524486093708,21SJ-14K ﾚｻﾞｰｼﾞｬｹｯﾄ BK L 桧垣桜,,,2024-12-04,売上,397442.0,,,-1.0,18.0,ﾅｯﾌﾟｽ 仙台泉ｲﾝﾀｰ店                       19
0,共通倉庫,10,4524486093708,21SJ-14K ﾚｻﾞｰｼﾞｬｹｯﾄ BK L 桧垣桜,,,2024-12-09,売上,397845.0,,,1.0,17.0,いちげん                                 
0,共通倉庫,10,4524486093708,21SJ-14K ﾚｻﾞｰｼﾞｬｹｯﾄ BK L 桧垣桜,,,2024-12-10,売上,397955.0,,,1.0,,いちげん                                 
0,共通倉庫,10,4524486093708,21SJ-14K ﾚｻﾞｰｼﾞｬｹｯﾄ BK L 桧垣桜,,,2024-12-14,売上,398279.0,,,1.0,14.0,デグナー京都本店                         
0,共通倉庫,10,4524486093708,21SJ-14K ﾚｻﾞｰｼﾞｬｹｯﾄ BK L 桧垣桜,,,2024-12-16,売上,398508.0,,,-1.0,15.0,いちげん                                 
0,共通倉庫,10,4524486093708,21SJ-14K ﾚｻﾞｰｼﾞｬｹｯﾄ BK L 桧垣桜,,,2024-12-19,売上,398751.0,,,1.0,14.0,株式会社JTBふるさと開発事業部            
0,共通倉庫,10,4524486093708,21SJ-14K ﾚｻﾞｰｼﾞｬｹｯﾄ BK L 桧垣桜,,,2024-12-23,売上,398945.0,,,1.0,13.0,いちげん                                 
0,共通倉庫,10,4524486093708,21SJ-14K ﾚｻﾞｰｼﾞｬｹｯﾄ BK L 桧垣桜,,,2024-12-26,売上,399261.0,,,1.0,12.0,ANSIN MOTO CO.                           
0,共通倉庫,10,4524486093708,21SJ-14K ﾚｻﾞｰｼﾞｬｹｯﾄ BK L 桧垣桜,,,2024-12-27,売上,399407.0,,,1.0,,株式会社JTBふるさと開発事業部            
0,共通倉庫,10,4524486093708,21SJ-14K ﾚｻﾞｰｼﾞｬｹｯﾄ BK L 桧垣桜,,,2024-12-27,売上,399415.0,,,1.0,10.0,株式会社JTBふるさと開発事業部            
0,共通倉庫,10,4524486093708,21SJ-14K ﾚｻﾞｰｼﾞｬｹｯﾄ BK L 桧垣桜,,,2024-12-28,仕入,35008.0,7227.0,8.0,,18.0,IHSAN                                    
0,共通倉庫,10,4524486093708,21SJ-14K ﾚｻﾞｰｼﾞｬｹｯﾄ BK L 桧垣桜,,,2025-01-07,売上,399867.0,,,1.0,,ﾗｲｺﾗﾝﾄﾞ 柏店                             1001 株式会社ﾗｲﾀﾞｰｽﾞ・ｻﾎﾟｰﾄ・ｶﾝﾊﾟﾆｰ
0,共通倉庫,10,4524486093708,21SJ-14K ﾚｻﾞｰｼﾞｬｹｯﾄ BK L 桧垣桜,,,2025-01-07,売上,399952.0,,,1.0,16.0,ﾗｲｺﾗﾝﾄﾞ 沖縄店                           2071 株式会社 ｺｼﾀﾞﾃｯｸ
0,共通倉庫,10,4524486093708,21SJ-14K ﾚｻﾞｰｼﾞｬｹｯﾄ BK L 桧垣桜,,,2025-01-08,売上,399991.0,,,1.0,15.0,いちげん                                 
0,共通倉庫,10,4524486093708,21SJ-14K ﾚｻﾞｰｼﾞｬｹｯﾄ BK L 桧垣桜,,,2025-01-09,売上,400056.0,,,1.0,14.0,南海部品 鹿児島店                        3013 株式会社 ｺｼﾀﾞﾃｯｸ
0,共通倉庫,10,4524486093708,21SJ-14K ﾚｻﾞｰｼﾞｬｹｯﾄ BK L 桧垣桜,,,2025-01-11,売上,400303.0,,,1.0,13.0,デグナー京都本店                         
0,共通倉庫,10,4524486093708,21SJ-14K ﾚｻﾞｰｼﾞｬｹｯﾄ BK L 桧垣桜,,,2025-01-18,売上,400710.0,,,1.0,12.0,デグナー京都本店                         
0,共通倉庫,10,4524486093708,21SJ-14K ﾚｻﾞｰｼﾞｬｹｯﾄ BK L 桧垣桜,,,2025-01-21,売上,400854.0,,,1.0,11.0,株式会社 ﾋﾛﾁｰ商事                        
0,共通倉庫,10,4524486093708,21SJ-14K ﾚｻﾞｰｼﾞｬｹｯﾄ BK L 桧垣桜,,,2025-01-22,売上,400949.0,,,-1.0,12.0,ﾅｯﾌﾟｽ 新横浜店                           30
0,共通倉庫,10,4524486093708,21SJ-14K ﾚｻﾞｰｼﾞｬｹｯﾄ BK L 桧垣桜,,,2025-01-24,売上,401031.0,,,1.0,11.0,株式会社JTBふるさと開発事業部            
0,共通倉庫,10,4524486093708,21SJ-14K ﾚｻﾞｰｼﾞｬｹｯﾄ BK L 桧垣桜,,,2025-01-27,売上,401188.0,,,1.0,10.0,ﾗｲｺﾗﾝﾄﾞ TokyoBay東雲店                   2003 株式会社 ｺｼﾀﾞﾃｯｸ
0,共通倉庫,10,4524486093708,21SJ-14K ﾚｻﾞｰｼﾞｬｹｯﾄ BK L 桧垣桜,,,2025-01-29,売上,401218.0,,,1.0,9.0,ﾗｲｺﾗﾝﾄﾞ 盛岡店                           2021 株式会社 ｺｼﾀﾞﾃｯｸ
0,共通倉庫,10,4524486093708,21SJ-14K ﾚｻﾞｰｼﾞｬｹｯﾄ BK L 桧垣桜,,,2025-02-10,売上,401865.0,,,1.0,8.0,ﾗｲｺﾗﾝﾄﾞ CuBe札幌白石店                   2015 株式会社 ｺｼﾀﾞﾃｯｸ
0,共通倉庫,10,4524486093708,21SJ-14K ﾚｻﾞｰｼﾞｬｹｯﾄ BK L 桧垣桜,,,2025-02-12,売上,401949.0,,,1.0,,ﾗｲｺﾗﾝﾄﾞ 柏店                             1001 株式会社ﾗｲﾀﾞｰｽﾞ・ｻﾎﾟｰﾄ・ｶﾝﾊﾟﾆｰ
0,共通倉庫,10,4524486093708,21SJ-14K ﾚｻﾞｰｼﾞｬｹｯﾄ BK L 桧垣桜,,,2025-02-12,売上,401951.0,,,1.0,6.0,ﾗｲｺﾗﾝﾄﾞ 沖縄店                           2071 株式会社 ｺｼﾀﾞﾃｯｸ
0,共通倉庫,10,4524486093708,21SJ-14K ﾚｻﾞｰｼﾞｬｹｯﾄ BK L 桧垣桜,,,2025-02-17,売上,402191.0,,,1.0,5.0,【閉店】433 伊川谷2りんかん              株式会社2りんかんｲｴﾛｰﾊｯﾄ
0,共通倉庫,10,4524486093708,21SJ-14K ﾚｻﾞｰｼﾞｬｹｯﾄ BK L 桧垣桜,,,2025-02-18,売上,402403.0,,,1.0,4.0,FSM TRADING (HK) LIMITED/ Rider Shop HK  
0,共通倉庫,10,4524486093708,21SJ-14K ﾚｻﾞｰｼﾞｬｹｯﾄ BK L 桧垣桜,,,2025-03-18,売上,404227.0,,,1.0,2.0,株式会社ﾘﾊﾞｰｸﾚｲﾝ                         
0,共通倉庫,10,4524486093708,21SJ-14K ﾚｻﾞｰｼﾞｬｹｯﾄ BK L 桧垣桜,,,2025-03-24,仕入,35466.0,7074.0,3.0,,5.0,IHSAN                                    
0,共通倉庫,10,4524486093708,21SJ-14K ﾚｻﾞｰｼﾞｬｹｯﾄ BK L 桧垣桜,,,2025-03-27,売上,405036.0,,,1.0,,FSM TRADING (HK) LIMITED/ Rider Shop HK  
0,共通倉庫,10,4524486093708,21SJ-14K ﾚｻﾞｰｼﾞｬｹｯﾄ BK L 桧垣桜,,,2025-03-27,売上,405039.0,,,1.0,2.0,ﾗｲｺﾗﾝﾄﾞ TokyoBay東雲店                   2003 株式会社 ｺｼﾀﾞﾃｯｸ
0,共通倉庫,10,4524486093708,21SJ-14K ﾚｻﾞｰｼﾞｬｹｯﾄ BK L 桧垣桜,,,2025-04-05,売上,405807.0,,,1.0,1.0,デグナー京都本店                         
0,共通倉庫,10,4524486093708,21SJ-14K ﾚｻﾞｰｼﾞｬｹｯﾄ BK L 桧垣桜,,,2025-04-23,売上,407199.0,,,1.0,0.0,いちげん                                 
0,共通倉庫,10,4524486093708,21SJ-14K ﾚｻﾞｰｼﾞｬｹｯﾄ BK L 桧垣桜,,,2025-05-20,仕入,35890.0,6727.0,7.0,,7.0,IHSAN                                    
0,共通倉庫,10,4524486093708,21SJ-14K ﾚｻﾞｰｼﾞｬｹｯﾄ BK L 桧垣桜,,,2025-05-22,売上,409726.0,,,1.0,,ﾗｲｺﾗﾝﾄﾞ 柏店                             1001 株式会社ﾗｲﾀﾞｰｽﾞ・ｻﾎﾟｰﾄ・ｶﾝﾊﾟﾆｰ
0,共通倉庫,10,4524486093708,21SJ-14K ﾚｻﾞｰｼﾞｬｹｯﾄ BK L 桧垣桜,,,2025-05-22,売上,409727.0,,,1.0,,南海部品 宇都宮店                        3006 株式会社 ｺｼﾀﾞﾃｯｸ
0,共通倉庫,10,4524486093708,21SJ-14K ﾚｻﾞｰｼﾞｬｹｯﾄ BK L 桧垣桜,,,2025-05-22,売上,409750.0,,,1.0,,ﾗｲｺﾗﾝﾄﾞ 沖縄店                           2071 株式会社 ｺｼﾀﾞﾃｯｸ
0,共通倉庫,10,4524486093708,21SJ-14K ﾚｻﾞｰｼﾞｬｹｯﾄ BK L 桧垣桜,,,2025-05-22,売上,409755.0,,,1.0,3.0,ﾗｲｺﾗﾝﾄﾞ 小倉店                           2091 株式会社 ｺｼﾀﾞﾃｯｸ
0,共通倉庫,10,4524486093708,21SJ-14K ﾚｻﾞｰｼﾞｬｹｯﾄ BK L 桧垣桜,,,2025-05-23,売上,409867.0,,,1.0,2.0,いちげん                                 
0,共通倉庫,10,4524486093708,21SJ-14K ﾚｻﾞｰｼﾞｬｹｯﾄ BK L 桧垣桜,,,2025-05-28,売上,410280.0,,,1.0,1.0,ﾗｲｺﾗﾝﾄﾞ TokyoBay東雲店                   2003 株式会社 ｺｼﾀﾞﾃｯｸ
0,共通倉庫,10,4524486093708,21SJ-14K ﾚｻﾞｰｼﾞｬｹｯﾄ BK L 桧垣桜,,,2025-06-19,売上,412009.0,,,1.0,0.0,Riderment Company                        
0,共通倉庫,10,4524486093708,21SJ-14K ﾚｻﾞｰｼﾞｬｹｯﾄ BK L 桧垣桜,,,2025-07-15,仕入,36269.0,6880.0,10.0,,10.0,IHSAN                                    
0,共通倉庫,10,4524486093708,21SJ-14K ﾚｻﾞｰｼﾞｬｹｯﾄ BK L 桧垣桜,,,2025-07-23,売上,414575.0,,,1.0,8.0,株式会社 ｻｲｸﾙﾜｰﾙﾄﾞ神戸本店               
0,共通倉庫,10,4524486093708,21SJ-14K ﾚｻﾞｰｼﾞｬｹｯﾄ BK L 桧垣桜,,,2025-07-24,売上,414723.0,,,1.0,7.0,いちげん                                 
0,共通倉庫,10,4524486093708,21SJ-14K ﾚｻﾞｰｼﾞｬｹｯﾄ BK L 桧垣桜,,,2025-07-25,売上,414799.0,,,1.0,6.0,Riderment Company                        
0,共通倉庫,10,4524486093708,21SJ-14K ﾚｻﾞｰｼﾞｬｹｯﾄ BK L 桧垣桜,,,2025-07-27,売上,414847.0,,,1.0,5.0,いちげん                                 
0,共通倉庫,10,4524486093708,21SJ-14K ﾚｻﾞｰｼﾞｬｹｯﾄ BK L 桧垣桜,,,2025-08-04,売上,415360.0,,,1.0,4.0,南海部品 小山店                          3003 株式会社 ｺｼﾀﾞﾃｯｸ
0,共通倉庫,10,4524486093708,21SJ-14K ﾚｻﾞｰｼﾞｬｹｯﾄ BK L 桧垣桜,,,2025-08-26,仕入,36608.0,6990.0,10.0,,14.0,IHSAN                                    
0,共通倉庫,10,4524486093708,21SJ-14K ﾚｻﾞｰｼﾞｬｹｯﾄ BK L 桧垣桜,,,2025-08-29,売上,416952.0,,,1.0,13.0,ﾅｯﾌﾟｽ ﾍﾞｲｻｲﾄﾞ幸浦店                      15
0,共通倉庫,10,4524486093708,21SJ-14K ﾚｻﾞｰｼﾞｬｹｯﾄ BK L 桧垣桜,,,2025-09-09,売上,417755.0,,,1.0,12.0,ﾗｲｺﾗﾝﾄﾞ CuBe札幌白石店                   2015 株式会社 ｺｼﾀﾞﾃｯｸ
0,共通倉庫,10,4524486093708,21SJ-14K ﾚｻﾞｰｼﾞｬｹｯﾄ BK L 桧垣桜,,,2025-09-11,売上,418094.0,,,1.0,11.0,ﾅｯﾌﾟｽ 豊橋店                             24
0,共通倉庫,10,4524486093708,21SJ-14K ﾚｻﾞｰｼﾞｬｹｯﾄ BK L 桧垣桜,,,2025-09-19,売上,418782.0,,,1.0,,株式会社 光輝 南海部品仙台店             
0,共通倉庫,10,4524486093708,21SJ-14K ﾚｻﾞｰｼﾞｬｹｯﾄ BK L 桧垣桜,,,2025-09-19,売上,418791.0,,,1.0,9.0,ﾗｲｺﾗﾝﾄﾞ 小倉店                           2091 株式会社 ｺｼﾀﾞﾃｯｸ
0,共通倉庫,10,4524486093708,21SJ-14K ﾚｻﾞｰｼﾞｬｹｯﾄ BK L 桧垣桜,,,2025-09-29,売上,419613.0,,,1.0,8.0,ﾊﾟｰｸｱｯﾌﾟ株式会社                         
0,共通倉庫,10,4524486093708,21SJ-14K ﾚｻﾞｰｼﾞｬｹｯﾄ BK L 桧垣桜,,,2025-09-30,売上,419732.0,,,1.0,7.0,株式会社JTBふるさと開発事業部            
0,共通倉庫,10,4524486093708,21SJ-14K ﾚｻﾞｰｼﾞｬｹｯﾄ BK L 桧垣桜,,,2025-10-02,売上,419988.0,,,1.0,6.0,株式会社JTBふるさと開発事業部            
0,共通倉庫,10,4524486093708,21SJ-14K ﾚｻﾞｰｼﾞｬｹｯﾄ BK L 桧垣桜,,,2025-10-06,売上,420268.0,,,1.0,5.0,いちげん                                 
0,共通倉庫,10,4524486093708,21SJ-14K ﾚｻﾞｰｼﾞｬｹｯﾄ BK L 桧垣桜,,,2025-10-07,売上,420355.0,,,1.0,4.0,ﾗｲｺﾗﾝﾄﾞ 柏店                             1001 株式会社ﾗｲﾀﾞｰｽﾞ・ｻﾎﾟｰﾄ・ｶﾝﾊﾟﾆｰ
0,共通倉庫,10,4524486093708,21SJ-14K ﾚｻﾞｰｼﾞｬｹｯﾄ BK L 桧垣桜,,,2025-10-08,売上,420479.0,,,1.0,,いちげん                                 
0,共通倉庫,10,4524486093708,21SJ-14K ﾚｻﾞｰｼﾞｬｹｯﾄ BK L 桧垣桜,,,2025-10-08,売上,420491.0,,,1.0,2.0,株式会社JTBふるさと開発事業部            
0,共通倉庫,10,4524486093708,21SJ-14K ﾚｻﾞｰｼﾞｬｹｯﾄ BK L 桧垣桜,,,2025-10-09,売上,420607.0,,,1.0,1.0,いちげん                                 
0,共通倉庫,10,4524486093708,21SJ-14K ﾚｻﾞｰｼﾞｬｹｯﾄ BK L 桧垣桜,,,2025-10-15,売上,421030.0,,,1.0,0.0,甲子園ﾌﾙﾌｨﾙﾒﾝﾄｾﾝﾀｰ                       株式会社ﾘﾊﾞｰｸﾚｲﾝ
0,共通倉庫,10,4524486093708,21SJ-14K ﾚｻﾞｰｼﾞｬｹｯﾄ BK L 桧垣桜,,,2025-10-22,仕入,36944.0,7227.0,15.0,,15.0,IHSAN                                    
0,共通倉庫,10,4524486093708,21SJ-14K ﾚｻﾞｰｼﾞｬｹｯﾄ BK L 桧垣桜,,,2025-10-24,売上,421785.0,,,1.0,,株式会社 光輝 南海部品仙台店             
0,共通倉庫,10,4524486093708,21SJ-14K ﾚｻﾞｰｼﾞｬｹｯﾄ BK L 桧垣桜,,,2025-10-24,売上,421787.0,,,1.0,,ﾗｲｺﾗﾝﾄﾞ 沖縄店                           2071 株式会社 ｺｼﾀﾞﾃｯｸ
0,共通倉庫,10,4524486093708,21SJ-14K ﾚｻﾞｰｼﾞｬｹｯﾄ BK L 桧垣桜,,,2025-10-24,売上,421790.0,,,1.0,,ﾗｲｺﾗﾝﾄﾞ 小倉店                           2091 株式会社 ｺｼﾀﾞﾃｯｸ
0,共通倉庫,10,4524486093708,21SJ-14K ﾚｻﾞｰｼﾞｬｹｯﾄ BK L 桧垣桜,,,2025-10-24,売上,421802.0,,,1.0,11.0,南海部品株式会社                         
0,共通倉庫,10,4524486093708,21SJ-14K ﾚｻﾞｰｼﾞｬｹｯﾄ BK L 桧垣桜,,,2025-10-27,売上,421944.0,,,1.0,,ﾅｯﾌﾟｽ 東大阪店                           26
0,共通倉庫,10,4524486093708,21SJ-14K ﾚｻﾞｰｼﾞｬｹｯﾄ BK L 桧垣桜,,,2025-10-27,売上,422061.0,,,1.0,9.0,いちげん                                 
0,共通倉庫,10,4524486093708,21SJ-14K ﾚｻﾞｰｼﾞｬｹｯﾄ BK L 桧垣桜,,,2025-11-05,売上,422698.0,,,1.0,,ﾗｲｺﾗﾝﾄﾞ TokyoBay東雲店                   2003 株式会社 ｺｼﾀﾞﾃｯｸ
0,共通倉庫,10,4524486093708,21SJ-14K ﾚｻﾞｰｼﾞｬｹｯﾄ BK L 桧垣桜,,,2025-11-05,売上,422715.0,,,1.0,,ﾗｲｺﾗﾝﾄﾞ 沖縄店                           2071 株式会社 ｺｼﾀﾞﾃｯｸ
0,共通倉庫,10,4524486093708,21SJ-14K ﾚｻﾞｰｼﾞｬｹｯﾄ BK L 桧垣桜,,,2025-11-05,売上,422808.0,,,1.0,6.0,いちげん                                 
0,共通倉庫,10,4524486093708,21SJ-14K ﾚｻﾞｰｼﾞｬｹｯﾄ BK L 桧垣桜,,,2025-11-07,売上,423029.0,,,1.0,5.0,デグナー京都本店                         
0,共通倉庫,10,4524486093708,21SJ-14K ﾚｻﾞｰｼﾞｬｹｯﾄ BK L 桧垣桜,,,2025-11-10,売上,423237.0,,,1.0,4.0,いちげん                                 
0,共通倉庫,10,4524486093708,21SJ-14K ﾚｻﾞｰｼﾞｬｹｯﾄ BK L 桧垣桜,,,2025-11-11,売上,423338.0,,,1.0,3.0,ﾗｲｺﾗﾝﾄﾞ 沖縄店                           2071 株式会社 ｺｼﾀﾞﾃｯｸ
0,共通倉庫,10,4524486093708,21SJ-14K ﾚｻﾞｰｼﾞｬｹｯﾄ BK L 桧垣桜,,,2025-11-14,売上,423595.0,,,1.0,2.0,ﾗｲｺﾗﾝﾄﾞ TokyoBay東雲店                   2003 株式会社 ｺｼﾀﾞﾃｯｸ
0,共通倉庫,10,4524486093708,21SJ-14K ﾚｻﾞｰｼﾞｬｹｯﾄ BK L 桧垣桜,,,2025-11-25,売上,424273.0,,,1.0,1.0,722 福岡2りんかん                        株式会社2りんかんｲｴﾛｰﾊｯﾄ
0,共通倉庫,10,4524486093708,21SJ-14K ﾚｻﾞｰｼﾞｬｹｯﾄ BK L 桧垣桜,,,2025-12-01,仕入,37151.0,7374.0,10.0,,11.0,IHSAN                                    
0,共通倉庫,10,4524486093708,21SJ-14K ﾚｻﾞｰｼﾞｬｹｯﾄ BK L 桧垣桜,,,2025-12-02,売上,424903.0,,,1.0,10.0,株式会社 一国 一国ｻｲｸﾙﾜｰｸｽ               
0,共通倉庫,10,4524486093708,21SJ-14K ﾚｻﾞｰｼﾞｬｹｯﾄ BK L 桧垣桜,,,2025-12-05,売上,425214.0,,,1.0,9.0,株式会社JTBふるさと開発事業部            
0,共通倉庫,10,4524486093708,21SJ-14K ﾚｻﾞｰｼﾞｬｹｯﾄ BK L 桧垣桜,,,2025-12-08,売上,425444.0,,,1.0,8.0,いちげん                                 
0,共通倉庫,10,4524486093708,21SJ-14K ﾚｻﾞｰｼﾞｬｹｯﾄ BK L 桧垣桜,,,2025-12-11,売上,425738.0,,,1.0,,ANSIN MOTO CO.                           
0,共通倉庫,10,4524486093708,21SJ-14K ﾚｻﾞｰｼﾞｬｹｯﾄ BK L 桧垣桜,,,2025-12-15,出荷,12101.0,,,1.0,,棚卸し調整                               
0,共通倉庫,10,4524486093708,21SJ-14K ﾚｻﾞｰｼﾞｬｹｯﾄ BK L 桧垣桜,,,2025-12-15,売上,426092.0,,,1.0,4.0,いちげん                                 
0,共通倉庫,10,4524486093708,21SJ-14K ﾚｻﾞｰｼﾞｬｹｯﾄ BK L 桧垣桜,,,2025-12-16,売上,426228.0,,,1.0,,いちげん                                 
0,共通倉庫,10,4524486093708,21SJ-14K ﾚｻﾞｰｼﾞｬｹｯﾄ BK L 桧垣桜,,,2025-12-25,売上,426802.0,,,1.0,1.0,ANSIN MOTO CO.                           
0,共通倉庫,10,4524486093708,21SJ-14K ﾚｻﾞｰｼﾞｬｹｯﾄ BK L 桧垣桜,,,2026-01-06,売上,427479.0,,,1.0,0.0,株式会社JTBふるさと開発事業部            
0,共通倉庫,10,4524486093708,21SJ-14K ﾚｻﾞｰｼﾞｬｹｯﾄ BK L 桧垣桜,,,2026-01-28,仕入,37488.0,7424.0,5.0,,5.0,IHSAN                                    
0,共通倉庫,10,4524486093708,21SJ-14K ﾚｻﾞｰｼﾞｬｹｯﾄ BK L 桧垣桜,,,2026-02-02,売上,428928.0,,,1.0,,ﾗｲｺﾗﾝﾄﾞ 柏店                             1001 株式会社ﾗｲﾀﾞｰｽﾞ・ｻﾎﾟｰﾄ・ｶﾝﾊﾟﾆｰ
0,共通倉庫,10,4524486093708,21SJ-14K ﾚｻﾞｰｼﾞｬｹｯﾄ BK L 桧垣桜,,,2026-02-02,売上,428937.0,,,1.0,3.0,ﾗｲｺﾗﾝﾄﾞ 沖縄店                           2071 株式会社 ｺｼﾀﾞﾃｯｸ
0,共通倉庫,10,4524486093708,21SJ-14K ﾚｻﾞｰｼﾞｬｹｯﾄ BK L 桧垣桜,,,2026-02-04,売上,429114.0,,,1.0,2.0,ﾗｲｺﾗﾝﾄﾞ 小倉店                           2091 株式会社 ｺｼﾀﾞﾃｯｸ
0,共通倉庫,10,4524486093708,21SJ-14K ﾚｻﾞｰｼﾞｬｹｯﾄ BK L 桧垣桜,,,2026-02-09,売上,429390.0,,,1.0,1.0,株式会社 光輝 南海部品仙台店             
0,共通倉庫,10,4524486093708,21SJ-14K ﾚｻﾞｰｼﾞｬｹｯﾄ BK L 桧垣桜,,,2026-02-13,売上,429657.0,,,1.0,,いちげん                                 
0,共通倉庫,10,4524486093708,21SJ-14K ﾚｻﾞｰｼﾞｬｹｯﾄ BK L 桧垣桜,,,2026-02-13,売上,429657.0,,,-1.0,1.0,いちげん                                 
0,共通倉庫,10,4524486093708,21SJ-14K ﾚｻﾞｰｼﾞｬｹｯﾄ BK L 桧垣桜,,,2026-03-23,売上,432250.0,,,1.0,0.0,南海部品 福島店                          DMC合同会社
0,共通倉庫,10,4524486093708,21SJ-14K ﾚｻﾞｰｼﾞｬｹｯﾄ BK L 桧垣桜,,,2026-03-31,仕入,37837.0,7227.0,6.0,,,IHSAN                                    
0,共通倉庫,10,4524486093708,21SJ-14K ﾚｻﾞｰｼﾞｬｹｯﾄ BK L 桧垣桜,,,2026-03-31,仕入,37838.0,7182.0,20.0,,26.0,IHSAN                                    
0,共通倉庫,10,4524486093708,21SJ-14K ﾚｻﾞｰｼﾞｬｹｯﾄ BK L 桧垣桜,,,2026-04-01,売上,433023.0,,,1.0,,ﾗｲｺﾗﾝﾄﾞ 長野店                           2020 株式会社 ｺｼﾀﾞﾃｯｸ
0,共通倉庫,10,4524486093708,21SJ-14K ﾚｻﾞｰｼﾞｬｹｯﾄ BK L 桧垣桜,,,2026-04-01,売上,433055.0,,,1.0,24.0,343 郡山2りんかん                        株式会社2りんかんｲｴﾛｰﾊｯﾄ
0,共通倉庫,10,4524486093708,21SJ-14K ﾚｻﾞｰｼﾞｬｹｯﾄ BK L 桧垣桜,,,2026-04-02,売上,433129.0,,,1.0,,ﾗｲｺﾗﾝﾄﾞ 柏店                             1001 株式会社ﾗｲﾀﾞｰｽﾞ・ｻﾎﾟｰﾄ・ｶﾝﾊﾟﾆｰ
0,共通倉庫,10,4524486093715,21SJ-14K ﾚｻﾞｰｼﾞｬｹｯﾄ BK XL 桧垣桜,,,2021-03-03,仕入,25240.0,5276.0,5.0,,5.0,IHSAN                                    
0,共通倉庫,10,4524486093715,21SJ-14K ﾚｻﾞｰｼﾞｬｹｯﾄ BK XL 桧垣桜,,,2021-03-23,売上,298835.0,,,1.0,4.0,株式会社 ｱｸﾄﾜｰﾙﾄﾞ                        
0,共通倉庫,10,4524486093715,21SJ-14K ﾚｻﾞｰｼﾞｬｹｯﾄ BK XL 桧垣桜,,,2021-03-25,売上,299059.0,,,1.0,3.0,デグナー京都本店                         
0,共通倉庫,10,4524486093715,21SJ-14K ﾚｻﾞｰｼﾞｬｹｯﾄ BK XL 桧垣桜,,,2021-03-26,売上,299174.0,,,1.0,2.0,ﾓﾄﾌｨｰﾙﾄﾞﾄﾞｯｶｰｽﾞ東京本店                  株式会社ﾜｰｽﾜｲﾙ
0,共通倉庫,10,4524486093715,21SJ-14K ﾚｻﾞｰｼﾞｬｹｯﾄ BK XL 桧垣桜,,,2021-03-29,売上,299387.0,,,1.0,1.0,ﾗｲｺﾗﾝﾄﾞ 柏店                             1001 株式会社ﾗｲﾀﾞｰｽﾞ・ｻﾎﾟｰﾄ・ｶﾝﾊﾟﾆｰ
0,共通倉庫,10,4524486093715,21SJ-14K ﾚｻﾞｰｼﾞｬｹｯﾄ BK XL 桧垣桜,,,2021-03-31,仕入,25458.0,5444.0,10.0,,11.0,IHSAN                                    
0,共通倉庫,10,4524486093715,21SJ-14K ﾚｻﾞｰｼﾞｬｹｯﾄ BK XL 桧垣桜,,,2021-04-08,売上,300245.0,,,1.0,10.0,ﾗｲｺﾗﾝﾄﾞ 水戸店                           2017 株式会社 ｺｼﾀﾞﾃｯｸ
0,共通倉庫,10,4524486093715,21SJ-14K ﾚｻﾞｰｼﾞｬｹｯﾄ BK XL 桧垣桜,,,2021-04-12,売上,300496.0,,,1.0,9.0,ﾗｲｺﾗﾝﾄﾞ CuBe札幌白石店                   2015 株式会社 ｺｼﾀﾞﾃｯｸ
0,共通倉庫,10,4524486093715,21SJ-14K ﾚｻﾞｰｼﾞｬｹｯﾄ BK XL 桧垣桜,,,2021-04-13,売上,300682.0,,,1.0,8.0,【閉店】ﾗｲｺﾗﾝﾄﾞCube都城                  2013 株式会社 ｺｼﾀﾞﾃｯｸ
0,共通倉庫,10,4524486093715,21SJ-14K ﾚｻﾞｰｼﾞｬｹｯﾄ BK XL 桧垣桜,,,2021-06-08,売上,304975.0,,,-1.0,9.0,ﾗｲｺﾗﾝﾄﾞ 柏店                             1001 株式会社ﾗｲﾀﾞｰｽﾞ・ｻﾎﾟｰﾄ・ｶﾝﾊﾟﾆｰ
0,共通倉庫,10,4524486093715,21SJ-14K ﾚｻﾞｰｼﾞｬｹｯﾄ BK XL 桧垣桜,,,2021-08-05,売上,308973.0,,,1.0,8.0,ﾗｲｺﾗﾝﾄﾞ CuBe札幌白石店                   2015 株式会社 ｺｼﾀﾞﾃｯｸ
0,共通倉庫,10,4524486093715,21SJ-14K ﾚｻﾞｰｼﾞｬｹｯﾄ BK XL 桧垣桜,,,2021-09-01,売上,310559.0,,,1.0,,ﾗｲｺﾗﾝﾄﾞ 埼玉店                           1002 株式会社ﾗｲﾀﾞｰｽﾞ・ｻﾎﾟｰﾄ・ｶﾝﾊﾟﾆｰ
0,共通倉庫,10,4524486093715,21SJ-14K ﾚｻﾞｰｼﾞｬｹｯﾄ BK XL 桧垣桜,,,2021-09-01,売上,310582.0,,,1.0,6.0,ﾗｲｺﾗﾝﾄﾞ CuBe札幌白石店                   2015 株式会社 ｺｼﾀﾞﾃｯｸ
0,共通倉庫,10,4524486093715,21SJ-14K ﾚｻﾞｰｼﾞｬｹｯﾄ BK XL 桧垣桜,,,2021-09-06,売上,311131.0,,,1.0,5.0,ﾊﾟｰｸｱｯﾌﾟ株式会社                         
0,共通倉庫,10,4524486093715,21SJ-14K ﾚｻﾞｰｼﾞｬｹｯﾄ BK XL 桧垣桜,,,2021-09-14,仕入,26669.0,4995.0,4.0,,,IHSAN                                    
0,共通倉庫,10,4524486093715,21SJ-14K ﾚｻﾞｰｼﾞｬｹｯﾄ BK XL 桧垣桜,,,2021-09-14,売上,311639.0,,,1.0,8.0,ﾗｲｺﾗﾝﾄﾞ TokyoBay東雲店                   2003 株式会社 ｺｼﾀﾞﾃｯｸ
0,共通倉庫,10,4524486093715,21SJ-14K ﾚｻﾞｰｼﾞｬｹｯﾄ BK XL 桧垣桜,,,2021-09-29,売上,312816.0,,,1.0,7.0,ﾗｲｺﾗﾝﾄﾞ 小牧ｲﾝﾀｰ店                       2004 株式会社 ｺｼﾀﾞﾃｯｸ
0,共通倉庫,10,4524486093715,21SJ-14K ﾚｻﾞｰｼﾞｬｹｯﾄ BK XL 桧垣桜,,,2021-10-18,売上,314129.0,,,1.0,6.0,ﾗｲｺﾗﾝﾄﾞ 水戸店                           2017 株式会社 ｺｼﾀﾞﾃｯｸ
0,共通倉庫,10,4524486093715,21SJ-14K ﾚｻﾞｰｼﾞｬｹｯﾄ BK XL 桧垣桜,,,2021-10-21,売上,314538.0,,,1.0,5.0,ﾗｲｺﾗﾝﾄﾞ TokyoBay東雲店                   2003 株式会社 ｺｼﾀﾞﾃｯｸ
0,共通倉庫,10,4524486093715,21SJ-14K ﾚｻﾞｰｼﾞｬｹｯﾄ BK XL 桧垣桜,,,2021-10-28,売上,315383.0,,,1.0,4.0,株式会社ﾘﾊﾞｰｸﾚｲﾝ                         
0,共通倉庫,10,4524486093715,21SJ-14K ﾚｻﾞｰｼﾞｬｹｯﾄ BK XL 桧垣桜,,,2021-11-01,売上,315628.0,,,1.0,3.0,いちげん                                 
0,共通倉庫,10,4524486093715,21SJ-14K ﾚｻﾞｰｼﾞｬｹｯﾄ BK XL 桧垣桜,,,2021-11-02,売上,315724.0,,,1.0,2.0,いちげん                                 
0,共通倉庫,10,4524486093715,21SJ-14K ﾚｻﾞｰｼﾞｬｹｯﾄ BK XL 桧垣桜,,,2021-11-04,売上,316026.0,,,1.0,1.0,有限会社 ｴｲﾁ･ｴｽｼｰ 沼津店                 
0,共通倉庫,10,4524486093715,21SJ-14K ﾚｻﾞｰｼﾞｬｹｯﾄ BK XL 桧垣桜,,,2021-11-08,売上,316306.0,,,-1.0,2.0,有限会社 ｴｲﾁ･ｴｽｼｰ 沼津店                 
0,共通倉庫,10,4524486093715,21SJ-14K ﾚｻﾞｰｼﾞｬｹｯﾄ BK XL 桧垣桜,,,2021-12-01,売上,318413.0,,,1.0,1.0,いちげん                                 
0,共通倉庫,10,4524486093715,21SJ-14K ﾚｻﾞｰｼﾞｬｹｯﾄ BK XL 桧垣桜,,,2021-12-03,売上,318561.0,,,1.0,0.0,ﾅｯﾌﾟｽ 足立店                             10
0,共通倉庫,10,4524486093715,21SJ-14K ﾚｻﾞｰｼﾞｬｹｯﾄ BK XL 桧垣桜,,,2022-04-07,仕入,28426.0,5418.0,12.0,,12.0,IHSAN                                    
0,共通倉庫,10,4524486093715,21SJ-14K ﾚｻﾞｰｼﾞｬｹｯﾄ BK XL 桧垣桜,,,2022-04-11,売上,329548.0,,,1.0,10.0,いちげん                                 
0,共通倉庫,10,4524486093715,21SJ-14K ﾚｻﾞｰｼﾞｬｹｯﾄ BK XL 桧垣桜,,,2022-04-12,売上,329774.0,,,1.0,9.0,株式会社 ﾓﾉﾀﾞｲﾚｸﾄ                        
0,共通倉庫,10,4524486093715,21SJ-14K ﾚｻﾞｰｼﾞｬｹｯﾄ BK XL 桧垣桜,,,2022-04-20,売上,330460.0,,,1.0,8.0,いちげん                                 
0,共通倉庫,10,4524486093715,21SJ-14K ﾚｻﾞｰｼﾞｬｹｯﾄ BK XL 桧垣桜,,,2022-04-26,売上,331015.0,,,1.0,7.0,いちげん                                 
0,共通倉庫,10,4524486093715,21SJ-14K ﾚｻﾞｰｼﾞｬｹｯﾄ BK XL 桧垣桜,,,2022-05-01,売上,331351.0,,,1.0,6.0,デグナー京都本店                         
0,共通倉庫,10,4524486093715,21SJ-14K ﾚｻﾞｰｼﾞｬｹｯﾄ BK XL 桧垣桜,,,2022-05-19,売上,333351.0,,,1.0,4.0,ﾅｯﾌﾟｽ EC事業                             46
0,共通倉庫,10,4524486093715,21SJ-14K ﾚｻﾞｰｼﾞｬｹｯﾄ BK XL 桧垣桜,,,2022-05-24,売上,333777.0,,,1.0,3.0,ﾗｲｺﾗﾝﾄﾞ 埼玉店                           1002 株式会社ﾗｲﾀﾞｰｽﾞ・ｻﾎﾟｰﾄ・ｶﾝﾊﾟﾆｰ
0,共通倉庫,10,4524486093715,21SJ-14K ﾚｻﾞｰｼﾞｬｹｯﾄ BK XL 桧垣桜,,,2022-07-12,仕入,29217.0,6139.0,6.0,,9.0,IHSAN                                    
0,共通倉庫,10,4524486093715,21SJ-14K ﾚｻﾞｰｼﾞｬｹｯﾄ BK XL 桧垣桜,,,2022-08-12,仕入,29482.0,6274.0,6.0,,15.0,IHSAN                                    
0,共通倉庫,10,4524486093715,21SJ-14K ﾚｻﾞｰｼﾞｬｹｯﾄ BK XL 桧垣桜,,,2022-08-30,売上,342003.0,,,1.0,14.0,ﾅｯﾌﾟｽ 福岡店                             18
0,共通倉庫,10,4524486093715,21SJ-14K ﾚｻﾞｰｼﾞｬｹｯﾄ BK XL 桧垣桜,,,2022-09-02,売上,342208.0,,,1.0,13.0,株式会社 ﾓﾉﾀﾞｲﾚｸﾄ                        
0,共通倉庫,10,4524486093715,21SJ-14K ﾚｻﾞｰｼﾞｬｹｯﾄ BK XL 桧垣桜,,,2022-09-09,売上,342742.0,,,1.0,12.0,株式会社 ﾓﾉﾀﾞｲﾚｸﾄ                        
0,共通倉庫,10,4524486093715,21SJ-14K ﾚｻﾞｰｼﾞｬｹｯﾄ BK XL 桧垣桜,,,2022-09-15,売上,343371.0,,,1.0,11.0,ﾗｲｺﾗﾝﾄﾞ 郡山店                           2008 株式会社 ｺｼﾀﾞﾃｯｸ
0,共通倉庫,10,4524486093715,21SJ-14K ﾚｻﾞｰｼﾞｬｹｯﾄ BK XL 桧垣桜,,,2022-09-29,売上,344473.0,,,1.0,10.0,株式会社JTBふるさと開発事業部            
0,共通倉庫,10,4524486093715,21SJ-14K ﾚｻﾞｰｼﾞｬｹｯﾄ BK XL 桧垣桜,,,2022-10-12,仕入,30030.0,6516.0,11.0,,21.0,IHSAN                                    
0,共通倉庫,10,4524486093715,21SJ-14K ﾚｻﾞｰｼﾞｬｹｯﾄ BK XL 桧垣桜,,,2022-10-17,売上,346098.0,,,1.0,20.0,デグナー京都本店                         
0,共通倉庫,10,4524486093715,21SJ-14K ﾚｻﾞｰｼﾞｬｹｯﾄ BK XL 桧垣桜,,,2022-11-04,売上,347993.0,,,1.0,19.0,株式会社JTBふるさと開発事業部            
0,共通倉庫,10,4524486093715,21SJ-14K ﾚｻﾞｰｼﾞｬｹｯﾄ BK XL 桧垣桜,,,2022-11-08,売上,348348.0,,,1.0,18.0,株式会社JTBふるさと開発事業部            
0,共通倉庫,10,4524486093715,21SJ-14K ﾚｻﾞｰｼﾞｬｹｯﾄ BK XL 桧垣桜,,,2022-11-10,売上,348500.0,,,1.0,17.0,株式会社JTBふるさと開発事業部            
0,共通倉庫,10,4524486093715,21SJ-14K ﾚｻﾞｰｼﾞｬｹｯﾄ BK XL 桧垣桜,,,2022-11-21,売上,349349.0,,,1.0,16.0,株式会社 ﾓﾉﾀﾞｲﾚｸﾄ                        
0,共通倉庫,10,4524486093715,21SJ-14K ﾚｻﾞｰｼﾞｬｹｯﾄ BK XL 桧垣桜,,,2022-12-02,売上,350230.0,,,1.0,15.0,株式会社JTBふるさと開発事業部            
0,共通倉庫,10,4524486093715,21SJ-14K ﾚｻﾞｰｼﾞｬｹｯﾄ BK XL 桧垣桜,,,2022-12-03,売上,350262.0,,,1.0,14.0,デグナー京都本店                         
0,共通倉庫,10,4524486093715,21SJ-14K ﾚｻﾞｰｼﾞｬｹｯﾄ BK XL 桧垣桜,,,2022-12-06,売上,350517.0,,,1.0,,株式会社JTBふるさと開発事業部            
0,共通倉庫,10,4524486093715,21SJ-14K ﾚｻﾞｰｼﾞｬｹｯﾄ BK XL 桧垣桜,,,2022-12-06,売上,350519.0,,,1.0,12.0,株式会社JTBふるさと開発事業部            
0,共通倉庫,10,4524486093715,21SJ-14K ﾚｻﾞｰｼﾞｬｹｯﾄ BK XL 桧垣桜,,,2022-12-08,売上,350637.0,,,1.0,11.0,株式会社JTBふるさと開発事業部            
0,共通倉庫,10,4524486093715,21SJ-14K ﾚｻﾞｰｼﾞｬｹｯﾄ BK XL 桧垣桜,,,2022-12-09,売上,350709.0,,,1.0,10.0,株式会社JTBふるさと開発事業部            
0,共通倉庫,10,4524486093715,21SJ-14K ﾚｻﾞｰｼﾞｬｹｯﾄ BK XL 桧垣桜,,,2022-12-12,売上,350788.0,,,1.0,9.0,ﾗｲｺﾗﾝﾄﾞ 小倉店                           2091 株式会社 ｺｼﾀﾞﾃｯｸ
0,共通倉庫,10,4524486093715,21SJ-14K ﾚｻﾞｰｼﾞｬｹｯﾄ BK XL 桧垣桜,,,2023-01-05,売上,352268.0,,,1.0,6.0,いちげん                                 
0,共通倉庫,10,4524486093715,21SJ-14K ﾚｻﾞｰｼﾞｬｹｯﾄ BK XL 桧垣桜,,,2023-01-12,売上,352689.0,,,1.0,5.0,ANSIN MOTO CO.                           
0,共通倉庫,10,4524486093715,21SJ-14K ﾚｻﾞｰｼﾞｬｹｯﾄ BK XL 桧垣桜,,,2023-01-17,売上,352877.0,,,-1.0,6.0,いちげん                                 
0,共通倉庫,10,4524486093715,21SJ-14K ﾚｻﾞｰｼﾞｬｹｯﾄ BK XL 桧垣桜,,,2023-01-24,売上,352945.0,,,1.0,,ﾅｯﾌﾟｽ 堺ｲﾝﾀｰ店                           35
0,共通倉庫,10,4524486093715,21SJ-14K ﾚｻﾞｰｼﾞｬｹｯﾄ BK XL 桧垣桜,,,2023-01-24,売上,353377.0,,,1.0,4.0,株式会社JTBふるさと開発事業部            
0,共通倉庫,10,4524486093715,21SJ-14K ﾚｻﾞｰｼﾞｬｹｯﾄ BK XL 桧垣桜,,,2023-01-26,売上,353452.0,,,1.0,3.0,いちげん                                 
0,共通倉庫,10,4524486093715,21SJ-14K ﾚｻﾞｰｼﾞｬｹｯﾄ BK XL 桧垣桜,,,2023-02-11,売上,354428.0,,,1.0,2.0,デグナー京都本店                         
0,共通倉庫,10,4524486093715,21SJ-14K ﾚｻﾞｰｼﾞｬｹｯﾄ BK XL 桧垣桜,,,2023-02-14,売上,354594.0,,,1.0,1.0,ﾗｲｺﾗﾝﾄﾞ TokyoBay東雲店                   2003 株式会社 ｺｼﾀﾞﾃｯｸ
0,共通倉庫,10,4524486093715,21SJ-14K ﾚｻﾞｰｼﾞｬｹｯﾄ BK XL 桧垣桜,,,2023-02-16,仕入,30963.0,5925.0,5.0,,6.0,IHSAN                                    
0,共通倉庫,10,4524486093715,21SJ-14K ﾚｻﾞｰｼﾞｬｹｯﾄ BK XL 桧垣桜,,,2023-02-21,売上,354734.0,,,1.0,5.0,ﾅｯﾌﾟｽ ららぽーと立川立飛店               36
0,共通倉庫,10,4524486093715,21SJ-14K ﾚｻﾞｰｼﾞｬｹｯﾄ BK XL 桧垣桜,,,2023-03-01,売上,355814.0,,,1.0,3.0,ANSIN MOTO CO.                           
0,共通倉庫,10,4524486093715,21SJ-14K ﾚｻﾞｰｼﾞｬｹｯﾄ BK XL 桧垣桜,,,2023-03-02,売上,355892.0,,,1.0,2.0,いちげん                                 
0,共通倉庫,10,4524486093715,21SJ-14K ﾚｻﾞｰｼﾞｬｹｯﾄ BK XL 桧垣桜,,,2023-03-03,売上,355987.0,,,1.0,1.0,ﾗｲｺﾗﾝﾄﾞ 埼玉店                           1002 株式会社ﾗｲﾀﾞｰｽﾞ・ｻﾎﾟｰﾄ・ｶﾝﾊﾟﾆｰ
0,共通倉庫,10,4524486093715,21SJ-14K ﾚｻﾞｰｼﾞｬｹｯﾄ BK XL 桧垣桜,,,2023-03-07,売上,356278.0,,,1.0,0.0,株式会社JTBふるさと開発事業部            
0,共通倉庫,10,4524486093715,21SJ-14K ﾚｻﾞｰｼﾞｬｹｯﾄ BK XL 桧垣桜,,,2023-03-08,売上,356337.0,,,-1.0,1.0,いちげん                                 
0,共通倉庫,10,4524486093715,21SJ-14K ﾚｻﾞｰｼﾞｬｹｯﾄ BK XL 桧垣桜,,,2023-03-22,売上,357308.0,,,1.0,0.0,ﾅｯﾌﾟｽ 福岡店                             18
0,共通倉庫,10,4524486093715,21SJ-14K ﾚｻﾞｰｼﾞｬｹｯﾄ BK XL 桧垣桜,,,2023-04-14,仕入,31451.0,6085.0,11.0,,11.0,IHSAN                                    
0,共通倉庫,10,4524486093715,21SJ-14K ﾚｻﾞｰｼﾞｬｹｯﾄ BK XL 桧垣桜,,,2023-04-20,売上,359843.0,,,1.0,10.0,株式会社JTBふるさと開発事業部            
0,共通倉庫,10,4524486093715,21SJ-14K ﾚｻﾞｰｼﾞｬｹｯﾄ BK XL 桧垣桜,,,2023-05-23,仕入,31732.0,6378.0,5.0,,,IHSAN                                    
0,共通倉庫,10,4524486093715,21SJ-14K ﾚｻﾞｰｼﾞｬｹｯﾄ BK XL 桧垣桜,,,2023-05-23,仕入,31733.0,6378.0,10.0,,25.0,IHSAN                                    
0,共通倉庫,10,4524486093715,21SJ-14K ﾚｻﾞｰｼﾞｬｹｯﾄ BK XL 桧垣桜,,,2023-06-02,売上,362842.0,,,1.0,24.0,ﾗｲｺﾗﾝﾄﾞ CuBe札幌白石店                   2015 株式会社 ｺｼﾀﾞﾃｯｸ
0,共通倉庫,10,4524486093715,21SJ-14K ﾚｻﾞｰｼﾞｬｹｯﾄ BK XL 桧垣桜,,,2023-06-27,売上,364430.0,,,1.0,23.0,株式会社JTBふるさと開発事業部            
0,共通倉庫,10,4524486093715,21SJ-14K ﾚｻﾞｰｼﾞｬｹｯﾄ BK XL 桧垣桜,,,2023-06-30,売上,364590.0,,,1.0,22.0,有限会社ﾃｨﾋﾟﾓｰﾀｰｻｲｸﾙ                     
0,共通倉庫,10,4524486093715,21SJ-14K ﾚｻﾞｰｼﾞｬｹｯﾄ BK XL 桧垣桜,,,2023-08-01,仕入,32238.0,6445.0,10.0,,32.0,IHSAN                                    
0,共通倉庫,10,4524486093715,21SJ-14K ﾚｻﾞｰｼﾞｬｹｯﾄ BK XL 桧垣桜,,,2023-08-09,売上,367016.0,,,1.0,31.0,ﾗｲｺﾗﾝﾄﾞ CuBe札幌白石店                   2015 株式会社 ｺｼﾀﾞﾃｯｸ
0,共通倉庫,10,4524486093715,21SJ-14K ﾚｻﾞｰｼﾞｬｹｯﾄ BK XL 桧垣桜,,,2023-08-17,売上,367440.0,,,1.0,30.0,株式会社JTBふるさと開発事業部            
0,共通倉庫,10,4524486093715,21SJ-14K ﾚｻﾞｰｼﾞｬｹｯﾄ BK XL 桧垣桜,,,2023-09-05,売上,368474.0,,,1.0,29.0,ﾗｲｺﾗﾝﾄﾞ CuBe札幌白石店                   2015 株式会社 ｺｼﾀﾞﾃｯｸ
0,共通倉庫,10,4524486093715,21SJ-14K ﾚｻﾞｰｼﾞｬｹｯﾄ BK XL 桧垣桜,,,2023-09-21,売上,369601.0,,,1.0,28.0,ﾅｯﾌﾟｽ 広島店                             14
0,共通倉庫,10,4524486093715,21SJ-14K ﾚｻﾞｰｼﾞｬｹｯﾄ BK XL 桧垣桜,,,2023-09-22,売上,369740.0,,,1.0,27.0,株式会社JTBふるさと開発事業部            
0,共通倉庫,10,4524486093715,21SJ-14K ﾚｻﾞｰｼﾞｬｹｯﾄ BK XL 桧垣桜,,,2023-09-29,売上,369705.0,,,1.0,26.0,ﾅｯﾌﾟｽ 岡山店                             20
0,共通倉庫,10,4524486093715,21SJ-14K ﾚｻﾞｰｼﾞｬｹｯﾄ BK XL 桧垣桜,,,2023-10-02,売上,370251.0,,,1.0,,ﾗｲｺﾗﾝﾄﾞ TokyoBay東雲店                   2003 株式会社 ｺｼﾀﾞﾃｯｸ
0,共通倉庫,10,4524486093715,21SJ-14K ﾚｻﾞｰｼﾞｬｹｯﾄ BK XL 桧垣桜,,,2023-10-02,売上,370311.0,,,1.0,24.0,株式会社JTBふるさと開発事業部            
0,共通倉庫,10,4524486093715,21SJ-14K ﾚｻﾞｰｼﾞｬｹｯﾄ BK XL 桧垣桜,,,2023-10-06,売上,370647.0,,,1.0,,株式会社JTBふるさと開発事業部            
0,共通倉庫,10,4524486093715,21SJ-14K ﾚｻﾞｰｼﾞｬｹｯﾄ BK XL 桧垣桜,,,2023-10-06,売上,370650.0,,,1.0,22.0,株式会社JTBふるさと開発事業部            
0,共通倉庫,10,4524486093715,21SJ-14K ﾚｻﾞｰｼﾞｬｹｯﾄ BK XL 桧垣桜,,,2023-10-16,売上,371315.0,,,1.0,21.0,ﾅｯﾌﾟｽ 福岡店                             18
0,共通倉庫,10,4524486093715,21SJ-14K ﾚｻﾞｰｼﾞｬｹｯﾄ BK XL 桧垣桜,,,2023-10-23,売上,371750.0,,,1.0,,デグナー京都本店                         
0,共通倉庫,10,4524486093715,21SJ-14K ﾚｻﾞｰｼﾞｬｹｯﾄ BK XL 桧垣桜,,,2023-10-23,売上,371751.0,,,1.0,,株式会社JTBふるさと開発事業部            
0,共通倉庫,10,4524486093715,21SJ-14K ﾚｻﾞｰｼﾞｬｹｯﾄ BK XL 桧垣桜,,,2023-10-23,売上,371755.0,,,1.0,18.0,株式会社JTBふるさと開発事業部            
0,共通倉庫,10,4524486093715,21SJ-14K ﾚｻﾞｰｼﾞｬｹｯﾄ BK XL 桧垣桜,,,2023-11-01,仕入,32714.0,6915.0,10.0,,28.0,IHSAN                                    
0,共通倉庫,10,4524486093715,21SJ-14K ﾚｻﾞｰｼﾞｬｹｯﾄ BK XL 桧垣桜,,,2023-11-20,売上,373651.0,,,1.0,27.0,ﾅｯﾌﾟｽ 岡山店                             20
0,共通倉庫,10,4524486093715,21SJ-14K ﾚｻﾞｰｼﾞｬｹｯﾄ BK XL 桧垣桜,,,2023-11-24,売上,373839.0,,,1.0,26.0,ﾅｯﾌﾟｽ 福岡店                             18
0,共通倉庫,10,4524486093715,21SJ-14K ﾚｻﾞｰｼﾞｬｹｯﾄ BK XL 桧垣桜,,,2023-11-30,売上,374274.0,,,1.0,25.0,ANSIN MOTO CO.                           
0,共通倉庫,10,4524486093715,21SJ-14K ﾚｻﾞｰｼﾞｬｹｯﾄ BK XL 桧垣桜,,,2023-12-05,売上,374582.0,,,1.0,,ﾅｯﾌﾟｽ 浜松店                             16
0,共通倉庫,10,4524486093715,21SJ-14K ﾚｻﾞｰｼﾞｬｹｯﾄ BK XL 桧垣桜,,,2023-12-05,売上,374590.0,,,1.0,23.0,ﾅｯﾌﾟｽ 岡山店                             20
0,共通倉庫,10,4524486093715,21SJ-14K ﾚｻﾞｰｼﾞｬｹｯﾄ BK XL 桧垣桜,,,2023-12-06,売上,374633.0,,,1.0,22.0,株式会社JTBふるさと開発事業部            
0,共通倉庫,10,4524486093715,21SJ-14K ﾚｻﾞｰｼﾞｬｹｯﾄ BK XL 桧垣桜,,,2023-12-13,売上,375092.0,,,-1.0,23.0,ﾅｯﾌﾟｽ 浜松店                             16
0,共通倉庫,10,4524486093715,21SJ-14K ﾚｻﾞｰｼﾞｬｹｯﾄ BK XL 桧垣桜,,,2023-12-19,仕入,32953.0,6638.0,3.0,,,IHSAN                                    
0,共通倉庫,10,4524486093715,21SJ-14K ﾚｻﾞｰｼﾞｬｹｯﾄ BK XL 桧垣桜,,,2023-12-22,売上,375606.0,,,1.0,24.0,株式会社JTBふるさと開発事業部            
0,共通倉庫,10,4524486093715,21SJ-14K ﾚｻﾞｰｼﾞｬｹｯﾄ BK XL 桧垣桜,,,2023-12-28,売上,375974.0,,,1.0,,株式会社JTBふるさと開発事業部            
0,共通倉庫,10,4524486093715,21SJ-14K ﾚｻﾞｰｼﾞｬｹｯﾄ BK XL 桧垣桜,,,2023-12-28,売上,375978.0,,,1.0,22.0,株式会社JTBふるさと開発事業部            
0,共通倉庫,10,4524486093715,21SJ-14K ﾚｻﾞｰｼﾞｬｹｯﾄ BK XL 桧垣桜,,,2024-01-05,売上,376273.0,,,1.0,21.0,ﾗｲｺﾗﾝﾄﾞ 小倉店                           2091 株式会社 ｺｼﾀﾞﾃｯｸ
0,共通倉庫,10,4524486093715,21SJ-14K ﾚｻﾞｰｼﾞｬｹｯﾄ BK XL 桧垣桜,,,2024-01-15,売上,376689.0,,,-1.0,22.0,ﾅｯﾌﾟｽ 岡山店                             20
0,共通倉庫,10,4524486093715,21SJ-14K ﾚｻﾞｰｼﾞｬｹｯﾄ BK XL 桧垣桜,,,2024-01-16,売上,376782.0,,,1.0,21.0,株式会社JTBふるさと開発事業部            
0,共通倉庫,10,4524486093715,21SJ-14K ﾚｻﾞｰｼﾞｬｹｯﾄ BK XL 桧垣桜,,,2024-01-18,売上,376904.0,,,1.0,20.0,株式会社JTBふるさと開発事業部            
0,共通倉庫,10,4524486093715,21SJ-14K ﾚｻﾞｰｼﾞｬｹｯﾄ BK XL 桧垣桜,,,2024-01-22,売上,377042.0,,,1.0,19.0,いちげん                                 
0,共通倉庫,10,4524486093715,21SJ-14K ﾚｻﾞｰｼﾞｬｹｯﾄ BK XL 桧垣桜,,,2024-01-24,仕入,33159.0,6841.0,5.0,,24.0,IHSAN                                    
0,共通倉庫,10,4524486093715,21SJ-14K ﾚｻﾞｰｼﾞｬｹｯﾄ BK XL 桧垣桜,,,2024-01-25,売上,377187.0,,,1.0,23.0,ﾗｲｺﾗﾝﾄﾞ TokyoBay東雲店                   2003 株式会社 ｺｼﾀﾞﾃｯｸ
0,共通倉庫,10,4524486093715,21SJ-14K ﾚｻﾞｰｼﾞｬｹｯﾄ BK XL 桧垣桜,,,2024-03-01,売上,378922.0,,,1.0,,ﾗｲｺﾗﾝﾄﾞ 柏店                             1001 株式会社ﾗｲﾀﾞｰｽﾞ・ｻﾎﾟｰﾄ・ｶﾝﾊﾟﾆｰ
0,共通倉庫,10,4524486093715,21SJ-14K ﾚｻﾞｰｼﾞｬｹｯﾄ BK XL 桧垣桜,,,2024-03-01,売上,378926.0,,,1.0,21.0,ﾗｲｺﾗﾝﾄﾞ TokyoBay東雲店                   2003 株式会社 ｺｼﾀﾞﾃｯｸ
0,共通倉庫,10,4524486093715,21SJ-14K ﾚｻﾞｰｼﾞｬｹｯﾄ BK XL 桧垣桜,,,2024-03-29,売上,380569.0,,,1.0,20.0,南海部品 小山店                          3003 株式会社 ｺｼﾀﾞﾃｯｸ
0,共通倉庫,10,4524486093715,21SJ-14K ﾚｻﾞｰｼﾞｬｹｯﾄ BK XL 桧垣桜,,,2024-03-30,売上,380639.0,,,1.0,19.0,デグナー京都本店                         
0,共通倉庫,10,4524486093715,21SJ-14K ﾚｻﾞｰｼﾞｬｹｯﾄ BK XL 桧垣桜,,,2024-04-03,仕入,33584.0,6942.0,3.0,,,IHSAN                                    
0,共通倉庫,10,4524486093715,21SJ-14K ﾚｻﾞｰｼﾞｬｹｯﾄ BK XL 桧垣桜,,,2024-04-03,売上,380961.0,,,1.0,21.0,ﾗｲｺﾗﾝﾄﾞ CuBe札幌白石店                   2015 株式会社 ｺｼﾀﾞﾃｯｸ
0,共通倉庫,10,4524486093715,21SJ-14K ﾚｻﾞｰｼﾞｬｹｯﾄ BK XL 桧垣桜,,,2024-04-06,売上,381124.0,,,1.0,20.0,販売店様ｲﾍﾞﾝﾄ                            
0,共通倉庫,10,4524486093715,21SJ-14K ﾚｻﾞｰｼﾞｬｹｯﾄ BK XL 桧垣桜,,,2024-04-17,売上,381888.0,,,1.0,19.0,ﾗｲｺﾗﾝﾄﾞ 小倉店                           2091 株式会社 ｺｼﾀﾞﾃｯｸ
0,共通倉庫,10,4524486093715,21SJ-14K ﾚｻﾞｰｼﾞｬｹｯﾄ BK XL 桧垣桜,,,2024-04-19,出荷,11001.0,,,-1.0,20.0,棚卸し調整                               
0,共通倉庫,10,4524486093715,21SJ-14K ﾚｻﾞｰｼﾞｬｹｯﾄ BK XL 桧垣桜,,,2024-05-13,売上,383747.0,,,1.0,18.0,いちげん                                 
0,共通倉庫,10,4524486093715,21SJ-14K ﾚｻﾞｰｼﾞｬｹｯﾄ BK XL 桧垣桜,,,2024-05-22,売上,384383.0,,,1.0,17.0,ﾗｲｺﾗﾝﾄﾞ 新潟店                           2031 株式会社 ｺｼﾀﾞﾃｯｸ
0,共通倉庫,10,4524486093715,21SJ-14K ﾚｻﾞｰｼﾞｬｹｯﾄ BK XL 桧垣桜,,,2024-06-04,売上,385228.0,,,1.0,16.0,株式会社JTBふるさと開発事業部            
0,共通倉庫,10,4524486093715,21SJ-14K ﾚｻﾞｰｼﾞｬｹｯﾄ BK XL 桧垣桜,,,2024-06-07,売上,385441.0,,,1.0,15.0,株式会社JTBふるさと開発事業部            
0,共通倉庫,10,4524486093715,21SJ-14K ﾚｻﾞｰｼﾞｬｹｯﾄ BK XL 桧垣桜,,,2024-07-19,売上,388333.0,,,1.0,14.0,ﾅｯﾌﾟｽ 東大阪店                           26
0,共通倉庫,10,4524486093715,21SJ-14K ﾚｻﾞｰｼﾞｬｹｯﾄ BK XL 桧垣桜,,,2024-08-07,仕入,34261.0,7267.0,14.0,,,IHSAN                                    
0,共通倉庫,10,4524486093715,21SJ-14K ﾚｻﾞｰｼﾞｬｹｯﾄ BK XL 桧垣桜,,,2024-08-07,売上,389497.0,,,1.0,27.0,いちげん                                 
0,共通倉庫,10,4524486093715,21SJ-14K ﾚｻﾞｰｼﾞｬｹｯﾄ BK XL 桧垣桜,,,2024-08-19,売上,390148.0,,,1.0,26.0,ﾗｲｺﾗﾝﾄﾞ 柏店                             1001 株式会社ﾗｲﾀﾞｰｽﾞ・ｻﾎﾟｰﾄ・ｶﾝﾊﾟﾆｰ
0,共通倉庫,10,4524486093715,21SJ-14K ﾚｻﾞｰｼﾞｬｹｯﾄ BK XL 桧垣桜,,,2024-08-20,出荷,11215.0,,,1.0,25.0,棚卸し調整                               
0,共通倉庫,10,4524486093715,21SJ-14K ﾚｻﾞｰｼﾞｬｹｯﾄ BK XL 桧垣桜,,,2024-09-11,売上,391428.0,,,1.0,24.0,ANSIN MOTO CO.                           
0,共通倉庫,10,4524486093715,21SJ-14K ﾚｻﾞｰｼﾞｬｹｯﾄ BK XL 桧垣桜,,,2024-09-24,売上,392056.0,,,1.0,23.0,株式会社 光輝 南海部品仙台店             
0,共通倉庫,10,4524486093715,21SJ-14K ﾚｻﾞｰｼﾞｬｹｯﾄ BK XL 桧垣桜,,,2024-09-26,売上,392323.0,,,1.0,22.0,ﾅｯﾌﾟｽ 座間店                             25
0,共通倉庫,10,4524486093715,21SJ-14K ﾚｻﾞｰｼﾞｬｹｯﾄ BK XL 桧垣桜,,,2024-09-27,売上,392385.0,,,1.0,21.0,南海部品 鹿児島店                        3013 株式会社 ｺｼﾀﾞﾃｯｸ
0,共通倉庫,10,4524486093715,21SJ-14K ﾚｻﾞｰｼﾞｬｹｯﾄ BK XL 桧垣桜,,,2024-10-01,売上,392663.0,,,1.0,20.0,ﾅｯﾌﾟｽ 新横浜店                           30
0,共通倉庫,10,4524486093715,21SJ-14K ﾚｻﾞｰｼﾞｬｹｯﾄ BK XL 桧垣桜,,,2024-10-12,売上,393426.0,,,1.0,19.0,デグナー京都本店                         
0,共通倉庫,10,4524486093715,21SJ-14K ﾚｻﾞｰｼﾞｬｹｯﾄ BK XL 桧垣桜,,,2024-10-18,売上,393968.0,,,1.0,17.0,いちげん                                 
0,共通倉庫,10,4524486093715,21SJ-14K ﾚｻﾞｰｼﾞｬｹｯﾄ BK XL 桧垣桜,,,2024-11-08,売上,395522.0,,,1.0,,ON-OFF Motobike Collections              International Co.
0,共通倉庫,10,4524486093715,21SJ-14K ﾚｻﾞｰｼﾞｬｹｯﾄ BK XL 桧垣桜,,,2024-11-18,売上,396216.0,,,1.0,14.0,ﾗｲｺﾗﾝﾄﾞ 福岡空港店                       2028 株式会社 ｺｼﾀﾞﾃｯｸ
0,共通倉庫,10,4524486093715,21SJ-14K ﾚｻﾞｰｼﾞｬｹｯﾄ BK XL 桧垣桜,,,2024-11-20,売上,396428.0,,,1.0,13.0,株式会社JTBふるさと開発事業部            
0,共通倉庫,10,4524486093715,21SJ-14K ﾚｻﾞｰｼﾞｬｹｯﾄ BK XL 桧垣桜,,,2024-11-25,売上,396749.0,,,1.0,12.0,ﾅｯﾌﾟｽ 前橋店                             17
0,共通倉庫,10,4524486093715,21SJ-14K ﾚｻﾞｰｼﾞｬｹｯﾄ BK XL 桧垣桜,,,2024-11-26,売上,396836.0,,,1.0,11.0,ﾅｯﾌﾟｽ 新横浜店                           30
0,共通倉庫,10,4524486093715,21SJ-14K ﾚｻﾞｰｼﾞｬｹｯﾄ BK XL 桧垣桜,,,2024-11-27,売上,396918.0,,,1.0,,ﾅｯﾌﾟｽ 新横浜店                           30
0,共通倉庫,10,4524486093715,21SJ-14K ﾚｻﾞｰｼﾞｬｹｯﾄ BK XL 桧垣桜,,,2024-11-27,売上,396973.0,,,1.0,9.0,ﾗｲｺﾗﾝﾄﾞ TokyoBay東雲店                   2003 株式会社 ｺｼﾀﾞﾃｯｸ
0,共通倉庫,10,4524486093715,21SJ-14K ﾚｻﾞｰｼﾞｬｹｯﾄ BK XL 桧垣桜,,,2024-12-11,売上,398047.0,,,1.0,8.0,デグナー京都本店                         
0,共通倉庫,10,4524486093715,21SJ-14K ﾚｻﾞｰｼﾞｬｹｯﾄ BK XL 桧垣桜,,,2024-12-17,売上,398628.0,,,1.0,7.0,いちげん                                 
0,共通倉庫,10,4524486093715,21SJ-14K ﾚｻﾞｰｼﾞｬｹｯﾄ BK XL 桧垣桜,,,2024-12-23,売上,398912.0,,,1.0,6.0,ﾅｯﾌﾟｽ 岡山店                             20
0,共通倉庫,10,4524486093715,21SJ-14K ﾚｻﾞｰｼﾞｬｹｯﾄ BK XL 桧垣桜,,,2024-12-26,売上,399261.0,,,1.0,5.0,ANSIN MOTO CO.                           
0,共通倉庫,10,4524486093715,21SJ-14K ﾚｻﾞｰｼﾞｬｹｯﾄ BK XL 桧垣桜,,,2024-12-28,仕入,35008.0,7227.0,3.0,,8.0,IHSAN                                    
0,共通倉庫,10,4524486093715,21SJ-14K ﾚｻﾞｰｼﾞｬｹｯﾄ BK XL 桧垣桜,,,2025-01-07,売上,399952.0,,,1.0,,ﾗｲｺﾗﾝﾄﾞ 沖縄店                           2071 株式会社 ｺｼﾀﾞﾃｯｸ
0,共通倉庫,10,4524486093715,21SJ-14K ﾚｻﾞｰｼﾞｬｹｯﾄ BK XL 桧垣桜,,,2025-01-09,売上,400056.0,,,1.0,5.0,南海部品 鹿児島店                        3013 株式会社 ｺｼﾀﾞﾃｯｸ
0,共通倉庫,10,4524486093715,21SJ-14K ﾚｻﾞｰｼﾞｬｹｯﾄ BK XL 桧垣桜,,,2025-01-17,売上,400700.0,,,-1.0,6.0,ﾅｯﾌﾟｽ 座間店                             25
0,共通倉庫,10,4524486093715,21SJ-14K ﾚｻﾞｰｼﾞｬｹｯﾄ BK XL 桧垣桜,,,2025-01-22,売上,400949.0,,,-1.0,7.0,ﾅｯﾌﾟｽ 新横浜店                           30
0,共通倉庫,10,4524486093715,21SJ-14K ﾚｻﾞｰｼﾞｬｹｯﾄ BK XL 桧垣桜,,,2025-01-24,売上,401030.0,,,1.0,6.0,株式会社JTBふるさと開発事業部            
0,共通倉庫,10,4524486093715,21SJ-14K ﾚｻﾞｰｼﾞｬｹｯﾄ BK XL 桧垣桜,,,2025-02-04,売上,401552.0,,,1.0,5.0,ﾗｲｺﾗﾝﾄﾞ 沖縄店                           2071 株式会社 ｺｼﾀﾞﾃｯｸ
0,共通倉庫,10,4524486093715,21SJ-14K ﾚｻﾞｰｼﾞｬｹｯﾄ BK XL 桧垣桜,,,2025-02-05,売上,401677.0,,,1.0,4.0,デグナー京都本店                         
0,共通倉庫,10,4524486093715,21SJ-14K ﾚｻﾞｰｼﾞｬｹｯﾄ BK XL 桧垣桜,,,2025-03-01,売上,403016.0,,,1.0,3.0,デグナー京都本店                         
0,共通倉庫,10,4524486093715,21SJ-14K ﾚｻﾞｰｼﾞｬｹｯﾄ BK XL 桧垣桜,,,2025-03-12,売上,403841.0,,,1.0,2.0,いちげん                                 
0,共通倉庫,10,4524486093715,21SJ-14K ﾚｻﾞｰｼﾞｬｹｯﾄ BK XL 桧垣桜,,,2025-03-14,売上,404001.0,,,1.0,1.0,いちげん                                 
0,共通倉庫,10,4524486093715,21SJ-14K ﾚｻﾞｰｼﾞｬｹｯﾄ BK XL 桧垣桜,,,2025-03-19,売上,404273.0,,,1.0,,帝都産業 株式会社                        EC/海外事業部
0,共通倉庫,10,4524486093715,21SJ-14K ﾚｻﾞｰｼﾞｬｹｯﾄ BK XL 桧垣桜,,,2025-03-19,売上,404300.0,,,-1.0,1.0,いちげん                                 
0,共通倉庫,10,4524486093715,21SJ-14K ﾚｻﾞｰｼﾞｬｹｯﾄ BK XL 桧垣桜,,,2025-03-24,仕入,35460.0,6899.0,3.0,,4.0,IHSAN                                    
0,共通倉庫,10,4524486093715,21SJ-14K ﾚｻﾞｰｼﾞｬｹｯﾄ BK XL 桧垣桜,,,2025-03-27,売上,405039.0,,,1.0,3.0,ﾗｲｺﾗﾝﾄﾞ TokyoBay東雲店                   2003 株式会社 ｺｼﾀﾞﾃｯｸ
0,共通倉庫,10,4524486093715,21SJ-14K ﾚｻﾞｰｼﾞｬｹｯﾄ BK XL 桧垣桜,,,2025-04-09,売上,406178.0,,,1.0,,いちげん                                 
0,共通倉庫,10,4524486093715,21SJ-14K ﾚｻﾞｰｼﾞｬｹｯﾄ BK XL 桧垣桜,,,2025-04-09,売上,406184.0,,,1.0,1.0,いちげん                                 
0,共通倉庫,10,4524486093715,21SJ-14K ﾚｻﾞｰｼﾞｬｹｯﾄ BK XL 桧垣桜,,,2025-04-15,売上,406581.0,,,1.0,0.0,ﾅｯﾌﾟｽ 広島店                             14
0,共通倉庫,10,4524486093715,21SJ-14K ﾚｻﾞｰｼﾞｬｹｯﾄ BK XL 桧垣桜,,,2025-04-25,売上,407376.0,,,1.0,0.0,ﾗｲｺﾗﾝﾄﾞ TokyoBay東雲店                   2003 株式会社 ｺｼﾀﾞﾃｯｸ
0,共通倉庫,10,4524486093715,21SJ-14K ﾚｻﾞｰｼﾞｬｹｯﾄ BK XL 桧垣桜,,,2025-05-20,仕入,35887.0,6560.0,3.0,,3.0,IHSAN                                    
0,共通倉庫,10,4524486093715,21SJ-14K ﾚｻﾞｰｼﾞｬｹｯﾄ BK XL 桧垣桜,,,2025-05-22,売上,409774.0,,,1.0,2.0,ﾗｲｺﾗﾝﾄﾞ CuBe札幌白石店                   2015 株式会社 ｺｼﾀﾞﾃｯｸ
0,共通倉庫,10,4524486093715,21SJ-14K ﾚｻﾞｰｼﾞｬｹｯﾄ BK XL 桧垣桜,,,2025-05-28,売上,410280.0,,,1.0,1.0,ﾗｲｺﾗﾝﾄﾞ TokyoBay東雲店                   2003 株式会社 ｺｼﾀﾞﾃｯｸ
0,共通倉庫,10,4524486093715,21SJ-14K ﾚｻﾞｰｼﾞｬｹｯﾄ BK XL 桧垣桜,,,2025-07-08,売上,413338.0,,,1.0,0.0,522 金沢2りんかん                        株式会社2りんかんｲｴﾛｰﾊｯﾄ
0,共通倉庫,10,4524486093715,21SJ-14K ﾚｻﾞｰｼﾞｬｹｯﾄ BK XL 桧垣桜,,,2025-07-15,仕入,36265.0,6880.0,4.0,,,IHSAN                                    
0,共通倉庫,10,4524486093715,21SJ-14K ﾚｻﾞｰｼﾞｬｹｯﾄ BK XL 桧垣桜,,,2025-07-15,仕入,36269.0,6880.0,8.0,,12.0,IHSAN                                    
0,共通倉庫,10,4524486093715,21SJ-14K ﾚｻﾞｰｼﾞｬｹｯﾄ BK XL 桧垣桜,,,2025-07-25,売上,414738.0,,,1.0,10.0,ﾗｲｺﾗﾝﾄﾞ CuBe札幌白石店                   2015 株式会社 ｺｼﾀﾞﾃｯｸ
0,共通倉庫,10,4524486093715,21SJ-14K ﾚｻﾞｰｼﾞｬｹｯﾄ BK XL 桧垣桜,,,2025-08-04,売上,415347.0,,,1.0,9.0,361 札幌2りんかん                        株式会社2りんかんｲｴﾛｰﾊｯﾄ
0,共通倉庫,10,4524486093715,21SJ-14K ﾚｻﾞｰｼﾞｬｹｯﾄ BK XL 桧垣桜,,,2025-08-07,売上,415664.0,,,1.0,8.0,352 新潟2りんかん                        株式会社2りんかんｲｴﾛｰﾊｯﾄ
0,共通倉庫,10,4524486093715,21SJ-14K ﾚｻﾞｰｼﾞｬｹｯﾄ BK XL 桧垣桜,,,2025-08-26,仕入,36608.0,6990.0,11.0,,19.0,IHSAN                                    
0,共通倉庫,10,4524486093715,21SJ-14K ﾚｻﾞｰｼﾞｬｹｯﾄ BK XL 桧垣桜,,,2025-09-01,売上,417071.0,,,1.0,,722 福岡2りんかん                        株式会社2りんかんｲｴﾛｰﾊｯﾄ
0,共通倉庫,10,4524486093715,21SJ-14K ﾚｻﾞｰｼﾞｬｹｯﾄ BK XL 桧垣桜,,,2025-09-01,売上,417125.0,,,1.0,17.0,ﾅｯﾌﾟｽ 一宮店                             32
0,共通倉庫,10,4524486093715,21SJ-14K ﾚｻﾞｰｼﾞｬｹｯﾄ BK XL 桧垣桜,,,2025-09-03,売上,417369.0,,,1.0,16.0,デグナー京都本店                         
0,共通倉庫,10,4524486093715,21SJ-14K ﾚｻﾞｰｼﾞｬｹｯﾄ BK XL 桧垣桜,,,2025-09-04,売上,417452.0,,,1.0,15.0,いちげん                                 
0,共通倉庫,10,4524486093715,21SJ-14K ﾚｻﾞｰｼﾞｬｹｯﾄ BK XL 桧垣桜,,,2025-09-10,売上,418006.0,,,1.0,14.0,株式会社JTBふるさと開発事業部            
0,共通倉庫,10,4524486093715,21SJ-14K ﾚｻﾞｰｼﾞｬｹｯﾄ BK XL 桧垣桜,,,2025-09-12,売上,418195.0,,,1.0,13.0,ﾗｲｺﾗﾝﾄﾞ TokyoBay東雲店                   2003 株式会社 ｺｼﾀﾞﾃｯｸ
0,共通倉庫,10,4524486093715,21SJ-14K ﾚｻﾞｰｼﾞｬｹｯﾄ BK XL 桧垣桜,,,2025-09-17,売上,418538.0,,,1.0,12.0,南海部品 鹿児島店                        3013 株式会社 ｺｼﾀﾞﾃｯｸ
0,共通倉庫,10,4524486093715,21SJ-14K ﾚｻﾞｰｼﾞｬｹｯﾄ BK XL 桧垣桜,,,2025-09-19,売上,418791.0,,,1.0,11.0,ﾗｲｺﾗﾝﾄﾞ 小倉店                           2091 株式会社 ｺｼﾀﾞﾃｯｸ
0,共通倉庫,10,4524486093715,21SJ-14K ﾚｻﾞｰｼﾞｬｹｯﾄ BK XL 桧垣桜,,,2025-09-22,売上,418951.0,,,1.0,,ﾊﾟｰｸｱｯﾌﾟ株式会社                         
0,共通倉庫,10,4524486093715,21SJ-14K ﾚｻﾞｰｼﾞｬｹｯﾄ BK XL 桧垣桜,,,2025-09-22,売上,418953.0,,,1.0,,株式会社 ｻｲｸﾙﾜｰﾙﾄﾞ神戸本店               
0,共通倉庫,10,4524486093715,21SJ-14K ﾚｻﾞｰｼﾞｬｹｯﾄ BK XL 桧垣桜,,,2025-09-22,売上,418984.0,,,1.0,,いちげん                                 
0,共通倉庫,10,4524486093715,21SJ-14K ﾚｻﾞｰｼﾞｬｹｯﾄ BK XL 桧垣桜,,,2025-09-22,売上,418986.0,,,1.0,7.0,いちげん                                 
0,共通倉庫,10,4524486093715,21SJ-14K ﾚｻﾞｰｼﾞｬｹｯﾄ BK XL 桧垣桜,,,2025-10-11,売上,420751.0,,,1.0,6.0,デグナー京都本店                         
0,共通倉庫,10,4524486093715,21SJ-14K ﾚｻﾞｰｼﾞｬｹｯﾄ BK XL 桧垣桜,,,2025-10-22,仕入,36944.0,7227.0,5.0,,,IHSAN                                    
0,共通倉庫,10,4524486093715,21SJ-14K ﾚｻﾞｰｼﾞｬｹｯﾄ BK XL 桧垣桜,,,2025-10-22,仕入,36949.0,7227.0,5.0,,15.0,IHSAN                                    
0,共通倉庫,10,4524486093715,21SJ-14K ﾚｻﾞｰｼﾞｬｹｯﾄ BK XL 桧垣桜,,,2025-10-27,売上,421920.0,,,1.0,,株式会社 とかげや                        
0,共通倉庫,10,4524486093715,21SJ-14K ﾚｻﾞｰｼﾞｬｹｯﾄ BK XL 桧垣桜,,,2025-10-27,売上,421944.0,,,1.0,13.0,ﾅｯﾌﾟｽ 東大阪店                           26
0,共通倉庫,10,4524486093715,21SJ-14K ﾚｻﾞｰｼﾞｬｹｯﾄ BK XL 桧垣桜,,,2025-11-05,売上,422698.0,,,1.0,12.0,ﾗｲｺﾗﾝﾄﾞ TokyoBay東雲店                   2003 株式会社 ｺｼﾀﾞﾃｯｸ
0,共通倉庫,10,4524486093715,21SJ-14K ﾚｻﾞｰｼﾞｬｹｯﾄ BK XL 桧垣桜,,,2025-11-06,売上,422903.0,,,1.0,11.0,361 札幌2りんかん                        株式会社2りんかんｲｴﾛｰﾊｯﾄ
0,共通倉庫,10,4524486093715,21SJ-14K ﾚｻﾞｰｼﾞｬｹｯﾄ BK XL 桧垣桜,,,2025-11-21,売上,424107.0,,,1.0,9.0,258 和光2りんかん                        株式会社2りんかんｲｴﾛｰﾊｯﾄ
0,共通倉庫,10,4524486093715,21SJ-14K ﾚｻﾞｰｼﾞｬｹｯﾄ BK XL 桧垣桜,,,2025-11-26,売上,424485.0,,,1.0,8.0,いちげん                                 
0,共通倉庫,10,4524486093715,21SJ-14K ﾚｻﾞｰｼﾞｬｹｯﾄ BK XL 桧垣桜,,,2025-12-08,売上,425444.0,,,-1.0,9.0,いちげん                                 
0,共通倉庫,10,4524486093715,21SJ-14K ﾚｻﾞｰｼﾞｬｹｯﾄ BK XL 桧垣桜,,,2025-12-12,売上,425823.0,,,1.0,7.0,株式会社JTBふるさと開発事業部            
0,共通倉庫,10,4524486093715,21SJ-14K ﾚｻﾞｰｼﾞｬｹｯﾄ BK XL 桧垣桜,,,2025-12-15,売上,426101.0,,,1.0,6.0,いちげん                                 
0,共通倉庫,10,4524486093715,21SJ-14K ﾚｻﾞｰｼﾞｬｹｯﾄ BK XL 桧垣桜,,,2025-12-17,売上,426246.0,,,1.0,5.0,ﾗｲｺﾗﾝﾄﾞ 沖縄店                           2071 株式会社 ｺｼﾀﾞﾃｯｸ
0,共通倉庫,10,4524486093715,21SJ-14K ﾚｻﾞｰｼﾞｬｹｯﾄ BK XL 桧垣桜,,,2025-12-23,売上,426508.0,,,1.0,4.0,722 福岡2りんかん                        株式会社2りんかんｲｴﾛｰﾊｯﾄ
0,共通倉庫,10,4524486093715,21SJ-14K ﾚｻﾞｰｼﾞｬｹｯﾄ BK XL 桧垣桜,,,2025-12-25,売上,426802.0,,,1.0,3.0,ANSIN MOTO CO.                           
0,共通倉庫,10,4524486093715,21SJ-14K ﾚｻﾞｰｼﾞｬｹｯﾄ BK XL 桧垣桜,,,2026-01-06,売上,427433.0,,,1.0,,ﾗｲｺﾗﾝﾄﾞ 沖縄店                           2071 株式会社 ｺｼﾀﾞﾃｯｸ
0,共通倉庫,10,4524486093715,21SJ-14K ﾚｻﾞｰｼﾞｬｹｯﾄ BK XL 桧垣桜,,,2026-01-06,売上,427480.0,,,1.0,1.0,株式会社JTBふるさと開発事業部            
0,共通倉庫,10,4524486093715,21SJ-14K ﾚｻﾞｰｼﾞｬｹｯﾄ BK XL 桧垣桜,,,2026-01-28,仕入,37490.0,7424.0,1.0,,2.0,IHSAN                                    
0,共通倉庫,10,4524486093715,21SJ-14K ﾚｻﾞｰｼﾞｬｹｯﾄ BK XL 桧垣桜,,,2026-02-02,売上,428934.0,,,1.0,,ﾗｲｺﾗﾝﾄﾞ TokyoBay東雲店                   2003 株式会社 ｺｼﾀﾞﾃｯｸ
0,共通倉庫,10,4524486093715,21SJ-14K ﾚｻﾞｰｼﾞｬｹｯﾄ BK XL 桧垣桜,,,2026-02-02,売上,428938.0,,,1.0,1.0,ﾗｲｺﾗﾝﾄﾞ 沖縄店                           2071 株式会社 ｺｼﾀﾞﾃｯｸ
0,共通倉庫,10,4524486093715,21SJ-14K ﾚｻﾞｰｼﾞｬｹｯﾄ BK XL 桧垣桜,,,2026-02-04,売上,429114.0,,,1.0,0.0,ﾗｲｺﾗﾝﾄﾞ 小倉店                           2091 株式会社 ｺｼﾀﾞﾃｯｸ
0,共通倉庫,10,4524486093715,21SJ-14K ﾚｻﾞｰｼﾞｬｹｯﾄ BK XL 桧垣桜,,,2026-03-31,仕入,37838.0,7227.0,5.0,,,IHSAN                                    
0,共通倉庫,10,4524486093715,21SJ-14K ﾚｻﾞｰｼﾞｬｹｯﾄ BK XL 桧垣桜,,,2026-03-31,仕入,37839.0,6880.0,14.0,,19.0,IHSAN                                    
0,共通倉庫,10,4524486093715,21SJ-14K ﾚｻﾞｰｼﾞｬｹｯﾄ BK XL 桧垣桜,,,2026-04-01,売上,433010.0,,,1.0,,ﾗｲｺﾗﾝﾄﾞ 柏店                             1001 株式会社ﾗｲﾀﾞｰｽﾞ・ｻﾎﾟｰﾄ・ｶﾝﾊﾟﾆｰ
0,共通倉庫,10,4524486093715,21SJ-14K ﾚｻﾞｰｼﾞｬｹｯﾄ BK XL 桧垣桜,,,2026-04-01,売上,433023.0,,,1.0,,ﾗｲｺﾗﾝﾄﾞ 長野店                           2020 株式会社 ｺｼﾀﾞﾃｯｸ
0,共通倉庫,10,4524486093715,21SJ-14K ﾚｻﾞｰｼﾞｬｹｯﾄ BK XL 桧垣桜,,,2026-04-01,売上,433025.0,,,1.0,,ﾊﾟｰｸｱｯﾌﾟ株式会社                         
0,共通倉庫,10,4524486093715,21SJ-14K ﾚｻﾞｰｼﾞｬｹｯﾄ BK XL 桧垣桜,,,2026-04-01,売上,433051.0,,,1.0,,258 和光2りんかん                        株式会社2りんかんｲｴﾛｰﾊｯﾄ
0,共通倉庫,10,4524486093715,21SJ-14K ﾚｻﾞｰｼﾞｬｹｯﾄ BK XL 桧垣桜,,,2026-04-01,売上,433052.0,,,1.0,,361 札幌2りんかん                        株式会社2りんかんｲｴﾛｰﾊｯﾄ
0,共通倉庫,10,4524486093715,21SJ-14K ﾚｻﾞｰｼﾞｬｹｯﾄ BK XL 桧垣桜,,,2026-04-01,売上,433055.0,,,1.0,13.0,343 郡山2りんかん                        株式会社2りんかんｲｴﾛｰﾊｯﾄ
0,共通倉庫,10,4524486093715,21SJ-14K ﾚｻﾞｰｼﾞｬｹｯﾄ BK XL 桧垣桜,,,2026-04-02,売上,433115.0,,,1.0,,株式会社 光輝 南海部品仙台店             
0,共通倉庫,10,4524486093715,21SJ-14K ﾚｻﾞｰｼﾞｬｹｯﾄ BK XL 桧垣桜,,,2026-04-02,売上,433116.0,,,1.0,,株式会社 光輝 南海部品仙台店             
0,共通倉庫,10,4524486093715,21SJ-14K ﾚｻﾞｰｼﾞｬｹｯﾄ BK XL 桧垣桜,,,2026-04-02,売上,433134.0,,,1.0,,ﾗｲｺﾗﾝﾄﾞ TokyoBay東雲店                   2003 株式会社 ｺｼﾀﾞﾃｯｸ
0,共通倉庫,10,4524486093715,21SJ-14K ﾚｻﾞｰｼﾞｬｹｯﾄ BK XL 桧垣桜,,,2026-04-02,売上,433161.0,,,1.0,,260 花園2りんかん                        株式会社2りんかんｲｴﾛｰﾊｯﾄ
0,共通倉庫,10,4524486093715,21SJ-14K ﾚｻﾞｰｼﾞｬｹｯﾄ BK XL 桧垣桜,,,2026-04-02,売上,433164.0,,,1.0,,522 金沢2りんかん                        株式会社2りんかんｲｴﾛｰﾊｯﾄ
0,共通倉庫,10,4524486094958,21SJ-14K ﾚｻﾞｰｼﾞｬｹｯﾄ BK M 鉄流水雪輪,,,2021-09-14,仕入,26669.0,4995.0,8.0,,8.0,IHSAN                                    
0,共通倉庫,10,4524486094958,21SJ-14K ﾚｻﾞｰｼﾞｬｹｯﾄ BK M 鉄流水雪輪,,,2021-10-08,売上,313474.0,,,1.0,7.0,ﾗｲｺﾗﾝﾄﾞ 盛岡店                           2021 株式会社 ｺｼﾀﾞﾃｯｸ
0,共通倉庫,10,4524486094958,21SJ-14K ﾚｻﾞｰｼﾞｬｹｯﾄ BK M 鉄流水雪輪,,,2021-10-15,売上,313966.0,,,1.0,6.0,いちげん                                 
0,共通倉庫,10,4524486094958,21SJ-14K ﾚｻﾞｰｼﾞｬｹｯﾄ BK M 鉄流水雪輪,,,2021-12-08,売上,318935.0,,,3.0,2.0,Riding My Way Company                    
0,共通倉庫,10,4524486094958,21SJ-14K ﾚｻﾞｰｼﾞｬｹｯﾄ BK M 鉄流水雪輪,,,2022-01-05,売上,321125.0,,,1.0,1.0,ﾅｯﾌﾟｽ EC事業                             46
0,共通倉庫,10,4524486094958,21SJ-14K ﾚｻﾞｰｼﾞｬｹｯﾄ BK M 鉄流水雪輪,,,2022-01-08,売上,321399.0,,,1.0,0.0,デグナー京都本店                         
0,共通倉庫,10,4524486094958,21SJ-14K ﾚｻﾞｰｼﾞｬｹｯﾄ BK M 鉄流水雪輪,,,2022-03-01,売上,325454.0,,,1.0,,ﾗｲｺﾗﾝﾄﾞ 郡山店                           2008 株式会社 ｺｼﾀﾞﾃｯｸ
0,共通倉庫,10,4524486094958,21SJ-14K ﾚｻﾞｰｼﾞｬｹｯﾄ BK M 鉄流水雪輪,,,2022-05-20,仕入,28816.0,5838.0,2.0,,2.0,IHSAN                                    
0,共通倉庫,10,4524486094958,21SJ-14K ﾚｻﾞｰｼﾞｬｹｯﾄ BK M 鉄流水雪輪,,,2022-06-01,売上,334656.0,,,1.0,0.0,いちげん                                 
0,共通倉庫,10,4524486094958,21SJ-14K ﾚｻﾞｰｼﾞｬｹｯﾄ BK M 鉄流水雪輪,,,2022-07-12,仕入,29215.0,6139.0,5.0,,5.0,IHSAN                                    
0,共通倉庫,10,4524486094958,21SJ-14K ﾚｻﾞｰｼﾞｬｹｯﾄ BK M 鉄流水雪輪,,,2022-07-29,売上,339758.0,,,1.0,4.0,デグナー京都本店                         
0,共通倉庫,10,4524486094958,21SJ-14K ﾚｻﾞｰｼﾞｬｹｯﾄ BK M 鉄流水雪輪,,,2022-08-27,売上,341753.0,,,1.0,3.0,デグナー京都本店                         
0,共通倉庫,10,4524486094958,21SJ-14K ﾚｻﾞｰｼﾞｬｹｯﾄ BK M 鉄流水雪輪,,,2022-09-27,売上,344289.0,,,1.0,2.0,株式会社ﾘﾊﾞｰｸﾚｲﾝ                         
0,共通倉庫,10,4524486094958,21SJ-14K ﾚｻﾞｰｼﾞｬｹｯﾄ BK M 鉄流水雪輪,,,2022-10-12,仕入,30030.0,6516.0,7.0,,8.0,IHSAN                                    
0,共通倉庫,10,4524486094958,21SJ-14K ﾚｻﾞｰｼﾞｬｹｯﾄ BK M 鉄流水雪輪,,,2022-10-29,売上,347347.0,,,1.0,7.0,デグナー京都本店                         
0,共通倉庫,10,4524486094958,21SJ-14K ﾚｻﾞｰｼﾞｬｹｯﾄ BK M 鉄流水雪輪,,,2022-12-03,売上,350239.0,,,1.0,6.0,デグナー京都本店                         
0,共通倉庫,10,4524486094958,21SJ-14K ﾚｻﾞｰｼﾞｬｹｯﾄ BK M 鉄流水雪輪,,,2022-12-20,売上,351537.0,,,1.0,5.0,デグナー京都本店                         
0,共通倉庫,10,4524486094958,21SJ-14K ﾚｻﾞｰｼﾞｬｹｯﾄ BK M 鉄流水雪輪,,,2022-12-22,売上,351635.0,,,1.0,4.0,いちげん                                 
0,共通倉庫,10,4524486094958,21SJ-14K ﾚｻﾞｰｼﾞｬｹｯﾄ BK M 鉄流水雪輪,,,2023-03-27,売上,357856.0,,,1.0,2.0,デグナー京都本店                         
0,共通倉庫,10,4524486094958,21SJ-14K ﾚｻﾞｰｼﾞｬｹｯﾄ BK M 鉄流水雪輪,,,2023-04-14,仕入,31451.0,6085.0,7.0,,9.0,IHSAN                                    
0,共通倉庫,10,4524486094958,21SJ-14K ﾚｻﾞｰｼﾞｬｹｯﾄ BK M 鉄流水雪輪,,,2023-04-17,売上,359599.0,,,1.0,8.0,いちげん                                 
0,共通倉庫,10,4524486094958,21SJ-14K ﾚｻﾞｰｼﾞｬｹｯﾄ BK M 鉄流水雪輪,,,2023-04-20,売上,359799.0,,,1.0,7.0,ﾗｲｺﾗﾝﾄﾞ CuBe札幌白石店                   2015 株式会社 ｺｼﾀﾞﾃｯｸ
0,共通倉庫,10,4524486094958,21SJ-14K ﾚｻﾞｰｼﾞｬｹｯﾄ BK M 鉄流水雪輪,,,2023-05-06,売上,360852.0,,,1.0,6.0,デグナー京都本店                         
0,共通倉庫,10,4524486094958,21SJ-14K ﾚｻﾞｰｼﾞｬｹｯﾄ BK M 鉄流水雪輪,,,2023-05-10,売上,361204.0,,,1.0,5.0,ﾗｲｺﾗﾝﾄﾞ CuBe札幌白石店                   2015 株式会社 ｺｼﾀﾞﾃｯｸ
0,共通倉庫,10,4524486094958,21SJ-14K ﾚｻﾞｰｼﾞｬｹｯﾄ BK M 鉄流水雪輪,,,2023-05-26,売上,362431.0,,,1.0,4.0,ｺｰｹﾝ                                     
0,共通倉庫,10,4524486094958,21SJ-14K ﾚｻﾞｰｼﾞｬｹｯﾄ BK M 鉄流水雪輪,,,2023-07-27,売上,366270.0,,,1.0,3.0,ANSIN MOTO CO.                           
0,共通倉庫,10,4524486094958,21SJ-14K ﾚｻﾞｰｼﾞｬｹｯﾄ BK M 鉄流水雪輪,,,2023-08-04,売上,366738.0,,,1.0,2.0,ANSIN MOTO CO.                           
0,共通倉庫,10,4524486094958,21SJ-14K ﾚｻﾞｰｼﾞｬｹｯﾄ BK M 鉄流水雪輪,,,2023-08-28,仕入,32398.0,6711.0,6.0,,8.0,IHSAN                                    
0,共通倉庫,10,4524486094958,21SJ-14K ﾚｻﾞｰｼﾞｬｹｯﾄ BK M 鉄流水雪輪,,,2023-09-29,売上,369705.0,,,1.0,7.0,ﾅｯﾌﾟｽ 岡山店                             20
0,共通倉庫,10,4524486094958,21SJ-14K ﾚｻﾞｰｼﾞｬｹｯﾄ BK M 鉄流水雪輪,,,2023-10-02,売上,370251.0,,,1.0,6.0,ﾗｲｺﾗﾝﾄﾞ TokyoBay東雲店                   2003 株式会社 ｺｼﾀﾞﾃｯｸ
0,共通倉庫,10,4524486094958,21SJ-14K ﾚｻﾞｰｼﾞｬｹｯﾄ BK M 鉄流水雪輪,,,2023-10-17,売上,371334.0,,,1.0,5.0,ﾗｲｺﾗﾝﾄﾞ 柏店                             1001 株式会社ﾗｲﾀﾞｰｽﾞ・ｻﾎﾟｰﾄ・ｶﾝﾊﾟﾆｰ
0,共通倉庫,10,4524486094958,21SJ-14K ﾚｻﾞｰｼﾞｬｹｯﾄ BK M 鉄流水雪輪,,,2023-10-26,売上,372019.0,,,1.0,4.0,ﾅｯﾌﾟｽ 岡山店                             20
0,共通倉庫,10,4524486094958,21SJ-14K ﾚｻﾞｰｼﾞｬｹｯﾄ BK M 鉄流水雪輪,,,2023-11-01,仕入,32716.0,6915.0,7.0,,11.0,IHSAN                                    
0,共通倉庫,10,4524486094958,21SJ-14K ﾚｻﾞｰｼﾞｬｹｯﾄ BK M 鉄流水雪輪,,,2023-11-17,売上,373497.0,,,1.0,10.0,ﾅｯﾌﾟｽ 福岡店                             18
0,共通倉庫,10,4524486094958,21SJ-14K ﾚｻﾞｰｼﾞｬｹｯﾄ BK M 鉄流水雪輪,,,2023-11-28,売上,374071.0,,,-1.0,11.0,ﾅｯﾌﾟｽ 福岡店                             18
0,共通倉庫,10,4524486094958,21SJ-14K ﾚｻﾞｰｼﾞｬｹｯﾄ BK M 鉄流水雪輪,,,2023-12-11,売上,374949.0,,,1.0,10.0,いちげん                                 
0,共通倉庫,10,4524486094958,21SJ-14K ﾚｻﾞｰｼﾞｬｹｯﾄ BK M 鉄流水雪輪,,,2024-02-28,売上,378849.0,,,1.0,9.0,ANSIN MOTO CO.                           
0,共通倉庫,10,4524486094958,21SJ-14K ﾚｻﾞｰｼﾞｬｹｯﾄ BK M 鉄流水雪輪,,,2024-04-03,売上,380961.0,,,1.0,8.0,ﾗｲｺﾗﾝﾄﾞ CuBe札幌白石店                   2015 株式会社 ｺｼﾀﾞﾃｯｸ
0,共通倉庫,10,4524486094958,21SJ-14K ﾚｻﾞｰｼﾞｬｹｯﾄ BK M 鉄流水雪輪,,,2024-04-18,売上,381978.0,,,1.0,6.0,ﾗｲｺﾗﾝﾄﾞ TokyoBay東雲店                   2003 株式会社 ｺｼﾀﾞﾃｯｸ
0,共通倉庫,10,4524486094958,21SJ-14K ﾚｻﾞｰｼﾞｬｹｯﾄ BK M 鉄流水雪輪,,,2024-05-02,売上,382980.0,,,1.0,5.0,ﾗｲｺﾗﾝﾄﾞ CuBe札幌白石店                   2015 株式会社 ｺｼﾀﾞﾃｯｸ
0,共通倉庫,10,4524486094958,21SJ-14K ﾚｻﾞｰｼﾞｬｹｯﾄ BK M 鉄流水雪輪,,,2024-05-03,売上,383079.0,,,1.0,4.0,デグナー京都本店                         
0,共通倉庫,10,4524486094958,21SJ-14K ﾚｻﾞｰｼﾞｬｹｯﾄ BK M 鉄流水雪輪,,,2024-05-07,仕入,33746.0,7131.0,1.0,,5.0,IHSAN                                    
0,共通倉庫,10,4524486094958,21SJ-14K ﾚｻﾞｰｼﾞｬｹｯﾄ BK M 鉄流水雪輪,,,2024-06-14,仕入,33927.0,7182.0,5.0,,10.0,IHSAN                                    
0,共通倉庫,10,4524486094958,21SJ-14K ﾚｻﾞｰｼﾞｬｹｯﾄ BK M 鉄流水雪輪,,,2024-08-09,出荷,11196.0,,,1.0,9.0,棚卸し調整                               
0,共通倉庫,10,4524486094958,21SJ-14K ﾚｻﾞｰｼﾞｬｹｯﾄ BK M 鉄流水雪輪,,,2024-10-15,売上,393589.0,,,1.0,8.0,いちげん                                 
0,共通倉庫,10,4524486094958,21SJ-14K ﾚｻﾞｰｼﾞｬｹｯﾄ BK M 鉄流水雪輪,,,2024-11-25,売上,396749.0,,,1.0,7.0,ﾅｯﾌﾟｽ 前橋店                             17
0,共通倉庫,10,4524486094958,21SJ-14K ﾚｻﾞｰｼﾞｬｹｯﾄ BK M 鉄流水雪輪,,,2024-12-08,売上,397711.0,,,1.0,6.0,デグナー京都本店                         
0,共通倉庫,10,4524486094958,21SJ-14K ﾚｻﾞｰｼﾞｬｹｯﾄ BK M 鉄流水雪輪,,,2024-12-21,売上,398823.0,,,1.0,4.0,デグナー京都本店                         
0,共通倉庫,10,4524486094958,21SJ-14K ﾚｻﾞｰｼﾞｬｹｯﾄ BK M 鉄流水雪輪,,,2025-01-12,売上,400280.0,,,1.0,3.0,デグナー京都本店                         
0,共通倉庫,10,4524486094958,21SJ-14K ﾚｻﾞｰｼﾞｬｹｯﾄ BK M 鉄流水雪輪,,,2025-01-13,売上,400311.0,,,1.0,2.0,デグナー京都本店                         
0,共通倉庫,10,4524486094958,21SJ-14K ﾚｻﾞｰｼﾞｬｹｯﾄ BK M 鉄流水雪輪,,,2025-02-27,売上,402898.0,,,1.0,1.0,株式会社 桜士堂                          
0,共通倉庫,10,4524486094958,21SJ-14K ﾚｻﾞｰｼﾞｬｹｯﾄ BK M 鉄流水雪輪,,,2025-03-10,出荷,11535.0,,,1.0,0.0,棚卸し調整                               
0,共通倉庫,10,4524486094958,21SJ-14K ﾚｻﾞｰｼﾞｬｹｯﾄ BK M 鉄流水雪輪,,,2025-05-20,仕入,35895.0,6727.0,7.0,,7.0,IHSAN                                    
0,共通倉庫,10,4524486094958,21SJ-14K ﾚｻﾞｰｼﾞｬｹｯﾄ BK M 鉄流水雪輪,,,2025-05-22,売上,409733.0,,,1.0,,ﾗｲｺﾗﾝﾄﾞ TokyoBay東雲店                   2003 株式会社 ｺｼﾀﾞﾃｯｸ
0,共通倉庫,10,4524486094958,21SJ-14K ﾚｻﾞｰｼﾞｬｹｯﾄ BK M 鉄流水雪輪,,,2025-05-22,売上,409776.0,,,1.0,,いちげん                                 
0,共通倉庫,10,4524486094958,21SJ-14K ﾚｻﾞｰｼﾞｬｹｯﾄ BK M 鉄流水雪輪,,,2025-05-23,売上,409859.0,,,1.0,,株式会社 桜士堂                          
0,共通倉庫,10,4524486094958,21SJ-14K ﾚｻﾞｰｼﾞｬｹｯﾄ BK M 鉄流水雪輪,,,2025-05-23,売上,409868.0,,,1.0,2.0,いちげん                                 
0,共通倉庫,10,4524486094958,21SJ-14K ﾚｻﾞｰｼﾞｬｹｯﾄ BK M 鉄流水雪輪,,,2025-05-26,売上,410088.0,,,1.0,1.0,いちげん                                 
0,共通倉庫,10,4524486094958,21SJ-14K ﾚｻﾞｰｼﾞｬｹｯﾄ BK M 鉄流水雪輪,,,2025-07-15,仕入,36271.0,6880.0,3.0,,,IHSAN                                    
0,共通倉庫,10,4524486094958,21SJ-14K ﾚｻﾞｰｼﾞｬｹｯﾄ BK M 鉄流水雪輪,,,2025-07-15,仕入,36278.0,6832.0,1.0,,5.0,IHSAN                                    
0,共通倉庫,10,4524486094958,21SJ-14K ﾚｻﾞｰｼﾞｬｹｯﾄ BK M 鉄流水雪輪,,,2025-07-16,売上,414061.0,,,1.0,4.0,FSM TRADING (HK) LIMITED/ Rider Shop HK  
0,共通倉庫,10,4524486094958,21SJ-14K ﾚｻﾞｰｼﾞｬｹｯﾄ BK M 鉄流水雪輪,,,2025-07-19,売上,414292.0,,,1.0,3.0,デグナー京都本店                         
0,共通倉庫,10,4524486094958,21SJ-14K ﾚｻﾞｰｼﾞｬｹｯﾄ BK M 鉄流水雪輪,,,2025-08-26,仕入,36615.0,6941.0,4.0,,7.0,IHSAN                                    
0,共通倉庫,10,4524486094958,21SJ-14K ﾚｻﾞｰｼﾞｬｹｯﾄ BK M 鉄流水雪輪,,,2025-08-29,売上,416952.0,,,1.0,6.0,ﾅｯﾌﾟｽ ﾍﾞｲｻｲﾄﾞ幸浦店                      15
0,共通倉庫,10,4524486094958,21SJ-14K ﾚｻﾞｰｼﾞｬｹｯﾄ BK M 鉄流水雪輪,,,2025-11-10,売上,423248.0,,,1.0,3.0,いちげん                                 
0,共通倉庫,10,4524486094958,21SJ-14K ﾚｻﾞｰｼﾞｬｹｯﾄ BK M 鉄流水雪輪,,,2025-11-12,売上,423420.0,,,1.0,1.0,FSM TRADING (HK) LIMITED/ Rider Shop HK  
0,共通倉庫,10,4524486094958,21SJ-14K ﾚｻﾞｰｼﾞｬｹｯﾄ BK M 鉄流水雪輪,,,2025-12-02,売上,424955.0,,,1.0,0.0,ﾗｲｺﾗﾝﾄﾞ 金沢店                           2019 株式会社 ｺｼﾀﾞﾃｯｸ
0,共通倉庫,10,4524486094958,21SJ-14K ﾚｻﾞｰｼﾞｬｹｯﾄ BK M 鉄流水雪輪,,,2025-12-16,売上,426235.0,,,1.0,0.0,FSM TRADING (HK) LIMITED/ Rider Shop HK  
0,共通倉庫,10,4524486094958,21SJ-14K ﾚｻﾞｰｼﾞｬｹｯﾄ BK M 鉄流水雪輪,,,2026-01-28,仕入,37501.0,7424.0,1.0,,1.0,IHSAN                                    
0,共通倉庫,10,4524486094958,21SJ-14K ﾚｻﾞｰｼﾞｬｹｯﾄ BK M 鉄流水雪輪,,,2026-02-02,売上,428932.0,,,1.0,0.0,ﾗｲｺﾗﾝﾄﾞ TokyoBay東雲店                   2003 株式会社 ｺｼﾀﾞﾃｯｸ
0,共通倉庫,10,4524486094965,21SJ-14K ﾚｻﾞｰｼﾞｬｹｯﾄ BK L 鉄流水雪輪,,,2021-09-14,仕入,26669.0,4995.0,19.0,,19.0,IHSAN                                    
0,共通倉庫,10,4524486094965,21SJ-14K ﾚｻﾞｰｼﾞｬｹｯﾄ BK L 鉄流水雪輪,,,2021-10-08,売上,313474.0,,,1.0,18.0,ﾗｲｺﾗﾝﾄﾞ 盛岡店                           2021 株式会社 ｺｼﾀﾞﾃｯｸ
0,共通倉庫,10,4524486094965,21SJ-14K ﾚｻﾞｰｼﾞｬｹｯﾄ BK L 鉄流水雪輪,,,2021-10-18,売上,314129.0,,,1.0,17.0,ﾗｲｺﾗﾝﾄﾞ 水戸店                           2017 株式会社 ｺｼﾀﾞﾃｯｸ
0,共通倉庫,10,4524486094965,21SJ-14K ﾚｻﾞｰｼﾞｬｹｯﾄ BK L 鉄流水雪輪,,,2021-10-21,売上,314538.0,,,1.0,16.0,ﾗｲｺﾗﾝﾄﾞ TokyoBay東雲店                   2003 株式会社 ｺｼﾀﾞﾃｯｸ
0,共通倉庫,10,4524486094965,21SJ-14K ﾚｻﾞｰｼﾞｬｹｯﾄ BK L 鉄流水雪輪,,,2021-11-09,売上,316453.0,,,1.0,,株式会社 山城 岡崎営業所                 
0,共通倉庫,10,4524486094965,21SJ-14K ﾚｻﾞｰｼﾞｬｹｯﾄ BK L 鉄流水雪輪,,,2021-11-09,売上,316499.0,,,1.0,14.0,いちげん                                 
0,共通倉庫,10,4524486094965,21SJ-14K ﾚｻﾞｰｼﾞｬｹｯﾄ BK L 鉄流水雪輪,,,2021-11-24,売上,317809.0,,,1.0,13.0,いちげん                                 
0,共通倉庫,10,4524486094965,21SJ-14K ﾚｻﾞｰｼﾞｬｹｯﾄ BK L 鉄流水雪輪,,,2021-12-08,売上,318935.0,,,3.0,9.0,Riding My Way Company                    
0,共通倉庫,10,4524486094965,21SJ-14K ﾚｻﾞｰｼﾞｬｹｯﾄ BK L 鉄流水雪輪,,,2022-01-19,売上,322381.0,,,2.0,6.0,Riding My Way Company                    
0,共通倉庫,10,4524486094965,21SJ-14K ﾚｻﾞｰｼﾞｬｹｯﾄ BK L 鉄流水雪輪,,,2022-01-25,売上,322738.0,,,1.0,5.0,いちげん                                 
0,共通倉庫,10,4524486094965,21SJ-14K ﾚｻﾞｰｼﾞｬｹｯﾄ BK L 鉄流水雪輪,,,2022-02-14,売上,324262.0,,,1.0,4.0,いちげん                                 
0,共通倉庫,10,4524486094965,21SJ-14K ﾚｻﾞｰｼﾞｬｹｯﾄ BK L 鉄流水雪輪,,,2022-03-01,売上,325454.0,,,1.0,3.0,ﾗｲｺﾗﾝﾄﾞ 郡山店                           2008 株式会社 ｺｼﾀﾞﾃｯｸ
0,共通倉庫,10,4524486094965,21SJ-14K ﾚｻﾞｰｼﾞｬｹｯﾄ BK L 鉄流水雪輪,,,2022-03-11,売上,326453.0,,,1.0,2.0,いちげん                                 
0,共通倉庫,10,4524486094965,21SJ-14K ﾚｻﾞｰｼﾞｬｹｯﾄ BK L 鉄流水雪輪,,,2022-03-17,売上,327165.0,,,1.0,1.0,南海部品 太田店                          3007 株式会社 ｺｼﾀﾞﾃｯｸ
0,共通倉庫,10,4524486094965,21SJ-14K ﾚｻﾞｰｼﾞｬｹｯﾄ BK L 鉄流水雪輪,,,2022-03-23,売上,327756.0,,,1.0,0.0,デグナー京都本店                         
0,共通倉庫,10,4524486094965,21SJ-14K ﾚｻﾞｰｼﾞｬｹｯﾄ BK L 鉄流水雪輪,,,2022-05-20,仕入,28816.0,5838.0,7.0,,7.0,IHSAN                                    
0,共通倉庫,10,4524486094965,21SJ-14K ﾚｻﾞｰｼﾞｬｹｯﾄ BK L 鉄流水雪輪,,,2022-05-28,売上,334306.0,,,1.0,5.0,デグナー京都本店                         
0,共通倉庫,10,4524486094965,21SJ-14K ﾚｻﾞｰｼﾞｬｹｯﾄ BK L 鉄流水雪輪,,,2022-06-10,売上,335427.0,,,1.0,4.0,いちげん                                 
0,共通倉庫,10,4524486094965,21SJ-14K ﾚｻﾞｰｼﾞｬｹｯﾄ BK L 鉄流水雪輪,,,2022-06-20,売上,336274.0,,,1.0,3.0,ﾗｲｺﾗﾝﾄﾞ 水戸店                           2017 株式会社 ｺｼﾀﾞﾃｯｸ
0,共通倉庫,10,4524486094965,21SJ-14K ﾚｻﾞｰｼﾞｬｹｯﾄ BK L 鉄流水雪輪,,,2022-07-12,仕入,29215.0,6139.0,5.0,,8.0,IHSAN                                    
0,共通倉庫,10,4524486094965,21SJ-14K ﾚｻﾞｰｼﾞｬｹｯﾄ BK L 鉄流水雪輪,,,2022-10-08,売上,345288.0,,,1.0,7.0,デグナー京都本店                         
0,共通倉庫,10,4524486094965,21SJ-14K ﾚｻﾞｰｼﾞｬｹｯﾄ BK L 鉄流水雪輪,,,2022-10-12,仕入,30030.0,6516.0,11.0,,18.0,IHSAN                                    
0,共通倉庫,10,4524486094965,21SJ-14K ﾚｻﾞｰｼﾞｬｹｯﾄ BK L 鉄流水雪輪,,,2022-10-27,売上,347189.0,,,1.0,16.0,デグナー京都本店                         
0,共通倉庫,10,4524486094965,21SJ-14K ﾚｻﾞｰｼﾞｬｹｯﾄ BK L 鉄流水雪輪,,,2022-11-11,仕入,30251.0,6802.0,6.0,,22.0,IHSAN                                    
0,共通倉庫,10,4524486094965,21SJ-14K ﾚｻﾞｰｼﾞｬｹｯﾄ BK L 鉄流水雪輪,,,2022-12-07,売上,350530.0,,,1.0,21.0,南海部品 太田店                          3007 株式会社 ｺｼﾀﾞﾃｯｸ
0,共通倉庫,10,4524486094965,21SJ-14K ﾚｻﾞｰｼﾞｬｹｯﾄ BK L 鉄流水雪輪,,,2023-02-20,売上,355015.0,,,1.0,19.0,いちげん                                 
0,共通倉庫,10,4524486094965,21SJ-14K ﾚｻﾞｰｼﾞｬｹｯﾄ BK L 鉄流水雪輪,,,2023-03-19,売上,357027.0,,,1.0,18.0,デグナー京都本店                         
0,共通倉庫,10,4524486094965,21SJ-14K ﾚｻﾞｰｼﾞｬｹｯﾄ BK L 鉄流水雪輪,,,2023-04-04,売上,358562.0,,,1.0,,SEED 岡崎店SPROUT                        2051 株式会社 ｺｼﾀﾞﾃｯｸ
0,共通倉庫,10,4524486094965,21SJ-14K ﾚｻﾞｰｼﾞｬｹｯﾄ BK L 鉄流水雪輪,,,2023-04-07,売上,358747.0,,,1.0,15.0,株式会社 ﾓﾉﾀﾞｲﾚｸﾄ                        
0,共通倉庫,10,4524486094965,21SJ-14K ﾚｻﾞｰｼﾞｬｹｯﾄ BK L 鉄流水雪輪,,,2023-04-14,仕入,31451.0,6085.0,3.0,,18.0,IHSAN                                    
0,共通倉庫,10,4524486094965,21SJ-14K ﾚｻﾞｰｼﾞｬｹｯﾄ BK L 鉄流水雪輪,,,2023-04-18,売上,359648.0,,,1.0,17.0,帝都産業 株式会社                        EC/海外事業部
0,共通倉庫,10,4524486094965,21SJ-14K ﾚｻﾞｰｼﾞｬｹｯﾄ BK L 鉄流水雪輪,,,2023-04-20,売上,359799.0,,,1.0,16.0,ﾗｲｺﾗﾝﾄﾞ CuBe札幌白石店                   2015 株式会社 ｺｼﾀﾞﾃｯｸ
0,共通倉庫,10,4524486094965,21SJ-14K ﾚｻﾞｰｼﾞｬｹｯﾄ BK L 鉄流水雪輪,,,2023-05-30,売上,362640.0,,,1.0,15.0,株式会社 ﾓﾉﾀﾞｲﾚｸﾄ                        
0,共通倉庫,10,4524486094965,21SJ-14K ﾚｻﾞｰｼﾞｬｹｯﾄ BK L 鉄流水雪輪,,,2023-07-18,売上,365605.0,,,1.0,14.0,いちげん                                 
0,共通倉庫,10,4524486094965,21SJ-14K ﾚｻﾞｰｼﾞｬｹｯﾄ BK L 鉄流水雪輪,,,2023-08-18,売上,367499.0,,,1.0,13.0,ANSIN MOTO CO.                           
0,共通倉庫,10,4524486094965,21SJ-14K ﾚｻﾞｰｼﾞｬｹｯﾄ BK L 鉄流水雪輪,,,2023-09-29,売上,369705.0,,,1.0,12.0,ﾅｯﾌﾟｽ 岡山店                             20
0,共通倉庫,10,4524486094965,21SJ-14K ﾚｻﾞｰｼﾞｬｹｯﾄ BK L 鉄流水雪輪,,,2023-10-02,売上,370251.0,,,1.0,11.0,ﾗｲｺﾗﾝﾄﾞ TokyoBay東雲店                   2003 株式会社 ｺｼﾀﾞﾃｯｸ
0,共通倉庫,10,4524486094965,21SJ-14K ﾚｻﾞｰｼﾞｬｹｯﾄ BK L 鉄流水雪輪,,,2023-10-19,売上,371557.0,,,1.0,10.0,デグナー京都本店                         
0,共通倉庫,10,4524486094965,21SJ-14K ﾚｻﾞｰｼﾞｬｹｯﾄ BK L 鉄流水雪輪,,,2023-10-26,売上,372019.0,,,1.0,9.0,ﾅｯﾌﾟｽ 岡山店                             20
0,共通倉庫,10,4524486094965,21SJ-14K ﾚｻﾞｰｼﾞｬｹｯﾄ BK L 鉄流水雪輪,,,2023-11-01,仕入,32716.0,6915.0,3.0,,12.0,IHSAN                                    
0,共通倉庫,10,4524486094965,21SJ-14K ﾚｻﾞｰｼﾞｬｹｯﾄ BK L 鉄流水雪輪,,,2023-12-02,売上,374391.0,,,1.0,11.0,デグナー京都本店                         
0,共通倉庫,10,4524486094965,21SJ-14K ﾚｻﾞｰｼﾞｬｹｯﾄ BK L 鉄流水雪輪,,,2024-01-15,売上,376689.0,,,-1.0,12.0,ﾅｯﾌﾟｽ 岡山店                             20
0,共通倉庫,10,4524486094965,21SJ-14K ﾚｻﾞｰｼﾞｬｹｯﾄ BK L 鉄流水雪輪,,,2024-01-25,売上,377187.0,,,1.0,11.0,ﾗｲｺﾗﾝﾄﾞ TokyoBay東雲店                   2003 株式会社 ｺｼﾀﾞﾃｯｸ
0,共通倉庫,10,4524486094965,21SJ-14K ﾚｻﾞｰｼﾞｬｹｯﾄ BK L 鉄流水雪輪,,,2024-02-02,売上,377542.0,,,1.0,10.0,株式会社ﾘﾊﾞｰｸﾚｲﾝ                         
0,共通倉庫,10,4524486094965,21SJ-14K ﾚｻﾞｰｼﾞｬｹｯﾄ BK L 鉄流水雪輪,,,2024-02-26,売上,378651.0,,,1.0,8.0,株式会社 ﾓﾉﾀﾞｲﾚｸﾄ                        
0,共通倉庫,10,4524486094965,21SJ-14K ﾚｻﾞｰｼﾞｬｹｯﾄ BK L 鉄流水雪輪,,,2024-02-28,売上,378849.0,,,1.0,7.0,ANSIN MOTO CO.                           
0,共通倉庫,10,4524486094965,21SJ-14K ﾚｻﾞｰｼﾞｬｹｯﾄ BK L 鉄流水雪輪,,,2024-03-01,売上,378926.0,,,1.0,6.0,ﾗｲｺﾗﾝﾄﾞ TokyoBay東雲店                   2003 株式会社 ｺｼﾀﾞﾃｯｸ
0,共通倉庫,10,4524486094965,21SJ-14K ﾚｻﾞｰｼﾞｬｹｯﾄ BK L 鉄流水雪輪,,,2024-03-07,売上,379305.0,,,1.0,5.0,いちげん                                 
0,共通倉庫,10,4524486094965,21SJ-14K ﾚｻﾞｰｼﾞｬｹｯﾄ BK L 鉄流水雪輪,,,2024-04-03,仕入,33584.0,6942.0,3.0,,,IHSAN                                    
0,共通倉庫,10,4524486094965,21SJ-14K ﾚｻﾞｰｼﾞｬｹｯﾄ BK L 鉄流水雪輪,,,2024-04-03,売上,380961.0,,,1.0,7.0,ﾗｲｺﾗﾝﾄﾞ CuBe札幌白石店                   2015 株式会社 ｺｼﾀﾞﾃｯｸ
0,共通倉庫,10,4524486094965,21SJ-14K ﾚｻﾞｰｼﾞｬｹｯﾄ BK L 鉄流水雪輪,,,2024-04-04,売上,381010.0,,,1.0,6.0,いちげん                                 
0,共通倉庫,10,4524486094965,21SJ-14K ﾚｻﾞｰｼﾞｬｹｯﾄ BK L 鉄流水雪輪,,,2024-04-24,売上,382398.0,,,1.0,5.0,ANSIN MOTO CO.                           
0,共通倉庫,10,4524486094965,21SJ-14K ﾚｻﾞｰｼﾞｬｹｯﾄ BK L 鉄流水雪輪,,,2024-05-07,売上,383274.0,,,1.0,4.0,いちげん                                 
0,共通倉庫,10,4524486094965,21SJ-14K ﾚｻﾞｰｼﾞｬｹｯﾄ BK L 鉄流水雪輪,,,2024-05-22,売上,384383.0,,,1.0,3.0,ﾗｲｺﾗﾝﾄﾞ 新潟店                           2031 株式会社 ｺｼﾀﾞﾃｯｸ
0,共通倉庫,10,4524486094965,21SJ-14K ﾚｻﾞｰｼﾞｬｹｯﾄ BK L 鉄流水雪輪,,,2024-06-03,売上,385178.0,,,1.0,2.0,ﾗｲｺﾗﾝﾄﾞ TokyoBay東雲店                   2003 株式会社 ｺｼﾀﾞﾃｯｸ
0,共通倉庫,10,4524486094965,21SJ-14K ﾚｻﾞｰｼﾞｬｹｯﾄ BK L 鉄流水雪輪,,,2024-06-14,仕入,33930.0,7182.0,5.0,,7.0,IHSAN                                    
0,共通倉庫,10,4524486094965,21SJ-14K ﾚｻﾞｰｼﾞｬｹｯﾄ BK L 鉄流水雪輪,,,2024-06-24,売上,386470.0,,,1.0,6.0,ﾅｯﾌﾟｽ 仙台泉ｲﾝﾀｰ店                       19
0,共通倉庫,10,4524486094965,21SJ-14K ﾚｻﾞｰｼﾞｬｹｯﾄ BK L 鉄流水雪輪,,,2024-07-02,売上,387001.0,,,1.0,5.0,ﾅｯﾌﾟｽ 仙台泉ｲﾝﾀｰ店                       19
0,共通倉庫,10,4524486094965,21SJ-14K ﾚｻﾞｰｼﾞｬｹｯﾄ BK L 鉄流水雪輪,,,2024-08-19,売上,390076.0,,,1.0,4.0,デグナー京都本店                         
0,共通倉庫,10,4524486094965,21SJ-14K ﾚｻﾞｰｼﾞｬｹｯﾄ BK L 鉄流水雪輪,,,2024-09-02,売上,390770.0,,,1.0,3.0,新潟中央部品株式会社 長岡店              
0,共通倉庫,10,4524486094965,21SJ-14K ﾚｻﾞｰｼﾞｬｹｯﾄ BK L 鉄流水雪輪,,,2024-10-02,売上,392730.0,,,1.0,2.0,ﾗｲｺﾗﾝﾄﾞ CuBe札幌白石店                   2015 株式会社 ｺｼﾀﾞﾃｯｸ
0,共通倉庫,10,4524486094965,21SJ-14K ﾚｻﾞｰｼﾞｬｹｯﾄ BK L 鉄流水雪輪,,,2024-10-09,売上,393187.0,,,1.0,1.0,ﾗｲｺﾗﾝﾄﾞ 新潟店                           2031 株式会社 ｺｼﾀﾞﾃｯｸ
0,共通倉庫,10,4524486094965,21SJ-14K ﾚｻﾞｰｼﾞｬｹｯﾄ BK L 鉄流水雪輪,,,2024-11-18,売上,396193.0,,,1.0,0.0,ﾅｯﾌﾟｽ 仙台泉ｲﾝﾀｰ店                       19
0,共通倉庫,10,4524486094965,21SJ-14K ﾚｻﾞｰｼﾞｬｹｯﾄ BK L 鉄流水雪輪,,,2024-11-21,仕入,34830.0,7227.0,23.0,,23.0,IHSAN                                    
0,共通倉庫,10,4524486094965,21SJ-14K ﾚｻﾞｰｼﾞｬｹｯﾄ BK L 鉄流水雪輪,,,2024-11-25,売上,396681.0,,,1.0,,ﾗｲｺﾗﾝﾄﾞ 福岡空港店                       2028 株式会社 ｺｼﾀﾞﾃｯｸ
0,共通倉庫,10,4524486094965,21SJ-14K ﾚｻﾞｰｼﾞｬｹｯﾄ BK L 鉄流水雪輪,,,2024-11-25,売上,396749.0,,,1.0,20.0,ﾅｯﾌﾟｽ 前橋店                             17
0,共通倉庫,10,4524486094965,21SJ-14K ﾚｻﾞｰｼﾞｬｹｯﾄ BK L 鉄流水雪輪,,,2024-12-05,売上,397551.0,,,1.0,19.0,いちげん                                 
0,共通倉庫,10,4524486094965,21SJ-14K ﾚｻﾞｰｼﾞｬｹｯﾄ BK L 鉄流水雪輪,,,2024-12-08,売上,397722.0,,,1.0,18.0,デグナー京都本店                         
0,共通倉庫,10,4524486094965,21SJ-14K ﾚｻﾞｰｼﾞｬｹｯﾄ BK L 鉄流水雪輪,,,2024-12-12,売上,398085.0,,,1.0,,南海部品 宇都宮店                        3006 株式会社 ｺｼﾀﾞﾃｯｸ
0,共通倉庫,10,4524486094965,21SJ-14K ﾚｻﾞｰｼﾞｬｹｯﾄ BK L 鉄流水雪輪,,,2024-12-12,売上,398099.0,,,1.0,,帝都産業 株式会社                        EC/海外事業部
0,共通倉庫,10,4524486094965,21SJ-14K ﾚｻﾞｰｼﾞｬｹｯﾄ BK L 鉄流水雪輪,,,2024-12-12,売上,398109.0,,,1.0,14.0,南海部品 鹿児島店                        3013 株式会社 ｺｼﾀﾞﾃｯｸ
0,共通倉庫,10,4524486094965,21SJ-14K ﾚｻﾞｰｼﾞｬｹｯﾄ BK L 鉄流水雪輪,,,2024-12-20,出荷,11441.0,,,1.0,13.0,棚卸し調整                               
0,共通倉庫,10,4524486094965,21SJ-14K ﾚｻﾞｰｼﾞｬｹｯﾄ BK L 鉄流水雪輪,,,2024-12-23,売上,398927.0,,,1.0,12.0,いちげん                                 
0,共通倉庫,10,4524486094965,21SJ-14K ﾚｻﾞｰｼﾞｬｹｯﾄ BK L 鉄流水雪輪,,,2025-01-09,売上,400056.0,,,1.0,11.0,南海部品 鹿児島店                        3013 株式会社 ｺｼﾀﾞﾃｯｸ
0,共通倉庫,10,4524486094965,21SJ-14K ﾚｻﾞｰｼﾞｬｹｯﾄ BK L 鉄流水雪輪,,,2025-01-21,売上,400859.0,,,1.0,,株式会社 桜士堂                          
0,共通倉庫,10,4524486094965,21SJ-14K ﾚｻﾞｰｼﾞｬｹｯﾄ BK L 鉄流水雪輪,,,2025-01-21,売上,400884.0,,,1.0,9.0,Ridersity                                
0,共通倉庫,10,4524486094965,21SJ-14K ﾚｻﾞｰｼﾞｬｹｯﾄ BK L 鉄流水雪輪,,,2025-01-27,売上,401188.0,,,1.0,8.0,ﾗｲｺﾗﾝﾄﾞ TokyoBay東雲店                   2003 株式会社 ｺｼﾀﾞﾃｯｸ
0,共通倉庫,10,4524486094965,21SJ-14K ﾚｻﾞｰｼﾞｬｹｯﾄ BK L 鉄流水雪輪,,,2025-02-06,売上,401702.0,,,1.0,7.0,株式会社 桜士堂                          
0,共通倉庫,10,4524486094965,21SJ-14K ﾚｻﾞｰｼﾞｬｹｯﾄ BK L 鉄流水雪輪,,,2025-02-25,売上,402720.0,,,1.0,6.0,いちげん                                 
0,共通倉庫,10,4524486094965,21SJ-14K ﾚｻﾞｰｼﾞｬｹｯﾄ BK L 鉄流水雪輪,,,2025-02-27,売上,402898.0,,,2.0,4.0,株式会社 桜士堂                          
0,共通倉庫,10,4524486094965,21SJ-14K ﾚｻﾞｰｼﾞｬｹｯﾄ BK L 鉄流水雪輪,,,2025-03-08,売上,403561.0,,,1.0,2.0,デグナー京都本店                         
0,共通倉庫,10,4524486094965,21SJ-14K ﾚｻﾞｰｼﾞｬｹｯﾄ BK L 鉄流水雪輪,,,2025-03-18,売上,404246.0,,,1.0,,いちげん                                 
0,共通倉庫,10,4524486094965,21SJ-14K ﾚｻﾞｰｼﾞｬｹｯﾄ BK L 鉄流水雪輪,,,2025-03-18,売上,404248.0,,,1.0,0.0,ANSIN MOTO CO.                           
0,共通倉庫,10,4524486094965,21SJ-14K ﾚｻﾞｰｼﾞｬｹｯﾄ BK L 鉄流水雪輪,,,2025-05-20,仕入,35895.0,6727.0,4.0,,4.0,IHSAN                                    
0,共通倉庫,10,4524486094965,21SJ-14K ﾚｻﾞｰｼﾞｬｹｯﾄ BK L 鉄流水雪輪,,,2025-05-22,売上,409733.0,,,1.0,,ﾗｲｺﾗﾝﾄﾞ TokyoBay東雲店                   2003 株式会社 ｺｼﾀﾞﾃｯｸ
0,共通倉庫,10,4524486094965,21SJ-14K ﾚｻﾞｰｼﾞｬｹｯﾄ BK L 鉄流水雪輪,,,2025-05-22,売上,409784.0,,,1.0,2.0,いちげん                                 
0,共通倉庫,10,4524486094965,21SJ-14K ﾚｻﾞｰｼﾞｬｹｯﾄ BK L 鉄流水雪輪,,,2025-05-23,売上,409859.0,,,2.0,0.0,株式会社 桜士堂                          
0,共通倉庫,10,4524486094965,21SJ-14K ﾚｻﾞｰｼﾞｬｹｯﾄ BK L 鉄流水雪輪,,,2025-07-15,仕入,36271.0,6880.0,12.0,,12.0,IHSAN                                    
0,共通倉庫,10,4524486094965,21SJ-14K ﾚｻﾞｰｼﾞｬｹｯﾄ BK L 鉄流水雪輪,,,2025-07-17,売上,414085.0,,,1.0,,ﾅｯﾌﾟｽ 仙台泉ｲﾝﾀｰ店                       19
0,共通倉庫,10,4524486094965,21SJ-14K ﾚｻﾞｰｼﾞｬｹｯﾄ BK L 鉄流水雪輪,,,2025-08-26,仕入,36610.0,6990.0,4.0,,,IHSAN                                    
0,共通倉庫,10,4524486094965,21SJ-14K ﾚｻﾞｰｼﾞｬｹｯﾄ BK L 鉄流水雪輪,,,2025-08-26,仕入,36615.0,6941.0,3.0,,17.0,IHSAN                                    
0,共通倉庫,10,4524486094965,21SJ-14K ﾚｻﾞｰｼﾞｬｹｯﾄ BK L 鉄流水雪輪,,,2025-08-29,売上,416952.0,,,1.0,16.0,ﾅｯﾌﾟｽ ﾍﾞｲｻｲﾄﾞ幸浦店                      15
0,共通倉庫,10,4524486094965,21SJ-14K ﾚｻﾞｰｼﾞｬｹｯﾄ BK L 鉄流水雪輪,,,2025-09-01,売上,417161.0,,,1.0,15.0,いちげん                                 
0,共通倉庫,10,4524486094965,21SJ-14K ﾚｻﾞｰｼﾞｬｹｯﾄ BK L 鉄流水雪輪,,,2025-09-09,売上,417852.0,,,1.0,14.0,いちげん                                 
0,共通倉庫,10,4524486094965,21SJ-14K ﾚｻﾞｰｼﾞｬｹｯﾄ BK L 鉄流水雪輪,,,2025-09-18,売上,418748.0,,,1.0,13.0,いちげん                                 
0,共通倉庫,10,4524486094965,21SJ-14K ﾚｻﾞｰｼﾞｬｹｯﾄ BK L 鉄流水雪輪,,,2025-10-06,売上,420334.0,,,1.0,12.0,ANSIN MOTO CO.                           
0,共通倉庫,10,4524486094965,21SJ-14K ﾚｻﾞｰｼﾞｬｹｯﾄ BK L 鉄流水雪輪,,,2025-10-22,仕入,36949.0,7227.0,5.0,,17.0,IHSAN                                    
0,共通倉庫,10,4524486094965,21SJ-14K ﾚｻﾞｰｼﾞｬｹｯﾄ BK L 鉄流水雪輪,,,2025-10-27,売上,422010.0,,,1.0,16.0,いちげん                                 
0,共通倉庫,10,4524486094965,21SJ-14K ﾚｻﾞｰｼﾞｬｹｯﾄ BK L 鉄流水雪輪,,,2025-10-30,売上,422260.0,,,1.0,15.0,ﾅｯﾌﾟｽ台湾新北店                          
0,共通倉庫,10,4524486094965,21SJ-14K ﾚｻﾞｰｼﾞｬｹｯﾄ BK L 鉄流水雪輪,,,2025-12-11,売上,425715.0,,,1.0,12.0,ﾊｰﾚｰｶｽﾀﾏｰｼﾞｬﾊﾟﾝ                          ｳﾞｪｱﾘｱｽﾏｰｹﾃｨﾝｸﾞ株式会社
0,共通倉庫,10,4524486094965,21SJ-14K ﾚｻﾞｰｼﾞｬｹｯﾄ BK L 鉄流水雪輪,,,2025-12-12,売上,425828.0,,,1.0,11.0,ﾅｯﾌﾟｽ台湾新北店                          
0,共通倉庫,10,4524486094965,21SJ-14K ﾚｻﾞｰｼﾞｬｹｯﾄ BK L 鉄流水雪輪,,,2025-12-26,売上,426845.0,,,1.0,10.0,デグナー京都本店                         
0,共通倉庫,10,4524486094965,21SJ-14K ﾚｻﾞｰｼﾞｬｹｯﾄ BK L 鉄流水雪輪,,,2025-12-29,売上,426958.0,,,1.0,,ﾅｯﾌﾟｽ台湾新北店                          
0,共通倉庫,10,4524486094965,21SJ-14K ﾚｻﾞｰｼﾞｬｹｯﾄ BK L 鉄流水雪輪,,,2025-12-29,売上,426977.0,,,1.0,,ON-OFF Motobike Collections              International Co.
0,共通倉庫,10,4524486094965,21SJ-14K ﾚｻﾞｰｼﾞｬｹｯﾄ BK L 鉄流水雪輪,,,2025-12-29,売上,426997.0,,,1.0,7.0,いちげん                                 
0,共通倉庫,10,4524486094965,21SJ-14K ﾚｻﾞｰｼﾞｬｹｯﾄ BK L 鉄流水雪輪,,,2026-01-05,売上,427271.0,,,1.0,6.0,ﾗｲｺﾗﾝﾄﾞ 水戸店                           2017 株式会社 ｺｼﾀﾞﾃｯｸ
0,共通倉庫,10,4524486094965,21SJ-14K ﾚｻﾞｰｼﾞｬｹｯﾄ BK L 鉄流水雪輪,,,2026-01-11,売上,427723.0,,,1.0,5.0,デグナー京都本店                         
0,共通倉庫,10,4524486094965,21SJ-14K ﾚｻﾞｰｼﾞｬｹｯﾄ BK L 鉄流水雪輪,,,2026-01-19,売上,428188.0,,,1.0,4.0,いちげん                                 
0,共通倉庫,10,4524486094965,21SJ-14K ﾚｻﾞｰｼﾞｬｹｯﾄ BK L 鉄流水雪輪,,,2026-01-21,売上,428353.0,,,1.0,,株式会社 ｻｲｸﾙﾜｰﾙﾄﾞ神戸本店               
0,共通倉庫,10,4524486094965,21SJ-14K ﾚｻﾞｰｼﾞｬｹｯﾄ BK L 鉄流水雪輪,,,2026-01-21,売上,428377.0,,,1.0,1.0,いちげん                                 
0,共通倉庫,10,4524486094965,21SJ-14K ﾚｻﾞｰｼﾞｬｹｯﾄ BK L 鉄流水雪輪,,,2026-01-22,売上,428431.0,,,1.0,0.0,ON-OFF Motobike Collections              International Co.
0,共通倉庫,10,4524486094965,21SJ-14K ﾚｻﾞｰｼﾞｬｹｯﾄ BK L 鉄流水雪輪,,,2026-03-26,売上,432617.0,,,-1.0,1.0,ﾗｲｺﾗﾝﾄﾞ TokyoBay東雲店                   2003 株式会社 ｺｼﾀﾞﾃｯｸ
0,共通倉庫,10,4524486094965,21SJ-14K ﾚｻﾞｰｼﾞｬｹｯﾄ BK L 鉄流水雪輪,,,2026-03-30,売上,432932.0,,,1.0,0.0,ANSIN MOTO CO.                           
0,共通倉庫,10,4524486094965,21SJ-14K ﾚｻﾞｰｼﾞｬｹｯﾄ BK L 鉄流水雪輪,,,2026-03-31,仕入,37849.0,7227.0,2.0,,,IHSAN                                    
0,共通倉庫,10,4524486094965,21SJ-14K ﾚｻﾞｰｼﾞｬｹｯﾄ BK L 鉄流水雪輪,,,2026-03-31,仕入,37849.0,7227.0,10.0,,,IHSAN                                    
0,共通倉庫,10,4524486094965,21SJ-14K ﾚｻﾞｰｼﾞｬｹｯﾄ BK L 鉄流水雪輪,,,2026-03-31,仕入,37852.0,7080.0,3.0,,15.0,IHSAN                                    
0,共通倉庫,10,4524486094972,21SJ-14K ﾚｻﾞｰｼﾞｬｹｯﾄ BK XL 鉄流水雪輪,,,2021-09-14,仕入,26669.0,4995.0,17.0,,17.0,IHSAN                                    
0,共通倉庫,10,4524486094972,21SJ-14K ﾚｻﾞｰｼﾞｬｹｯﾄ BK XL 鉄流水雪輪,,,2021-10-08,売上,313474.0,,,1.0,16.0,ﾗｲｺﾗﾝﾄﾞ 盛岡店                           2021 株式会社 ｺｼﾀﾞﾃｯｸ
0,共通倉庫,10,4524486094972,21SJ-14K ﾚｻﾞｰｼﾞｬｹｯﾄ BK XL 鉄流水雪輪,,,2021-10-18,売上,314129.0,,,1.0,15.0,ﾗｲｺﾗﾝﾄﾞ 水戸店                           2017 株式会社 ｺｼﾀﾞﾃｯｸ
0,共通倉庫,10,4524486094972,21SJ-14K ﾚｻﾞｰｼﾞｬｹｯﾄ BK XL 鉄流水雪輪,,,2021-10-21,売上,314538.0,,,1.0,14.0,ﾗｲｺﾗﾝﾄﾞ TokyoBay東雲店                   2003 株式会社 ｺｼﾀﾞﾃｯｸ
0,共通倉庫,10,4524486094972,21SJ-14K ﾚｻﾞｰｼﾞｬｹｯﾄ BK XL 鉄流水雪輪,,,2021-11-04,売上,316026.0,,,1.0,13.0,有限会社 ｴｲﾁ･ｴｽｼｰ 沼津店                 
0,共通倉庫,10,4524486094972,21SJ-14K ﾚｻﾞｰｼﾞｬｹｯﾄ BK XL 鉄流水雪輪,,,2021-11-06,売上,316507.0,,,1.0,12.0,いちげん                                 
0,共通倉庫,10,4524486094972,21SJ-14K ﾚｻﾞｰｼﾞｬｹｯﾄ BK XL 鉄流水雪輪,,,2021-11-15,売上,317083.0,,,1.0,11.0,いちげん                                 
0,共通倉庫,10,4524486094972,21SJ-14K ﾚｻﾞｰｼﾞｬｹｯﾄ BK XL 鉄流水雪輪,,,2021-11-25,売上,317880.0,,,1.0,10.0,いちげん                                 
0,共通倉庫,10,4524486094972,21SJ-14K ﾚｻﾞｰｼﾞｬｹｯﾄ BK XL 鉄流水雪輪,,,2021-12-07,売上,318821.0,,,1.0,8.0,帝都産業 株式会社                        EC/海外事業部
0,共通倉庫,10,4524486094972,21SJ-14K ﾚｻﾞｰｼﾞｬｹｯﾄ BK XL 鉄流水雪輪,,,2022-01-05,売上,321066.0,,,1.0,6.0,いちげん                                 
0,共通倉庫,10,4524486094972,21SJ-14K ﾚｻﾞｰｼﾞｬｹｯﾄ BK XL 鉄流水雪輪,,,2022-01-19,売上,322381.0,,,2.0,4.0,Riding My Way Company                    
0,共通倉庫,10,4524486094972,21SJ-14K ﾚｻﾞｰｼﾞｬｹｯﾄ BK XL 鉄流水雪輪,,,2022-01-26,売上,322800.0,,,1.0,3.0,いちげん                                 
0,共通倉庫,10,4524486094972,21SJ-14K ﾚｻﾞｰｼﾞｬｹｯﾄ BK XL 鉄流水雪輪,,,2022-02-10,売上,324085.0,,,1.0,2.0,いちげん                                 
0,共通倉庫,10,4524486094972,21SJ-14K ﾚｻﾞｰｼﾞｬｹｯﾄ BK XL 鉄流水雪輪,,,2022-02-17,売上,324566.0,,,1.0,1.0,南海部品 小山店                          3003 株式会社 ｺｼﾀﾞﾃｯｸ
0,共通倉庫,10,4524486094972,21SJ-14K ﾚｻﾞｰｼﾞｬｹｯﾄ BK XL 鉄流水雪輪,,,2022-03-01,売上,325454.0,,,1.0,0.0,ﾗｲｺﾗﾝﾄﾞ 郡山店                           2008 株式会社 ｺｼﾀﾞﾃｯｸ
0,共通倉庫,10,4524486094972,21SJ-14K ﾚｻﾞｰｼﾞｬｹｯﾄ BK XL 鉄流水雪輪,,,2022-05-20,仕入,28816.0,5838.0,7.0,,7.0,IHSAN                                    
0,共通倉庫,10,4524486094972,21SJ-14K ﾚｻﾞｰｼﾞｬｹｯﾄ BK XL 鉄流水雪輪,,,2022-05-27,売上,334141.0,,,1.0,,南海部品 小山店                          3003 株式会社 ｺｼﾀﾞﾃｯｸ
0,共通倉庫,10,4524486094972,21SJ-14K ﾚｻﾞｰｼﾞｬｹｯﾄ BK XL 鉄流水雪輪,,,2022-07-12,仕入,29215.0,6139.0,11.0,,16.0,IHSAN                                    
0,共通倉庫,10,4524486094972,21SJ-14K ﾚｻﾞｰｼﾞｬｹｯﾄ BK XL 鉄流水雪輪,,,2022-09-17,売上,343543.0,,,1.0,15.0,ﾌﾞﾙｰｽｶｲへﾌﾞﾝ                             
0,共通倉庫,10,4524486094972,21SJ-14K ﾚｻﾞｰｼﾞｬｹｯﾄ BK XL 鉄流水雪輪,,,2022-10-12,仕入,30030.0,6516.0,7.0,,22.0,IHSAN                                    
0,共通倉庫,10,4524486094972,21SJ-14K ﾚｻﾞｰｼﾞｬｹｯﾄ BK XL 鉄流水雪輪,,,2022-10-17,売上,346097.0,,,1.0,21.0,帝都産業 株式会社                        EC/海外事業部
0,共通倉庫,10,4524486094972,21SJ-14K ﾚｻﾞｰｼﾞｬｹｯﾄ BK XL 鉄流水雪輪,,,2022-10-18,売上,346315.0,,,1.0,20.0,いちげん                                 
0,共通倉庫,10,4524486094972,21SJ-14K ﾚｻﾞｰｼﾞｬｹｯﾄ BK XL 鉄流水雪輪,,,2022-10-24,売上,346758.0,,,1.0,19.0,株式会社 光輝 南海部品仙台店             
0,共通倉庫,10,4524486094972,21SJ-14K ﾚｻﾞｰｼﾞｬｹｯﾄ BK XL 鉄流水雪輪,,,2022-10-26,売上,347021.0,,,1.0,18.0,帝都産業 株式会社                        EC/海外事業部
0,共通倉庫,10,4524486094972,21SJ-14K ﾚｻﾞｰｼﾞｬｹｯﾄ BK XL 鉄流水雪輪,,,2022-11-09,売上,348434.0,,,1.0,17.0,デグナー京都本店                         
0,共通倉庫,10,4524486094972,21SJ-14K ﾚｻﾞｰｼﾞｬｹｯﾄ BK XL 鉄流水雪輪,,,2022-11-11,仕入,30251.0,6802.0,2.0,,19.0,IHSAN                                    
0,共通倉庫,10,4524486094972,21SJ-14K ﾚｻﾞｰｼﾞｬｹｯﾄ BK XL 鉄流水雪輪,,,2022-12-09,売上,350656.0,,,1.0,18.0,株式会社ﾘﾊﾞｰｸﾚｲﾝ                         
0,共通倉庫,10,4524486094972,21SJ-14K ﾚｻﾞｰｼﾞｬｹｯﾄ BK XL 鉄流水雪輪,,,2022-12-13,売上,350970.0,,,1.0,17.0,株式会社ﾘﾊﾞｰｸﾚｲﾝ                         
0,共通倉庫,10,4524486094972,21SJ-14K ﾚｻﾞｰｼﾞｬｹｯﾄ BK XL 鉄流水雪輪,,,2022-12-19,売上,351421.0,,,1.0,16.0,ﾅｯﾌﾟｽ 仙台泉ｲﾝﾀｰ店                       19
0,共通倉庫,10,4524486094972,21SJ-14K ﾚｻﾞｰｼﾞｬｹｯﾄ BK XL 鉄流水雪輪,,,2023-01-05,売上,352191.0,,,1.0,15.0,ﾅｯﾌﾟｽ 仙台泉ｲﾝﾀｰ店                       19
0,共通倉庫,10,4524486094972,21SJ-14K ﾚｻﾞｰｼﾞｬｹｯﾄ BK XL 鉄流水雪輪,,,2023-01-31,売上,353818.0,,,1.0,14.0,ANSIN MOTO CO.                           
0,共通倉庫,10,4524486094972,21SJ-14K ﾚｻﾞｰｼﾞｬｹｯﾄ BK XL 鉄流水雪輪,,,2023-02-13,売上,354489.0,,,1.0,13.0,いちげん                                 
0,共通倉庫,10,4524486094972,21SJ-14K ﾚｻﾞｰｼﾞｬｹｯﾄ BK XL 鉄流水雪輪,,,2023-02-23,売上,355210.0,,,1.0,12.0,デグナー京都本店                         
0,共通倉庫,10,4524486094972,21SJ-14K ﾚｻﾞｰｼﾞｬｹｯﾄ BK XL 鉄流水雪輪,,,2023-03-02,売上,355283.0,,,1.0,11.0,ﾗｲｺﾗﾝﾄﾞ 福岡空港店                       2028 株式会社 ｺｼﾀﾞﾃｯｸ
0,共通倉庫,10,4524486094972,21SJ-14K ﾚｻﾞｰｼﾞｬｹｯﾄ BK XL 鉄流水雪輪,,,2023-03-25,売上,357586.0,,,1.0,10.0,デグナー京都本店                         
0,共通倉庫,10,4524486094972,21SJ-14K ﾚｻﾞｰｼﾞｬｹｯﾄ BK XL 鉄流水雪輪,,,2023-03-28,売上,357983.0,,,1.0,9.0,Riderment Company                        
0,共通倉庫,10,4524486094972,21SJ-14K ﾚｻﾞｰｼﾞｬｹｯﾄ BK XL 鉄流水雪輪,,,2023-04-04,売上,358562.0,,,1.0,8.0,SEED 岡崎店SPROUT                        2051 株式会社 ｺｼﾀﾞﾃｯｸ
0,共通倉庫,10,4524486094972,21SJ-14K ﾚｻﾞｰｼﾞｬｹｯﾄ BK XL 鉄流水雪輪,,,2023-04-07,売上,358779.0,,,1.0,7.0,いちげん                                 
0,共通倉庫,10,4524486094972,21SJ-14K ﾚｻﾞｰｼﾞｬｹｯﾄ BK XL 鉄流水雪輪,,,2023-04-14,仕入,31451.0,6085.0,4.0,,11.0,IHSAN                                    
0,共通倉庫,10,4524486094972,21SJ-14K ﾚｻﾞｰｼﾞｬｹｯﾄ BK XL 鉄流水雪輪,,,2023-04-20,売上,359799.0,,,1.0,10.0,ﾗｲｺﾗﾝﾄﾞ CuBe札幌白石店                   2015 株式会社 ｺｼﾀﾞﾃｯｸ
0,共通倉庫,10,4524486094972,21SJ-14K ﾚｻﾞｰｼﾞｬｹｯﾄ BK XL 鉄流水雪輪,,,2023-05-01,売上,360496.0,,,1.0,9.0,南海部品 小山店                          3003 株式会社 ｺｼﾀﾞﾃｯｸ
0,共通倉庫,10,4524486094972,21SJ-14K ﾚｻﾞｰｼﾞｬｹｯﾄ BK XL 鉄流水雪輪,,,2023-05-02,売上,360651.0,,,1.0,8.0,ﾅｯﾌﾟｽ 仙台泉ｲﾝﾀｰ店                       19
0,共通倉庫,10,4524486094972,21SJ-14K ﾚｻﾞｰｼﾞｬｹｯﾄ BK XL 鉄流水雪輪,,,2023-05-17,売上,361777.0,,,1.0,7.0,デグナー京都本店                         
0,共通倉庫,10,4524486094972,21SJ-14K ﾚｻﾞｰｼﾞｬｹｯﾄ BK XL 鉄流水雪輪,,,2023-06-07,売上,363224.0,,,1.0,6.0,ANSIN MOTO CO.                           
0,共通倉庫,10,4524486094972,21SJ-14K ﾚｻﾞｰｼﾞｬｹｯﾄ BK XL 鉄流水雪輪,,,2023-06-26,売上,364232.0,,,1.0,5.0,ﾅｯﾌﾟｽ 仙台泉ｲﾝﾀｰ店                       19
0,共通倉庫,10,4524486094972,21SJ-14K ﾚｻﾞｰｼﾞｬｹｯﾄ BK XL 鉄流水雪輪,,,2023-08-01,仕入,32256.0,6445.0,5.0,,10.0,IHSAN                                    
0,共通倉庫,10,4524486094972,21SJ-14K ﾚｻﾞｰｼﾞｬｹｯﾄ BK XL 鉄流水雪輪,,,2023-08-28,仕入,32398.0,6711.0,10.0,,,IHSAN                                    
0,共通倉庫,10,4524486094972,21SJ-14K ﾚｻﾞｰｼﾞｬｹｯﾄ BK XL 鉄流水雪輪,,,2023-08-28,仕入,32399.0,6711.0,5.0,,25.0,IHSAN                                    
0,共通倉庫,10,4524486094972,21SJ-14K ﾚｻﾞｰｼﾞｬｹｯﾄ BK XL 鉄流水雪輪,,,2023-09-05,売上,368528.0,,,1.0,24.0,南海部品株式会社                         
0,共通倉庫,10,4524486094972,21SJ-14K ﾚｻﾞｰｼﾞｬｹｯﾄ BK XL 鉄流水雪輪,,,2023-10-02,売上,370251.0,,,1.0,23.0,ﾗｲｺﾗﾝﾄﾞ TokyoBay東雲店                   2003 株式会社 ｺｼﾀﾞﾃｯｸ
0,共通倉庫,10,4524486094972,21SJ-14K ﾚｻﾞｰｼﾞｬｹｯﾄ BK XL 鉄流水雪輪,,,2023-10-16,売上,371233.0,,,1.0,22.0,ﾄﾞﾗｲﾊﾞｰｽﾞ 神栖店                         
0,共通倉庫,10,4524486094972,21SJ-14K ﾚｻﾞｰｼﾞｬｹｯﾄ BK XL 鉄流水雪輪,,,2023-10-30,売上,372239.0,,,1.0,20.0,ｽﾀｰｼｰｽﾞ株式会社                          
0,共通倉庫,10,4524486094972,21SJ-14K ﾚｻﾞｰｼﾞｬｹｯﾄ BK XL 鉄流水雪輪,,,2024-01-09,売上,376438.0,,,1.0,17.0,ﾅｯﾌﾟｽ 仙台泉ｲﾝﾀｰ店                       19
0,共通倉庫,10,4524486094972,21SJ-14K ﾚｻﾞｰｼﾞｬｹｯﾄ BK XL 鉄流水雪輪,,,2024-01-25,売上,377187.0,,,1.0,16.0,ﾗｲｺﾗﾝﾄﾞ TokyoBay東雲店                   2003 株式会社 ｺｼﾀﾞﾃｯｸ
0,共通倉庫,10,4524486094972,21SJ-14K ﾚｻﾞｰｼﾞｬｹｯﾄ BK XL 鉄流水雪輪,,,2024-01-29,売上,377358.0,,,1.0,14.0,いちげん                                 
0,共通倉庫,10,4524486094972,21SJ-14K ﾚｻﾞｰｼﾞｬｹｯﾄ BK XL 鉄流水雪輪,,,2024-02-21,売上,378425.0,,,1.0,13.0,株式会社 ﾓﾉﾀﾞｲﾚｸﾄ                        
0,共通倉庫,10,4524486094972,21SJ-14K ﾚｻﾞｰｼﾞｬｹｯﾄ BK XL 鉄流水雪輪,,,2024-02-26,売上,378701.0,,,1.0,12.0,いちげん                                 
0,共通倉庫,10,4524486094972,21SJ-14K ﾚｻﾞｰｼﾞｬｹｯﾄ BK XL 鉄流水雪輪,,,2024-03-07,売上,379305.0,,,-1.0,13.0,いちげん                                 
0,共通倉庫,10,4524486094972,21SJ-14K ﾚｻﾞｰｼﾞｬｹｯﾄ BK XL 鉄流水雪輪,,,2024-04-03,売上,380961.0,,,1.0,12.0,ﾗｲｺﾗﾝﾄﾞ CuBe札幌白石店                   2015 株式会社 ｺｼﾀﾞﾃｯｸ
0,共通倉庫,10,4524486094972,21SJ-14K ﾚｻﾞｰｼﾞｬｹｯﾄ BK XL 鉄流水雪輪,,,2024-04-09,売上,381342.0,,,1.0,11.0,いちげん                                 
0,共通倉庫,10,4524486094972,21SJ-14K ﾚｻﾞｰｼﾞｬｹｯﾄ BK XL 鉄流水雪輪,,,2024-05-06,売上,383156.0,,,1.0,10.0,デグナー京都本店                         
0,共通倉庫,10,4524486094972,21SJ-14K ﾚｻﾞｰｼﾞｬｹｯﾄ BK XL 鉄流水雪輪,,,2024-05-22,売上,384383.0,,,1.0,9.0,ﾗｲｺﾗﾝﾄﾞ 新潟店                           2031 株式会社 ｺｼﾀﾞﾃｯｸ
0,共通倉庫,10,4524486094972,21SJ-14K ﾚｻﾞｰｼﾞｬｹｯﾄ BK XL 鉄流水雪輪,,,2024-06-03,売上,385178.0,,,1.0,8.0,ﾗｲｺﾗﾝﾄﾞ TokyoBay東雲店                   2003 株式会社 ｺｼﾀﾞﾃｯｸ
0,共通倉庫,10,4524486094972,21SJ-14K ﾚｻﾞｰｼﾞｬｹｯﾄ BK XL 鉄流水雪輪,,,2024-06-14,仕入,33927.0,7182.0,4.0,,,IHSAN                                    
0,共通倉庫,10,4524486094972,21SJ-14K ﾚｻﾞｰｼﾞｬｹｯﾄ BK XL 鉄流水雪輪,,,2024-06-14,仕入,33934.0,7182.0,5.0,,,IHSAN                                    
0,共通倉庫,10,4524486094972,21SJ-14K ﾚｻﾞｰｼﾞｬｹｯﾄ BK XL 鉄流水雪輪,,,2024-06-14,仕入,33935.0,7182.0,5.0,,22.0,IHSAN                                    
0,共通倉庫,10,4524486094972,21SJ-14K ﾚｻﾞｰｼﾞｬｹｯﾄ BK XL 鉄流水雪輪,,,2024-07-19,売上,388363.0,,,1.0,21.0,Ridersity                                
0,共通倉庫,10,4524486094972,21SJ-14K ﾚｻﾞｰｼﾞｬｹｯﾄ BK XL 鉄流水雪輪,,,2024-08-23,売上,390372.0,,,1.0,19.0,ﾅｯﾌﾟｽ 松山店                             29
0,共通倉庫,10,4524486094972,21SJ-14K ﾚｻﾞｰｼﾞｬｹｯﾄ BK XL 鉄流水雪輪,,,2024-09-09,売上,391215.0,,,1.0,18.0,ﾗｲｺﾗﾝﾄﾞ 長野店                           2020 株式会社 ｺｼﾀﾞﾃｯｸ
0,共通倉庫,10,4524486094972,21SJ-14K ﾚｻﾞｰｼﾞｬｹｯﾄ BK XL 鉄流水雪輪,,,2024-09-11,売上,391378.0,,,1.0,17.0,ﾄﾞﾗｲﾊﾞｰｽﾞ 神栖店                         
0,共通倉庫,10,4524486094972,21SJ-14K ﾚｻﾞｰｼﾞｬｹｯﾄ BK XL 鉄流水雪輪,,,2024-09-12,売上,391471.0,,,1.0,16.0,ﾗｲｺﾗﾝﾄﾞ 水戸店                           2017 株式会社 ｺｼﾀﾞﾃｯｸ
0,共通倉庫,10,4524486094972,21SJ-14K ﾚｻﾞｰｼﾞｬｹｯﾄ BK XL 鉄流水雪輪,,,2024-09-18,売上,391839.0,,,1.0,15.0,ﾗｲｺﾗﾝﾄﾞ CuBe札幌白石店                   2015 株式会社 ｺｼﾀﾞﾃｯｸ
0,共通倉庫,10,4524486094972,21SJ-14K ﾚｻﾞｰｼﾞｬｹｯﾄ BK XL 鉄流水雪輪,,,2024-10-04,売上,392870.0,,,-1.0,16.0,ﾗｲｺﾗﾝﾄﾞ 長野店                           2020 株式会社 ｺｼﾀﾞﾃｯｸ
0,共通倉庫,10,4524486094972,21SJ-14K ﾚｻﾞｰｼﾞｬｹｯﾄ BK XL 鉄流水雪輪,,,2024-10-21,売上,394076.0,,,1.0,15.0,ﾗｲｺﾗﾝﾄﾞ TokyoBay東雲店                   2003 株式会社 ｺｼﾀﾞﾃｯｸ
0,共通倉庫,10,4524486094972,21SJ-14K ﾚｻﾞｰｼﾞｬｹｯﾄ BK XL 鉄流水雪輪,,,2024-10-28,売上,394688.0,,,1.0,14.0,ﾅｯﾌﾟｽ ﾍﾞｲｻｲﾄﾞ幸浦店                      15
0,共通倉庫,10,4524486094972,21SJ-14K ﾚｻﾞｰｼﾞｬｹｯﾄ BK XL 鉄流水雪輪,,,2024-11-06,売上,395278.0,,,1.0,13.0,ﾗｲｺﾗﾝﾄﾞ 福岡空港店                       2028 株式会社 ｺｼﾀﾞﾃｯｸ
0,共通倉庫,10,4524486094972,21SJ-14K ﾚｻﾞｰｼﾞｬｹｯﾄ BK XL 鉄流水雪輪,,,2024-11-11,売上,395699.0,,,1.0,12.0,デグナー京都本店                         
0,共通倉庫,10,4524486094972,21SJ-14K ﾚｻﾞｰｼﾞｬｹｯﾄ BK XL 鉄流水雪輪,,,2024-11-18,売上,396222.0,,,1.0,11.0,ﾗｲｺﾗﾝﾄﾞ 福岡空港店                       2028 株式会社 ｺｼﾀﾞﾃｯｸ
0,共通倉庫,10,4524486094972,21SJ-14K ﾚｻﾞｰｼﾞｬｹｯﾄ BK XL 鉄流水雪輪,,,2024-11-22,売上,396556.0,,,1.0,10.0,ﾅｯﾌﾟｽ ﾍﾞｲｻｲﾄﾞ幸浦店                      15
0,共通倉庫,10,4524486094972,21SJ-14K ﾚｻﾞｰｼﾞｬｹｯﾄ BK XL 鉄流水雪輪,,,2024-11-25,売上,396749.0,,,1.0,9.0,ﾅｯﾌﾟｽ 前橋店                             17
0,共通倉庫,10,4524486094972,21SJ-14K ﾚｻﾞｰｼﾞｬｹｯﾄ BK XL 鉄流水雪輪,,,2024-11-27,売上,396973.0,,,1.0,8.0,ﾗｲｺﾗﾝﾄﾞ TokyoBay東雲店                   2003 株式会社 ｺｼﾀﾞﾃｯｸ
0,共通倉庫,10,4524486094972,21SJ-14K ﾚｻﾞｰｼﾞｬｹｯﾄ BK XL 鉄流水雪輪,,,2024-12-09,売上,397821.0,,,1.0,7.0,いちげん                                 
0,共通倉庫,10,4524486094972,21SJ-14K ﾚｻﾞｰｼﾞｬｹｯﾄ BK XL 鉄流水雪輪,,,2025-01-04,売上,399659.0,,,1.0,5.0,デグナー京都本店                         
0,共通倉庫,10,4524486094972,21SJ-14K ﾚｻﾞｰｼﾞｬｹｯﾄ BK XL 鉄流水雪輪,,,2025-01-21,売上,400859.0,,,1.0,4.0,株式会社 桜士堂                          
0,共通倉庫,10,4524486094972,21SJ-14K ﾚｻﾞｰｼﾞｬｹｯﾄ BK XL 鉄流水雪輪,,,2025-01-23,売上,400971.0,,,1.0,3.0,ﾗｲｺﾗﾝﾄﾞ 水戸店                           2017 株式会社 ｺｼﾀﾞﾃｯｸ
0,共通倉庫,10,4524486094972,21SJ-14K ﾚｻﾞｰｼﾞｬｹｯﾄ BK XL 鉄流水雪輪,,,2025-02-27,売上,402898.0,,,1.0,,株式会社 桜士堂                          
0,共通倉庫,10,4524486094972,21SJ-14K ﾚｻﾞｰｼﾞｬｹｯﾄ BK XL 鉄流水雪輪,,,2025-02-27,売上,402928.0,,,1.0,1.0,いちげん                                 
0,共通倉庫,10,4524486094972,21SJ-14K ﾚｻﾞｰｼﾞｬｹｯﾄ BK XL 鉄流水雪輪,,,2025-03-12,売上,403838.0,,,1.0,0.0,いちげん                                 
0,共通倉庫,10,4524486094972,21SJ-14K ﾚｻﾞｰｼﾞｬｹｯﾄ BK XL 鉄流水雪輪,,,2025-03-18,売上,404246.0,,,-1.0,1.0,いちげん                                 
0,共通倉庫,10,4524486094972,21SJ-14K ﾚｻﾞｰｼﾞｬｹｯﾄ BK XL 鉄流水雪輪,,,2025-03-21,売上,404418.0,,,1.0,0.0,いちげん                                 
0,共通倉庫,10,4524486094972,21SJ-14K ﾚｻﾞｰｼﾞｬｹｯﾄ BK XL 鉄流水雪輪,,,2025-03-27,売上,405036.0,,,1.0,0.0,FSM TRADING (HK) LIMITED/ Rider Shop HK  
0,共通倉庫,10,4524486094972,21SJ-14K ﾚｻﾞｰｼﾞｬｹｯﾄ BK XL 鉄流水雪輪,,,2025-05-20,仕入,35890.0,6727.0,7.0,,,IHSAN                                    
0,共通倉庫,10,4524486094972,21SJ-14K ﾚｻﾞｰｼﾞｬｹｯﾄ BK XL 鉄流水雪輪,,,2025-05-20,仕入,35895.0,6727.0,1.0,,8.0,IHSAN                                    
0,共通倉庫,10,4524486094972,21SJ-14K ﾚｻﾞｰｼﾞｬｹｯﾄ BK XL 鉄流水雪輪,,,2025-05-22,売上,409762.0,,,1.0,,ﾗｲｺﾗﾝﾄﾞ 新潟店                           2031 株式会社 ｺｼﾀﾞﾃｯｸ
0,共通倉庫,10,4524486094972,21SJ-14K ﾚｻﾞｰｼﾞｬｹｯﾄ BK XL 鉄流水雪輪,,,2025-05-23,売上,409859.0,,,1.0,5.0,株式会社 桜士堂                          
0,共通倉庫,10,4524486094972,21SJ-14K ﾚｻﾞｰｼﾞｬｹｯﾄ BK XL 鉄流水雪輪,,,2025-05-26,売上,410070.0,,,1.0,4.0,いちげん                                 
0,共通倉庫,10,4524486094972,21SJ-14K ﾚｻﾞｰｼﾞｬｹｯﾄ BK XL 鉄流水雪輪,,,2025-05-28,売上,410280.0,,,1.0,3.0,ﾗｲｺﾗﾝﾄﾞ TokyoBay東雲店                   2003 株式会社 ｺｼﾀﾞﾃｯｸ
0,共通倉庫,10,4524486094972,21SJ-14K ﾚｻﾞｰｼﾞｬｹｯﾄ BK XL 鉄流水雪輪,,,2025-06-19,売上,412009.0,,,1.0,2.0,Riderment Company                        
0,共通倉庫,10,4524486094972,21SJ-14K ﾚｻﾞｰｼﾞｬｹｯﾄ BK XL 鉄流水雪輪,,,2025-07-15,仕入,36269.0,6880.0,7.0,,,IHSAN                                    
0,共通倉庫,10,4524486094972,21SJ-14K ﾚｻﾞｰｼﾞｬｹｯﾄ BK XL 鉄流水雪輪,,,2025-07-15,仕入,36271.0,6880.0,9.0,,18.0,IHSAN                                    
0,共通倉庫,10,4524486094972,21SJ-14K ﾚｻﾞｰｼﾞｬｹｯﾄ BK XL 鉄流水雪輪,,,2025-08-01,売上,415209.0,,,1.0,17.0,株式会社 ﾊﾞｲｸﾜｰﾙﾄﾞ 土山店                
0,共通倉庫,10,4524486094972,21SJ-14K ﾚｻﾞｰｼﾞｬｹｯﾄ BK XL 鉄流水雪輪,,,2025-08-04,売上,415360.0,,,1.0,16.0,南海部品 小山店                          3003 株式会社 ｺｼﾀﾞﾃｯｸ
0,共通倉庫,10,4524486094972,21SJ-14K ﾚｻﾞｰｼﾞｬｹｯﾄ BK XL 鉄流水雪輪,,,2025-08-20,売上,416360.0,,,1.0,15.0,ﾅｯﾌﾟｽ 仙台泉ｲﾝﾀｰ店                       19
0,共通倉庫,10,4524486094972,21SJ-14K ﾚｻﾞｰｼﾞｬｹｯﾄ BK XL 鉄流水雪輪,,,2025-08-26,仕入,36610.0,6990.0,9.0,,24.0,IHSAN                                    
0,共通倉庫,10,4524486094972,21SJ-14K ﾚｻﾞｰｼﾞｬｹｯﾄ BK XL 鉄流水雪輪,,,2025-08-29,売上,416952.0,,,1.0,23.0,ﾅｯﾌﾟｽ ﾍﾞｲｻｲﾄﾞ幸浦店                      15
0,共通倉庫,10,4524486094972,21SJ-14K ﾚｻﾞｰｼﾞｬｹｯﾄ BK XL 鉄流水雪輪,,,2025-10-31,売上,422315.0,,,1.0,21.0,ﾅｯﾌﾟｽ 仙台泉ｲﾝﾀｰ店                       19
0,共通倉庫,10,4524486094972,21SJ-14K ﾚｻﾞｰｼﾞｬｹｯﾄ BK XL 鉄流水雪輪,,,2025-11-13,売上,423540.0,,,1.0,19.0,デグナー京都本店                         
0,共通倉庫,10,4524486094972,21SJ-14K ﾚｻﾞｰｼﾞｬｹｯﾄ BK XL 鉄流水雪輪,,,2025-11-26,売上,424417.0,,,1.0,18.0,株式会社 とかげや                        
0,共通倉庫,10,4524486094972,21SJ-14K ﾚｻﾞｰｼﾞｬｹｯﾄ BK XL 鉄流水雪輪,,,2025-12-02,売上,424945.0,,,1.0,17.0,いちげん                                 
0,共通倉庫,10,4524486094972,21SJ-14K ﾚｻﾞｰｼﾞｬｹｯﾄ BK XL 鉄流水雪輪,,,2025-12-18,売上,426356.0,,,1.0,16.0,ﾗｲｺﾗﾝﾄﾞ TokyoBay東雲店                   2003 株式会社 ｺｼﾀﾞﾃｯｸ
0,共通倉庫,10,4524486094972,21SJ-14K ﾚｻﾞｰｼﾞｬｹｯﾄ BK XL 鉄流水雪輪,,,2025-12-29,売上,426977.0,,,1.0,15.0,ON-OFF Motobike Collections              International Co.
0,共通倉庫,10,4524486094972,21SJ-14K ﾚｻﾞｰｼﾞｬｹｯﾄ BK XL 鉄流水雪輪,,,2026-01-07,売上,427542.0,,,1.0,14.0,ANSIN MOTO CO.                           
0,共通倉庫,10,4524486094972,21SJ-14K ﾚｻﾞｰｼﾞｬｹｯﾄ BK XL 鉄流水雪輪,,,2026-01-19,売上,428240.0,,,1.0,13.0,FSM TRADING (HK) LIMITED/ Rider Shop HK  
0,共通倉庫,10,4524486094972,21SJ-14K ﾚｻﾞｰｼﾞｬｹｯﾄ BK XL 鉄流水雪輪,,,2026-01-22,売上,428431.0,,,1.0,12.0,ON-OFF Motobike Collections              International Co.
0,共通倉庫,10,4524486094972,21SJ-14K ﾚｻﾞｰｼﾞｬｹｯﾄ BK XL 鉄流水雪輪,,,2026-03-05,売上,430922.0,,,1.0,11.0,ANSIN MOTO CO.                           
0,共通倉庫,10,4524486094972,21SJ-14K ﾚｻﾞｰｼﾞｬｹｯﾄ BK XL 鉄流水雪輪,,,2026-03-30,売上,432896.0,,,1.0,,いちげん                                 
0,共通倉庫,10,4524486094972,21SJ-14K ﾚｻﾞｰｼﾞｬｹｯﾄ BK XL 鉄流水雪輪,,,2026-03-30,売上,432899.0,,,1.0,8.0,いちげん                                 
0,共通倉庫,10,4524486094972,21SJ-14K ﾚｻﾞｰｼﾞｬｹｯﾄ BK XL 鉄流水雪輪,,,2026-03-31,仕入,37845.0,6727.0,1.0,,9.0,IHSAN                                    
0,共通倉庫,10,4524486097959,21SJ-14K ﾚｻﾞｰｼﾞｬｹｯﾄ BK LW 流水雪輪,,,2022-05-20,仕入,28818.0,5838.0,4.0,,4.0,IHSAN                                    
0,共通倉庫,10,4524486097959,21SJ-14K ﾚｻﾞｰｼﾞｬｹｯﾄ BK LW 流水雪輪,,,2022-06-06,売上,334996.0,,,1.0,2.0,株式会社 ｱｸﾄﾜｰﾙﾄﾞ                        
0,共通倉庫,10,4524486097959,21SJ-14K ﾚｻﾞｰｼﾞｬｹｯﾄ BK LW 流水雪輪,,,2022-07-12,仕入,29217.0,6139.0,3.0,,5.0,IHSAN                                    
0,共通倉庫,10,4524486097959,21SJ-14K ﾚｻﾞｰｼﾞｬｹｯﾄ BK LW 流水雪輪,,,2022-09-26,売上,344190.0,,,1.0,4.0,いちげん                                 
0,共通倉庫,10,4524486097959,21SJ-14K ﾚｻﾞｰｼﾞｬｹｯﾄ BK LW 流水雪輪,,,2022-10-06,売上,345116.0,,,-1.0,5.0,いちげん                                 
0,共通倉庫,10,4524486097959,21SJ-14K ﾚｻﾞｰｼﾞｬｹｯﾄ BK LW 流水雪輪,,,2022-11-09,売上,348434.0,,,1.0,4.0,デグナー京都本店                         
0,共通倉庫,10,4524486097959,21SJ-14K ﾚｻﾞｰｼﾞｬｹｯﾄ BK LW 流水雪輪,,,2023-01-05,売上,352292.0,,,1.0,3.0,デグナー京都本店                         
0,共通倉庫,10,4524486097959,21SJ-14K ﾚｻﾞｰｼﾞｬｹｯﾄ BK LW 流水雪輪,,,2023-02-06,売上,354144.0,,,1.0,2.0,いちげん                                 
0,共通倉庫,10,4524486097959,21SJ-14K ﾚｻﾞｰｼﾞｬｹｯﾄ BK LW 流水雪輪,,,2023-02-26,売上,355349.0,,,1.0,1.0,デグナー京都本店                         
0,共通倉庫,10,4524486097959,21SJ-14K ﾚｻﾞｰｼﾞｬｹｯﾄ BK LW 流水雪輪,,,2023-03-18,売上,356995.0,,,1.0,0.0,デグナー京都本店                         
0,共通倉庫,10,4524486097959,21SJ-14K ﾚｻﾞｰｼﾞｬｹｯﾄ BK LW 流水雪輪,,,2023-04-24,売上,359947.0,,,1.0,0.0,ﾗｲｺﾗﾝﾄﾞ CuBe札幌白石店                   2015 株式会社 ｺｼﾀﾞﾃｯｸ
0,共通倉庫,10,4524486097959,21SJ-14K ﾚｻﾞｰｼﾞｬｹｯﾄ BK LW 流水雪輪,,,2023-06-20,仕入,31937.0,6378.0,5.0,,5.0,IHSAN                                    
0,共通倉庫,10,4524486097959,21SJ-14K ﾚｻﾞｰｼﾞｬｹｯﾄ BK LW 流水雪輪,,,2023-06-21,売上,364010.0,,,1.0,,602 高松2りんかん                        株式会社2りんかんｲｴﾛｰﾊｯﾄ
0,共通倉庫,10,4524486097959,21SJ-14K ﾚｻﾞｰｼﾞｬｹｯﾄ BK LW 流水雪輪,,,2023-09-22,売上,369720.0,,,1.0,2.0,いちげん                                 
0,共通倉庫,10,4524486097959,21SJ-14K ﾚｻﾞｰｼﾞｬｹｯﾄ BK LW 流水雪輪,,,2023-10-02,売上,370273.0,,,1.0,1.0,いちげん                                 
0,共通倉庫,10,4524486097959,21SJ-14K ﾚｻﾞｰｼﾞｬｹｯﾄ BK LW 流水雪輪,,,2023-10-11,売上,370984.0,,,1.0,0.0,ﾅｯﾌﾟｽ 仙台泉ｲﾝﾀｰ店                       19
0,共通倉庫,10,4524486097959,21SJ-14K ﾚｻﾞｰｼﾞｬｹｯﾄ BK LW 流水雪輪,,,2023-10-30,売上,372249.0,,,1.0,0.0,南海部品株式会社                         
0,共通倉庫,10,4524486097959,21SJ-14K ﾚｻﾞｰｼﾞｬｹｯﾄ BK LW 流水雪輪,,,2023-12-19,仕入,32953.0,6638.0,10.0,,10.0,IHSAN                                    
0,共通倉庫,10,4524486097959,21SJ-14K ﾚｻﾞｰｼﾞｬｹｯﾄ BK LW 流水雪輪,,,2023-12-25,売上,375742.0,,,1.0,9.0,南海部品株式会社                         
0,共通倉庫,10,4524486097959,21SJ-14K ﾚｻﾞｰｼﾞｬｹｯﾄ BK LW 流水雪輪,,,2024-01-10,売上,376509.0,,,1.0,7.0,Riderment Company                        
0,共通倉庫,10,4524486097959,21SJ-14K ﾚｻﾞｰｼﾞｬｹｯﾄ BK LW 流水雪輪,,,2024-01-12,売上,376603.0,,,1.0,6.0,いちげん                                 
0,共通倉庫,10,4524486097959,21SJ-14K ﾚｻﾞｰｼﾞｬｹｯﾄ BK LW 流水雪輪,,,2024-01-18,売上,376910.0,,,1.0,5.0,いちげん                                 
0,共通倉庫,10,4524486097959,21SJ-14K ﾚｻﾞｰｼﾞｬｹｯﾄ BK LW 流水雪輪,,,2024-02-05,売上,377547.0,,,1.0,4.0,ﾗｲｺﾗﾝﾄﾞ TokyoBay東雲店                   2003 株式会社 ｺｼﾀﾞﾃｯｸ
0,共通倉庫,10,4524486097959,21SJ-14K ﾚｻﾞｰｼﾞｬｹｯﾄ BK LW 流水雪輪,,,2024-03-06,仕入,33379.0,6926.0,3.0,,7.0,IHSAN                                    
0,共通倉庫,10,4524486097959,21SJ-14K ﾚｻﾞｰｼﾞｬｹｯﾄ BK LW 流水雪輪,,,2024-03-12,売上,379572.0,,,1.0,6.0,ﾏﾙﾃｨｰ 松江店                             有限会社 ｴﾑ･ｱｰﾙ･ｼｰ
0,共通倉庫,10,4524486097959,21SJ-14K ﾚｻﾞｰｼﾞｬｹｯﾄ BK LW 流水雪輪,,,2024-03-28,売上,380543.0,,,1.0,5.0,デグナー京都本店                         
0,共通倉庫,10,4524486097959,21SJ-14K ﾚｻﾞｰｼﾞｬｹｯﾄ BK LW 流水雪輪,,,2024-04-02,売上,380844.0,,,1.0,4.0,南海部品株式会社                         
0,共通倉庫,10,4524486097959,21SJ-14K ﾚｻﾞｰｼﾞｬｹｯﾄ BK LW 流水雪輪,,,2024-04-22,売上,382228.0,,,1.0,3.0,南海部品株式会社                         
0,共通倉庫,10,4524486097959,21SJ-14K ﾚｻﾞｰｼﾞｬｹｯﾄ BK LW 流水雪輪,,,2024-05-07,売上,383202.0,,,1.0,2.0,ﾅｯﾌﾟｽ 仙台泉ｲﾝﾀｰ店                       19
0,共通倉庫,10,4524486097959,21SJ-14K ﾚｻﾞｰｼﾞｬｹｯﾄ BK LW 流水雪輪,,,2024-06-28,売上,386805.0,,,1.0,1.0,株式会社JTBふるさと開発事業部            
0,共通倉庫,10,4524486097959,21SJ-14K ﾚｻﾞｰｼﾞｬｹｯﾄ BK LW 流水雪輪,,,2024-07-10,仕入,34086.0,7287.0,8.0,,9.0,IHSAN                                    
0,共通倉庫,10,4524486097959,21SJ-14K ﾚｻﾞｰｼﾞｬｹｯﾄ BK LW 流水雪輪,,,2024-08-07,仕入,34263.0,7267.0,10.0,,19.0,IHSAN                                    
0,共通倉庫,10,4524486097959,21SJ-14K ﾚｻﾞｰｼﾞｬｹｯﾄ BK LW 流水雪輪,,,2024-09-09,売上,391215.0,,,1.0,18.0,ﾗｲｺﾗﾝﾄﾞ 長野店                           2020 株式会社 ｺｼﾀﾞﾃｯｸ
0,共通倉庫,10,4524486097959,21SJ-14K ﾚｻﾞｰｼﾞｬｹｯﾄ BK LW 流水雪輪,,,2024-09-13,売上,391548.0,,,1.0,17.0,ﾗｲｺﾗﾝﾄﾞ 大分店                           2030 株式会社 ｺｼﾀﾞﾃｯｸ
0,共通倉庫,10,4524486097959,21SJ-14K ﾚｻﾞｰｼﾞｬｹｯﾄ BK LW 流水雪輪,,,2024-09-25,売上,392210.0,,,1.0,16.0,ﾅｯﾌﾟｽ 仙台泉ｲﾝﾀｰ店                       19
0,共通倉庫,10,4524486097959,21SJ-14K ﾚｻﾞｰｼﾞｬｹｯﾄ BK LW 流水雪輪,,,2024-10-04,売上,392870.0,,,-1.0,17.0,ﾗｲｺﾗﾝﾄﾞ 長野店                           2020 株式会社 ｺｼﾀﾞﾃｯｸ
0,共通倉庫,10,4524486097959,21SJ-14K ﾚｻﾞｰｼﾞｬｹｯﾄ BK LW 流水雪輪,,,2024-10-21,売上,394076.0,,,1.0,16.0,ﾗｲｺﾗﾝﾄﾞ TokyoBay東雲店                   2003 株式会社 ｺｼﾀﾞﾃｯｸ
0,共通倉庫,10,4524486097959,21SJ-14K ﾚｻﾞｰｼﾞｬｹｯﾄ BK LW 流水雪輪,,,2024-11-13,売上,395873.0,,,3.0,13.0,Riding My Way Company                    
0,共通倉庫,10,4524486097959,21SJ-14K ﾚｻﾞｰｼﾞｬｹｯﾄ BK LW 流水雪輪,,,2024-11-18,売上,396216.0,,,1.0,12.0,ﾗｲｺﾗﾝﾄﾞ 福岡空港店                       2028 株式会社 ｺｼﾀﾞﾃｯｸ
0,共通倉庫,10,4524486097959,21SJ-14K ﾚｻﾞｰｼﾞｬｹｯﾄ BK LW 流水雪輪,,,2024-11-27,売上,396951.0,,,1.0,11.0,株式会社JTBふるさと開発事業部            
0,共通倉庫,10,4524486097959,21SJ-14K ﾚｻﾞｰｼﾞｬｹｯﾄ BK LW 流水雪輪,,,2024-11-29,売上,397083.0,,,1.0,10.0,株式会社JTBふるさと開発事業部            
0,共通倉庫,10,4524486097959,21SJ-14K ﾚｻﾞｰｼﾞｬｹｯﾄ BK LW 流水雪輪,,,2024-12-03,売上,397308.0,,,1.0,9.0,株式会社 ｻｲｸﾙﾜｰﾙﾄﾞ神戸本店               
0,共通倉庫,10,4524486097959,21SJ-14K ﾚｻﾞｰｼﾞｬｹｯﾄ BK LW 流水雪輪,,,2025-01-29,売上,401240.0,,,1.0,8.0,南海部品株式会社                         
0,共通倉庫,10,4524486097959,21SJ-14K ﾚｻﾞｰｼﾞｬｹｯﾄ BK LW 流水雪輪,,,2025-02-05,仕入,35146.0,7213.0,4.0,,12.0,IHSAN                                    
0,共通倉庫,10,4524486097959,21SJ-14K ﾚｻﾞｰｼﾞｬｹｯﾄ BK LW 流水雪輪,,,2025-02-07,売上,401796.0,,,1.0,11.0,ﾗｲｺﾗﾝﾄﾞ TokyoBay東雲店                   2003 株式会社 ｺｼﾀﾞﾃｯｸ
0,共通倉庫,10,4524486097959,21SJ-14K ﾚｻﾞｰｼﾞｬｹｯﾄ BK LW 流水雪輪,,,2025-02-10,売上,401865.0,,,1.0,10.0,ﾗｲｺﾗﾝﾄﾞ CuBe札幌白石店                   2015 株式会社 ｺｼﾀﾞﾃｯｸ
0,共通倉庫,10,4524486097959,21SJ-14K ﾚｻﾞｰｼﾞｬｹｯﾄ BK LW 流水雪輪,,,2025-04-08,売上,406080.0,,,1.0,9.0,いちげん                                 
0,共通倉庫,10,4524486097959,21SJ-14K ﾚｻﾞｰｼﾞｬｹｯﾄ BK LW 流水雪輪,,,2025-04-09,売上,406194.0,,,1.0,8.0,Riding My Way Company                    
0,共通倉庫,10,4524486097959,21SJ-14K ﾚｻﾞｰｼﾞｬｹｯﾄ BK LW 流水雪輪,,,2025-04-11,売上,406346.0,,,1.0,7.0,いちげん                                 
0,共通倉庫,10,4524486097959,21SJ-14K ﾚｻﾞｰｼﾞｬｹｯﾄ BK LW 流水雪輪,,,2025-04-21,出荷,11620.0,,,-1.0,8.0,棚卸し調整                               
0,共通倉庫,10,4524486097959,21SJ-14K ﾚｻﾞｰｼﾞｬｹｯﾄ BK LW 流水雪輪,,,2025-05-04,売上,408212.0,,,1.0,6.0,デグナー京都本店                         
0,共通倉庫,10,4524486097959,21SJ-14K ﾚｻﾞｰｼﾞｬｹｯﾄ BK LW 流水雪輪,,,2025-06-19,売上,412009.0,,,1.0,5.0,Riderment Company                        
0,共通倉庫,10,4524486097959,21SJ-14K ﾚｻﾞｰｼﾞｬｹｯﾄ BK LW 流水雪輪,,,2025-07-09,売上,413497.0,,,1.0,4.0,株式会社 ﾃﾞｸﾞﾅｰ                          八王子店
0,共通倉庫,10,4524486097959,21SJ-14K ﾚｻﾞｰｼﾞｬｹｯﾄ BK LW 流水雪輪,,,2025-07-15,仕入,36269.0,6880.0,5.0,,8.0,IHSAN                                    
0,共通倉庫,10,4524486097959,21SJ-14K ﾚｻﾞｰｼﾞｬｹｯﾄ BK LW 流水雪輪,,,2025-07-28,売上,414868.0,,,1.0,7.0,南海部品株式会社                         
0,共通倉庫,10,4524486097959,21SJ-14K ﾚｻﾞｰｼﾞｬｹｯﾄ BK LW 流水雪輪,,,2025-09-12,売上,418195.0,,,1.0,7.0,ﾗｲｺﾗﾝﾄﾞ TokyoBay東雲店                   2003 株式会社 ｺｼﾀﾞﾃｯｸ
0,共通倉庫,10,4524486097959,21SJ-14K ﾚｻﾞｰｼﾞｬｹｯﾄ BK LW 流水雪輪,,,2025-09-18,売上,418756.0,,,1.0,6.0,株式会社JTBふるさと開発事業部            
0,共通倉庫,10,4524486097959,21SJ-14K ﾚｻﾞｰｼﾞｬｹｯﾄ BK LW 流水雪輪,,,2025-09-22,売上,419078.0,,,1.0,5.0,いちげん                                 
0,共通倉庫,10,4524486097959,21SJ-14K ﾚｻﾞｰｼﾞｬｹｯﾄ BK LW 流水雪輪,,,2025-10-22,仕入,36944.0,7213.0,3.0,,,IHSAN                                    
0,共通倉庫,10,4524486097959,21SJ-14K ﾚｻﾞｰｼﾞｬｹｯﾄ BK LW 流水雪輪,,,2025-10-22,仕入,36948.0,7213.0,2.0,,10.0,IHSAN                                    
0,共通倉庫,10,4524486097959,21SJ-14K ﾚｻﾞｰｼﾞｬｹｯﾄ BK LW 流水雪輪,,,2025-12-02,売上,424904.0,,,1.0,9.0,帝都産業 株式会社                        EC/海外事業部
0,共通倉庫,10,4524486097959,21SJ-14K ﾚｻﾞｰｼﾞｬｹｯﾄ BK LW 流水雪輪,,,2025-12-16,売上,426161.0,,,1.0,8.0,南海部品株式会社                         
0,共通倉庫,10,4524486097959,21SJ-14K ﾚｻﾞｰｼﾞｬｹｯﾄ BK LW 流水雪輪,,,2026-01-23,売上,428448.0,,,1.0,6.0,南海部品株式会社                         
0,共通倉庫,10,4524486097959,21SJ-14K ﾚｻﾞｰｼﾞｬｹｯﾄ BK LW 流水雪輪,,,2026-03-02,売上,430685.0,,,1.0,5.0,いちげん                                 
0,共通倉庫,10,4524486097959,21SJ-14K ﾚｻﾞｰｼﾞｬｹｯﾄ BK LW 流水雪輪,,,2026-03-16,売上,431739.0,,,1.0,3.0,株式会社 ﾓﾉﾀﾞｲﾚｸﾄ                        
0,共通倉庫,10,4524486097959,21SJ-14K ﾚｻﾞｰｼﾞｬｹｯﾄ BK LW 流水雪輪,,,2026-03-26,売上,432617.0,,,-1.0,4.0,ﾗｲｺﾗﾝﾄﾞ TokyoBay東雲店                   2003 株式会社 ｺｼﾀﾞﾃｯｸ
0,共通倉庫,10,4524486097959,21SJ-14K ﾚｻﾞｰｼﾞｬｹｯﾄ BK LW 流水雪輪,,,2026-03-31,仕入,37849.0,7213.0,8.0,,12.0,IHSAN                                    
0,共通倉庫,10,4524486097966,21SJ-14K ﾚｻﾞｰｼﾞｬｹｯﾄ BK LW 鉄流水雪輪,,,2022-05-20,仕入,28816.0,5838.0,5.0,,5.0,IHSAN                                    
0,共通倉庫,10,4524486097966,21SJ-14K ﾚｻﾞｰｼﾞｬｹｯﾄ BK LW 鉄流水雪輪,,,2022-05-27,売上,334186.0,,,1.0,,株式会社 ｱｸﾄﾜｰﾙﾄﾞ                        
0,共通倉庫,10,4524486097966,21SJ-14K ﾚｻﾞｰｼﾞｬｹｯﾄ BK LW 鉄流水雪輪,,,2022-10-04,売上,344886.0,,,1.0,2.0,株式会社 ｺﾞｰﾀﾞ                           
0,共通倉庫,10,4524486097966,21SJ-14K ﾚｻﾞｰｼﾞｬｹｯﾄ BK LW 鉄流水雪輪,,,2022-10-12,仕入,30030.0,6516.0,3.0,,5.0,IHSAN                                    
0,共通倉庫,10,4524486097966,21SJ-14K ﾚｻﾞｰｼﾞｬｹｯﾄ BK LW 鉄流水雪輪,,,2022-10-26,売上,347078.0,,,1.0,4.0,デグナー京都本店                         
0,共通倉庫,10,4524486097966,21SJ-14K ﾚｻﾞｰｼﾞｬｹｯﾄ BK LW 鉄流水雪輪,,,2023-01-05,売上,352295.0,,,1.0,3.0,デグナー京都本店                         
0,共通倉庫,10,4524486097966,21SJ-14K ﾚｻﾞｰｼﾞｬｹｯﾄ BK LW 鉄流水雪輪,,,2023-04-20,売上,359799.0,,,1.0,2.0,ﾗｲｺﾗﾝﾄﾞ CuBe札幌白石店                   2015 株式会社 ｺｼﾀﾞﾃｯｸ
0,共通倉庫,10,4524486097966,21SJ-14K ﾚｻﾞｰｼﾞｬｹｯﾄ BK LW 鉄流水雪輪,,,2023-04-24,売上,360001.0,,,1.0,1.0,いちげん                                 
0,共通倉庫,10,4524486097966,21SJ-14K ﾚｻﾞｰｼﾞｬｹｯﾄ BK LW 鉄流水雪輪,,,2023-05-12,売上,361362.0,,,1.0,0.0,株式会社ﾘﾊﾞｰｸﾚｲﾝ                         
0,共通倉庫,10,4524486097966,21SJ-14K ﾚｻﾞｰｼﾞｬｹｯﾄ BK LW 鉄流水雪輪,,,2023-08-28,仕入,32399.0,6711.0,6.0,,6.0,IHSAN                                    
0,共通倉庫,10,4524486097966,21SJ-14K ﾚｻﾞｰｼﾞｬｹｯﾄ BK LW 鉄流水雪輪,,,2023-09-04,売上,368364.0,,,1.0,5.0,ﾗｲｺﾗﾝﾄﾞ CuBe札幌白石店                   2015 株式会社 ｺｼﾀﾞﾃｯｸ
0,共通倉庫,10,4524486097966,21SJ-14K ﾚｻﾞｰｼﾞｬｹｯﾄ BK LW 鉄流水雪輪,,,2023-10-11,売上,370951.0,,,1.0,4.0,株式会社ﾘﾊﾞｰｸﾚｲﾝ                         
0,共通倉庫,10,4524486097966,21SJ-14K ﾚｻﾞｰｼﾞｬｹｯﾄ BK LW 鉄流水雪輪,,,2023-10-18,売上,371437.0,,,1.0,3.0,ｽﾀｰｼｰｽﾞ株式会社                          
0,共通倉庫,10,4524486097966,21SJ-14K ﾚｻﾞｰｼﾞｬｹｯﾄ BK LW 鉄流水雪輪,,,2023-12-05,売上,374582.0,,,1.0,2.0,ﾅｯﾌﾟｽ 浜松店                             16
0,共通倉庫,10,4524486097966,21SJ-14K ﾚｻﾞｰｼﾞｬｹｯﾄ BK LW 鉄流水雪輪,,,2023-12-13,売上,375092.0,,,-1.0,3.0,ﾅｯﾌﾟｽ 浜松店                             16
0,共通倉庫,10,4524486097966,21SJ-14K ﾚｻﾞｰｼﾞｬｹｯﾄ BK LW 鉄流水雪輪,,,2024-01-22,売上,377083.0,,,1.0,2.0,デグナー京都本店                         
0,共通倉庫,10,4524486097966,21SJ-14K ﾚｻﾞｰｼﾞｬｹｯﾄ BK LW 鉄流水雪輪,,,2024-02-05,売上,377547.0,,,1.0,1.0,ﾗｲｺﾗﾝﾄﾞ TokyoBay東雲店                   2003 株式会社 ｺｼﾀﾞﾃｯｸ
0,共通倉庫,10,4524486097966,21SJ-14K ﾚｻﾞｰｼﾞｬｹｯﾄ BK LW 鉄流水雪輪,,,2024-02-23,売上,378525.0,,,1.0,0.0,デグナー京都本店                         
0,共通倉庫,10,4524486097966,21SJ-14K ﾚｻﾞｰｼﾞｬｹｯﾄ BK LW 鉄流水雪輪,,,2024-03-06,仕入,33379.0,6926.0,3.0,,3.0,IHSAN                                    
0,共通倉庫,10,4524486097966,21SJ-14K ﾚｻﾞｰｼﾞｬｹｯﾄ BK LW 鉄流水雪輪,,,2024-03-07,売上,379287.0,,,1.0,2.0,ﾗｲｺﾗﾝﾄﾞ TokyoBay東雲店                   2003 株式会社 ｺｼﾀﾞﾃｯｸ
0,共通倉庫,10,4524486097966,21SJ-14K ﾚｻﾞｰｼﾞｬｹｯﾄ BK LW 鉄流水雪輪,,,2024-04-03,仕入,33589.0,6942.0,11.0,,12.0,IHSAN                                    
0,共通倉庫,10,4524486097966,21SJ-14K ﾚｻﾞｰｼﾞｬｹｯﾄ BK LW 鉄流水雪輪,,,2024-05-28,売上,384750.0,,,1.0,,ﾗｲｺﾗﾝﾄﾞ CuBe札幌白石店                   2015 株式会社 ｺｼﾀﾞﾃｯｸ
0,共通倉庫,10,4524486097966,21SJ-14K ﾚｻﾞｰｼﾞｬｹｯﾄ BK LW 鉄流水雪輪,,,2024-05-28,売上,384778.0,,,1.0,9.0,ﾅｯﾌﾟｽ 岡山店                             20
0,共通倉庫,10,4524486097966,21SJ-14K ﾚｻﾞｰｼﾞｬｹｯﾄ BK LW 鉄流水雪輪,,,2024-06-03,売上,385178.0,,,1.0,8.0,ﾗｲｺﾗﾝﾄﾞ TokyoBay東雲店                   2003 株式会社 ｺｼﾀﾞﾃｯｸ
0,共通倉庫,10,4524486097966,21SJ-14K ﾚｻﾞｰｼﾞｬｹｯﾄ BK LW 鉄流水雪輪,,,2024-09-09,売上,391261.0,,,1.0,7.0,いちげん                                 
0,共通倉庫,10,4524486097966,21SJ-14K ﾚｻﾞｰｼﾞｬｹｯﾄ BK LW 鉄流水雪輪,,,2024-09-11,売上,391423.0,,,1.0,6.0,ﾗｲｺﾗﾝﾄﾞ 長野店                           2020 株式会社 ｺｼﾀﾞﾃｯｸ
0,共通倉庫,10,4524486097966,21SJ-14K ﾚｻﾞｰｼﾞｬｹｯﾄ BK LW 鉄流水雪輪,,,2024-09-26,売上,392359.0,,,1.0,5.0,いちげん                                 
0,共通倉庫,10,4524486097966,21SJ-14K ﾚｻﾞｰｼﾞｬｹｯﾄ BK LW 鉄流水雪輪,,,2024-10-21,売上,394076.0,,,1.0,4.0,ﾗｲｺﾗﾝﾄﾞ TokyoBay東雲店                   2003 株式会社 ｺｼﾀﾞﾃｯｸ
0,共通倉庫,10,4524486097966,21SJ-14K ﾚｻﾞｰｼﾞｬｹｯﾄ BK LW 鉄流水雪輪,,,2024-11-18,売上,396222.0,,,1.0,3.0,ﾗｲｺﾗﾝﾄﾞ 福岡空港店                       2028 株式会社 ｺｼﾀﾞﾃｯｸ
0,共通倉庫,10,4524486097966,21SJ-14K ﾚｻﾞｰｼﾞｬｹｯﾄ BK LW 鉄流水雪輪,,,2024-11-21,仕入,34830.0,7227.0,12.0,,15.0,IHSAN                                    
0,共通倉庫,10,4524486097966,21SJ-14K ﾚｻﾞｰｼﾞｬｹｯﾄ BK LW 鉄流水雪輪,,,2025-01-23,売上,400982.0,,,1.0,13.0,ﾊｰﾚｰｶｽﾀﾏｰｼﾞｬﾊﾟﾝ                          ｳﾞｪｱﾘｱｽﾏｰｹﾃｨﾝｸﾞ株式会社
0,共通倉庫,10,4524486097966,21SJ-14K ﾚｻﾞｰｼﾞｬｹｯﾄ BK LW 鉄流水雪輪,,,2025-01-27,売上,401188.0,,,1.0,12.0,ﾗｲｺﾗﾝﾄﾞ TokyoBay東雲店                   2003 株式会社 ｺｼﾀﾞﾃｯｸ
0,共通倉庫,10,4524486097966,21SJ-14K ﾚｻﾞｰｼﾞｬｹｯﾄ BK LW 鉄流水雪輪,,,2025-03-18,売上,404218.0,,,1.0,11.0,株式会社 ﾓﾉﾀﾞｲﾚｸﾄ                        
0,共通倉庫,10,4524486097966,21SJ-14K ﾚｻﾞｰｼﾞｬｹｯﾄ BK LW 鉄流水雪輪,,,2025-04-21,出荷,11620.0,,,1.0,10.0,棚卸し調整                               
0,共通倉庫,10,4524486097966,21SJ-14K ﾚｻﾞｰｼﾞｬｹｯﾄ BK LW 鉄流水雪輪,,,2025-05-22,売上,409819.0,,,1.0,9.0,株式会社 ﾓﾉﾀﾞｲﾚｸﾄ                        
0,共通倉庫,10,4524486097966,21SJ-14K ﾚｻﾞｰｼﾞｬｹｯﾄ BK LW 鉄流水雪輪,,,2025-08-08,売上,415745.0,,,1.0,8.0,501 緑2りんかん                          株式会社2りんかんｲｴﾛｰﾊｯﾄ
0,共通倉庫,10,4524486097966,21SJ-14K ﾚｻﾞｰｼﾞｬｹｯﾄ BK LW 鉄流水雪輪,,,2025-08-13,売上,416025.0,,,1.0,7.0,いちげん                                 
0,共通倉庫,10,4524486097966,21SJ-14K ﾚｻﾞｰｼﾞｬｹｯﾄ BK LW 鉄流水雪輪,,,2025-08-20,売上,416389.0,,,-1.0,8.0,501 緑2りんかん                          株式会社2りんかんｲｴﾛｰﾊｯﾄ
0,共通倉庫,10,4524486097966,21SJ-14K ﾚｻﾞｰｼﾞｬｹｯﾄ BK LW 鉄流水雪輪,,,2025-08-26,売上,416781.0,,,1.0,7.0,いちげん                                 
0,共通倉庫,10,4524486097966,21SJ-14K ﾚｻﾞｰｼﾞｬｹｯﾄ BK LW 鉄流水雪輪,,,2025-09-01,売上,417097.0,,,1.0,6.0,株式会社ﾘﾊﾞｰｸﾚｲﾝ                         
0,共通倉庫,10,4524486097966,21SJ-14K ﾚｻﾞｰｼﾞｬｹｯﾄ BK LW 鉄流水雪輪,,,2025-10-22,仕入,36949.0,7227.0,3.0,,8.0,IHSAN                                    
0,共通倉庫,10,4524486097966,21SJ-14K ﾚｻﾞｰｼﾞｬｹｯﾄ BK LW 鉄流水雪輪,,,2025-11-04,売上,422623.0,,,1.0,7.0,株式会社 ﾓﾉﾀﾞｲﾚｸﾄ                        
0,共通倉庫,10,4524486097966,21SJ-14K ﾚｻﾞｰｼﾞｬｹｯﾄ BK LW 鉄流水雪輪,,,2026-01-13,売上,427844.0,,,1.0,5.0,いちげん                                 
0,共通倉庫,10,4524486097966,21SJ-14K ﾚｻﾞｰｼﾞｬｹｯﾄ BK LW 鉄流水雪輪,,,2026-02-10,売上,429509.0,,,1.0,4.0,FSM TRADING (HK) LIMITED/ Rider Shop HK  
0,共通倉庫,10,4524486097966,21SJ-14K ﾚｻﾞｰｼﾞｬｹｯﾄ BK LW 鉄流水雪輪,,,2026-03-03,売上,430745.0,,,1.0,3.0,ﾗｲｺﾗﾝﾄﾞ 福岡空港店                       2028 株式会社 ｺｼﾀﾞﾃｯｸ
0,共通倉庫,10,4524486097966,21SJ-14K ﾚｻﾞｰｼﾞｬｹｯﾄ BK LW 鉄流水雪輪,,,2026-03-15,売上,431672.0,,,1.0,2.0,デグナー京都本店                         
0,共通倉庫,10,4524486097973,21SJ-14K ﾚｻﾞｰｼﾞｬｹｯﾄ BK LW 桧垣桜,,,2022-04-07,仕入,28426.0,5418.0,10.0,,10.0,IHSAN                                    
0,共通倉庫,10,4524486097973,21SJ-14K ﾚｻﾞｰｼﾞｬｹｯﾄ BK LW 桧垣桜,,,2022-04-09,売上,329667.0,,,1.0,8.0,いちげん                                 
0,共通倉庫,10,4524486097973,21SJ-14K ﾚｻﾞｰｼﾞｬｹｯﾄ BK LW 桧垣桜,,,2022-04-11,売上,329618.0,,,1.0,7.0,いちげん                                 
0,共通倉庫,10,4524486097973,21SJ-14K ﾚｻﾞｰｼﾞｬｹｯﾄ BK LW 桧垣桜,,,2022-04-20,売上,330551.0,,,1.0,6.0,デグナー京都本店                         
0,共通倉庫,10,4524486097973,21SJ-14K ﾚｻﾞｰｼﾞｬｹｯﾄ BK LW 桧垣桜,,,2022-05-16,売上,332937.0,,,1.0,5.0,いちげん                                 
0,共通倉庫,10,4524486097973,21SJ-14K ﾚｻﾞｰｼﾞｬｹｯﾄ BK LW 桧垣桜,,,2022-07-12,仕入,29217.0,6139.0,3.0,,8.0,IHSAN                                    
0,共通倉庫,10,4524486097973,21SJ-14K ﾚｻﾞｰｼﾞｬｹｯﾄ BK LW 桧垣桜,,,2022-08-15,売上,340780.0,,,1.0,7.0,デグナー京都本店                         
0,共通倉庫,10,4524486097973,21SJ-14K ﾚｻﾞｰｼﾞｬｹｯﾄ BK LW 桧垣桜,,,2022-10-12,仕入,30030.0,6516.0,4.0,,10.0,IHSAN                                    
0,共通倉庫,10,4524486097973,21SJ-14K ﾚｻﾞｰｼﾞｬｹｯﾄ BK LW 桧垣桜,,,2022-10-26,売上,347041.0,,,1.0,9.0,いちげん                                 
0,共通倉庫,10,4524486097973,21SJ-14K ﾚｻﾞｰｼﾞｬｹｯﾄ BK LW 桧垣桜,,,2022-10-29,売上,347348.0,,,1.0,8.0,デグナー京都本店                         
0,共通倉庫,10,4524486097973,21SJ-14K ﾚｻﾞｰｼﾞｬｹｯﾄ BK LW 桧垣桜,,,2023-03-18,売上,357011.0,,,1.0,6.0,デグナー京都本店                         
0,共通倉庫,10,4524486097973,21SJ-14K ﾚｻﾞｰｼﾞｬｹｯﾄ BK LW 桧垣桜,,,2023-04-14,仕入,31450.0,6085.0,5.0,,11.0,IHSAN                                    
0,共通倉庫,10,4524486097973,21SJ-14K ﾚｻﾞｰｼﾞｬｹｯﾄ BK LW 桧垣桜,,,2023-04-20,売上,359799.0,,,1.0,10.0,ﾗｲｺﾗﾝﾄﾞ CuBe札幌白石店                   2015 株式会社 ｺｼﾀﾞﾃｯｸ
0,共通倉庫,10,4524486097973,21SJ-14K ﾚｻﾞｰｼﾞｬｹｯﾄ BK LW 桧垣桜,,,2023-06-08,売上,363285.0,,,1.0,9.0,いちげん                                 
0,共通倉庫,10,4524486097973,21SJ-14K ﾚｻﾞｰｼﾞｬｹｯﾄ BK LW 桧垣桜,,,2023-06-30,売上,364590.0,,,1.0,8.0,有限会社ﾃｨﾋﾟﾓｰﾀｰｻｲｸﾙ                     
0,共通倉庫,10,4524486097973,21SJ-14K ﾚｻﾞｰｼﾞｬｹｯﾄ BK LW 桧垣桜,,,2023-07-10,売上,365100.0,,,1.0,7.0,361 札幌2りんかん                        株式会社2りんかんｲｴﾛｰﾊｯﾄ
0,共通倉庫,10,4524486097973,21SJ-14K ﾚｻﾞｰｼﾞｬｹｯﾄ BK LW 桧垣桜,,,2023-08-30,売上,368086.0,,,1.0,,ｽﾀｰｼｰｽﾞ株式会社                          
0,共通倉庫,10,4524486097973,21SJ-14K ﾚｻﾞｰｼﾞｬｹｯﾄ BK LW 桧垣桜,,,2023-08-30,売上,368110.0,,,1.0,5.0,いちげん                                 
0,共通倉庫,10,4524486097973,21SJ-14K ﾚｻﾞｰｼﾞｬｹｯﾄ BK LW 桧垣桜,,,2023-09-04,売上,368364.0,,,1.0,4.0,ﾗｲｺﾗﾝﾄﾞ CuBe札幌白石店                   2015 株式会社 ｺｼﾀﾞﾃｯｸ
0,共通倉庫,10,4524486097973,21SJ-14K ﾚｻﾞｰｼﾞｬｹｯﾄ BK LW 桧垣桜,,,2023-09-19,売上,369367.0,,,1.0,3.0,株式会社ﾘﾊﾞｰｸﾚｲﾝ                         
0,共通倉庫,10,4524486097973,21SJ-14K ﾚｻﾞｰｼﾞｬｹｯﾄ BK LW 桧垣桜,,,2023-10-30,売上,372327.0,,,1.0,1.0,デグナー京都本店                         
0,共通倉庫,10,4524486097973,21SJ-14K ﾚｻﾞｰｼﾞｬｹｯﾄ BK LW 桧垣桜,,,2023-12-17,売上,375313.0,,,1.0,0.0,いちげん                                 
0,共通倉庫,10,4524486097973,21SJ-14K ﾚｻﾞｰｼﾞｬｹｯﾄ BK LW 桧垣桜,,,2023-12-19,仕入,32953.0,6638.0,10.0,,10.0,IHSAN                                    
0,共通倉庫,10,4524486097973,21SJ-14K ﾚｻﾞｰｼﾞｬｹｯﾄ BK LW 桧垣桜,,,2023-12-28,売上,375960.0,,,1.0,8.0,いちげん                                 
0,共通倉庫,10,4524486097973,21SJ-14K ﾚｻﾞｰｼﾞｬｹｯﾄ BK LW 桧垣桜,,,2024-01-29,売上,377358.0,,,1.0,6.0,いちげん                                 
0,共通倉庫,10,4524486097973,21SJ-14K ﾚｻﾞｰｼﾞｬｹｯﾄ BK LW 桧垣桜,,,2024-02-05,売上,377547.0,,,1.0,5.0,ﾗｲｺﾗﾝﾄﾞ TokyoBay東雲店                   2003 株式会社 ｺｼﾀﾞﾃｯｸ
0,共通倉庫,10,4524486097973,21SJ-14K ﾚｻﾞｰｼﾞｬｹｯﾄ BK LW 桧垣桜,,,2024-04-03,売上,380961.0,,,1.0,2.0,ﾗｲｺﾗﾝﾄﾞ CuBe札幌白石店                   2015 株式会社 ｺｼﾀﾞﾃｯｸ
0,共通倉庫,10,4524486097973,21SJ-14K ﾚｻﾞｰｼﾞｬｹｯﾄ BK LW 桧垣桜,,,2024-04-23,売上,382351.0,,,1.0,1.0,ﾗｲｺﾗﾝﾄﾞ CuBe札幌白石店                   2015 株式会社 ｺｼﾀﾞﾃｯｸ
0,共通倉庫,10,4524486097973,21SJ-14K ﾚｻﾞｰｼﾞｬｹｯﾄ BK LW 桧垣桜,,,2024-06-13,売上,385833.0,,,1.0,0.0,ﾗｲｺﾗﾝﾄﾞ CuBe札幌白石店                   2015 株式会社 ｺｼﾀﾞﾃｯｸ
0,共通倉庫,10,4524486097973,21SJ-14K ﾚｻﾞｰｼﾞｬｹｯﾄ BK LW 桧垣桜,,,2024-07-10,仕入,34086.0,7287.0,14.0,,14.0,IHSAN                                    
0,共通倉庫,10,4524486097973,21SJ-14K ﾚｻﾞｰｼﾞｬｹｯﾄ BK LW 桧垣桜,,,2024-07-19,売上,388333.0,,,1.0,12.0,ﾅｯﾌﾟｽ 東大阪店                           26
0,共通倉庫,10,4524486097973,21SJ-14K ﾚｻﾞｰｼﾞｬｹｯﾄ BK LW 桧垣桜,,,2024-08-07,仕入,34263.0,7267.0,5.0,,17.0,IHSAN                                    
0,共通倉庫,10,4524486097973,21SJ-14K ﾚｻﾞｰｼﾞｬｹｯﾄ BK LW 桧垣桜,,,2024-08-29,売上,390668.0,,,1.0,15.0,いちげん                                 
0,共通倉庫,10,4524486097973,21SJ-14K ﾚｻﾞｰｼﾞｬｹｯﾄ BK LW 桧垣桜,,,2024-10-01,売上,392663.0,,,1.0,14.0,ﾅｯﾌﾟｽ 新横浜店                           30
0,共通倉庫,10,4524486097973,21SJ-14K ﾚｻﾞｰｼﾞｬｹｯﾄ BK LW 桧垣桜,,,2024-10-08,売上,393128.0,,,1.0,13.0,いちげん                                 
0,共通倉庫,10,4524486097973,21SJ-14K ﾚｻﾞｰｼﾞｬｹｯﾄ BK LW 桧垣桜,,,2024-10-13,売上,393468.0,,,1.0,11.0,デグナー京都本店                         
0,共通倉庫,10,4524486097973,21SJ-14K ﾚｻﾞｰｼﾞｬｹｯﾄ BK LW 桧垣桜,,,2024-10-16,売上,393778.0,,,1.0,10.0,デグナー京都本店                         
0,共通倉庫,10,4524486097973,21SJ-14K ﾚｻﾞｰｼﾞｬｹｯﾄ BK LW 桧垣桜,,,2024-11-03,売上,395055.0,,,1.0,9.0,デグナー京都本店                         
0,共通倉庫,10,4524486097973,21SJ-14K ﾚｻﾞｰｼﾞｬｹｯﾄ BK LW 桧垣桜,,,2024-11-22,売上,396570.0,,,1.0,8.0,いちげん                                 
0,共通倉庫,10,4524486097973,21SJ-14K ﾚｻﾞｰｼﾞｬｹｯﾄ BK LW 桧垣桜,,,2024-11-27,売上,396918.0,,,1.0,7.0,ﾅｯﾌﾟｽ 新横浜店                           30
0,共通倉庫,10,4524486097973,21SJ-14K ﾚｻﾞｰｼﾞｬｹｯﾄ BK LW 桧垣桜,,,2024-12-11,売上,398027.0,,,1.0,6.0,株式会社JTBふるさと開発事業部            
0,共通倉庫,10,4524486097973,21SJ-14K ﾚｻﾞｰｼﾞｬｹｯﾄ BK LW 桧垣桜,,,2025-01-21,売上,400884.0,,,1.0,5.0,Ridersity                                
0,共通倉庫,10,4524486097973,21SJ-14K ﾚｻﾞｰｼﾞｬｹｯﾄ BK LW 桧垣桜,,,2025-01-22,売上,400949.0,,,-1.0,6.0,ﾅｯﾌﾟｽ 新横浜店                           30
0,共通倉庫,10,4524486097973,21SJ-14K ﾚｻﾞｰｼﾞｬｹｯﾄ BK LW 桧垣桜,,,2025-03-22,売上,404456.0,,,1.0,5.0,デグナー京都本店                         
0,共通倉庫,10,4524486097973,21SJ-14K ﾚｻﾞｰｼﾞｬｹｯﾄ BK LW 桧垣桜,,,2025-04-10,売上,406225.0,,,1.0,3.0,株式会社 ﾊﾞｲｸﾜｰﾙﾄﾞりんくうｼｰｸﾙ店         
0,共通倉庫,10,4524486097973,21SJ-14K ﾚｻﾞｰｼﾞｬｹｯﾄ BK LW 桧垣桜,,,2025-04-23,売上,407073.0,,,1.0,,ﾗｲｺﾗﾝﾄﾞ CuBe札幌白石店                   2015 株式会社 ｺｼﾀﾞﾃｯｸ
0,共通倉庫,10,4524486097973,21SJ-14K ﾚｻﾞｰｼﾞｬｹｯﾄ BK LW 桧垣桜,,,2025-05-05,売上,408244.0,,,1.0,0.0,デグナー京都本店                         
0,共通倉庫,10,4524486097973,21SJ-14K ﾚｻﾞｰｼﾞｬｹｯﾄ BK LW 桧垣桜,,,2025-05-20,仕入,35899.0,6680.0,3.0,,4.0,IHSAN                                    
0,共通倉庫,10,4524486097973,21SJ-14K ﾚｻﾞｰｼﾞｬｹｯﾄ BK LW 桧垣桜,,,2025-05-28,売上,410280.0,,,1.0,3.0,ﾗｲｺﾗﾝﾄﾞ TokyoBay東雲店                   2003 株式会社 ｺｼﾀﾞﾃｯｸ
0,共通倉庫,10,4524486097973,21SJ-14K ﾚｻﾞｰｼﾞｬｹｯﾄ BK LW 桧垣桜,,,2025-06-19,売上,411838.0,,,-1.0,4.0,株式会社 ﾊﾞｲｸﾜｰﾙﾄﾞりんくうｼｰｸﾙ店         
0,共通倉庫,10,4524486097973,21SJ-14K ﾚｻﾞｰｼﾞｬｹｯﾄ BK LW 桧垣桜,,,2025-07-15,仕入,36267.0,6880.0,10.0,,14.0,IHSAN                                    
0,共通倉庫,10,4524486097973,21SJ-14K ﾚｻﾞｰｼﾞｬｹｯﾄ BK LW 桧垣桜,,,2025-07-18,売上,414272.0,,,-1.0,,ﾗｲｺﾗﾝﾄﾞ TokyoBay東雲店                   2003 株式会社 ｺｼﾀﾞﾃｯｸ
0,共通倉庫,10,4524486097973,21SJ-14K ﾚｻﾞｰｼﾞｬｹｯﾄ BK LW 桧垣桜,,,2025-07-18,売上,414272.0,,,1.0,14.0,ﾗｲｺﾗﾝﾄﾞ TokyoBay東雲店                   2003 株式会社 ｺｼﾀﾞﾃｯｸ
0,共通倉庫,10,4524486097973,21SJ-14K ﾚｻﾞｰｼﾞｬｹｯﾄ BK LW 桧垣桜,,,2025-10-01,売上,419891.0,,,1.0,13.0,株式会社JTBふるさと開発事業部            
0,共通倉庫,10,4524486097973,21SJ-14K ﾚｻﾞｰｼﾞｬｹｯﾄ BK LW 桧垣桜,,,2025-10-20,売上,421482.0,,,1.0,12.0,FSM TRADING (HK) LIMITED/ Rider Shop HK  
0,共通倉庫,10,4524486097973,21SJ-14K ﾚｻﾞｰｼﾞｬｹｯﾄ BK LW 桧垣桜,,,2025-11-27,売上,424608.0,,,1.0,10.0,いちげん                                 
0,共通倉庫,10,4524486097973,21SJ-14K ﾚｻﾞｰｼﾞｬｹｯﾄ BK LW 桧垣桜,,,2025-12-17,売上,426256.0,,,1.0,8.0,帝都産業 株式会社                        EC/海外事業部
0,共通倉庫,10,4524486097973,21SJ-14K ﾚｻﾞｰｼﾞｬｹｯﾄ BK LW 桧垣桜,,,2026-01-23,売上,428438.0,,,1.0,7.0,ﾗｲｺﾗﾝﾄﾞ CuBe札幌白石店                   2015 株式会社 ｺｼﾀﾞﾃｯｸ
0,共通倉庫,10,4524486097973,21SJ-14K ﾚｻﾞｰｼﾞｬｹｯﾄ BK LW 桧垣桜,,,2026-02-04,売上,429158.0,,,1.0,6.0,株式会社 とかげや                        
0,共通倉庫,10,4524486097973,21SJ-14K ﾚｻﾞｰｼﾞｬｹｯﾄ BK LW 桧垣桜,,,2026-02-17,売上,429870.0,,,1.0,5.0,いちげん                                 
0,共通倉庫,10,4524486097973,21SJ-14K ﾚｻﾞｰｼﾞｬｹｯﾄ BK LW 桧垣桜,,,2026-03-10,売上,431272.0,,,1.0,4.0,ﾗｲｺﾗﾝﾄﾞ 長野店                           2020 株式会社 ｺｼﾀﾞﾃｯｸ
0,共通倉庫,10,4524486097973,21SJ-14K ﾚｻﾞｰｼﾞｬｹｯﾄ BK LW 桧垣桜,,,2026-03-24,売上,432442.0,,,1.0,3.0,ﾅｯﾌﾟｽ 岡山店                             20
0,共通倉庫,10,4524486097973,21SJ-14K ﾚｻﾞｰｼﾞｬｹｯﾄ BK LW 桧垣桜,,,2026-03-27,売上,432719.0,,,1.0,2.0,ﾗｲｺﾗﾝﾄﾞ CuBe札幌白石店                   2015 株式会社 ｺｼﾀﾞﾃｯｸ
0,共通倉庫,10,4524486103230,21SJ-14K ﾚｻﾞｰｼﾞｬｹｯﾄ BK M 雲龍,,,2023-02-16,仕入,30968.0,5925.0,2.0,,2.0,IHSAN                                    
0,共通倉庫,10,4524486103230,21SJ-14K ﾚｻﾞｰｼﾞｬｹｯﾄ BK M 雲龍,,,2023-03-20,売上,357189.0,,,1.0,0.0,いちげん                                 
0,共通倉庫,10,4524486103230,21SJ-14K ﾚｻﾞｰｼﾞｬｹｯﾄ BK M 雲龍,,,2023-06-20,仕入,31933.0,6378.0,5.0,,5.0,IHSAN                                    
0,共通倉庫,10,4524486103230,21SJ-14K ﾚｻﾞｰｼﾞｬｹｯﾄ BK M 雲龍,,,2023-06-21,売上,364029.0,,,1.0,,いちげん                                 
0,共通倉庫,10,4524486103230,21SJ-14K ﾚｻﾞｰｼﾞｬｹｯﾄ BK M 雲龍,,,2023-06-23,売上,364153.0,,,1.0,2.0,株式会社JTBふるさと開発事業部            
0,共通倉庫,10,4524486103230,21SJ-14K ﾚｻﾞｰｼﾞｬｹｯﾄ BK M 雲龍,,,2023-07-12,売上,365306.0,,,1.0,1.0,ﾗｲｺﾗﾝﾄﾞ CuBe札幌白石店                   2015 株式会社 ｺｼﾀﾞﾃｯｸ
0,共通倉庫,10,4524486103230,21SJ-14K ﾚｻﾞｰｼﾞｬｹｯﾄ BK M 雲龍,,,2023-08-01,仕入,32235.0,6445.0,4.0,,5.0,IHSAN                                    
0,共通倉庫,10,4524486103230,21SJ-14K ﾚｻﾞｰｼﾞｬｹｯﾄ BK M 雲龍,,,2023-09-01,売上,368281.0,,,1.0,3.0,株式会社JTBふるさと開発事業部            
0,共通倉庫,10,4524486103230,21SJ-14K ﾚｻﾞｰｼﾞｬｹｯﾄ BK M 雲龍,,,2023-09-04,売上,368375.0,,,1.0,2.0,Riding My Way Company                    
0,共通倉庫,10,4524486103230,21SJ-14K ﾚｻﾞｰｼﾞｬｹｯﾄ BK M 雲龍,,,2023-09-05,売上,368513.0,,,1.0,1.0,いちげん                                 
0,共通倉庫,10,4524486103230,21SJ-14K ﾚｻﾞｰｼﾞｬｹｯﾄ BK M 雲龍,,,2023-10-06,売上,370646.0,,,1.0,0.0,株式会社JTBふるさと開発事業部            
0,共通倉庫,10,4524486103230,21SJ-14K ﾚｻﾞｰｼﾞｬｹｯﾄ BK M 雲龍,,,2023-11-01,仕入,32717.0,6915.0,5.0,,5.0,IHSAN                                    
0,共通倉庫,10,4524486103230,21SJ-14K ﾚｻﾞｰｼﾞｬｹｯﾄ BK M 雲龍,,,2023-11-06,売上,372767.0,,,1.0,,株式会社JTBふるさと開発事業部            
0,共通倉庫,10,4524486103230,21SJ-14K ﾚｻﾞｰｼﾞｬｹｯﾄ BK M 雲龍,,,2023-11-06,売上,372768.0,,,1.0,2.0,株式会社JTBふるさと開発事業部            
0,共通倉庫,10,4524486103230,21SJ-14K ﾚｻﾞｰｼﾞｬｹｯﾄ BK M 雲龍,,,2023-11-20,売上,373666.0,,,1.0,1.0,株式会社JTBふるさと開発事業部            
0,共通倉庫,10,4524486103230,21SJ-14K ﾚｻﾞｰｼﾞｬｹｯﾄ BK M 雲龍,,,2023-12-19,仕入,32953.0,6638.0,5.0,,6.0,IHSAN                                    
0,共通倉庫,10,4524486103230,21SJ-14K ﾚｻﾞｰｼﾞｬｹｯﾄ BK M 雲龍,,,2023-12-28,売上,375967.0,,,1.0,,株式会社JTBふるさと開発事業部            
0,共通倉庫,10,4524486103230,21SJ-14K ﾚｻﾞｰｼﾞｬｹｯﾄ BK M 雲龍,,,2023-12-28,売上,375976.0,,,1.0,4.0,株式会社JTBふるさと開発事業部            
0,共通倉庫,10,4524486103230,21SJ-14K ﾚｻﾞｰｼﾞｬｹｯﾄ BK M 雲龍,,,2024-01-16,売上,376788.0,,,1.0,3.0,株式会社JTBふるさと開発事業部            
0,共通倉庫,10,4524486103230,21SJ-14K ﾚｻﾞｰｼﾞｬｹｯﾄ BK M 雲龍,,,2024-01-19,売上,376959.0,,,1.0,2.0,株式会社JTBふるさと開発事業部            
0,共通倉庫,10,4524486103230,21SJ-14K ﾚｻﾞｰｼﾞｬｹｯﾄ BK M 雲龍,,,2024-01-24,仕入,33161.0,6841.0,10.0,,12.0,IHSAN                                    
0,共通倉庫,10,4524486103230,21SJ-14K ﾚｻﾞｰｼﾞｬｹｯﾄ BK M 雲龍,,,2024-02-05,売上,377547.0,,,1.0,11.0,ﾗｲｺﾗﾝﾄﾞ TokyoBay東雲店                   2003 株式会社 ｺｼﾀﾞﾃｯｸ
0,共通倉庫,10,4524486103230,21SJ-14K ﾚｻﾞｰｼﾞｬｹｯﾄ BK M 雲龍,,,2024-02-19,売上,378306.0,,,1.0,10.0,いちげん                                 
0,共通倉庫,10,4524486103230,21SJ-14K ﾚｻﾞｰｼﾞｬｹｯﾄ BK M 雲龍,,,2024-03-06,仕入,33377.0,6926.0,7.0,,17.0,IHSAN                                    
0,共通倉庫,10,4524486103230,21SJ-14K ﾚｻﾞｰｼﾞｬｹｯﾄ BK M 雲龍,,,2024-03-23,売上,380159.0,,,1.0,16.0,デグナー京都本店                         
0,共通倉庫,10,4524486103230,21SJ-14K ﾚｻﾞｰｼﾞｬｹｯﾄ BK M 雲龍,,,2024-03-31,売上,380675.0,,,1.0,15.0,デグナー京都本店                         
0,共通倉庫,10,4524486103230,21SJ-14K ﾚｻﾞｰｼﾞｬｹｯﾄ BK M 雲龍,,,2024-04-05,売上,381080.0,,,1.0,14.0,株式会社JTBふるさと開発事業部            
0,共通倉庫,10,4524486103230,21SJ-14K ﾚｻﾞｰｼﾞｬｹｯﾄ BK M 雲龍,,,2024-04-21,売上,382063.0,,,1.0,13.0,デグナー京都本店                         
0,共通倉庫,10,4524486103230,21SJ-14K ﾚｻﾞｰｼﾞｬｹｯﾄ BK M 雲龍,,,2024-06-05,売上,385272.0,,,1.0,10.0,ﾗｲｺﾗﾝﾄﾞ CuBe札幌白石店                   2015 株式会社 ｺｼﾀﾞﾃｯｸ
0,共通倉庫,10,4524486103230,21SJ-14K ﾚｻﾞｰｼﾞｬｹｯﾄ BK M 雲龍,,,2024-07-01,売上,386948.0,,,1.0,9.0,株式会社JTBふるさと開発事業部            
0,共通倉庫,10,4524486103230,21SJ-14K ﾚｻﾞｰｼﾞｬｹｯﾄ BK M 雲龍,,,2024-07-13,売上,387871.0,,,1.0,8.0,デグナー京都本店                         
0,共通倉庫,10,4524486103230,21SJ-14K ﾚｻﾞｰｼﾞｬｹｯﾄ BK M 雲龍,,,2024-08-10,売上,389709.0,,,1.0,7.0,デグナー京都本店                         
0,共通倉庫,10,4524486103230,21SJ-14K ﾚｻﾞｰｼﾞｬｹｯﾄ BK M 雲龍,,,2024-09-10,仕入,34428.0,6762.0,4.0,,11.0,IHSAN                                    
0,共通倉庫,10,4524486103230,21SJ-14K ﾚｻﾞｰｼﾞｬｹｯﾄ BK M 雲龍,,,2024-09-13,売上,391594.0,,,1.0,10.0,いちげん                                 
0,共通倉庫,10,4524486103230,21SJ-14K ﾚｻﾞｰｼﾞｬｹｯﾄ BK M 雲龍,,,2024-10-10,売上,393301.0,,,1.0,9.0,いちげん                                 
0,共通倉庫,10,4524486103230,21SJ-14K ﾚｻﾞｰｼﾞｬｹｯﾄ BK M 雲龍,,,2024-10-11,仕入,34604.0,6597.0,7.0,,16.0,IHSAN                                    
0,共通倉庫,10,4524486103230,21SJ-14K ﾚｻﾞｰｼﾞｬｹｯﾄ BK M 雲龍,,,2024-10-12,売上,393426.0,,,1.0,15.0,デグナー京都本店                         
0,共通倉庫,10,4524486103230,21SJ-14K ﾚｻﾞｰｼﾞｬｹｯﾄ BK M 雲龍,,,2024-12-19,売上,398750.0,,,1.0,13.0,株式会社JTBふるさと開発事業部            
0,共通倉庫,10,4524486103230,21SJ-14K ﾚｻﾞｰｼﾞｬｹｯﾄ BK M 雲龍,,,2024-12-27,売上,399414.0,,,1.0,12.0,株式会社JTBふるさと開発事業部            
0,共通倉庫,10,4524486103230,21SJ-14K ﾚｻﾞｰｼﾞｬｹｯﾄ BK M 雲龍,,,2025-01-07,売上,399952.0,,,1.0,11.0,ﾗｲｺﾗﾝﾄﾞ 沖縄店                           2071 株式会社 ｺｼﾀﾞﾃｯｸ
0,共通倉庫,10,4524486103230,21SJ-14K ﾚｻﾞｰｼﾞｬｹｯﾄ BK M 雲龍,,,2025-02-05,仕入,35147.0,7213.0,4.0,,,IHSAN                                    
0,共通倉庫,10,4524486103230,21SJ-14K ﾚｻﾞｰｼﾞｬｹｯﾄ BK M 雲龍,,,2025-02-05,売上,401640.0,,,1.0,13.0,株式会社JTBふるさと開発事業部            
0,共通倉庫,10,4524486103230,21SJ-14K ﾚｻﾞｰｼﾞｬｹｯﾄ BK M 雲龍,,,2025-03-16,売上,404058.0,,,1.0,12.0,デグナー京都本店                         
0,共通倉庫,10,4524486103230,21SJ-14K ﾚｻﾞｰｼﾞｬｹｯﾄ BK M 雲龍,,,2025-04-19,売上,406871.0,,,1.0,11.0,デグナー京都本店                         
0,共通倉庫,10,4524486103230,21SJ-14K ﾚｻﾞｰｼﾞｬｹｯﾄ BK M 雲龍,,,2025-04-23,売上,407200.0,,,1.0,10.0,ﾗｲｺﾗﾝﾄﾞ 新潟店                           2031 株式会社 ｺｼﾀﾞﾃｯｸ
0,共通倉庫,10,4524486103230,21SJ-14K ﾚｻﾞｰｼﾞｬｹｯﾄ BK M 雲龍,,,2025-05-11,売上,408740.0,,,1.0,9.0,販売店様ｲﾍﾞﾝﾄ                            
0,共通倉庫,10,4524486103230,21SJ-14K ﾚｻﾞｰｼﾞｬｹｯﾄ BK M 雲龍,,,2025-05-12,売上,408812.0,,,1.0,8.0,いちげん                                 
0,共通倉庫,10,4524486103230,21SJ-14K ﾚｻﾞｰｼﾞｬｹｯﾄ BK M 雲龍,,,2025-05-28,売上,410280.0,,,1.0,7.0,ﾗｲｺﾗﾝﾄﾞ TokyoBay東雲店                   2003 株式会社 ｺｼﾀﾞﾃｯｸ
0,共通倉庫,10,4524486103230,21SJ-14K ﾚｻﾞｰｼﾞｬｹｯﾄ BK M 雲龍,,,2025-06-19,売上,412009.0,,,1.0,6.0,Riderment Company                        
0,共通倉庫,10,4524486103230,21SJ-14K ﾚｻﾞｰｼﾞｬｹｯﾄ BK M 雲龍,,,2025-06-27,売上,412528.0,,,1.0,5.0,デグナー京都本店                         
0,共通倉庫,10,4524486103230,21SJ-14K ﾚｻﾞｰｼﾞｬｹｯﾄ BK M 雲龍,,,2025-08-01,売上,415256.0,,,1.0,4.0,株式会社JTBふるさと開発事業部            
0,共通倉庫,10,4524486103230,21SJ-14K ﾚｻﾞｰｼﾞｬｹｯﾄ BK M 雲龍,,,2025-09-11,売上,418049.0,,,1.0,3.0,ﾗｲｺﾗﾝﾄﾞ 沖縄店                           2071 株式会社 ｺｼﾀﾞﾃｯｸ
0,共通倉庫,10,4524486103230,21SJ-14K ﾚｻﾞｰｼﾞｬｹｯﾄ BK M 雲龍,,,2025-09-22,売上,418945.0,,,1.0,2.0,ﾗｲｺﾗﾝﾄﾞ 富士店                           2018 株式会社 ｺｼﾀﾞﾃｯｸ
0,共通倉庫,10,4524486103230,21SJ-14K ﾚｻﾞｰｼﾞｬｹｯﾄ BK M 雲龍,,,2025-10-01,売上,419891.0,,,1.0,0.0,株式会社JTBふるさと開発事業部            
0,共通倉庫,10,4524486103230,21SJ-14K ﾚｻﾞｰｼﾞｬｹｯﾄ BK M 雲龍,,,2025-10-22,仕入,36944.0,7213.0,5.0,,5.0,IHSAN                                    
0,共通倉庫,10,4524486103230,21SJ-14K ﾚｻﾞｰｼﾞｬｹｯﾄ BK M 雲龍,,,2025-11-11,売上,423338.0,,,1.0,3.0,ﾗｲｺﾗﾝﾄﾞ 沖縄店                           2071 株式会社 ｺｼﾀﾞﾃｯｸ
0,共通倉庫,10,4524486103230,21SJ-14K ﾚｻﾞｰｼﾞｬｹｯﾄ BK M 雲龍,,,2025-11-14,売上,423595.0,,,1.0,2.0,ﾗｲｺﾗﾝﾄﾞ TokyoBay東雲店                   2003 株式会社 ｺｼﾀﾞﾃｯｸ
0,共通倉庫,10,4524486103230,21SJ-14K ﾚｻﾞｰｼﾞｬｹｯﾄ BK M 雲龍,,,2025-11-23,売上,424212.0,,,1.0,1.0,デグナー京都本店                         
0,共通倉庫,10,4524486103230,21SJ-14K ﾚｻﾞｰｼﾞｬｹｯﾄ BK M 雲龍,,,2025-12-24,売上,426717.0,,,1.0,0.0,株式会社JTBふるさと開発事業部            
0,共通倉庫,10,4524486103230,21SJ-14K ﾚｻﾞｰｼﾞｬｹｯﾄ BK M 雲龍,,,2025-12-26,売上,426847.0,,,1.0,,株式会社JTBふるさと開発事業部            
0,共通倉庫,10,4524486103230,21SJ-14K ﾚｻﾞｰｼﾞｬｹｯﾄ BK M 雲龍,,,2026-01-28,仕入,37490.0,7424.0,2.0,,2.0,IHSAN                                    
0,共通倉庫,10,4524486103230,21SJ-14K ﾚｻﾞｰｼﾞｬｹｯﾄ BK M 雲龍,,,2026-01-30,売上,428834.0,,,1.0,1.0,株式会社JTBふるさと開発事業部            
0,共通倉庫,10,4524486103230,21SJ-14K ﾚｻﾞｰｼﾞｬｹｯﾄ BK M 雲龍,,,2026-03-03,売上,430745.0,,,1.0,0.0,ﾗｲｺﾗﾝﾄﾞ 福岡空港店                       2028 株式会社 ｺｼﾀﾞﾃｯｸ
0,共通倉庫,10,4524486103230,21SJ-14K ﾚｻﾞｰｼﾞｬｹｯﾄ BK M 雲龍,,,2026-03-31,仕入,37849.0,7213.0,1.0,,,IHSAN                                    
0,共通倉庫,10,4524486103230,21SJ-14K ﾚｻﾞｰｼﾞｬｹｯﾄ BK M 雲龍,,,2026-03-31,仕入,37857.0,7213.0,1.0,,,IHSAN                                    
0,共通倉庫,10,4524486103230,21SJ-14K ﾚｻﾞｰｼﾞｬｹｯﾄ BK M 雲龍,,,2026-03-31,仕入,37862.0,7213.0,1.0,,3.0,IHSAN                                    
0,共通倉庫,10,4524486103247,21SJ-14K ﾚｻﾞｰｼﾞｬｹｯﾄ BK L 雲龍,,,2023-02-16,仕入,30968.0,5925.0,2.0,,2.0,IHSAN                                    
0,共通倉庫,10,4524486103247,21SJ-14K ﾚｻﾞｰｼﾞｬｹｯﾄ BK L 雲龍,,,2023-03-19,売上,357036.0,,,1.0,0.0,デグナー京都本店                         
0,共通倉庫,10,4524486103247,21SJ-14K ﾚｻﾞｰｼﾞｬｹｯﾄ BK L 雲龍,,,2023-06-20,仕入,31933.0,6378.0,5.0,,5.0,IHSAN                                    
0,共通倉庫,10,4524486103247,21SJ-14K ﾚｻﾞｰｼﾞｬｹｯﾄ BK L 雲龍,,,2023-06-23,売上,364154.0,,,1.0,3.0,いちげん                                 
0,共通倉庫,10,4524486103247,21SJ-14K ﾚｻﾞｰｼﾞｬｹｯﾄ BK L 雲龍,,,2023-06-26,売上,364274.0,,,1.0,2.0,いちげん                                 
0,共通倉庫,10,4524486103247,21SJ-14K ﾚｻﾞｰｼﾞｬｹｯﾄ BK L 雲龍,,,2023-07-12,売上,365306.0,,,1.0,1.0,ﾗｲｺﾗﾝﾄﾞ CuBe札幌白石店                   2015 株式会社 ｺｼﾀﾞﾃｯｸ
0,共通倉庫,10,4524486103247,21SJ-14K ﾚｻﾞｰｼﾞｬｹｯﾄ BK L 雲龍,,,2023-08-01,仕入,32235.0,6445.0,12.0,,13.0,IHSAN                                    
0,共通倉庫,10,4524486103247,21SJ-14K ﾚｻﾞｰｼﾞｬｹｯﾄ BK L 雲龍,,,2023-08-20,売上,367541.0,,,1.0,11.0,デグナー京都本店                         
0,共通倉庫,10,4524486103247,21SJ-14K ﾚｻﾞｰｼﾞｬｹｯﾄ BK L 雲龍,,,2023-09-13,売上,369058.0,,,1.0,10.0,株式会社JTBふるさと開発事業部            
0,共通倉庫,10,4524486103247,21SJ-14K ﾚｻﾞｰｼﾞｬｹｯﾄ BK L 雲龍,,,2023-09-21,売上,369638.0,,,1.0,9.0,株式会社JTBふるさと開発事業部            
0,共通倉庫,10,4524486103247,21SJ-14K ﾚｻﾞｰｼﾞｬｹｯﾄ BK L 雲龍,,,2023-09-26,売上,370039.0,,,1.0,8.0,デグナー京都本店                         
0,共通倉庫,10,4524486103247,21SJ-14K ﾚｻﾞｰｼﾞｬｹｯﾄ BK L 雲龍,,,2023-09-29,売上,370140.0,,,1.0,7.0,株式会社JTBふるさと開発事業部            
0,共通倉庫,10,4524486103247,21SJ-14K ﾚｻﾞｰｼﾞｬｹｯﾄ BK L 雲龍,,,2023-10-04,売上,370420.0,,,1.0,6.0,ﾅｯﾌﾟｽ 仙台泉ｲﾝﾀｰ店                       19
0,共通倉庫,10,4524486103247,21SJ-14K ﾚｻﾞｰｼﾞｬｹｯﾄ BK L 雲龍,,,2023-10-05,売上,370537.0,,,1.0,5.0,いちげん                                 
0,共通倉庫,10,4524486103247,21SJ-14K ﾚｻﾞｰｼﾞｬｹｯﾄ BK L 雲龍,,,2023-10-06,売上,370645.0,,,1.0,4.0,株式会社JTBふるさと開発事業部            
0,共通倉庫,10,4524486103247,21SJ-14K ﾚｻﾞｰｼﾞｬｹｯﾄ BK L 雲龍,,,2023-10-08,売上,370702.0,,,1.0,3.0,デグナー京都本店                         
0,共通倉庫,10,4524486103247,21SJ-14K ﾚｻﾞｰｼﾞｬｹｯﾄ BK L 雲龍,,,2023-10-11,売上,370984.0,,,1.0,2.0,ﾅｯﾌﾟｽ 仙台泉ｲﾝﾀｰ店                       19
0,共通倉庫,10,4524486103247,21SJ-14K ﾚｻﾞｰｼﾞｬｹｯﾄ BK L 雲龍,,,2023-10-21,売上,371686.0,,,1.0,1.0,デグナー京都本店                         
0,共通倉庫,10,4524486103247,21SJ-14K ﾚｻﾞｰｼﾞｬｹｯﾄ BK L 雲龍,,,2023-11-01,仕入,32717.0,6915.0,3.0,,4.0,IHSAN                                    
0,共通倉庫,10,4524486103247,21SJ-14K ﾚｻﾞｰｼﾞｬｹｯﾄ BK L 雲龍,,,2023-11-17,売上,373497.0,,,1.0,3.0,ﾅｯﾌﾟｽ 福岡店                             18
0,共通倉庫,10,4524486103247,21SJ-14K ﾚｻﾞｰｼﾞｬｹｯﾄ BK L 雲龍,,,2023-11-28,売上,374071.0,,,-1.0,4.0,ﾅｯﾌﾟｽ 福岡店                             18
0,共通倉庫,10,4524486103247,21SJ-14K ﾚｻﾞｰｼﾞｬｹｯﾄ BK L 雲龍,,,2023-12-05,売上,374582.0,,,1.0,3.0,ﾅｯﾌﾟｽ 浜松店                             16
0,共通倉庫,10,4524486103247,21SJ-14K ﾚｻﾞｰｼﾞｬｹｯﾄ BK L 雲龍,,,2023-12-13,売上,375092.0,,,-1.0,4.0,ﾅｯﾌﾟｽ 浜松店                             16
0,共通倉庫,10,4524486103247,21SJ-14K ﾚｻﾞｰｼﾞｬｹｯﾄ BK L 雲龍,,,2023-12-14,売上,375134.0,,,1.0,3.0,いちげん                                 
0,共通倉庫,10,4524486103247,21SJ-14K ﾚｻﾞｰｼﾞｬｹｯﾄ BK L 雲龍,,,2023-12-18,売上,375376.0,,,1.0,2.0,いちげん                                 
0,共通倉庫,10,4524486103247,21SJ-14K ﾚｻﾞｰｼﾞｬｹｯﾄ BK L 雲龍,,,2023-12-19,仕入,32953.0,6638.0,4.0,,6.0,IHSAN                                    
0,共通倉庫,10,4524486103247,21SJ-14K ﾚｻﾞｰｼﾞｬｹｯﾄ BK L 雲龍,,,2023-12-28,売上,375969.0,,,1.0,,株式会社JTBふるさと開発事業部            
0,共通倉庫,10,4524486103247,21SJ-14K ﾚｻﾞｰｼﾞｬｹｯﾄ BK L 雲龍,,,2023-12-28,売上,375972.0,,,1.0,,株式会社JTBふるさと開発事業部            
0,共通倉庫,10,4524486103247,21SJ-14K ﾚｻﾞｰｼﾞｬｹｯﾄ BK L 雲龍,,,2024-01-09,売上,376438.0,,,1.0,2.0,ﾅｯﾌﾟｽ 仙台泉ｲﾝﾀｰ店                       19
0,共通倉庫,10,4524486103247,21SJ-14K ﾚｻﾞｰｼﾞｬｹｯﾄ BK L 雲龍,,,2024-01-16,売上,376783.0,,,1.0,,株式会社JTBふるさと開発事業部            
0,共通倉庫,10,4524486103247,21SJ-14K ﾚｻﾞｰｼﾞｬｹｯﾄ BK L 雲龍,,,2024-01-16,売上,376784.0,,,1.0,0.0,株式会社JTBふるさと開発事業部            
0,共通倉庫,10,4524486103247,21SJ-14K ﾚｻﾞｰｼﾞｬｹｯﾄ BK L 雲龍,,,2024-01-24,仕入,33161.0,6841.0,17.0,,17.0,IHSAN                                    
0,共通倉庫,10,4524486103247,21SJ-14K ﾚｻﾞｰｼﾞｬｹｯﾄ BK L 雲龍,,,2024-02-05,売上,377547.0,,,1.0,16.0,ﾗｲｺﾗﾝﾄﾞ TokyoBay東雲店                   2003 株式会社 ｺｼﾀﾞﾃｯｸ
0,共通倉庫,10,4524486103247,21SJ-14K ﾚｻﾞｰｼﾞｬｹｯﾄ BK L 雲龍,,,2024-02-27,売上,378797.0,,,1.0,15.0,ﾅｯﾌﾟｽ 仙台泉ｲﾝﾀｰ店                       19
0,共通倉庫,10,4524486103247,21SJ-14K ﾚｻﾞｰｼﾞｬｹｯﾄ BK L 雲龍,,,2024-03-01,売上,378922.0,,,1.0,14.0,ﾗｲｺﾗﾝﾄﾞ 柏店                             1001 株式会社ﾗｲﾀﾞｰｽﾞ・ｻﾎﾟｰﾄ・ｶﾝﾊﾟﾆｰ
0,共通倉庫,10,4524486103247,21SJ-14K ﾚｻﾞｰｼﾞｬｹｯﾄ BK L 雲龍,,,2024-03-06,仕入,33377.0,6926.0,6.0,,20.0,IHSAN                                    
0,共通倉庫,10,4524486103247,21SJ-14K ﾚｻﾞｰｼﾞｬｹｯﾄ BK L 雲龍,,,2024-03-12,売上,379599.0,,,1.0,19.0,いちげん                                 
0,共通倉庫,10,4524486103247,21SJ-14K ﾚｻﾞｰｼﾞｬｹｯﾄ BK L 雲龍,,,2024-03-22,売上,380147.0,,,1.0,18.0,株式会社JTBふるさと開発事業部            
0,共通倉庫,10,4524486103247,21SJ-14K ﾚｻﾞｰｼﾞｬｹｯﾄ BK L 雲龍,,,2024-03-24,売上,380236.0,,,1.0,17.0,デグナー京都本店                         
0,共通倉庫,10,4524486103247,21SJ-14K ﾚｻﾞｰｼﾞｬｹｯﾄ BK L 雲龍,,,2024-03-29,売上,380569.0,,,1.0,16.0,南海部品 小山店                          3003 株式会社 ｺｼﾀﾞﾃｯｸ
0,共通倉庫,10,4524486103247,21SJ-14K ﾚｻﾞｰｼﾞｬｹｯﾄ BK L 雲龍,,,2024-04-03,売上,380950.0,,,1.0,15.0,いちげん                                 
0,共通倉庫,10,4524486103247,21SJ-14K ﾚｻﾞｰｼﾞｬｹｯﾄ BK L 雲龍,,,2024-04-05,売上,381079.0,,,1.0,14.0,株式会社JTBふるさと開発事業部            
0,共通倉庫,10,4524486103247,21SJ-14K ﾚｻﾞｰｼﾞｬｹｯﾄ BK L 雲龍,,,2024-04-22,売上,382128.0,,,1.0,13.0,いちげん                                 
0,共通倉庫,10,4524486103247,21SJ-14K ﾚｻﾞｰｼﾞｬｹｯﾄ BK L 雲龍,,,2024-05-01,売上,382877.0,,,1.0,12.0,ﾅｯﾌﾟｽ 仙台泉ｲﾝﾀｰ店                       19
0,共通倉庫,10,4524486103247,21SJ-14K ﾚｻﾞｰｼﾞｬｹｯﾄ BK L 雲龍,,,2024-05-22,売上,384387.0,,,1.0,11.0,ﾗｲｺﾗﾝﾄﾞ 新潟店                           2031 株式会社 ｺｼﾀﾞﾃｯｸ
0,共通倉庫,10,4524486103247,21SJ-14K ﾚｻﾞｰｼﾞｬｹｯﾄ BK L 雲龍,,,2024-08-20,売上,390240.0,,,1.0,10.0,株式会社JTBふるさと開発事業部            
0,共通倉庫,10,4524486103247,21SJ-14K ﾚｻﾞｰｼﾞｬｹｯﾄ BK L 雲龍,,,2024-08-22,売上,390290.0,,,1.0,9.0,ﾅｯﾌﾟｽ 仙台泉ｲﾝﾀｰ店                       19
0,共通倉庫,10,4524486103247,21SJ-14K ﾚｻﾞｰｼﾞｬｹｯﾄ BK L 雲龍,,,2024-08-23,売上,390372.0,,,1.0,8.0,ﾅｯﾌﾟｽ 松山店                             29
0,共通倉庫,10,4524486103247,21SJ-14K ﾚｻﾞｰｼﾞｬｹｯﾄ BK L 雲龍,,,2024-09-10,仕入,34428.0,6762.0,6.0,,,IHSAN                                    
0,共通倉庫,10,4524486103247,21SJ-14K ﾚｻﾞｰｼﾞｬｹｯﾄ BK L 雲龍,,,2024-09-10,仕入,34437.0,6762.0,1.0,,15.0,IHSAN                                    
0,共通倉庫,10,4524486103247,21SJ-14K ﾚｻﾞｰｼﾞｬｹｯﾄ BK L 雲龍,,,2024-09-12,売上,391471.0,,,1.0,14.0,ﾗｲｺﾗﾝﾄﾞ 水戸店                           2017 株式会社 ｺｼﾀﾞﾃｯｸ
0,共通倉庫,10,4524486103247,21SJ-14K ﾚｻﾞｰｼﾞｬｹｯﾄ BK L 雲龍,,,2024-09-24,売上,392116.0,,,1.0,13.0,ﾗｲｺﾗﾝﾄﾞ TokyoBay東雲店                   2003 株式会社 ｺｼﾀﾞﾃｯｸ
0,共通倉庫,10,4524486103247,21SJ-14K ﾚｻﾞｰｼﾞｬｹｯﾄ BK L 雲龍,,,2024-10-02,売上,392731.0,,,1.0,12.0,株式会社JTBふるさと開発事業部            
0,共通倉庫,10,4524486103247,21SJ-14K ﾚｻﾞｰｼﾞｬｹｯﾄ BK L 雲龍,,,2024-10-07,売上,392987.0,,,1.0,11.0,いちげん                                 
0,共通倉庫,10,4524486103247,21SJ-14K ﾚｻﾞｰｼﾞｬｹｯﾄ BK L 雲龍,,,2024-10-11,仕入,34604.0,6597.0,20.0,,,IHSAN                                    
0,共通倉庫,10,4524486103247,21SJ-14K ﾚｻﾞｰｼﾞｬｹｯﾄ BK L 雲龍,,,2024-10-21,売上,394076.0,,,1.0,29.0,ﾗｲｺﾗﾝﾄﾞ TokyoBay東雲店                   2003 株式会社 ｺｼﾀﾞﾃｯｸ
0,共通倉庫,10,4524486103247,21SJ-14K ﾚｻﾞｰｼﾞｬｹｯﾄ BK L 雲龍,,,2024-10-23,売上,394304.0,,,1.0,28.0,デグナー京都本店                         
0,共通倉庫,10,4524486103247,21SJ-14K ﾚｻﾞｰｼﾞｬｹｯﾄ BK L 雲龍,,,2024-11-22,売上,396562.0,,,1.0,27.0,いちげん                                 
0,共通倉庫,10,4524486103247,21SJ-14K ﾚｻﾞｰｼﾞｬｹｯﾄ BK L 雲龍,,,2024-11-27,売上,396973.0,,,1.0,26.0,ﾗｲｺﾗﾝﾄﾞ TokyoBay東雲店                   2003 株式会社 ｺｼﾀﾞﾃｯｸ
0,共通倉庫,10,4524486103247,21SJ-14K ﾚｻﾞｰｼﾞｬｹｯﾄ BK L 雲龍,,,2024-11-29,売上,397084.0,,,1.0,,株式会社JTBふるさと開発事業部            
0,共通倉庫,10,4524486103247,21SJ-14K ﾚｻﾞｰｼﾞｬｹｯﾄ BK L 雲龍,,,2024-11-29,売上,397085.0,,,1.0,24.0,株式会社JTBふるさと開発事業部            
0,共通倉庫,10,4524486103247,21SJ-14K ﾚｻﾞｰｼﾞｬｹｯﾄ BK L 雲龍,,,2024-12-04,売上,397428.0,,,1.0,23.0,株式会社JTBふるさと開発事業部            
0,共通倉庫,10,4524486103247,21SJ-14K ﾚｻﾞｰｼﾞｬｹｯﾄ BK L 雲龍,,,2024-12-06,売上,397616.0,,,1.0,22.0,株式会社JTBふるさと開発事業部            
0,共通倉庫,10,4524486103247,21SJ-14K ﾚｻﾞｰｼﾞｬｹｯﾄ BK L 雲龍,,,2024-12-16,売上,398486.0,,,1.0,21.0,株式会社JTBふるさと開発事業部            
0,共通倉庫,10,4524486103247,21SJ-14K ﾚｻﾞｰｼﾞｬｹｯﾄ BK L 雲龍,,,2024-12-27,売上,399408.0,,,1.0,20.0,株式会社JTBふるさと開発事業部            
0,共通倉庫,10,4524486103247,21SJ-14K ﾚｻﾞｰｼﾞｬｹｯﾄ BK L 雲龍,,,2025-01-07,売上,399952.0,,,1.0,19.0,ﾗｲｺﾗﾝﾄﾞ 沖縄店                           2071 株式会社 ｺｼﾀﾞﾃｯｸ
0,共通倉庫,10,4524486103247,21SJ-14K ﾚｻﾞｰｼﾞｬｹｯﾄ BK L 雲龍,,,2025-01-16,売上,400574.0,,,1.0,17.0,株式会社JTBふるさと開発事業部            
0,共通倉庫,10,4524486103247,21SJ-14K ﾚｻﾞｰｼﾞｬｹｯﾄ BK L 雲龍,,,2025-01-24,売上,401036.0,,,1.0,16.0,株式会社JTBふるさと開発事業部            
0,共通倉庫,10,4524486103247,21SJ-14K ﾚｻﾞｰｼﾞｬｹｯﾄ BK L 雲龍,,,2025-01-25,売上,401076.0,,,1.0,15.0,デグナー京都本店                         
0,共通倉庫,10,4524486103247,21SJ-14K ﾚｻﾞｰｼﾞｬｹｯﾄ BK L 雲龍,,,2025-01-27,売上,401188.0,,,1.0,14.0,ﾗｲｺﾗﾝﾄﾞ TokyoBay東雲店                   2003 株式会社 ｺｼﾀﾞﾃｯｸ
0,共通倉庫,10,4524486103247,21SJ-14K ﾚｻﾞｰｼﾞｬｹｯﾄ BK L 雲龍,,,2025-02-07,売上,401796.0,,,1.0,13.0,ﾗｲｺﾗﾝﾄﾞ TokyoBay東雲店                   2003 株式会社 ｺｼﾀﾞﾃｯｸ
0,共通倉庫,10,4524486103247,21SJ-14K ﾚｻﾞｰｼﾞｬｹｯﾄ BK L 雲龍,,,2025-02-10,売上,401865.0,,,1.0,12.0,ﾗｲｺﾗﾝﾄﾞ CuBe札幌白石店                   2015 株式会社 ｺｼﾀﾞﾃｯｸ
0,共通倉庫,10,4524486103247,21SJ-14K ﾚｻﾞｰｼﾞｬｹｯﾄ BK L 雲龍,,,2025-02-18,売上,402328.0,,,1.0,11.0,ﾗｲｺﾗﾝﾄﾞ 沖縄店                           2071 株式会社 ｺｼﾀﾞﾃｯｸ
0,共通倉庫,10,4524486103247,21SJ-14K ﾚｻﾞｰｼﾞｬｹｯﾄ BK L 雲龍,,,2025-02-27,売上,402901.0,,,1.0,10.0,株式会社JTBふるさと開発事業部            
0,共通倉庫,10,4524486103247,21SJ-14K ﾚｻﾞｰｼﾞｬｹｯﾄ BK L 雲龍,,,2025-03-18,売上,404177.0,,,1.0,9.0,ﾗｲｺﾗﾝﾄﾞ 柏店                             1001 株式会社ﾗｲﾀﾞｰｽﾞ・ｻﾎﾟｰﾄ・ｶﾝﾊﾟﾆｰ
0,共通倉庫,10,4524486103247,21SJ-14K ﾚｻﾞｰｼﾞｬｹｯﾄ BK L 雲龍,,,2025-03-27,売上,405039.0,,,1.0,8.0,ﾗｲｺﾗﾝﾄﾞ TokyoBay東雲店                   2003 株式会社 ｺｼﾀﾞﾃｯｸ
0,共通倉庫,10,4524486103247,21SJ-14K ﾚｻﾞｰｼﾞｬｹｯﾄ BK L 雲龍,,,2025-04-02,売上,405499.0,,,1.0,7.0,ﾗｲｺﾗﾝﾄﾞ 沖縄店                           2071 株式会社 ｺｼﾀﾞﾃｯｸ
0,共通倉庫,10,4524486103247,21SJ-14K ﾚｻﾞｰｼﾞｬｹｯﾄ BK L 雲龍,,,2025-04-04,売上,405805.0,,,1.0,6.0,販売店様ｲﾍﾞﾝﾄ                            
0,共通倉庫,10,4524486103247,21SJ-14K ﾚｻﾞｰｼﾞｬｹｯﾄ BK L 雲龍,,,2025-04-10,売上,406225.0,,,1.0,5.0,株式会社 ﾊﾞｲｸﾜｰﾙﾄﾞりんくうｼｰｸﾙ店         
0,共通倉庫,10,4524486103247,21SJ-14K ﾚｻﾞｰｼﾞｬｹｯﾄ BK L 雲龍,,,2025-04-18,売上,406828.0,,,1.0,3.0,いちげん                                 
0,共通倉庫,10,4524486103247,21SJ-14K ﾚｻﾞｰｼﾞｬｹｯﾄ BK L 雲龍,,,2025-04-22,売上,407060.0,,,1.0,2.0,ﾗｲｺﾗﾝﾄﾞ TokyoBay東雲店                   2003 株式会社 ｺｼﾀﾞﾃｯｸ
0,共通倉庫,10,4524486103247,21SJ-14K ﾚｻﾞｰｼﾞｬｹｯﾄ BK L 雲龍,,,2025-05-07,売上,408452.0,,,1.0,1.0,ﾅｯﾌﾟｽ 仙台泉ｲﾝﾀｰ店                       19
0,共通倉庫,10,4524486103247,21SJ-14K ﾚｻﾞｰｼﾞｬｹｯﾄ BK L 雲龍,,,2025-05-08,売上,408523.0,,,1.0,0.0,ﾗｲｺﾗﾝﾄﾞ 沖縄店                           2071 株式会社 ｺｼﾀﾞﾃｯｸ
0,共通倉庫,10,4524486103247,21SJ-14K ﾚｻﾞｰｼﾞｬｹｯﾄ BK L 雲龍,,,2025-05-20,仕入,35896.0,6727.0,3.0,,3.0,IHSAN                                    
0,共通倉庫,10,4524486103247,21SJ-14K ﾚｻﾞｰｼﾞｬｹｯﾄ BK L 雲龍,,,2025-05-28,売上,410280.0,,,1.0,2.0,ﾗｲｺﾗﾝﾄﾞ TokyoBay東雲店                   2003 株式会社 ｺｼﾀﾞﾃｯｸ
0,共通倉庫,10,4524486103247,21SJ-14K ﾚｻﾞｰｼﾞｬｹｯﾄ BK L 雲龍,,,2025-07-15,仕入,36273.0,6880.0,7.0,,9.0,IHSAN                                    
0,共通倉庫,10,4524486103247,21SJ-14K ﾚｻﾞｰｼﾞｬｹｯﾄ BK L 雲龍,,,2025-08-29,売上,416952.0,,,1.0,8.0,ﾅｯﾌﾟｽ ﾍﾞｲｻｲﾄﾞ幸浦店                      15
0,共通倉庫,10,4524486103247,21SJ-14K ﾚｻﾞｰｼﾞｬｹｯﾄ BK L 雲龍,,,2025-09-22,売上,418945.0,,,1.0,7.0,ﾗｲｺﾗﾝﾄﾞ 富士店                           2018 株式会社 ｺｼﾀﾞﾃｯｸ
0,共通倉庫,10,4524486103247,21SJ-14K ﾚｻﾞｰｼﾞｬｹｯﾄ BK L 雲龍,,,2025-10-03,売上,420055.0,,,1.0,6.0,株式会社JTBふるさと開発事業部            
0,共通倉庫,10,4524486103247,21SJ-14K ﾚｻﾞｰｼﾞｬｹｯﾄ BK L 雲龍,,,2025-10-07,売上,420344.0,,,1.0,5.0,株式会社JTBふるさと開発事業部            
0,共通倉庫,10,4524486103247,21SJ-14K ﾚｻﾞｰｼﾞｬｹｯﾄ BK L 雲龍,,,2025-10-08,売上,420491.0,,,1.0,4.0,株式会社JTBふるさと開発事業部            
0,共通倉庫,10,4524486103247,21SJ-14K ﾚｻﾞｰｼﾞｬｹｯﾄ BK L 雲龍,,,2025-10-22,仕入,36944.0,6597.0,5.0,,9.0,IHSAN                                    
0,共通倉庫,10,4524486103247,21SJ-14K ﾚｻﾞｰｼﾞｬｹｯﾄ BK L 雲龍,,,2025-12-16,売上,426160.0,,,1.0,8.0,ﾗｲｺﾗﾝﾄﾞ 沖縄店                           2071 株式会社 ｺｼﾀﾞﾃｯｸ
0,共通倉庫,10,4524486103247,21SJ-14K ﾚｻﾞｰｼﾞｬｹｯﾄ BK L 雲龍,,,2025-12-18,売上,426356.0,,,1.0,7.0,ﾗｲｺﾗﾝﾄﾞ TokyoBay東雲店                   2003 株式会社 ｺｼﾀﾞﾃｯｸ
0,共通倉庫,10,4524486103247,21SJ-14K ﾚｻﾞｰｼﾞｬｹｯﾄ BK L 雲龍,,,2026-01-06,売上,427479.0,,,1.0,6.0,株式会社JTBふるさと開発事業部            
0,共通倉庫,10,4524486103247,21SJ-14K ﾚｻﾞｰｼﾞｬｹｯﾄ BK L 雲龍,,,2026-01-14,売上,427962.0,,,1.0,5.0,ﾗｲｺﾗﾝﾄﾞ 沖縄店                           2071 株式会社 ｺｼﾀﾞﾃｯｸ
0,共通倉庫,10,4524486103247,21SJ-14K ﾚｻﾞｰｼﾞｬｹｯﾄ BK L 雲龍,,,2026-01-28,売上,428739.0,,,1.0,4.0,デグナー京都本店                         
0,共通倉庫,10,4524486103247,21SJ-14K ﾚｻﾞｰｼﾞｬｹｯﾄ BK L 雲龍,,,2026-02-04,売上,429111.0,,,1.0,3.0,ﾗｲｺﾗﾝﾄﾞ 沖縄店                           2071 株式会社 ｺｼﾀﾞﾃｯｸ
0,共通倉庫,10,4524486103247,21SJ-14K ﾚｻﾞｰｼﾞｬｹｯﾄ BK L 雲龍,,,2026-02-16,売上,429817.0,,,1.0,2.0,株式会社JTBふるさと開発事業部            
0,共通倉庫,10,4524486103247,21SJ-14K ﾚｻﾞｰｼﾞｬｹｯﾄ BK L 雲龍,,,2026-02-19,売上,429960.0,,,1.0,1.0,ﾗｲｺﾗﾝﾄﾞ 沖縄店                           2071 株式会社 ｺｼﾀﾞﾃｯｸ
0,共通倉庫,10,4524486103247,21SJ-14K ﾚｻﾞｰｼﾞｬｹｯﾄ BK L 雲龍,,,2026-03-03,売上,430745.0,,,1.0,0.0,ﾗｲｺﾗﾝﾄﾞ 福岡空港店                       2028 株式会社 ｺｼﾀﾞﾃｯｸ
0,共通倉庫,10,4524486103247,21SJ-14K ﾚｻﾞｰｼﾞｬｹｯﾄ BK L 雲龍,,,2026-03-10,売上,431272.0,,,1.0,0.0,ﾗｲｺﾗﾝﾄﾞ 長野店                           2020 株式会社 ｺｼﾀﾞﾃｯｸ
0,共通倉庫,10,4524486103247,21SJ-14K ﾚｻﾞｰｼﾞｬｹｯﾄ BK L 雲龍,,,2026-03-31,仕入,37847.0,6597.0,11.0,,11.0,IHSAN                                    
0,共通倉庫,10,4524486103254,21SJ-14K ﾚｻﾞｰｼﾞｬｹｯﾄ BK XL 雲龍,,,2023-02-16,仕入,30968.0,5925.0,2.0,,2.0,IHSAN                                    
0,共通倉庫,10,4524486103254,21SJ-14K ﾚｻﾞｰｼﾞｬｹｯﾄ BK XL 雲龍,,,2023-05-08,売上,360928.0,,,1.0,1.0,株式会社ﾘﾊﾞｰｸﾚｲﾝ                         
0,共通倉庫,10,4524486103254,21SJ-14K ﾚｻﾞｰｼﾞｬｹｯﾄ BK XL 雲龍,,,2023-05-10,売上,361268.0,,,1.0,0.0,デグナー京都本店                         
0,共通倉庫,10,4524486103254,21SJ-14K ﾚｻﾞｰｼﾞｬｹｯﾄ BK XL 雲龍,,,2023-06-20,仕入,31933.0,6378.0,5.0,,5.0,IHSAN                                    
0,共通倉庫,10,4524486103254,21SJ-14K ﾚｻﾞｰｼﾞｬｹｯﾄ BK XL 雲龍,,,2023-07-12,売上,365306.0,,,1.0,3.0,ﾗｲｺﾗﾝﾄﾞ CuBe札幌白石店                   2015 株式会社 ｺｼﾀﾞﾃｯｸ
0,共通倉庫,10,4524486103254,21SJ-14K ﾚｻﾞｰｼﾞｬｹｯﾄ BK XL 雲龍,,,2023-08-01,仕入,32235.0,6445.0,6.0,,9.0,IHSAN                                    
0,共通倉庫,10,4524486103254,21SJ-14K ﾚｻﾞｰｼﾞｬｹｯﾄ BK XL 雲龍,,,2023-08-24,売上,367777.0,,,1.0,8.0,株式会社JTBふるさと開発事業部            
0,共通倉庫,10,4524486103254,21SJ-14K ﾚｻﾞｰｼﾞｬｹｯﾄ BK XL 雲龍,,,2023-09-13,売上,369059.0,,,1.0,7.0,株式会社JTBふるさと開発事業部            
0,共通倉庫,10,4524486103254,21SJ-14K ﾚｻﾞｰｼﾞｬｹｯﾄ BK XL 雲龍,,,2023-09-29,売上,369707.0,,,1.0,,ﾅｯﾌﾟｽ 岡山店                             20
0,共通倉庫,10,4524486103254,21SJ-14K ﾚｻﾞｰｼﾞｬｹｯﾄ BK XL 雲龍,,,2023-09-29,売上,370138.0,,,1.0,5.0,株式会社JTBふるさと開発事業部            
0,共通倉庫,10,4524486103254,21SJ-14K ﾚｻﾞｰｼﾞｬｹｯﾄ BK XL 雲龍,,,2023-10-11,売上,370982.0,,,1.0,3.0,デグナー京都本店                         
0,共通倉庫,10,4524486103254,21SJ-14K ﾚｻﾞｰｼﾞｬｹｯﾄ BK XL 雲龍,,,2023-10-13,売上,371122.0,,,1.0,,株式会社JTBふるさと開発事業部            
0,共通倉庫,10,4524486103254,21SJ-14K ﾚｻﾞｰｼﾞｬｹｯﾄ BK XL 雲龍,,,2023-10-13,売上,371143.0,,,1.0,1.0,503 豊山2りんかん                        株式会社2りんかんｲｴﾛｰﾊｯﾄ
0,共通倉庫,10,4524486103254,21SJ-14K ﾚｻﾞｰｼﾞｬｹｯﾄ BK XL 雲龍,,,2023-10-27,売上,372085.0,,,1.0,1.0,株式会社ﾘﾊﾞｰｸﾚｲﾝ                         
0,共通倉庫,10,4524486103254,21SJ-14K ﾚｻﾞｰｼﾞｬｹｯﾄ BK XL 雲龍,,,2023-11-01,売上,372447.0,,,1.0,0.0,いちげん                                 
0,共通倉庫,10,4524486103254,21SJ-14K ﾚｻﾞｰｼﾞｬｹｯﾄ BK XL 雲龍,,,2023-12-19,仕入,32953.0,6638.0,4.0,,4.0,IHSAN                                    
0,共通倉庫,10,4524486103254,21SJ-14K ﾚｻﾞｰｼﾞｬｹｯﾄ BK XL 雲龍,,,2023-12-26,売上,375877.0,,,1.0,,株式会社JTBふるさと開発事業部            
0,共通倉庫,10,4524486103254,21SJ-14K ﾚｻﾞｰｼﾞｬｹｯﾄ BK XL 雲龍,,,2023-12-26,売上,375878.0,,,1.0,2.0,株式会社JTBふるさと開発事業部            
0,共通倉庫,10,4524486103254,21SJ-14K ﾚｻﾞｰｼﾞｬｹｯﾄ BK XL 雲龍,,,2024-01-10,売上,376491.0,,,1.0,,いちげん                                 
0,共通倉庫,10,4524486103254,21SJ-14K ﾚｻﾞｰｼﾞｬｹｯﾄ BK XL 雲龍,,,2024-01-15,売上,376689.0,,,-1.0,2.0,ﾅｯﾌﾟｽ 岡山店                             20
0,共通倉庫,10,4524486103254,21SJ-14K ﾚｻﾞｰｼﾞｬｹｯﾄ BK XL 雲龍,,,2024-01-16,売上,376786.0,,,1.0,1.0,株式会社JTBふるさと開発事業部            
0,共通倉庫,10,4524486103254,21SJ-14K ﾚｻﾞｰｼﾞｬｹｯﾄ BK XL 雲龍,,,2024-01-24,仕入,33161.0,6841.0,10.0,,11.0,IHSAN                                    
0,共通倉庫,10,4524486103254,21SJ-14K ﾚｻﾞｰｼﾞｬｹｯﾄ BK XL 雲龍,,,2024-02-02,売上,377554.0,,,1.0,9.0,株式会社JTBふるさと開発事業部            
0,共通倉庫,10,4524486103254,21SJ-14K ﾚｻﾞｰｼﾞｬｹｯﾄ BK XL 雲龍,,,2024-02-05,売上,377547.0,,,1.0,8.0,ﾗｲｺﾗﾝﾄﾞ TokyoBay東雲店                   2003 株式会社 ｺｼﾀﾞﾃｯｸ
0,共通倉庫,10,4524486103254,21SJ-14K ﾚｻﾞｰｼﾞｬｹｯﾄ BK XL 雲龍,,,2024-02-07,売上,377768.0,,,1.0,7.0,デグナー京都本店                         
0,共通倉庫,10,4524486103254,21SJ-14K ﾚｻﾞｰｼﾞｬｹｯﾄ BK XL 雲龍,,,2024-02-14,売上,378043.0,,,1.0,6.0,ﾗｲｺﾗﾝﾄﾞ TokyoBay東雲店                   2003 株式会社 ｺｼﾀﾞﾃｯｸ
0,共通倉庫,10,4524486103254,21SJ-14K ﾚｻﾞｰｼﾞｬｹｯﾄ BK XL 雲龍,,,2024-02-16,売上,378216.0,,,1.0,5.0,ｽﾀｰｼｰｽﾞ株式会社                          
0,共通倉庫,10,4524486103254,21SJ-14K ﾚｻﾞｰｼﾞｬｹｯﾄ BK XL 雲龍,,,2024-03-01,売上,378926.0,,,1.0,4.0,ﾗｲｺﾗﾝﾄﾞ TokyoBay東雲店                   2003 株式会社 ｺｼﾀﾞﾃｯｸ
0,共通倉庫,10,4524486103254,21SJ-14K ﾚｻﾞｰｼﾞｬｹｯﾄ BK XL 雲龍,,,2024-03-06,仕入,33377.0,6926.0,3.0,,7.0,IHSAN                                    
0,共通倉庫,10,4524486103254,21SJ-14K ﾚｻﾞｰｼﾞｬｹｯﾄ BK XL 雲龍,,,2024-03-22,売上,380154.0,,,1.0,6.0,ﾗｲｺﾗﾝﾄﾞ TokyoBay東雲店                   2003 株式会社 ｺｼﾀﾞﾃｯｸ
0,共通倉庫,10,4524486103254,21SJ-14K ﾚｻﾞｰｼﾞｬｹｯﾄ BK XL 雲龍,,,2024-03-29,売上,380569.0,,,1.0,5.0,南海部品 小山店                          3003 株式会社 ｺｼﾀﾞﾃｯｸ
0,共通倉庫,10,4524486103254,21SJ-14K ﾚｻﾞｰｼﾞｬｹｯﾄ BK XL 雲龍,,,2024-04-03,仕入,33589.0,6942.0,2.0,,7.0,IHSAN                                    
0,共通倉庫,10,4524486103254,21SJ-14K ﾚｻﾞｰｼﾞｬｹｯﾄ BK XL 雲龍,,,2024-04-09,売上,381282.0,,,1.0,6.0,新潟中央部品株式会社 長岡店              
0,共通倉庫,10,4524486103254,21SJ-14K ﾚｻﾞｰｼﾞｬｹｯﾄ BK XL 雲龍,,,2024-04-17,売上,381866.0,,,1.0,5.0,ﾅｯﾌﾟｽ 足立店                             10
0,共通倉庫,10,4524486103254,21SJ-14K ﾚｻﾞｰｼﾞｬｹｯﾄ BK XL 雲龍,,,2024-05-08,売上,383379.0,,,1.0,4.0,株式会社ﾘﾊﾞｰｸﾚｲﾝ                         
0,共通倉庫,10,4524486103254,21SJ-14K ﾚｻﾞｰｼﾞｬｹｯﾄ BK XL 雲龍,,,2024-05-22,売上,384387.0,,,1.0,3.0,ﾗｲｺﾗﾝﾄﾞ 新潟店                           2031 株式会社 ｺｼﾀﾞﾃｯｸ
0,共通倉庫,10,4524486103254,21SJ-14K ﾚｻﾞｰｼﾞｬｹｯﾄ BK XL 雲龍,,,2024-07-10,仕入,34086.0,7287.0,9.0,,11.0,IHSAN                                    
0,共通倉庫,10,4524486103254,21SJ-14K ﾚｻﾞｰｼﾞｬｹｯﾄ BK XL 雲龍,,,2024-07-19,売上,388363.0,,,1.0,10.0,Ridersity                                
0,共通倉庫,10,4524486103254,21SJ-14K ﾚｻﾞｰｼﾞｬｹｯﾄ BK XL 雲龍,,,2024-08-13,売上,389803.0,,,1.0,9.0,いちげん                                 
0,共通倉庫,10,4524486103254,21SJ-14K ﾚｻﾞｰｼﾞｬｹｯﾄ BK XL 雲龍,,,2024-09-10,仕入,34437.0,6762.0,5.0,,14.0,IHSAN                                    
0,共通倉庫,10,4524486103254,21SJ-14K ﾚｻﾞｰｼﾞｬｹｯﾄ BK XL 雲龍,,,2024-09-24,売上,392116.0,,,1.0,12.0,ﾗｲｺﾗﾝﾄﾞ TokyoBay東雲店                   2003 株式会社 ｺｼﾀﾞﾃｯｸ
0,共通倉庫,10,4524486103254,21SJ-14K ﾚｻﾞｰｼﾞｬｹｯﾄ BK XL 雲龍,,,2024-09-25,売上,392283.0,,,1.0,11.0,株式会社JTBふるさと開発事業部            
0,共通倉庫,10,4524486103254,21SJ-14K ﾚｻﾞｰｼﾞｬｹｯﾄ BK XL 雲龍,,,2024-10-11,仕入,34604.0,6597.0,17.0,,27.0,IHSAN                                    
0,共通倉庫,10,4524486103254,21SJ-14K ﾚｻﾞｰｼﾞｬｹｯﾄ BK XL 雲龍,,,2024-10-17,売上,393825.0,,,1.0,26.0,ﾅｯﾌﾟｽ 仙台泉ｲﾝﾀｰ店                       19
0,共通倉庫,10,4524486103254,21SJ-14K ﾚｻﾞｰｼﾞｬｹｯﾄ BK XL 雲龍,,,2024-10-23,売上,394260.0,,,1.0,25.0,ﾅｯﾌﾟｽ 仙台泉ｲﾝﾀｰ店                       19
0,共通倉庫,10,4524486103254,21SJ-14K ﾚｻﾞｰｼﾞｬｹｯﾄ BK XL 雲龍,,,2024-10-31,売上,394871.0,,,1.0,24.0,株式会社 ﾓﾉﾀﾞｲﾚｸﾄ                        
0,共通倉庫,10,4524486103254,21SJ-14K ﾚｻﾞｰｼﾞｬｹｯﾄ BK XL 雲龍,,,2024-11-01,売上,394941.0,,,1.0,23.0,ﾗｲｺﾗﾝﾄﾞ 福岡空港店                       2028 株式会社 ｺｼﾀﾞﾃｯｸ
0,共通倉庫,10,4524486103254,21SJ-14K ﾚｻﾞｰｼﾞｬｹｯﾄ BK XL 雲龍,,,2024-11-27,売上,396973.0,,,1.0,22.0,ﾗｲｺﾗﾝﾄﾞ TokyoBay東雲店                   2003 株式会社 ｺｼﾀﾞﾃｯｸ
0,共通倉庫,10,4524486103254,21SJ-14K ﾚｻﾞｰｼﾞｬｹｯﾄ BK XL 雲龍,,,2024-12-03,売上,397315.0,,,1.0,21.0,ﾅｯﾌﾟｽ 岡山店                             20
0,共通倉庫,10,4524486103254,21SJ-14K ﾚｻﾞｰｼﾞｬｹｯﾄ BK XL 雲龍,,,2024-12-09,売上,397769.0,,,1.0,20.0,ﾗｲｺﾗﾝﾄﾞ 水戸店                           2017 株式会社 ｺｼﾀﾞﾃｯｸ
0,共通倉庫,10,4524486103254,21SJ-14K ﾚｻﾞｰｼﾞｬｹｯﾄ BK XL 雲龍,,,2024-12-13,売上,398173.0,,,1.0,19.0,ﾗｲｺﾗﾝﾄﾞ TokyoBay東雲店                   2003 株式会社 ｺｼﾀﾞﾃｯｸ
0,共通倉庫,10,4524486103254,21SJ-14K ﾚｻﾞｰｼﾞｬｹｯﾄ BK XL 雲龍,,,2024-12-16,売上,398485.0,,,1.0,18.0,株式会社JTBふるさと開発事業部            
0,共通倉庫,10,4524486103254,21SJ-14K ﾚｻﾞｰｼﾞｬｹｯﾄ BK XL 雲龍,,,2025-01-07,売上,399952.0,,,1.0,,ﾗｲｺﾗﾝﾄﾞ 沖縄店                           2071 株式会社 ｺｼﾀﾞﾃｯｸ
0,共通倉庫,10,4524486103254,21SJ-14K ﾚｻﾞｰｼﾞｬｹｯﾄ BK XL 雲龍,,,2025-01-24,売上,401034.0,,,1.0,14.0,株式会社JTBふるさと開発事業部            
0,共通倉庫,10,4524486103254,21SJ-14K ﾚｻﾞｰｼﾞｬｹｯﾄ BK XL 雲龍,,,2025-02-07,売上,401796.0,,,1.0,13.0,ﾗｲｺﾗﾝﾄﾞ TokyoBay東雲店                   2003 株式会社 ｺｼﾀﾞﾃｯｸ
0,共通倉庫,10,4524486103254,21SJ-14K ﾚｻﾞｰｼﾞｬｹｯﾄ BK XL 雲龍,,,2025-03-03,売上,403104.0,,,1.0,12.0,ﾗｲｺﾗﾝﾄﾞ 柏店                             1001 株式会社ﾗｲﾀﾞｰｽﾞ・ｻﾎﾟｰﾄ・ｶﾝﾊﾟﾆｰ
0,共通倉庫,10,4524486103254,21SJ-14K ﾚｻﾞｰｼﾞｬｹｯﾄ BK XL 雲龍,,,2025-03-10,売上,403709.0,,,1.0,11.0,デグナー京都本店                         
0,共通倉庫,10,4524486103254,21SJ-14K ﾚｻﾞｰｼﾞｬｹｯﾄ BK XL 雲龍,,,2025-03-27,売上,405039.0,,,1.0,10.0,ﾗｲｺﾗﾝﾄﾞ TokyoBay東雲店                   2003 株式会社 ｺｼﾀﾞﾃｯｸ
0,共通倉庫,10,4524486103254,21SJ-14K ﾚｻﾞｰｼﾞｬｹｯﾄ BK XL 雲龍,,,2025-04-19,売上,406874.0,,,1.0,9.0,デグナー京都本店                         
0,共通倉庫,10,4524486103254,21SJ-14K ﾚｻﾞｰｼﾞｬｹｯﾄ BK XL 雲龍,,,2025-04-23,売上,407171.0,,,1.0,8.0,いちげん                                 
0,共通倉庫,10,4524486103254,21SJ-14K ﾚｻﾞｰｼﾞｬｹｯﾄ BK XL 雲龍,,,2025-07-15,仕入,36273.0,6880.0,4.0,,12.0,IHSAN                                    
0,共通倉庫,10,4524486103254,21SJ-14K ﾚｻﾞｰｼﾞｬｹｯﾄ BK XL 雲龍,,,2025-08-29,売上,416952.0,,,1.0,11.0,ﾅｯﾌﾟｽ ﾍﾞｲｻｲﾄﾞ幸浦店                      15
0,共通倉庫,10,4524486103254,21SJ-14K ﾚｻﾞｰｼﾞｬｹｯﾄ BK XL 雲龍,,,2025-09-09,売上,417850.0,,,1.0,10.0,ANSIN MOTO CO.                           
0,共通倉庫,10,4524486103254,21SJ-14K ﾚｻﾞｰｼﾞｬｹｯﾄ BK XL 雲龍,,,2025-09-18,売上,418754.0,,,1.0,9.0,株式会社JTBふるさと開発事業部            
0,共通倉庫,10,4524486103254,21SJ-14K ﾚｻﾞｰｼﾞｬｹｯﾄ BK XL 雲龍,,,2025-09-22,売上,418945.0,,,1.0,8.0,ﾗｲｺﾗﾝﾄﾞ 富士店                           2018 株式会社 ｺｼﾀﾞﾃｯｸ
0,共通倉庫,10,4524486103254,21SJ-14K ﾚｻﾞｰｼﾞｬｹｯﾄ BK XL 雲龍,,,2025-10-01,売上,419889.0,,,1.0,7.0,株式会社JTBふるさと開発事業部            
0,共通倉庫,10,4524486103254,21SJ-14K ﾚｻﾞｰｼﾞｬｹｯﾄ BK XL 雲龍,,,2025-10-28,売上,422100.0,,,1.0,6.0,ﾗｲｺﾗﾝﾄﾞ 新潟店                           2031 株式会社 ｺｼﾀﾞﾃｯｸ
0,共通倉庫,10,4524486103254,21SJ-14K ﾚｻﾞｰｼﾞｬｹｯﾄ BK XL 雲龍,,,2025-11-01,売上,422431.0,,,1.0,5.0,デグナー京都本店                         
0,共通倉庫,10,4524486103254,21SJ-14K ﾚｻﾞｰｼﾞｬｹｯﾄ BK XL 雲龍,,,2025-12-07,売上,425302.0,,,1.0,4.0,デグナー京都本店                         
0,共通倉庫,10,4524486103254,21SJ-14K ﾚｻﾞｰｼﾞｬｹｯﾄ BK XL 雲龍,,,2025-12-10,売上,425640.0,,,1.0,3.0,デグナー京都本店                         
0,共通倉庫,10,4524486103254,21SJ-14K ﾚｻﾞｰｼﾞｬｹｯﾄ BK XL 雲龍,,,2026-01-05,売上,427353.0,,,1.0,2.0,いちげん                                 
0,共通倉庫,10,4524486103254,21SJ-14K ﾚｻﾞｰｼﾞｬｹｯﾄ BK XL 雲龍,,,2026-01-13,売上,427778.0,,,1.0,1.0,ﾗｲｺﾗﾝﾄﾞ 沖縄店                           2071 株式会社 ｺｼﾀﾞﾃｯｸ
0,共通倉庫,10,4524486103254,21SJ-14K ﾚｻﾞｰｼﾞｬｹｯﾄ BK XL 雲龍,,,2026-01-20,売上,428285.0,,,1.0,0.0,ﾗｲｺﾗﾝﾄﾞ 沖縄店                           2071 株式会社 ｺｼﾀﾞﾃｯｸ
0,共通倉庫,10,4524486103254,21SJ-14K ﾚｻﾞｰｼﾞｬｹｯﾄ BK XL 雲龍,,,2026-02-20,売上,430016.0,,,1.0,0.0,ﾗｲｺﾗﾝﾄﾞ TokyoBay東雲店                   2003 株式会社 ｺｼﾀﾞﾃｯｸ
0,共通倉庫,10,4524486106538,21SJ-14K ﾚｻﾞｰｼﾞｬｹｯﾄ RD M 鉄流水雪輪,,,2023-12-19,仕入,32954.0,6975.0,7.0,,7.0,IHSAN                                    
0,共通倉庫,10,4524486106538,21SJ-14K ﾚｻﾞｰｼﾞｬｹｯﾄ RD M 鉄流水雪輪,,,2024-01-15,売上,376686.0,,,1.0,,株式会社JTBふるさと開発事業部            
0,共通倉庫,10,4524486106538,21SJ-14K ﾚｻﾞｰｼﾞｬｹｯﾄ RD M 鉄流水雪輪,,,2024-01-15,売上,376687.0,,,1.0,4.0,株式会社JTBふるさと開発事業部            
0,共通倉庫,10,4524486106538,21SJ-14K ﾚｻﾞｰｼﾞｬｹｯﾄ RD M 鉄流水雪輪,,,2024-01-23,売上,377133.0,,,1.0,3.0,南海部品株式会社                         
0,共通倉庫,10,4524486106538,21SJ-14K ﾚｻﾞｰｼﾞｬｹｯﾄ RD M 鉄流水雪輪,,,2024-01-24,仕入,33160.0,7188.0,3.0,,6.0,IHSAN                                    
0,共通倉庫,10,4524486106538,21SJ-14K ﾚｻﾞｰｼﾞｬｹｯﾄ RD M 鉄流水雪輪,,,2024-02-01,売上,377511.0,,,1.0,4.0,株式会社JTBふるさと開発事業部            
0,共通倉庫,10,4524486106538,21SJ-14K ﾚｻﾞｰｼﾞｬｹｯﾄ RD M 鉄流水雪輪,,,2024-02-05,売上,377547.0,,,1.0,3.0,ﾗｲｺﾗﾝﾄﾞ TokyoBay東雲店                   2003 株式会社 ｺｼﾀﾞﾃｯｸ
0,共通倉庫,10,4524486106538,21SJ-14K ﾚｻﾞｰｼﾞｬｹｯﾄ RD M 鉄流水雪輪,,,2024-02-09,売上,377855.0,,,1.0,2.0,株式会社JTBふるさと開発事業部            
0,共通倉庫,10,4524486106538,21SJ-14K ﾚｻﾞｰｼﾞｬｹｯﾄ RD M 鉄流水雪輪,,,2024-02-14,売上,378043.0,,,1.0,1.0,ﾗｲｺﾗﾝﾄﾞ TokyoBay東雲店                   2003 株式会社 ｺｼﾀﾞﾃｯｸ
0,共通倉庫,10,4524486106538,21SJ-14K ﾚｻﾞｰｼﾞｬｹｯﾄ RD M 鉄流水雪輪,,,2024-03-25,売上,380334.0,,,1.0,0.0,いちげん                                 
0,共通倉庫,10,4524486106538,21SJ-14K ﾚｻﾞｰｼﾞｬｹｯﾄ RD M 鉄流水雪輪,,,2024-06-14,仕入,33934.0,7547.0,6.0,,,IHSAN                                    
0,共通倉庫,10,4524486106538,21SJ-14K ﾚｻﾞｰｼﾞｬｹｯﾄ RD M 鉄流水雪輪,,,2024-08-07,仕入,34261.0,7635.0,6.0,,10.0,IHSAN                                    
0,共通倉庫,10,4524486106538,21SJ-14K ﾚｻﾞｰｼﾞｬｹｯﾄ RD M 鉄流水雪輪,,,2024-08-20,出荷,11210.0,,,-1.0,11.0,棚卸し調整                               
0,共通倉庫,10,4524486106538,21SJ-14K ﾚｻﾞｰｼﾞｬｹｯﾄ RD M 鉄流水雪輪,,,2024-09-06,売上,391102.0,,,1.0,10.0,株式会社JTBふるさと開発事業部            
0,共通倉庫,10,4524486106538,21SJ-14K ﾚｻﾞｰｼﾞｬｹｯﾄ RD M 鉄流水雪輪,,,2024-09-10,仕入,34428.0,7105.0,9.0,,19.0,IHSAN                                    
0,共通倉庫,10,4524486106538,21SJ-14K ﾚｻﾞｰｼﾞｬｹｯﾄ RD M 鉄流水雪輪,,,2024-10-03,売上,392761.0,,,1.0,18.0,ﾗｲｺﾗﾝﾄﾞ 柏店                             1001 株式会社ﾗｲﾀﾞｰｽﾞ・ｻﾎﾟｰﾄ・ｶﾝﾊﾟﾆｰ
0,共通倉庫,10,4524486106538,21SJ-14K ﾚｻﾞｰｼﾞｬｹｯﾄ RD M 鉄流水雪輪,,,2024-10-11,仕入,34603.0,6932.0,3.0,,21.0,IHSAN                                    
0,共通倉庫,10,4524486106538,21SJ-14K ﾚｻﾞｰｼﾞｬｹｯﾄ RD M 鉄流水雪輪,,,2024-10-12,売上,393426.0,,,1.0,20.0,デグナー京都本店                         
0,共通倉庫,10,4524486106538,21SJ-14K ﾚｻﾞｰｼﾞｬｹｯﾄ RD M 鉄流水雪輪,,,2024-11-01,売上,394958.0,,,1.0,19.0,ﾅｯﾌﾟｽ 広島店                             14
0,共通倉庫,10,4524486106538,21SJ-14K ﾚｻﾞｰｼﾞｬｹｯﾄ RD M 鉄流水雪輪,,,2024-11-19,売上,396319.0,,,1.0,,"YOULUN CO.,LTD                           "
0,共通倉庫,10,4524486106538,21SJ-14K ﾚｻﾞｰｼﾞｬｹｯﾄ RD M 鉄流水雪輪,,,2024-11-27,売上,396973.0,,,1.0,16.0,ﾗｲｺﾗﾝﾄﾞ TokyoBay東雲店                   2003 株式会社 ｺｼﾀﾞﾃｯｸ
0,共通倉庫,10,4524486106538,21SJ-14K ﾚｻﾞｰｼﾞｬｹｯﾄ RD M 鉄流水雪輪,,,2024-12-12,売上,398159.0,,,1.0,15.0,株式会社JTBふるさと開発事業部            
0,共通倉庫,10,4524486106538,21SJ-14K ﾚｻﾞｰｼﾞｬｹｯﾄ RD M 鉄流水雪輪,,,2025-01-23,売上,401005.0,,,1.0,14.0,株式会社JTBふるさと開発事業部            
0,共通倉庫,10,4524486106538,21SJ-14K ﾚｻﾞｰｼﾞｬｹｯﾄ RD M 鉄流水雪輪,,,2025-01-27,売上,401152.0,,,1.0,,いちげん                                 
0,共通倉庫,10,4524486106538,21SJ-14K ﾚｻﾞｰｼﾞｬｹｯﾄ RD M 鉄流水雪輪,,,2025-01-27,売上,401188.0,,,1.0,12.0,ﾗｲｺﾗﾝﾄﾞ TokyoBay東雲店                   2003 株式会社 ｺｼﾀﾞﾃｯｸ
0,共通倉庫,10,4524486106538,21SJ-14K ﾚｻﾞｰｼﾞｬｹｯﾄ RD M 鉄流水雪輪,,,2025-03-17,売上,404131.0,,,1.0,11.0,いちげん                                 
0,共通倉庫,10,4524486106538,21SJ-14K ﾚｻﾞｰｼﾞｬｹｯﾄ RD M 鉄流水雪輪,,,2025-03-31,売上,405324.0,,,1.0,10.0,いちげん                                 
0,共通倉庫,10,4524486106538,21SJ-14K ﾚｻﾞｰｼﾞｬｹｯﾄ RD M 鉄流水雪輪,,,2025-05-20,仕入,35896.0,6893.0,3.0,,13.0,IHSAN                                    
0,共通倉庫,10,4524486106538,21SJ-14K ﾚｻﾞｰｼﾞｬｹｯﾄ RD M 鉄流水雪輪,,,2025-07-22,売上,414462.0,,,1.0,12.0,いちげん                                 
0,共通倉庫,10,4524486106538,21SJ-14K ﾚｻﾞｰｼﾞｬｹｯﾄ RD M 鉄流水雪輪,,,2025-07-28,売上,414868.0,,,1.0,11.0,南海部品株式会社                         
0,共通倉庫,10,4524486106538,21SJ-14K ﾚｻﾞｰｼﾞｬｹｯﾄ RD M 鉄流水雪輪,,,2025-08-29,売上,416952.0,,,1.0,10.0,ﾅｯﾌﾟｽ ﾍﾞｲｻｲﾄﾞ幸浦店                      15
0,共通倉庫,10,4524486106538,21SJ-14K ﾚｻﾞｰｼﾞｬｹｯﾄ RD M 鉄流水雪輪,,,2025-09-12,売上,418195.0,,,1.0,9.0,ﾗｲｺﾗﾝﾄﾞ TokyoBay東雲店                   2003 株式会社 ｺｼﾀﾞﾃｯｸ
0,共通倉庫,10,4524486106538,21SJ-14K ﾚｻﾞｰｼﾞｬｹｯﾄ RD M 鉄流水雪輪,,,2025-09-29,売上,419622.0,,,1.0,8.0,いちげん                                 
0,共通倉庫,10,4524486106538,21SJ-14K ﾚｻﾞｰｼﾞｬｹｯﾄ RD M 鉄流水雪輪,,,2025-10-04,売上,420123.0,,,1.0,7.0,デグナー京都本店                         
0,共通倉庫,10,4524486106538,21SJ-14K ﾚｻﾞｰｼﾞｬｹｯﾄ RD M 鉄流水雪輪,,,2025-10-29,売上,422158.0,,,1.0,6.0,株式会社JTBふるさと開発事業部            
0,共通倉庫,10,4524486106538,21SJ-14K ﾚｻﾞｰｼﾞｬｹｯﾄ RD M 鉄流水雪輪,,,2025-11-14,売上,423595.0,,,1.0,5.0,ﾗｲｺﾗﾝﾄﾞ TokyoBay東雲店                   2003 株式会社 ｺｼﾀﾞﾃｯｸ
0,共通倉庫,10,4524486106538,21SJ-14K ﾚｻﾞｰｼﾞｬｹｯﾄ RD M 鉄流水雪輪,,,2025-11-17,売上,423763.0,,,1.0,4.0,デグナー京都本店                         
0,共通倉庫,10,4524486106538,21SJ-14K ﾚｻﾞｰｼﾞｬｹｯﾄ RD M 鉄流水雪輪,,,2025-12-01,仕入,37154.0,7610.0,5.0,,9.0,IHSAN                                    
0,共通倉庫,10,4524486106538,21SJ-14K ﾚｻﾞｰｼﾞｬｹｯﾄ RD M 鉄流水雪輪,,,2025-12-18,売上,426356.0,,,1.0,8.0,ﾗｲｺﾗﾝﾄﾞ TokyoBay東雲店                   2003 株式会社 ｺｼﾀﾞﾃｯｸ
0,共通倉庫,10,4524486106538,21SJ-14K ﾚｻﾞｰｼﾞｬｹｯﾄ RD M 鉄流水雪輪,,,2025-12-19,売上,426450.0,,,-1.0,9.0,ﾅｯﾌﾟｽ ﾍﾞｲｻｲﾄﾞ幸浦店                      15
0,共通倉庫,10,4524486106538,21SJ-14K ﾚｻﾞｰｼﾞｬｹｯﾄ RD M 鉄流水雪輪,,,2025-12-29,売上,426943.0,,,1.0,,株式会社JTBふるさと開発事業部            
0,共通倉庫,10,4524486106538,21SJ-14K ﾚｻﾞｰｼﾞｬｹｯﾄ RD M 鉄流水雪輪,,,2026-01-16,売上,428070.0,,,1.0,6.0,いちげん                                 
0,共通倉庫,10,4524486106538,21SJ-14K ﾚｻﾞｰｼﾞｬｹｯﾄ RD M 鉄流水雪輪,,,2026-02-06,売上,429324.0,,,1.0,5.0,デグナー京都本店                         
0,共通倉庫,10,4524486106538,21SJ-14K ﾚｻﾞｰｼﾞｬｹｯﾄ RD M 鉄流水雪輪,,,2026-02-12,売上,429589.0,,,1.0,4.0,いちげん                                 
0,共通倉庫,10,4524486106538,21SJ-14K ﾚｻﾞｰｼﾞｬｹｯﾄ RD M 鉄流水雪輪,,,2026-02-24,売上,430231.0,,,1.0,3.0,いちげん                                 
0,共通倉庫,10,4524486106538,21SJ-14K ﾚｻﾞｰｼﾞｬｹｯﾄ RD M 鉄流水雪輪,,,2026-02-27,売上,430428.0,,,1.0,2.0,いちげん                                 
0,共通倉庫,10,4524486106545,21SJ-14K ﾚｻﾞｰｼﾞｬｹｯﾄ RD L 鉄流水雪輪,,,2023-12-19,仕入,32954.0,6975.0,9.0,,9.0,IHSAN                                    
0,共通倉庫,10,4524486106545,21SJ-14K ﾚｻﾞｰｼﾞｬｹｯﾄ RD L 鉄流水雪輪,,,2024-01-08,売上,376320.0,,,1.0,8.0,デグナー京都本店                         
0,共通倉庫,10,4524486106545,21SJ-14K ﾚｻﾞｰｼﾞｬｹｯﾄ RD L 鉄流水雪輪,,,2024-01-23,売上,377133.0,,,1.0,6.0,南海部品株式会社                         
0,共通倉庫,10,4524486106545,21SJ-14K ﾚｻﾞｰｼﾞｬｹｯﾄ RD L 鉄流水雪輪,,,2024-01-24,仕入,33160.0,7188.0,1.0,,7.0,IHSAN                                    
0,共通倉庫,10,4524486106545,21SJ-14K ﾚｻﾞｰｼﾞｬｹｯﾄ RD L 鉄流水雪輪,,,2024-02-02,売上,377534.0,,,1.0,,株式会社 ﾜｲ･ｹｲ商事                       
0,共通倉庫,10,4524486106545,21SJ-14K ﾚｻﾞｰｼﾞｬｹｯﾄ RD L 鉄流水雪輪,,,2024-02-02,売上,377545.0,,,1.0,5.0,ﾅｯﾌﾟｽ 広島店                             14
0,共通倉庫,10,4524486106545,21SJ-14K ﾚｻﾞｰｼﾞｬｹｯﾄ RD L 鉄流水雪輪,,,2024-02-05,売上,377547.0,,,1.0,4.0,ﾗｲｺﾗﾝﾄﾞ TokyoBay東雲店                   2003 株式会社 ｺｼﾀﾞﾃｯｸ
0,共通倉庫,10,4524486106545,21SJ-14K ﾚｻﾞｰｼﾞｬｹｯﾄ RD L 鉄流水雪輪,,,2024-02-26,売上,378724.0,,,1.0,,いちげん                                 
0,共通倉庫,10,4524486106545,21SJ-14K ﾚｻﾞｰｼﾞｬｹｯﾄ RD L 鉄流水雪輪,,,2024-02-26,売上,378732.0,,,1.0,2.0,南海部品株式会社                         
0,共通倉庫,10,4524486106545,21SJ-14K ﾚｻﾞｰｼﾞｬｹｯﾄ RD L 鉄流水雪輪,,,2024-03-01,売上,378922.0,,,1.0,,ﾗｲｺﾗﾝﾄﾞ 柏店                             1001 株式会社ﾗｲﾀﾞｰｽﾞ・ｻﾎﾟｰﾄ・ｶﾝﾊﾟﾆｰ
0,共通倉庫,10,4524486106545,21SJ-14K ﾚｻﾞｰｼﾞｬｹｯﾄ RD L 鉄流水雪輪,,,2024-03-01,売上,378926.0,,,1.0,1.0,ﾗｲｺﾗﾝﾄﾞ TokyoBay東雲店                   2003 株式会社 ｺｼﾀﾞﾃｯｸ
0,共通倉庫,10,4524486106545,21SJ-14K ﾚｻﾞｰｼﾞｬｹｯﾄ RD L 鉄流水雪輪,,,2024-05-09,売上,383482.0,,,1.0,0.0,いちげん                                 
0,共通倉庫,10,4524486106545,21SJ-14K ﾚｻﾞｰｼﾞｬｹｯﾄ RD L 鉄流水雪輪,,,2024-06-14,仕入,33934.0,7547.0,7.0,,,IHSAN                                    
0,共通倉庫,10,4524486106545,21SJ-14K ﾚｻﾞｰｼﾞｬｹｯﾄ RD L 鉄流水雪輪,,,2024-06-18,売上,386201.0,,,1.0,5.0,株式会社JTBふるさと開発事業部            
0,共通倉庫,10,4524486106545,21SJ-14K ﾚｻﾞｰｼﾞｬｹｯﾄ RD L 鉄流水雪輪,,,2024-07-14,売上,387918.0,,,1.0,4.0,デグナー京都本店                         
0,共通倉庫,10,4524486106545,21SJ-14K ﾚｻﾞｰｼﾞｬｹｯﾄ RD L 鉄流水雪輪,,,2024-08-07,仕入,34261.0,7635.0,5.0,,9.0,IHSAN                                    
0,共通倉庫,10,4524486106545,21SJ-14K ﾚｻﾞｰｼﾞｬｹｯﾄ RD L 鉄流水雪輪,,,2024-08-23,売上,390383.0,,,1.0,8.0,いちげん                                 
0,共通倉庫,10,4524486106545,21SJ-14K ﾚｻﾞｰｼﾞｬｹｯﾄ RD L 鉄流水雪輪,,,2024-09-03,売上,390950.0,,,1.0,7.0,ﾅｯﾌﾟｽ 岡山店                             20
0,共通倉庫,10,4524486106545,21SJ-14K ﾚｻﾞｰｼﾞｬｹｯﾄ RD L 鉄流水雪輪,,,2024-09-10,仕入,34428.0,7105.0,12.0,,,IHSAN                                    
0,共通倉庫,10,4524486106545,21SJ-14K ﾚｻﾞｰｼﾞｬｹｯﾄ RD L 鉄流水雪輪,,,2024-09-24,売上,392116.0,,,1.0,17.0,ﾗｲｺﾗﾝﾄﾞ TokyoBay東雲店                   2003 株式会社 ｺｼﾀﾞﾃｯｸ
0,共通倉庫,10,4524486106545,21SJ-14K ﾚｻﾞｰｼﾞｬｹｯﾄ RD L 鉄流水雪輪,,,2024-10-07,売上,392960.0,,,1.0,16.0,いちげん                                 
0,共通倉庫,10,4524486106545,21SJ-14K ﾚｻﾞｰｼﾞｬｹｯﾄ RD L 鉄流水雪輪,,,2024-10-14,売上,393500.0,,,1.0,15.0,デグナー京都本店                         
0,共通倉庫,10,4524486106545,21SJ-14K ﾚｻﾞｰｼﾞｬｹｯﾄ RD L 鉄流水雪輪,,,2024-10-15,売上,393539.0,,,1.0,14.0,いちげん                                 
0,共通倉庫,10,4524486106545,21SJ-14K ﾚｻﾞｰｼﾞｬｹｯﾄ RD L 鉄流水雪輪,,,2024-10-23,売上,394264.0,,,1.0,13.0,ﾗｲｺﾗﾝﾄﾞ TokyoBay東雲店                   2003 株式会社 ｺｼﾀﾞﾃｯｸ
0,共通倉庫,10,4524486106545,21SJ-14K ﾚｻﾞｰｼﾞｬｹｯﾄ RD L 鉄流水雪輪,,,2024-10-30,売上,394807.0,,,1.0,12.0,株式会社JTBふるさと開発事業部            
0,共通倉庫,10,4524486106545,21SJ-14K ﾚｻﾞｰｼﾞｬｹｯﾄ RD L 鉄流水雪輪,,,2024-11-27,売上,396973.0,,,1.0,11.0,ﾗｲｺﾗﾝﾄﾞ TokyoBay東雲店                   2003 株式会社 ｺｼﾀﾞﾃｯｸ
0,共通倉庫,10,4524486106545,21SJ-14K ﾚｻﾞｰｼﾞｬｹｯﾄ RD L 鉄流水雪輪,,,2024-12-06,売上,397612.0,,,1.0,,株式会社JTBふるさと開発事業部            
0,共通倉庫,10,4524486106545,21SJ-14K ﾚｻﾞｰｼﾞｬｹｯﾄ RD L 鉄流水雪輪,,,2024-12-06,売上,397643.0,,,1.0,9.0,いちげん                                 
0,共通倉庫,10,4524486106545,21SJ-14K ﾚｻﾞｰｼﾞｬｹｯﾄ RD L 鉄流水雪輪,,,2024-12-23,売上,398912.0,,,1.0,7.0,ﾅｯﾌﾟｽ 岡山店                             20
0,共通倉庫,10,4524486106545,21SJ-14K ﾚｻﾞｰｼﾞｬｹｯﾄ RD L 鉄流水雪輪,,,2024-12-27,売上,399362.0,,,1.0,,いちげん                                 
0,共通倉庫,10,4524486106545,21SJ-14K ﾚｻﾞｰｼﾞｬｹｯﾄ RD L 鉄流水雪輪,,,2024-12-27,売上,399420.0,,,1.0,5.0,株式会社JTBふるさと開発事業部            
0,共通倉庫,10,4524486106545,21SJ-14K ﾚｻﾞｰｼﾞｬｹｯﾄ RD L 鉄流水雪輪,,,2025-01-16,売上,400572.0,,,1.0,3.0,株式会社JTBふるさと開発事業部            
0,共通倉庫,10,4524486106545,21SJ-14K ﾚｻﾞｰｼﾞｬｹｯﾄ RD L 鉄流水雪輪,,,2025-01-17,売上,400660.0,,,1.0,2.0,株式会社JTBふるさと開発事業部            
0,共通倉庫,10,4524486106545,21SJ-14K ﾚｻﾞｰｼﾞｬｹｯﾄ RD L 鉄流水雪輪,,,2025-01-20,売上,400809.0,,,1.0,1.0,いちげん                                 
0,共通倉庫,10,4524486106545,21SJ-14K ﾚｻﾞｰｼﾞｬｹｯﾄ RD L 鉄流水雪輪,,,2025-01-27,売上,401195.0,,,1.0,0.0,株式会社ｺﾞｯﾄﾞﾌﾞﾘﾝｸ                       godblinc shop
0,共通倉庫,10,4524486106545,21SJ-14K ﾚｻﾞｰｼﾞｬｹｯﾄ RD L 鉄流水雪輪,,,2025-02-05,仕入,35149.0,7579.0,6.0,,6.0,IHSAN                                    
0,共通倉庫,10,4524486106545,21SJ-14K ﾚｻﾞｰｼﾞｬｹｯﾄ RD L 鉄流水雪輪,,,2025-02-06,売上,401713.0,,,1.0,,いちげん                                 
0,共通倉庫,10,4524486106545,21SJ-14K ﾚｻﾞｰｼﾞｬｹｯﾄ RD L 鉄流水雪輪,,,2025-02-06,売上,401744.0,,,1.0,4.0,株式会社ﾘﾊﾞｰｸﾚｲﾝ                         
0,共通倉庫,10,4524486106545,21SJ-14K ﾚｻﾞｰｼﾞｬｹｯﾄ RD L 鉄流水雪輪,,,2025-02-17,売上,402229.0,,,1.0,3.0,いちげん                                 
0,共通倉庫,10,4524486106545,21SJ-14K ﾚｻﾞｰｼﾞｬｹｯﾄ RD L 鉄流水雪輪,,,2025-02-18,売上,402387.0,,,1.0,2.0,いちげん                                 
0,共通倉庫,10,4524486106545,21SJ-14K ﾚｻﾞｰｼﾞｬｹｯﾄ RD L 鉄流水雪輪,,,2025-02-20,売上,402506.0,,,-1.0,3.0,いちげん                                 
0,共通倉庫,10,4524486106545,21SJ-14K ﾚｻﾞｰｼﾞｬｹｯﾄ RD L 鉄流水雪輪,,,2025-03-24,仕入,35469.0,7249.0,2.0,,5.0,IHSAN                                    
0,共通倉庫,10,4524486106545,21SJ-14K ﾚｻﾞｰｼﾞｬｹｯﾄ RD L 鉄流水雪輪,,,2025-03-27,売上,405015.0,,,1.0,4.0,ﾅｯﾌﾟｽ 岡山店                             20
0,共通倉庫,10,4524486106545,21SJ-14K ﾚｻﾞｰｼﾞｬｹｯﾄ RD L 鉄流水雪輪,,,2025-04-02,売上,405514.0,,,1.0,3.0,いちげん                                 
0,共通倉庫,10,4524486106545,21SJ-14K ﾚｻﾞｰｼﾞｬｹｯﾄ RD L 鉄流水雪輪,,,2025-04-18,売上,406841.0,,,1.0,2.0,株式会社JTBふるさと開発事業部            
0,共通倉庫,10,4524486106545,21SJ-14K ﾚｻﾞｰｼﾞｬｹｯﾄ RD L 鉄流水雪輪,,,2025-05-20,仕入,35896.0,6893.0,5.0,,7.0,IHSAN                                    
0,共通倉庫,10,4524486106545,21SJ-14K ﾚｻﾞｰｼﾞｬｹｯﾄ RD L 鉄流水雪輪,,,2025-05-23,売上,409880.0,,,1.0,5.0,いちげん                                 
0,共通倉庫,10,4524486106545,21SJ-14K ﾚｻﾞｰｼﾞｬｹｯﾄ RD L 鉄流水雪輪,,,2025-05-26,売上,410028.0,,,1.0,4.0,いちげん                                 
0,共通倉庫,10,4524486106545,21SJ-14K ﾚｻﾞｰｼﾞｬｹｯﾄ RD L 鉄流水雪輪,,,2025-06-05,売上,410798.0,,,1.0,3.0,ﾓﾄﾌｨｰﾙﾄﾞ ﾄﾞｯｶｰｽﾞ大阪店                   株式会社ﾜｰｽﾜｲﾙ
0,共通倉庫,10,4524486106545,21SJ-14K ﾚｻﾞｰｼﾞｬｹｯﾄ RD L 鉄流水雪輪,,,2025-06-19,売上,412009.0,,,1.0,2.0,Riderment Company                        
0,共通倉庫,10,4524486106545,21SJ-14K ﾚｻﾞｰｼﾞｬｹｯﾄ RD L 鉄流水雪輪,,,2025-07-02,売上,412918.0,,,1.0,1.0,"YOULUN CO.,LTD                           "
0,共通倉庫,10,4524486106545,21SJ-14K ﾚｻﾞｰｼﾞｬｹｯﾄ RD L 鉄流水雪輪,,,2025-07-14,売上,413798.0,,,1.0,0.0,いちげん                                 
0,共通倉庫,10,4524486106545,21SJ-14K ﾚｻﾞｰｼﾞｬｹｯﾄ RD L 鉄流水雪輪,,,2025-08-26,仕入,36612.0,7162.0,15.0,,15.0,IHSAN                                    
0,共通倉庫,10,4524486106545,21SJ-14K ﾚｻﾞｰｼﾞｬｹｯﾄ RD L 鉄流水雪輪,,,2025-09-01,売上,417146.0,,,1.0,14.0,いちげん                                 
0,共通倉庫,10,4524486106545,21SJ-14K ﾚｻﾞｰｼﾞｬｹｯﾄ RD L 鉄流水雪輪,,,2025-09-02,売上,417212.0,,,1.0,,ﾗｲｺﾗﾝﾄﾞ TokyoBay東雲店                   2003 株式会社 ｺｼﾀﾞﾃｯｸ
0,共通倉庫,10,4524486106545,21SJ-14K ﾚｻﾞｰｼﾞｬｹｯﾄ RD L 鉄流水雪輪,,,2025-09-14,売上,418315.0,,,1.0,11.0,デグナー京都本店                         
0,共通倉庫,10,4524486106545,21SJ-14K ﾚｻﾞｰｼﾞｬｹｯﾄ RD L 鉄流水雪輪,,,2025-10-22,仕入,36948.0,7105.0,5.0,,15.0,IHSAN                                    
0,共通倉庫,10,4524486106545,21SJ-14K ﾚｻﾞｰｼﾞｬｹｯﾄ RD L 鉄流水雪輪,,,2025-11-05,売上,422698.0,,,1.0,,ﾗｲｺﾗﾝﾄﾞ TokyoBay東雲店                   2003 株式会社 ｺｼﾀﾞﾃｯｸ
0,共通倉庫,10,4524486106545,21SJ-14K ﾚｻﾞｰｼﾞｬｹｯﾄ RD L 鉄流水雪輪,,,2025-11-05,売上,422757.0,,,1.0,13.0,いちげん                                 
0,共通倉庫,10,4524486106545,21SJ-14K ﾚｻﾞｰｼﾞｬｹｯﾄ RD L 鉄流水雪輪,,,2025-11-28,売上,424678.0,,,1.0,12.0,いちげん                                 
0,共通倉庫,10,4524486106545,21SJ-14K ﾚｻﾞｰｼﾞｬｹｯﾄ RD L 鉄流水雪輪,,,2025-12-01,仕入,37154.0,7610.0,2.0,,14.0,IHSAN                                    
0,共通倉庫,10,4524486106545,21SJ-14K ﾚｻﾞｰｼﾞｬｹｯﾄ RD L 鉄流水雪輪,,,2025-12-05,売上,425214.0,,,1.0,13.0,株式会社JTBふるさと開発事業部            
0,共通倉庫,10,4524486106545,21SJ-14K ﾚｻﾞｰｼﾞｬｹｯﾄ RD L 鉄流水雪輪,,,2025-12-12,売上,425828.0,,,1.0,12.0,ﾅｯﾌﾟｽ台湾新北店                          
0,共通倉庫,10,4524486106545,21SJ-14K ﾚｻﾞｰｼﾞｬｹｯﾄ RD L 鉄流水雪輪,,,2025-12-16,売上,426237.0,,,1.0,,株式会社JTBふるさと開発事業部            
0,共通倉庫,10,4524486106545,21SJ-14K ﾚｻﾞｰｼﾞｬｹｯﾄ RD L 鉄流水雪輪,,,2025-12-16,売上,426237.0,,,1.0,10.0,株式会社JTBふるさと開発事業部            
0,共通倉庫,10,4524486106545,21SJ-14K ﾚｻﾞｰｼﾞｬｹｯﾄ RD L 鉄流水雪輪,,,2025-12-18,売上,426356.0,,,1.0,9.0,ﾗｲｺﾗﾝﾄﾞ TokyoBay東雲店                   2003 株式会社 ｺｼﾀﾞﾃｯｸ
0,共通倉庫,10,4524486106545,21SJ-14K ﾚｻﾞｰｼﾞｬｹｯﾄ RD L 鉄流水雪輪,,,2026-01-12,売上,427755.0,,,1.0,8.0,デグナー京都本店                         
0,共通倉庫,10,4524486106545,21SJ-14K ﾚｻﾞｰｼﾞｬｹｯﾄ RD L 鉄流水雪輪,,,2026-01-26,売上,428628.0,,,1.0,7.0,ANSIN MOTO CO.                           
0,共通倉庫,10,4524486106545,21SJ-14K ﾚｻﾞｰｼﾞｬｹｯﾄ RD L 鉄流水雪輪,,,2026-02-02,売上,429027.0,,,1.0,6.0,いちげん                                 
0,共通倉庫,10,4524486106545,21SJ-14K ﾚｻﾞｰｼﾞｬｹｯﾄ RD L 鉄流水雪輪,,,2026-03-31,仕入,37852.0,7249.0,4.0,,,IHSAN                                    
0,共通倉庫,10,4524486106545,21SJ-14K ﾚｻﾞｰｼﾞｬｹｯﾄ RD L 鉄流水雪輪,,,2026-03-31,仕入,37855.0,7610.0,1.0,,10.0,IHSAN                                    
0,共通倉庫,10,4524486106552,21SJ-14K ﾚｻﾞｰｼﾞｬｹｯﾄ RD XL 鉄流水雪輪,,,2023-12-19,仕入,32954.0,6975.0,10.0,,10.0,IHSAN                                    
0,共通倉庫,10,4524486106552,21SJ-14K ﾚｻﾞｰｼﾞｬｹｯﾄ RD XL 鉄流水雪輪,,,2023-12-27,出荷,10882.0,,,1.0,9.0,棚卸し調整                               
0,共通倉庫,10,4524486106552,21SJ-14K ﾚｻﾞｰｼﾞｬｹｯﾄ RD XL 鉄流水雪輪,,,2024-01-07,売上,376312.0,,,1.0,8.0,デグナー京都本店                         
0,共通倉庫,10,4524486106552,21SJ-14K ﾚｻﾞｰｼﾞｬｹｯﾄ RD XL 鉄流水雪輪,,,2024-01-23,売上,377133.0,,,1.0,6.0,南海部品株式会社                         
0,共通倉庫,10,4524486106552,21SJ-14K ﾚｻﾞｰｼﾞｬｹｯﾄ RD XL 鉄流水雪輪,,,2024-02-05,売上,377547.0,,,1.0,4.0,ﾗｲｺﾗﾝﾄﾞ TokyoBay東雲店                   2003 株式会社 ｺｼﾀﾞﾃｯｸ
0,共通倉庫,10,4524486106552,21SJ-14K ﾚｻﾞｰｼﾞｬｹｯﾄ RD XL 鉄流水雪輪,,,2024-03-01,売上,378922.0,,,1.0,3.0,ﾗｲｺﾗﾝﾄﾞ 柏店                             1001 株式会社ﾗｲﾀﾞｰｽﾞ・ｻﾎﾟｰﾄ・ｶﾝﾊﾟﾆｰ
0,共通倉庫,10,4524486106552,21SJ-14K ﾚｻﾞｰｼﾞｬｹｯﾄ RD XL 鉄流水雪輪,,,2024-04-18,売上,381978.0,,,1.0,1.0,ﾗｲｺﾗﾝﾄﾞ TokyoBay東雲店                   2003 株式会社 ｺｼﾀﾞﾃｯｸ
0,共通倉庫,10,4524486106552,21SJ-14K ﾚｻﾞｰｼﾞｬｹｯﾄ RD XL 鉄流水雪輪,,,2024-04-23,売上,382322.0,,,1.0,0.0,いちげん                                 
0,共通倉庫,10,4524486106552,21SJ-14K ﾚｻﾞｰｼﾞｬｹｯﾄ RD XL 鉄流水雪輪,,,2024-06-14,仕入,33934.0,7547.0,3.0,,,IHSAN                                    
0,共通倉庫,10,4524486106552,21SJ-14K ﾚｻﾞｰｼﾞｬｹｯﾄ RD XL 鉄流水雪輪,,,2024-07-19,売上,388333.0,,,1.0,0.0,ﾅｯﾌﾟｽ 東大阪店                           26
0,共通倉庫,10,4524486106552,21SJ-14K ﾚｻﾞｰｼﾞｬｹｯﾄ RD XL 鉄流水雪輪,,,2024-08-07,仕入,34261.0,7635.0,10.0,,10.0,IHSAN                                    
0,共通倉庫,10,4524486106552,21SJ-14K ﾚｻﾞｰｼﾞｬｹｯﾄ RD XL 鉄流水雪輪,,,2024-08-13,売上,389741.0,,,1.0,9.0,ﾗｲｺﾗﾝﾄﾞ TokyoBay東雲店                   2003 株式会社 ｺｼﾀﾞﾃｯｸ
0,共通倉庫,10,4524486106552,21SJ-14K ﾚｻﾞｰｼﾞｬｹｯﾄ RD XL 鉄流水雪輪,,,2024-08-14,売上,389886.0,,,1.0,8.0,いちげん                                 
0,共通倉庫,10,4524486106552,21SJ-14K ﾚｻﾞｰｼﾞｬｹｯﾄ RD XL 鉄流水雪輪,,,2024-08-23,売上,390383.0,,,-1.0,9.0,いちげん                                 
0,共通倉庫,10,4524486106552,21SJ-14K ﾚｻﾞｰｼﾞｬｹｯﾄ RD XL 鉄流水雪輪,,,2024-09-02,売上,390777.0,,,1.0,,南海部品 小山店                          3003 株式会社 ｺｼﾀﾞﾃｯｸ
0,共通倉庫,10,4524486106552,21SJ-14K ﾚｻﾞｰｼﾞｬｹｯﾄ RD XL 鉄流水雪輪,,,2024-09-02,売上,390795.0,,,1.0,7.0,ﾅｯﾌﾟｽ 東大阪店                           26
0,共通倉庫,10,4524486106552,21SJ-14K ﾚｻﾞｰｼﾞｬｹｯﾄ RD XL 鉄流水雪輪,,,2024-09-10,仕入,34428.0,7105.0,3.0,,10.0,IHSAN                                    
0,共通倉庫,10,4524486106552,21SJ-14K ﾚｻﾞｰｼﾞｬｹｯﾄ RD XL 鉄流水雪輪,,,2024-09-26,売上,392323.0,,,1.0,9.0,ﾅｯﾌﾟｽ 座間店                             25
0,共通倉庫,10,4524486106552,21SJ-14K ﾚｻﾞｰｼﾞｬｹｯﾄ RD XL 鉄流水雪輪,,,2024-10-10,売上,393264.0,,,1.0,7.0,帝都産業 株式会社                        EC/海外事業部
0,共通倉庫,10,4524486106552,21SJ-14K ﾚｻﾞｰｼﾞｬｹｯﾄ RD XL 鉄流水雪輪,,,2024-11-27,売上,396908.0,,,1.0,4.0,ｽﾀｰｼｰｽﾞ株式会社                          
0,共通倉庫,10,4524486106552,21SJ-14K ﾚｻﾞｰｼﾞｬｹｯﾄ RD XL 鉄流水雪輪,,,2024-12-02,売上,397217.0,,,1.0,3.0,ﾗｲｺﾗﾝﾄﾞ 新潟店                           2031 株式会社 ｺｼﾀﾞﾃｯｸ
0,共通倉庫,10,4524486106552,21SJ-14K ﾚｻﾞｰｼﾞｬｹｯﾄ RD XL 鉄流水雪輪,,,2024-12-06,売上,397611.0,,,1.0,2.0,株式会社JTBふるさと開発事業部            
0,共通倉庫,10,4524486106552,21SJ-14K ﾚｻﾞｰｼﾞｬｹｯﾄ RD XL 鉄流水雪輪,,,2024-12-13,売上,398173.0,,,1.0,0.0,ﾗｲｺﾗﾝﾄﾞ TokyoBay東雲店                   2003 株式会社 ｺｼﾀﾞﾃｯｸ
0,共通倉庫,10,4524486106552,21SJ-14K ﾚｻﾞｰｼﾞｬｹｯﾄ RD XL 鉄流水雪輪,,,2024-12-28,仕入,35009.0,7594.0,4.0,,4.0,IHSAN                                    
0,共通倉庫,10,4524486106552,21SJ-14K ﾚｻﾞｰｼﾞｬｹｯﾄ RD XL 鉄流水雪輪,,,2025-01-07,出荷,11465.0,,,1.0,3.0,棚卸し調整                               
0,共通倉庫,10,4524486106552,21SJ-14K ﾚｻﾞｰｼﾞｬｹｯﾄ RD XL 鉄流水雪輪,,,2025-01-16,売上,400535.0,,,1.0,2.0,株式会社JTBふるさと開発事業部            
0,共通倉庫,10,4524486106552,21SJ-14K ﾚｻﾞｰｼﾞｬｹｯﾄ RD XL 鉄流水雪輪,,,2025-01-22,売上,400906.0,,,1.0,1.0,株式会社JTBふるさと開発事業部            
0,共通倉庫,10,4524486106552,21SJ-14K ﾚｻﾞｰｼﾞｬｹｯﾄ RD XL 鉄流水雪輪,,,2025-01-31,売上,401362.0,,,1.0,0.0,株式会社JTBふるさと開発事業部            
0,共通倉庫,10,4524486106552,21SJ-14K ﾚｻﾞｰｼﾞｬｹｯﾄ RD XL 鉄流水雪輪,,,2025-02-05,仕入,35147.0,7579.0,5.0,,,IHSAN                                    
0,共通倉庫,10,4524486106552,21SJ-14K ﾚｻﾞｰｼﾞｬｹｯﾄ RD XL 鉄流水雪輪,,,2025-02-05,仕入,35149.0,7579.0,6.0,,,IHSAN                                    
0,共通倉庫,10,4524486106552,21SJ-14K ﾚｻﾞｰｼﾞｬｹｯﾄ RD XL 鉄流水雪輪,,,2025-02-06,売上,401695.0,,,1.0,9.0,南海部品株式会社                         
0,共通倉庫,10,4524486106552,21SJ-14K ﾚｻﾞｰｼﾞｬｹｯﾄ RD XL 鉄流水雪輪,,,2025-02-17,売上,402252.0,,,1.0,8.0,いちげん                                 
0,共通倉庫,10,4524486106552,21SJ-14K ﾚｻﾞｰｼﾞｬｹｯﾄ RD XL 鉄流水雪輪,,,2025-02-20,売上,402506.0,,,1.0,7.0,いちげん                                 
0,共通倉庫,10,4524486106552,21SJ-14K ﾚｻﾞｰｼﾞｬｹｯﾄ RD XL 鉄流水雪輪,,,2025-02-26,売上,402768.0,,,1.0,6.0,ﾗｲｺﾗﾝﾄﾞ 柏店                             1001 株式会社ﾗｲﾀﾞｰｽﾞ・ｻﾎﾟｰﾄ・ｶﾝﾊﾟﾆｰ
0,共通倉庫,10,4524486106552,21SJ-14K ﾚｻﾞｰｼﾞｬｹｯﾄ RD XL 鉄流水雪輪,,,2025-03-07,売上,403531.0,,,1.0,5.0,いちげん                                 
0,共通倉庫,10,4524486106552,21SJ-14K ﾚｻﾞｰｼﾞｬｹｯﾄ RD XL 鉄流水雪輪,,,2025-03-27,売上,405039.0,,,1.0,4.0,ﾗｲｺﾗﾝﾄﾞ TokyoBay東雲店                   2003 株式会社 ｺｼﾀﾞﾃｯｸ
0,共通倉庫,10,4524486106552,21SJ-14K ﾚｻﾞｰｼﾞｬｹｯﾄ RD XL 鉄流水雪輪,,,2025-04-10,売上,406250.0,,,1.0,3.0,ANSIN MOTO CO.                           
0,共通倉庫,10,4524486106552,21SJ-14K ﾚｻﾞｰｼﾞｬｹｯﾄ RD XL 鉄流水雪輪,,,2025-04-19,売上,406872.0,,,1.0,2.0,デグナー京都本店                         
0,共通倉庫,10,4524486106552,21SJ-14K ﾚｻﾞｰｼﾞｬｹｯﾄ RD XL 鉄流水雪輪,,,2025-04-22,売上,407060.0,,,1.0,1.0,ﾗｲｺﾗﾝﾄﾞ TokyoBay東雲店                   2003 株式会社 ｺｼﾀﾞﾃｯｸ
0,共通倉庫,10,4524486106552,21SJ-14K ﾚｻﾞｰｼﾞｬｹｯﾄ RD XL 鉄流水雪輪,,,2025-05-20,仕入,35896.0,6893.0,5.0,,6.0,IHSAN                                    
0,共通倉庫,10,4524486106552,21SJ-14K ﾚｻﾞｰｼﾞｬｹｯﾄ RD XL 鉄流水雪輪,,,2025-06-23,売上,412176.0,,,1.0,5.0,株式会社JTBふるさと開発事業部            
0,共通倉庫,10,4524486106552,21SJ-14K ﾚｻﾞｰｼﾞｬｹｯﾄ RD XL 鉄流水雪輪,,,2025-08-26,仕入,36612.0,7162.0,7.0,,12.0,IHSAN                                    
0,共通倉庫,10,4524486106552,21SJ-14K ﾚｻﾞｰｼﾞｬｹｯﾄ RD XL 鉄流水雪輪,,,2025-08-29,売上,416952.0,,,1.0,11.0,ﾅｯﾌﾟｽ ﾍﾞｲｻｲﾄﾞ幸浦店                      15
0,共通倉庫,10,4524486106552,21SJ-14K ﾚｻﾞｰｼﾞｬｹｯﾄ RD XL 鉄流水雪輪,,,2025-09-24,売上,419166.0,,,1.0,,ﾗｲｺﾗﾝﾄﾞ 柏店                             1001 株式会社ﾗｲﾀﾞｰｽﾞ・ｻﾎﾟｰﾄ・ｶﾝﾊﾟﾆｰ
0,共通倉庫,10,4524486106552,21SJ-14K ﾚｻﾞｰｼﾞｬｹｯﾄ RD XL 鉄流水雪輪,,,2025-09-24,売上,419178.0,,,1.0,9.0,ﾊﾟｰｸｱｯﾌﾟ株式会社                         
0,共通倉庫,10,4524486106552,21SJ-14K ﾚｻﾞｰｼﾞｬｹｯﾄ RD XL 鉄流水雪輪,,,2025-09-30,売上,419724.0,,,1.0,8.0,ﾅｯﾌﾟｽ ﾍﾞｲｻｲﾄﾞ幸浦店                      15
0,共通倉庫,10,4524486106552,21SJ-14K ﾚｻﾞｰｼﾞｬｹｯﾄ RD XL 鉄流水雪輪,,,2025-10-02,売上,419937.0,,,1.0,7.0,横浜ﾌﾙﾌｨﾙﾒﾝﾄｾﾝﾀｰ                         株式会社ﾘﾊﾞｰｸﾚｲﾝ
0,共通倉庫,10,4524486106552,21SJ-14K ﾚｻﾞｰｼﾞｬｹｯﾄ RD XL 鉄流水雪輪,,,2025-10-21,売上,421522.0,,,1.0,6.0,ﾗｲｺﾗﾝﾄﾞ 柏店                             1001 株式会社ﾗｲﾀﾞｰｽﾞ・ｻﾎﾟｰﾄ・ｶﾝﾊﾟﾆｰ
0,共通倉庫,10,4524486106552,21SJ-14K ﾚｻﾞｰｼﾞｬｹｯﾄ RD XL 鉄流水雪輪,,,2025-10-22,仕入,36948.0,7579.0,8.0,,,IHSAN                                    
0,共通倉庫,10,4524486106552,21SJ-14K ﾚｻﾞｰｼﾞｬｹｯﾄ RD XL 鉄流水雪輪,,,2025-10-22,売上,421666.0,,,1.0,13.0,いちげん                                 
0,共通倉庫,10,4524486106552,21SJ-14K ﾚｻﾞｰｼﾞｬｹｯﾄ RD XL 鉄流水雪輪,,,2025-10-24,売上,421842.0,,,1.0,12.0,デグナー京都本店                         
0,共通倉庫,10,4524486106552,21SJ-14K ﾚｻﾞｰｼﾞｬｹｯﾄ RD XL 鉄流水雪輪,,,2025-10-29,売上,422158.0,,,1.0,11.0,株式会社JTBふるさと開発事業部            
0,共通倉庫,10,4524486106552,21SJ-14K ﾚｻﾞｰｼﾞｬｹｯﾄ RD XL 鉄流水雪輪,,,2025-11-01,売上,422421.0,,,1.0,10.0,デグナー京都本店                         
0,共通倉庫,10,4524486106552,21SJ-14K ﾚｻﾞｰｼﾞｬｹｯﾄ RD XL 鉄流水雪輪,,,2025-11-05,売上,422645.0,,,1.0,9.0,ﾗｲｺﾗﾝﾄﾞ 柏店                             1001 株式会社ﾗｲﾀﾞｰｽﾞ・ｻﾎﾟｰﾄ・ｶﾝﾊﾟﾆｰ
0,共通倉庫,10,4524486106552,21SJ-14K ﾚｻﾞｰｼﾞｬｹｯﾄ RD XL 鉄流水雪輪,,,2025-11-17,売上,423781.0,,,1.0,8.0,デグナー京都本店                         
0,共通倉庫,10,4524486106552,21SJ-14K ﾚｻﾞｰｼﾞｬｹｯﾄ RD XL 鉄流水雪輪,,,2025-12-01,仕入,37154.0,7610.0,8.0,,16.0,IHSAN                                    
0,共通倉庫,10,4524486106552,21SJ-14K ﾚｻﾞｰｼﾞｬｹｯﾄ RD XL 鉄流水雪輪,,,2025-12-16,売上,426237.0,,,1.0,15.0,株式会社JTBふるさと開発事業部            
0,共通倉庫,10,4524486106552,21SJ-14K ﾚｻﾞｰｼﾞｬｹｯﾄ RD XL 鉄流水雪輪,,,2025-12-23,売上,426632.0,,,1.0,14.0,ﾅｯﾌﾟｽ ﾍﾞｲｻｲﾄﾞ幸浦店                      15
0,共通倉庫,10,4524486106552,21SJ-14K ﾚｻﾞｰｼﾞｬｹｯﾄ RD XL 鉄流水雪輪,,,2025-12-26,売上,426819.0,,,1.0,13.0,株式会社JTBふるさと開発事業部            
0,共通倉庫,10,4524486106552,21SJ-14K ﾚｻﾞｰｼﾞｬｹｯﾄ RD XL 鉄流水雪輪,,,2026-02-18,売上,429935.0,,,1.0,11.0,デグナー京都本店                         
0,共通倉庫,10,4524486106552,21SJ-14K ﾚｻﾞｰｼﾞｬｹｯﾄ RD XL 鉄流水雪輪,,,2026-03-27,売上,432752.0,,,1.0,10.0,デグナー京都本店                         
0,共通倉庫,10,4524486106552,21SJ-14K ﾚｻﾞｰｼﾞｬｹｯﾄ RD XL 鉄流水雪輪,,,2026-03-31,仕入,37852.0,7579.0,3.0,,,IHSAN                                    
0,共通倉庫,10,4524486106552,21SJ-14K ﾚｻﾞｰｼﾞｬｹｯﾄ RD XL 鉄流水雪輪,,,2026-03-31,仕入,37855.0,6893.0,7.0,,20.0,IHSAN                                    
0,共通倉庫,10,4524486106552,21SJ-14K ﾚｻﾞｰｼﾞｬｹｯﾄ RD XL 鉄流水雪輪,,,2026-04-02,売上,433129.0,,,1.0,19.0,ﾗｲｺﾗﾝﾄﾞ 柏店                             1001 株式会社ﾗｲﾀﾞｰｽﾞ・ｻﾎﾟｰﾄ・ｶﾝﾊﾟﾆｰ
0,共通倉庫,10,4524486106590,21SJ-14K ﾚｻﾞｰｼﾞｬｹｯﾄ BK L 百鬼夜行,,,2024-01-24,仕入,33162.0,6841.0,3.0,,3.0,IHSAN                                    
0,共通倉庫,10,4524486106590,21SJ-14K ﾚｻﾞｰｼﾞｬｹｯﾄ BK L 百鬼夜行,,,2024-03-30,売上,380637.0,,,1.0,1.0,デグナー京都本店                         
0,共通倉庫,10,4524486106590,21SJ-14K ﾚｻﾞｰｼﾞｬｹｯﾄ BK L 百鬼夜行,,,2024-04-27,売上,382619.0,,,1.0,0.0,デグナー京都本店                         
0,共通倉庫,10,4524486107559,21SJ-14K ﾚｻﾞｰｼﾞｬｹｯﾄ NV M 鉄流水雪輪,,,2024-03-06,仕入,33378.0,7502.0,10.0,,10.0,IHSAN                                    
0,共通倉庫,10,4524486107559,21SJ-14K ﾚｻﾞｰｼﾞｬｹｯﾄ NV M 鉄流水雪輪,,,2024-03-18,売上,379819.0,,,1.0,8.0,南海部品株式会社                         
0,共通倉庫,10,4524486107559,21SJ-14K ﾚｻﾞｰｼﾞｬｹｯﾄ NV M 鉄流水雪輪,,,2024-04-17,売上,381866.0,,,1.0,7.0,ﾅｯﾌﾟｽ 足立店                             10
0,共通倉庫,10,4524486107559,21SJ-14K ﾚｻﾞｰｼﾞｬｹｯﾄ NV M 鉄流水雪輪,,,2024-05-07,仕入,33745.0,7724.0,6.0,,13.0,IHSAN                                    
0,共通倉庫,10,4524486107559,21SJ-14K ﾚｻﾞｰｼﾞｬｹｯﾄ NV M 鉄流水雪輪,,,2024-05-26,売上,384594.0,,,1.0,12.0,デグナー京都本店                         
0,共通倉庫,10,4524486107559,21SJ-14K ﾚｻﾞｰｼﾞｬｹｯﾄ NV M 鉄流水雪輪,,,2024-06-03,売上,385177.0,,,1.0,11.0,ﾅｯﾌﾟｽ 岡山店                             20
0,共通倉庫,10,4524486107559,21SJ-14K ﾚｻﾞｰｼﾞｬｹｯﾄ NV M 鉄流水雪輪,,,2024-06-14,仕入,33931.0,7780.0,2.0,,13.0,IHSAN                                    
0,共通倉庫,10,4524486107559,21SJ-14K ﾚｻﾞｰｼﾞｬｹｯﾄ NV M 鉄流水雪輪,,,2024-08-01,売上,389149.0,,,1.0,12.0,株式会社ﾘﾊﾞｰｸﾚｲﾝ                         
0,共通倉庫,10,4524486107559,21SJ-14K ﾚｻﾞｰｼﾞｬｹｯﾄ NV M 鉄流水雪輪,,,2024-09-03,売上,390951.0,,,-1.0,13.0,ﾅｯﾌﾟｽ 岡山店                             20
0,共通倉庫,10,4524486107559,21SJ-14K ﾚｻﾞｰｼﾞｬｹｯﾄ NV M 鉄流水雪輪,,,2024-10-28,売上,394662.0,,,1.0,12.0,いちげん                                 
0,共通倉庫,10,4524486107559,21SJ-14K ﾚｻﾞｰｼﾞｬｹｯﾄ NV M 鉄流水雪輪,,,2025-01-06,売上,399844.0,,,1.0,11.0,南海部品株式会社                         
0,共通倉庫,10,4524486107559,21SJ-14K ﾚｻﾞｰｼﾞｬｹｯﾄ NV M 鉄流水雪輪,,,2025-01-30,売上,401303.0,,,1.0,10.0,いちげん                                 
0,共通倉庫,10,4524486107559,21SJ-14K ﾚｻﾞｰｼﾞｬｹｯﾄ NV M 鉄流水雪輪,,,2025-02-27,売上,402931.0,,,1.0,9.0,いちげん                                 
0,共通倉庫,10,4524486107559,21SJ-14K ﾚｻﾞｰｼﾞｬｹｯﾄ NV M 鉄流水雪輪,,,2025-03-26,売上,404894.0,,,1.0,8.0,いちげん                                 
0,共通倉庫,10,4524486107559,21SJ-14K ﾚｻﾞｰｼﾞｬｹｯﾄ NV M 鉄流水雪輪,,,2025-07-07,売上,413284.0,,,1.0,6.0,いちげん                                 
0,共通倉庫,10,4524486107559,21SJ-14K ﾚｻﾞｰｼﾞｬｹｯﾄ NV M 鉄流水雪輪,,,2025-08-13,売上,416026.0,,,1.0,5.0,いちげん                                 
0,共通倉庫,10,4524486107559,21SJ-14K ﾚｻﾞｰｼﾞｬｹｯﾄ NV M 鉄流水雪輪,,,2025-08-28,売上,416938.0,,,1.0,4.0,株式会社JTBふるさと開発事業部            
0,共通倉庫,10,4524486107559,21SJ-14K ﾚｻﾞｰｼﾞｬｹｯﾄ NV M 鉄流水雪輪,,,2025-10-19,売上,421340.0,,,1.0,3.0,デグナー京都本店                         
0,共通倉庫,10,4524486107566,21SJ-14K ﾚｻﾞｰｼﾞｬｹｯﾄ NV L 鉄流水雪輪,,,2024-03-06,仕入,33378.0,7502.0,10.0,,10.0,IHSAN                                    
0,共通倉庫,10,4524486107566,21SJ-14K ﾚｻﾞｰｼﾞｬｹｯﾄ NV L 鉄流水雪輪,,,2024-03-07,売上,379280.0,,,1.0,9.0,ﾅｯﾌﾟｽ 仙台泉ｲﾝﾀｰ店                       19
0,共通倉庫,10,4524486107566,21SJ-14K ﾚｻﾞｰｼﾞｬｹｯﾄ NV L 鉄流水雪輪,,,2024-03-18,売上,379819.0,,,1.0,7.0,南海部品株式会社                         
0,共通倉庫,10,4524486107566,21SJ-14K ﾚｻﾞｰｼﾞｬｹｯﾄ NV L 鉄流水雪輪,,,2024-03-28,売上,380544.0,,,1.0,6.0,いちげん                                 
0,共通倉庫,10,4524486107566,21SJ-14K ﾚｻﾞｰｼﾞｬｹｯﾄ NV L 鉄流水雪輪,,,2024-04-01,売上,380720.0,,,1.0,5.0,株式会社ﾘﾊﾞｰｸﾚｲﾝ                         
0,共通倉庫,10,4524486107566,21SJ-14K ﾚｻﾞｰｼﾞｬｹｯﾄ NV L 鉄流水雪輪,,,2024-04-03,仕入,33588.0,7519.0,6.0,,11.0,IHSAN                                    
0,共通倉庫,10,4524486107566,21SJ-14K ﾚｻﾞｰｼﾞｬｹｯﾄ NV L 鉄流水雪輪,,,2024-05-07,仕入,33745.0,7724.0,6.0,,17.0,IHSAN                                    
0,共通倉庫,10,4524486107566,21SJ-14K ﾚｻﾞｰｼﾞｬｹｯﾄ NV L 鉄流水雪輪,,,2024-06-03,売上,385177.0,,,1.0,16.0,ﾅｯﾌﾟｽ 岡山店                             20
0,共通倉庫,10,4524486107566,21SJ-14K ﾚｻﾞｰｼﾞｬｹｯﾄ NV L 鉄流水雪輪,,,2024-09-03,売上,390951.0,,,-1.0,17.0,ﾅｯﾌﾟｽ 岡山店                             20
0,共通倉庫,10,4524486107566,21SJ-14K ﾚｻﾞｰｼﾞｬｹｯﾄ NV L 鉄流水雪輪,,,2024-10-07,売上,392987.0,,,1.0,16.0,いちげん                                 
0,共通倉庫,10,4524486107566,21SJ-14K ﾚｻﾞｰｼﾞｬｹｯﾄ NV L 鉄流水雪輪,,,2025-03-07,売上,403509.0,,,1.0,14.0,FSM TRADING (HK) LIMITED/ Rider Shop HK  
0,共通倉庫,10,4524486107566,21SJ-14K ﾚｻﾞｰｼﾞｬｹｯﾄ NV L 鉄流水雪輪,,,2025-04-16,売上,406695.0,,,1.0,13.0,いちげん                                 
0,共通倉庫,10,4524486107566,21SJ-14K ﾚｻﾞｰｼﾞｬｹｯﾄ NV L 鉄流水雪輪,,,2025-04-26,売上,407491.0,,,1.0,12.0,デグナー京都本店                         
0,共通倉庫,10,4524486107566,21SJ-14K ﾚｻﾞｰｼﾞｬｹｯﾄ NV L 鉄流水雪輪,,,2025-08-26,売上,416706.0,,,1.0,10.0,ﾅｯﾌﾟｽ 仙台泉ｲﾝﾀｰ店                       19
0,共通倉庫,10,4524486107566,21SJ-14K ﾚｻﾞｰｼﾞｬｹｯﾄ NV L 鉄流水雪輪,,,2025-08-29,売上,416952.0,,,1.0,9.0,ﾅｯﾌﾟｽ ﾍﾞｲｻｲﾄﾞ幸浦店                      15
0,共通倉庫,10,4524486107566,21SJ-14K ﾚｻﾞｰｼﾞｬｹｯﾄ NV L 鉄流水雪輪,,,2025-09-08,売上,417613.0,,,1.0,8.0,南海部品 宇都宮店                        3006 株式会社 ｺｼﾀﾞﾃｯｸ
0,共通倉庫,10,4524486107566,21SJ-14K ﾚｻﾞｰｼﾞｬｹｯﾄ NV L 鉄流水雪輪,,,2025-09-20,売上,418896.0,,,1.0,6.0,デグナー京都本店                         
0,共通倉庫,10,4524486107566,21SJ-14K ﾚｻﾞｰｼﾞｬｹｯﾄ NV L 鉄流水雪輪,,,2025-10-08,売上,420495.0,,,1.0,5.0,デグナー京都本店                         
0,共通倉庫,10,4524486107573,21SJ-14K ﾚｻﾞｰｼﾞｬｹｯﾄ NV XL 鉄流水雪輪,,,2024-03-06,仕入,33378.0,7502.0,13.0,,13.0,IHSAN                                    
0,共通倉庫,10,4524486107573,21SJ-14K ﾚｻﾞｰｼﾞｬｹｯﾄ NV XL 鉄流水雪輪,,,2024-03-18,売上,379819.0,,,1.0,10.0,南海部品株式会社                         
0,共通倉庫,10,4524486107573,21SJ-14K ﾚｻﾞｰｼﾞｬｹｯﾄ NV XL 鉄流水雪輪,,,2024-04-01,売上,380736.0,,,1.0,9.0,株式会社 ﾓﾉﾀﾞｲﾚｸﾄ                        
0,共通倉庫,10,4524486107573,21SJ-14K ﾚｻﾞｰｼﾞｬｹｯﾄ NV XL 鉄流水雪輪,,,2024-04-03,仕入,33588.0,7519.0,7.0,,16.0,IHSAN                                    
0,共通倉庫,10,4524486107573,21SJ-14K ﾚｻﾞｰｼﾞｬｹｯﾄ NV XL 鉄流水雪輪,,,2024-06-03,売上,385177.0,,,1.0,14.0,ﾅｯﾌﾟｽ 岡山店                             20
0,共通倉庫,10,4524486107573,21SJ-14K ﾚｻﾞｰｼﾞｬｹｯﾄ NV XL 鉄流水雪輪,,,2024-11-27,売上,396949.0,,,1.0,11.0,いちげん                                 
0,共通倉庫,10,4524486107573,21SJ-14K ﾚｻﾞｰｼﾞｬｹｯﾄ NV XL 鉄流水雪輪,,,2024-12-02,売上,397260.0,,,1.0,10.0,いちげん                                 
0,共通倉庫,10,4524486107573,21SJ-14K ﾚｻﾞｰｼﾞｬｹｯﾄ NV XL 鉄流水雪輪,,,2025-02-23,売上,402632.0,,,1.0,9.0,デグナー京都本店                         
0,共通倉庫,10,4524486107573,21SJ-14K ﾚｻﾞｰｼﾞｬｹｯﾄ NV XL 鉄流水雪輪,,,2025-03-14,売上,404000.0,,,1.0,8.0,いちげん                                 
0,共通倉庫,10,4524486107573,21SJ-14K ﾚｻﾞｰｼﾞｬｹｯﾄ NV XL 鉄流水雪輪,,,2025-05-30,売上,410395.0,,,1.0,7.0,いちげん                                 
0,共通倉庫,10,4524486107573,21SJ-14K ﾚｻﾞｰｼﾞｬｹｯﾄ NV XL 鉄流水雪輪,,,2025-06-19,売上,412009.0,,,1.0,6.0,Riderment Company                        
0,共通倉庫,10,4524486107740,21SJ-14K ﾚｻﾞｰｼﾞｬｹｯﾄ RD M 雲龍,,,2024-09-10,仕入,34433.0,7105.0,3.0,,3.0,IHSAN                                    
0,共通倉庫,10,4524486107740,21SJ-14K ﾚｻﾞｰｼﾞｬｹｯﾄ RD M 雲龍,,,2024-09-13,売上,391547.0,,,1.0,2.0,いちげん                                 
0,共通倉庫,10,4524486107740,21SJ-14K ﾚｻﾞｰｼﾞｬｹｯﾄ RD M 雲龍,,,2024-09-14,売上,391627.0,,,1.0,1.0,いちげん                                 
0,共通倉庫,10,4524486107740,21SJ-14K ﾚｻﾞｰｼﾞｬｹｯﾄ RD M 雲龍,,,2024-09-19,売上,391887.0,,,1.0,0.0,株式会社JTBふるさと開発事業部            
0,共通倉庫,10,4524486107740,21SJ-14K ﾚｻﾞｰｼﾞｬｹｯﾄ RD M 雲龍,,,2024-10-11,仕入,34604.0,6932.0,5.0,,5.0,IHSAN                                    
0,共通倉庫,10,4524486107740,21SJ-14K ﾚｻﾞｰｼﾞｬｹｯﾄ RD M 雲龍,,,2024-10-16,売上,393743.0,,,1.0,,いちげん                                 
0,共通倉庫,10,4524486107740,21SJ-14K ﾚｻﾞｰｼﾞｬｹｯﾄ RD M 雲龍,,,2024-10-16,売上,393746.0,,,1.0,,いちげん                                 
0,共通倉庫,10,4524486107740,21SJ-14K ﾚｻﾞｰｼﾞｬｹｯﾄ RD M 雲龍,,,2024-10-16,売上,393771.0,,,1.0,2.0,いちげん                                 
0,共通倉庫,10,4524486107740,21SJ-14K ﾚｻﾞｰｼﾞｬｹｯﾄ RD M 雲龍,,,2024-10-21,売上,394057.0,,,1.0,1.0,いちげん                                 
0,共通倉庫,10,4524486107740,21SJ-14K ﾚｻﾞｰｼﾞｬｹｯﾄ RD M 雲龍,,,2024-10-28,売上,394700.0,,,1.0,0.0,いちげん                                 
0,共通倉庫,10,4524486107757,21SJ-14K ﾚｻﾞｰｼﾞｬｹｯﾄ RD L 雲龍,,,2024-10-11,仕入,34604.0,6932.0,8.0,,8.0,IHSAN                                    
0,共通倉庫,10,4524486107757,21SJ-14K ﾚｻﾞｰｼﾞｬｹｯﾄ RD L 雲龍,,,2024-10-16,売上,393745.0,,,1.0,,いちげん                                 
0,共通倉庫,10,4524486107757,21SJ-14K ﾚｻﾞｰｼﾞｬｹｯﾄ RD L 雲龍,,,2024-10-16,売上,393773.0,,,1.0,,いちげん                                 
0,共通倉庫,10,4524486107757,21SJ-14K ﾚｻﾞｰｼﾞｬｹｯﾄ RD L 雲龍,,,2024-10-16,売上,393774.0,,,1.0,,いちげん                                 
0,共通倉庫,10,4524486107757,21SJ-14K ﾚｻﾞｰｼﾞｬｹｯﾄ RD L 雲龍,,,2024-10-16,売上,393775.0,,,1.0,4.0,いちげん                                 
0,共通倉庫,10,4524486107757,21SJ-14K ﾚｻﾞｰｼﾞｬｹｯﾄ RD L 雲龍,,,2024-10-17,売上,393909.0,,,1.0,,いちげん                                 
0,共通倉庫,10,4524486107757,21SJ-14K ﾚｻﾞｰｼﾞｬｹｯﾄ RD L 雲龍,,,2024-10-17,売上,393914.0,,,1.0,,いちげん                                 
0,共通倉庫,10,4524486107757,21SJ-14K ﾚｻﾞｰｼﾞｬｹｯﾄ RD L 雲龍,,,2024-10-17,売上,393922.0,,,1.0,1.0,いちげん                                 
0,共通倉庫,10,4524486107757,21SJ-14K ﾚｻﾞｰｼﾞｬｹｯﾄ RD L 雲龍,,,2024-10-29,売上,394782.0,,,1.0,0.0,いちげん                                 
0,共通倉庫,10,4524486107764,21SJ-14K ﾚｻﾞｰｼﾞｬｹｯﾄ RD XL 雲龍,,,2024-10-11,仕入,34604.0,6932.0,7.0,,7.0,IHSAN                                    
0,共通倉庫,10,4524486107764,21SJ-14K ﾚｻﾞｰｼﾞｬｹｯﾄ RD XL 雲龍,,,2024-10-16,売上,393747.0,,,1.0,,いちげん                                 
0,共通倉庫,10,4524486107764,21SJ-14K ﾚｻﾞｰｼﾞｬｹｯﾄ RD XL 雲龍,,,2024-10-16,売上,393748.0,,,1.0,,いちげん                                 
0,共通倉庫,10,4524486107764,21SJ-14K ﾚｻﾞｰｼﾞｬｹｯﾄ RD XL 雲龍,,,2024-10-16,売上,393749.0,,,1.0,,いちげん                                 
0,共通倉庫,10,4524486107764,21SJ-14K ﾚｻﾞｰｼﾞｬｹｯﾄ RD XL 雲龍,,,2024-10-16,売上,393750.0,,,1.0,,いちげん                                 
0,共通倉庫,10,4524486107764,21SJ-14K ﾚｻﾞｰｼﾞｬｹｯﾄ RD XL 雲龍,,,2024-10-16,売上,393752.0,,,1.0,2.0,いちげん                                 
0,共通倉庫,10,4524486107764,21SJ-14K ﾚｻﾞｰｼﾞｬｹｯﾄ RD XL 雲龍,,,2024-10-18,売上,393963.0,,,1.0,1.0,いちげん                                 
0,共通倉庫,10,4524486107764,21SJ-14K ﾚｻﾞｰｼﾞｬｹｯﾄ RD XL 雲龍,,,2024-10-23,売上,394290.0,,,1.0,0.0,いちげん                                 
0,共通倉庫,10,4524486107771,21SJ-14K ﾚｻﾞｰｼﾞｬｹｯﾄ RD LW 雲龍,,,2024-10-11,仕入,34604.0,6932.0,3.0,,3.0,IHSAN                                    
0,共通倉庫,10,4524486107771,21SJ-14K ﾚｻﾞｰｼﾞｬｹｯﾄ RD LW 雲龍,,,2024-10-16,売上,393744.0,,,1.0,,いちげん                                 
0,共通倉庫,10,4524486107771,21SJ-14K ﾚｻﾞｰｼﾞｬｹｯﾄ RD LW 雲龍,,,2024-10-16,売上,393772.0,,,1.0,1.0,いちげん                                 
0,共通倉庫,10,4524486107771,21SJ-14K ﾚｻﾞｰｼﾞｬｹｯﾄ RD LW 雲龍,,,2024-10-21,売上,394058.0,,,1.0,0.0,株式会社 ｱｸﾄﾜｰﾙﾄﾞ                        
0,共通倉庫,10,4524486109485,21SJ-14K ﾚｻﾞｰｼﾞｬｹｯﾄ BK M 鳳凰,,,2024-09-10,仕入,34439.0,6762.0,10.0,,10.0,IHSAN                                    
0,共通倉庫,10,4524486109485,21SJ-14K ﾚｻﾞｰｼﾞｬｹｯﾄ BK M 鳳凰,,,2024-09-12,売上,391437.0,,,1.0,9.0,ﾗｲｺﾗﾝﾄﾞ CuBe札幌白石店                   2015 株式会社 ｺｼﾀﾞﾃｯｸ
0,共通倉庫,10,4524486109485,21SJ-14K ﾚｻﾞｰｼﾞｬｹｯﾄ BK M 鳳凰,,,2024-09-14,売上,391616.0,,,1.0,7.0,デグナー京都本店                         
0,共通倉庫,10,4524486109485,21SJ-14K ﾚｻﾞｰｼﾞｬｹｯﾄ BK M 鳳凰,,,2024-09-24,売上,392116.0,,,1.0,6.0,ﾗｲｺﾗﾝﾄﾞ TokyoBay東雲店                   2003 株式会社 ｺｼﾀﾞﾃｯｸ
0,共通倉庫,10,4524486109485,21SJ-14K ﾚｻﾞｰｼﾞｬｹｯﾄ BK M 鳳凰,,,2024-10-02,売上,392730.0,,,1.0,5.0,ﾗｲｺﾗﾝﾄﾞ CuBe札幌白石店                   2015 株式会社 ｺｼﾀﾞﾃｯｸ
0,共通倉庫,10,4524486109485,21SJ-14K ﾚｻﾞｰｼﾞｬｹｯﾄ BK M 鳳凰,,,2024-10-19,売上,394026.0,,,1.0,4.0,販売店様ｲﾍﾞﾝﾄ                            
0,共通倉庫,10,4524486109485,21SJ-14K ﾚｻﾞｰｼﾞｬｹｯﾄ BK M 鳳凰,,,2024-10-21,売上,394149.0,,,1.0,3.0,いちげん                                 
0,共通倉庫,10,4524486109485,21SJ-14K ﾚｻﾞｰｼﾞｬｹｯﾄ BK M 鳳凰,,,2024-10-24,売上,394381.0,,,1.0,2.0,ﾅｯﾌﾟｽ 福岡店                             18
0,共通倉庫,10,4524486109485,21SJ-14K ﾚｻﾞｰｼﾞｬｹｯﾄ BK M 鳳凰,,,2024-11-13,売上,395892.0,,,-1.0,3.0,ﾅｯﾌﾟｽ 福岡店                             18
0,共通倉庫,10,4524486109485,21SJ-14K ﾚｻﾞｰｼﾞｬｹｯﾄ BK M 鳳凰,,,2024-11-24,売上,396652.0,,,1.0,2.0,デグナー京都本店                         
0,共通倉庫,10,4524486109485,21SJ-14K ﾚｻﾞｰｼﾞｬｹｯﾄ BK M 鳳凰,,,2024-11-27,売上,396973.0,,,1.0,1.0,ﾗｲｺﾗﾝﾄﾞ TokyoBay東雲店                   2003 株式会社 ｺｼﾀﾞﾃｯｸ
0,共通倉庫,10,4524486109485,21SJ-14K ﾚｻﾞｰｼﾞｬｹｯﾄ BK M 鳳凰,,,2024-12-20,出荷,11442.0,,,-1.0,2.0,棚卸し調整                               
0,共通倉庫,10,4524486109485,21SJ-14K ﾚｻﾞｰｼﾞｬｹｯﾄ BK M 鳳凰,,,2024-12-28,仕入,35010.0,7227.0,2.0,,4.0,IHSAN                                    
0,共通倉庫,10,4524486109485,21SJ-14K ﾚｻﾞｰｼﾞｬｹｯﾄ BK M 鳳凰,,,2025-01-06,売上,399800.0,,,1.0,3.0,いちげん                                 
0,共通倉庫,10,4524486109485,21SJ-14K ﾚｻﾞｰｼﾞｬｹｯﾄ BK M 鳳凰,,,2025-01-07,売上,399952.0,,,1.0,2.0,ﾗｲｺﾗﾝﾄﾞ 沖縄店                           2071 株式会社 ｺｼﾀﾞﾃｯｸ
0,共通倉庫,10,4524486109485,21SJ-14K ﾚｻﾞｰｼﾞｬｹｯﾄ BK M 鳳凰,,,2025-01-13,売上,400325.0,,,1.0,1.0,デグナー京都本店                         
0,共通倉庫,10,4524486109485,21SJ-14K ﾚｻﾞｰｼﾞｬｹｯﾄ BK M 鳳凰,,,2025-01-19,売上,400732.0,,,1.0,0.0,デグナー京都本店                         
0,共通倉庫,10,4524486109485,21SJ-14K ﾚｻﾞｰｼﾞｬｹｯﾄ BK M 鳳凰,,,2025-02-05,仕入,35144.0,7213.0,6.0,,6.0,IHSAN                                    
0,共通倉庫,10,4524486109485,21SJ-14K ﾚｻﾞｰｼﾞｬｹｯﾄ BK M 鳳凰,,,2025-02-06,売上,401685.0,,,1.0,5.0,ﾗｲｺﾗﾝﾄﾞ TokyoBay東雲店                   2003 株式会社 ｺｼﾀﾞﾃｯｸ
0,共通倉庫,10,4524486109485,21SJ-14K ﾚｻﾞｰｼﾞｬｹｯﾄ BK M 鳳凰,,,2025-02-07,売上,401786.0,,,1.0,4.0,いちげん                                 
0,共通倉庫,10,4524486109485,21SJ-14K ﾚｻﾞｰｼﾞｬｹｯﾄ BK M 鳳凰,,,2025-02-12,売上,402026.0,,,1.0,3.0,いちげん                                 
0,共通倉庫,10,4524486109485,21SJ-14K ﾚｻﾞｰｼﾞｬｹｯﾄ BK M 鳳凰,,,2025-02-17,売上,402275.0,,,1.0,2.0,ﾅｯﾌﾟｽ 一宮店                             32
0,共通倉庫,10,4524486109485,21SJ-14K ﾚｻﾞｰｼﾞｬｹｯﾄ BK M 鳳凰,,,2025-03-07,売上,403509.0,,,1.0,0.0,FSM TRADING (HK) LIMITED/ Rider Shop HK  
0,共通倉庫,10,4524486109485,21SJ-14K ﾚｻﾞｰｼﾞｬｹｯﾄ BK M 鳳凰,,,2025-03-25,仕入,35478.0,7074.0,2.0,,2.0,IHSAN                                    
0,共通倉庫,10,4524486109485,21SJ-14K ﾚｻﾞｰｼﾞｬｹｯﾄ BK M 鳳凰,,,2025-03-26,売上,404952.0,,,1.0,1.0,デグナー京都本店                         
0,共通倉庫,10,4524486109485,21SJ-14K ﾚｻﾞｰｼﾞｬｹｯﾄ BK M 鳳凰,,,2025-04-01,売上,405451.0,,,1.0,0.0,いちげん                                 
0,共通倉庫,10,4524486109485,21SJ-14K ﾚｻﾞｰｼﾞｬｹｯﾄ BK M 鳳凰,,,2025-05-20,仕入,35889.0,6727.0,5.0,,5.0,IHSAN                                    
0,共通倉庫,10,4524486109485,21SJ-14K ﾚｻﾞｰｼﾞｬｹｯﾄ BK M 鳳凰,,,2025-05-22,売上,409764.0,,,1.0,,ﾗｲｺﾗﾝﾄﾞ 新潟店                           2031 株式会社 ｺｼﾀﾞﾃｯｸ
0,共通倉庫,10,4524486109485,21SJ-14K ﾚｻﾞｰｼﾞｬｹｯﾄ BK M 鳳凰,,,2025-06-06,売上,410948.0,,,1.0,1.0,デグナー京都本店                         
0,共通倉庫,10,4524486109485,21SJ-14K ﾚｻﾞｰｼﾞｬｹｯﾄ BK M 鳳凰,,,2025-07-11,売上,413653.0,,,1.0,0.0,いちげん                                 
0,共通倉庫,10,4524486109485,21SJ-14K ﾚｻﾞｰｼﾞｬｹｯﾄ BK M 鳳凰,,,2025-07-15,仕入,36267.0,6880.0,1.0,,,IHSAN                                    
0,共通倉庫,10,4524486109485,21SJ-14K ﾚｻﾞｰｼﾞｬｹｯﾄ BK M 鳳凰,,,2025-07-15,仕入,36269.0,6880.0,12.0,,13.0,IHSAN                                    
0,共通倉庫,10,4524486109485,21SJ-14K ﾚｻﾞｰｼﾞｬｹｯﾄ BK M 鳳凰,,,2025-08-28,売上,416902.0,,,1.0,12.0,株式会社ﾘﾊﾞｰｸﾚｲﾝ                         
0,共通倉庫,10,4524486109485,21SJ-14K ﾚｻﾞｰｼﾞｬｹｯﾄ BK M 鳳凰,,,2025-09-12,売上,418195.0,,,1.0,11.0,ﾗｲｺﾗﾝﾄﾞ TokyoBay東雲店                   2003 株式会社 ｺｼﾀﾞﾃｯｸ
0,共通倉庫,10,4524486109485,21SJ-14K ﾚｻﾞｰｼﾞｬｹｯﾄ BK M 鳳凰,,,2025-09-18,売上,418757.0,,,1.0,10.0,株式会社JTBふるさと開発事業部            
0,共通倉庫,10,4524486109485,21SJ-14K ﾚｻﾞｰｼﾞｬｹｯﾄ BK M 鳳凰,,,2025-09-27,売上,419540.0,,,1.0,9.0,デグナー京都本店                         
0,共通倉庫,10,4524486109485,21SJ-14K ﾚｻﾞｰｼﾞｬｹｯﾄ BK M 鳳凰,,,2025-09-30,売上,419702.0,,,1.0,,南海部品 太田店                          3007 株式会社 ｺｼﾀﾞﾃｯｸ
0,共通倉庫,10,4524486109485,21SJ-14K ﾚｻﾞｰｼﾞｬｹｯﾄ BK M 鳳凰,,,2025-09-30,売上,419768.0,,,1.0,,株式会社JTBふるさと開発事業部            
0,共通倉庫,10,4524486109485,21SJ-14K ﾚｻﾞｰｼﾞｬｹｯﾄ BK M 鳳凰,,,2025-09-30,売上,419782.0,,,1.0,6.0,株式会社JTBふるさと開発事業部            
0,共通倉庫,10,4524486109485,21SJ-14K ﾚｻﾞｰｼﾞｬｹｯﾄ BK M 鳳凰,,,2025-10-08,売上,420492.0,,,1.0,5.0,デグナー京都本店                         
0,共通倉庫,10,4524486109485,21SJ-14K ﾚｻﾞｰｼﾞｬｹｯﾄ BK M 鳳凰,,,2025-11-10,売上,423552.0,,,1.0,4.0,いちげん                                 
0,共通倉庫,10,4524486109485,21SJ-14K ﾚｻﾞｰｼﾞｬｹｯﾄ BK M 鳳凰,,,2025-11-14,売上,423595.0,,,1.0,3.0,ﾗｲｺﾗﾝﾄﾞ TokyoBay東雲店                   2003 株式会社 ｺｼﾀﾞﾃｯｸ
0,共通倉庫,10,4524486109485,21SJ-14K ﾚｻﾞｰｼﾞｬｹｯﾄ BK M 鳳凰,,,2025-11-26,売上,424513.0,,,1.0,2.0,株式会社 ﾓﾉﾀﾞｲﾚｸﾄ                        
0,共通倉庫,10,4524486109485,21SJ-14K ﾚｻﾞｰｼﾞｬｹｯﾄ BK M 鳳凰,,,2025-12-01,売上,424806.0,,,1.0,1.0,いちげん                                 
0,共通倉庫,10,4524486109485,21SJ-14K ﾚｻﾞｰｼﾞｬｹｯﾄ BK M 鳳凰,,,2025-12-15,売上,426137.0,,,1.0,0.0,デグナー京都本店                         
0,共通倉庫,10,4524486109485,21SJ-14K ﾚｻﾞｰｼﾞｬｹｯﾄ BK M 鳳凰,,,2026-01-28,仕入,37487.0,7476.0,7.0,,7.0,IHSAN                                    
0,共通倉庫,10,4524486109485,21SJ-14K ﾚｻﾞｰｼﾞｬｹｯﾄ BK M 鳳凰,,,2026-02-19,売上,429960.0,,,1.0,4.0,ﾗｲｺﾗﾝﾄﾞ 沖縄店                           2071 株式会社 ｺｼﾀﾞﾃｯｸ
0,共通倉庫,10,4524486109485,21SJ-14K ﾚｻﾞｰｼﾞｬｹｯﾄ BK M 鳳凰,,,2026-03-31,仕入,37852.0,7476.0,4.0,,7.0,IHSAN                                    
0,共通倉庫,10,4524486109492,21SJ-14K ﾚｻﾞｰｼﾞｬｹｯﾄ BK L 鳳凰,,,2024-07-17,仕入,34310.0,7266.0,1.0,,1.0,IHSAN                                    
0,共通倉庫,10,4524486109492,21SJ-14K ﾚｻﾞｰｼﾞｬｹｯﾄ BK L 鳳凰,,,2024-09-10,仕入,34439.0,6762.0,14.0,,15.0,IHSAN                                    
0,共通倉庫,10,4524486109492,21SJ-14K ﾚｻﾞｰｼﾞｬｹｯﾄ BK L 鳳凰,,,2024-09-12,売上,391437.0,,,1.0,14.0,ﾗｲｺﾗﾝﾄﾞ CuBe札幌白石店                   2015 株式会社 ｺｼﾀﾞﾃｯｸ
0,共通倉庫,10,4524486109492,21SJ-14K ﾚｻﾞｰｼﾞｬｹｯﾄ BK L 鳳凰,,,2024-09-18,売上,391842.0,,,1.0,12.0,いちげん                                 
0,共通倉庫,10,4524486109492,21SJ-14K ﾚｻﾞｰｼﾞｬｹｯﾄ BK L 鳳凰,,,2024-09-24,売上,392116.0,,,1.0,11.0,ﾗｲｺﾗﾝﾄﾞ TokyoBay東雲店                   2003 株式会社 ｺｼﾀﾞﾃｯｸ
0,共通倉庫,10,4524486109492,21SJ-14K ﾚｻﾞｰｼﾞｬｹｯﾄ BK L 鳳凰,,,2024-10-04,売上,392858.0,,,1.0,10.0,株式会社 光輝 南海部品仙台店             
0,共通倉庫,10,4524486109492,21SJ-14K ﾚｻﾞｰｼﾞｬｹｯﾄ BK L 鳳凰,,,2024-10-15,売上,393543.0,,,1.0,9.0,株式会社 光輝 南海部品仙台店             
0,共通倉庫,10,4524486109492,21SJ-14K ﾚｻﾞｰｼﾞｬｹｯﾄ BK L 鳳凰,,,2024-10-24,売上,394320.0,,,1.0,,いちげん                                 
0,共通倉庫,10,4524486109492,21SJ-14K ﾚｻﾞｰｼﾞｬｹｯﾄ BK L 鳳凰,,,2024-10-24,売上,394381.0,,,1.0,7.0,ﾅｯﾌﾟｽ 福岡店                             18
0,共通倉庫,10,4524486109492,21SJ-14K ﾚｻﾞｰｼﾞｬｹｯﾄ BK L 鳳凰,,,2024-10-28,売上,394696.0,,,1.0,6.0,いちげん                                 
0,共通倉庫,10,4524486109492,21SJ-14K ﾚｻﾞｰｼﾞｬｹｯﾄ BK L 鳳凰,,,2024-11-02,売上,395036.0,,,1.0,5.0,デグナー京都本店                         
0,共通倉庫,10,4524486109492,21SJ-14K ﾚｻﾞｰｼﾞｬｹｯﾄ BK L 鳳凰,,,2024-11-13,売上,395892.0,,,-1.0,6.0,ﾅｯﾌﾟｽ 福岡店                             18
0,共通倉庫,10,4524486109492,21SJ-14K ﾚｻﾞｰｼﾞｬｹｯﾄ BK L 鳳凰,,,2024-11-15,売上,396026.0,,,1.0,5.0,Zuo-Huang Company                        
0,共通倉庫,10,4524486109492,21SJ-14K ﾚｻﾞｰｼﾞｬｹｯﾄ BK L 鳳凰,,,2024-11-18,売上,396201.0,,,1.0,,いちげん                                 
0,共通倉庫,10,4524486109492,21SJ-14K ﾚｻﾞｰｼﾞｬｹｯﾄ BK L 鳳凰,,,2024-11-18,売上,396216.0,,,1.0,3.0,ﾗｲｺﾗﾝﾄﾞ 福岡空港店                       2028 株式会社 ｺｼﾀﾞﾃｯｸ
0,共通倉庫,10,4524486109492,21SJ-14K ﾚｻﾞｰｼﾞｬｹｯﾄ BK L 鳳凰,,,2024-12-05,売上,397491.0,,,1.0,2.0,ﾗｲｺﾗﾝﾄﾞ CuBe札幌白石店                   2015 株式会社 ｺｼﾀﾞﾃｯｸ
0,共通倉庫,10,4524486109492,21SJ-14K ﾚｻﾞｰｼﾞｬｹｯﾄ BK L 鳳凰,,,2024-12-13,売上,398173.0,,,1.0,1.0,ﾗｲｺﾗﾝﾄﾞ TokyoBay東雲店                   2003 株式会社 ｺｼﾀﾞﾃｯｸ
0,共通倉庫,10,4524486109492,21SJ-14K ﾚｻﾞｰｼﾞｬｹｯﾄ BK L 鳳凰,,,2024-12-28,仕入,35010.0,7227.0,2.0,,3.0,IHSAN                                    
0,共通倉庫,10,4524486109492,21SJ-14K ﾚｻﾞｰｼﾞｬｹｯﾄ BK L 鳳凰,,,2025-01-08,売上,399969.0,,,1.0,,ﾅｯﾌﾟｽ 岡山店                             20
0,共通倉庫,10,4524486109492,21SJ-14K ﾚｻﾞｰｼﾞｬｹｯﾄ BK L 鳳凰,,,2025-01-08,売上,399971.0,,,1.0,1.0,ﾅｯﾌﾟｽ 一宮店                             32
0,共通倉庫,10,4524486109492,21SJ-14K ﾚｻﾞｰｼﾞｬｹｯﾄ BK L 鳳凰,,,2025-01-14,売上,400362.0,,,1.0,0.0,ﾗｲｺﾗﾝﾄﾞ 沖縄店                           2071 株式会社 ｺｼﾀﾞﾃｯｸ
0,共通倉庫,10,4524486109492,21SJ-14K ﾚｻﾞｰｼﾞｬｹｯﾄ BK L 鳳凰,,,2025-02-05,仕入,35144.0,7213.0,3.0,,3.0,IHSAN                                    
0,共通倉庫,10,4524486109492,21SJ-14K ﾚｻﾞｰｼﾞｬｹｯﾄ BK L 鳳凰,,,2025-02-06,売上,401684.0,,,1.0,,ﾗｲｺﾗﾝﾄﾞ TokyoBay東雲店                   2003 株式会社 ｺｼﾀﾞﾃｯｸ
0,共通倉庫,10,4524486109492,21SJ-14K ﾚｻﾞｰｼﾞｬｹｯﾄ BK L 鳳凰,,,2025-02-06,売上,401691.0,,,1.0,1.0,ﾗｲｺﾗﾝﾄﾞ 沖縄店                           2071 株式会社 ｺｼﾀﾞﾃｯｸ
0,共通倉庫,10,4524486109492,21SJ-14K ﾚｻﾞｰｼﾞｬｹｯﾄ BK L 鳳凰,,,2025-03-10,売上,403623.0,,,1.0,0.0,ﾗｲｺﾗﾝﾄﾞ TokyoBay東雲店                   2003 株式会社 ｺｼﾀﾞﾃｯｸ
0,共通倉庫,10,4524486109492,21SJ-14K ﾚｻﾞｰｼﾞｬｹｯﾄ BK L 鳳凰,,,2025-03-25,仕入,35478.0,7074.0,7.0,,7.0,IHSAN                                    
0,共通倉庫,10,4524486109492,21SJ-14K ﾚｻﾞｰｼﾞｬｹｯﾄ BK L 鳳凰,,,2025-03-27,売上,404972.0,,,1.0,,株式会社 光輝 南海部品仙台店             
0,共通倉庫,10,4524486109492,21SJ-14K ﾚｻﾞｰｼﾞｬｹｯﾄ BK L 鳳凰,,,2025-03-27,売上,404986.0,,,1.0,,ﾗｲｺﾗﾝﾄﾞ CuBe札幌白石店                   2015 株式会社 ｺｼﾀﾞﾃｯｸ
0,共通倉庫,10,4524486109492,21SJ-14K ﾚｻﾞｰｼﾞｬｹｯﾄ BK L 鳳凰,,,2025-03-27,売上,405039.0,,,1.0,3.0,ﾗｲｺﾗﾝﾄﾞ TokyoBay東雲店                   2003 株式会社 ｺｼﾀﾞﾃｯｸ
0,共通倉庫,10,4524486109492,21SJ-14K ﾚｻﾞｰｼﾞｬｹｯﾄ BK L 鳳凰,,,2025-04-05,売上,405811.0,,,1.0,2.0,デグナー京都本店                         
0,共通倉庫,10,4524486109492,21SJ-14K ﾚｻﾞｰｼﾞｬｹｯﾄ BK L 鳳凰,,,2025-04-09,売上,406173.0,,,1.0,1.0,株式会社JTBふるさと開発事業部            
0,共通倉庫,10,4524486109492,21SJ-14K ﾚｻﾞｰｼﾞｬｹｯﾄ BK L 鳳凰,,,2025-04-23,売上,407200.0,,,1.0,0.0,ﾗｲｺﾗﾝﾄﾞ 新潟店                           2031 株式会社 ｺｼﾀﾞﾃｯｸ
0,共通倉庫,10,4524486109492,21SJ-14K ﾚｻﾞｰｼﾞｬｹｯﾄ BK L 鳳凰,,,2025-04-25,売上,407378.0,,,1.0,0.0,ﾗｲｺﾗﾝﾄﾞ 沖縄店                           2071 株式会社 ｺｼﾀﾞﾃｯｸ
0,共通倉庫,10,4524486109492,21SJ-14K ﾚｻﾞｰｼﾞｬｹｯﾄ BK L 鳳凰,,,2025-05-20,仕入,35889.0,6727.0,5.0,,5.0,IHSAN                                    
0,共通倉庫,10,4524486109492,21SJ-14K ﾚｻﾞｰｼﾞｬｹｯﾄ BK L 鳳凰,,,2025-05-22,売上,409760.0,,,1.0,,ﾅｯﾌﾟｽ 岡山店                             20
0,共通倉庫,10,4524486109492,21SJ-14K ﾚｻﾞｰｼﾞｬｹｯﾄ BK L 鳳凰,,,2025-05-22,売上,409774.0,,,1.0,,ﾗｲｺﾗﾝﾄﾞ CuBe札幌白石店                   2015 株式会社 ｺｼﾀﾞﾃｯｸ
0,共通倉庫,10,4524486109492,21SJ-14K ﾚｻﾞｰｼﾞｬｹｯﾄ BK L 鳳凰,,,2025-05-22,売上,409777.0,,,1.0,2.0,ﾗｲｺﾗﾝﾄﾞ CuBe札幌白石店                   2015 株式会社 ｺｼﾀﾞﾃｯｸ
0,共通倉庫,10,4524486109492,21SJ-14K ﾚｻﾞｰｼﾞｬｹｯﾄ BK L 鳳凰,,,2025-05-28,売上,410280.0,,,1.0,1.0,ﾗｲｺﾗﾝﾄﾞ TokyoBay東雲店                   2003 株式会社 ｺｼﾀﾞﾃｯｸ
0,共通倉庫,10,4524486109492,21SJ-14K ﾚｻﾞｰｼﾞｬｹｯﾄ BK L 鳳凰,,,2025-06-09,売上,411036.0,,,1.0,0.0,ﾗｲｺﾗﾝﾄﾞ CuBe札幌白石店                   2015 株式会社 ｺｼﾀﾞﾃｯｸ
0,共通倉庫,10,4524486109492,21SJ-14K ﾚｻﾞｰｼﾞｬｹｯﾄ BK L 鳳凰,,,2025-07-15,仕入,36267.0,6880.0,8.0,,,IHSAN                                    
0,共通倉庫,10,4524486109492,21SJ-14K ﾚｻﾞｰｼﾞｬｹｯﾄ BK L 鳳凰,,,2025-07-15,仕入,36269.0,6880.0,13.0,,21.0,IHSAN                                    
0,共通倉庫,10,4524486109492,21SJ-14K ﾚｻﾞｰｼﾞｬｹｯﾄ BK L 鳳凰,,,2025-07-17,売上,414098.0,,,1.0,,ﾅｯﾌﾟｽ 一宮店                             32
0,共通倉庫,10,4524486109492,21SJ-14K ﾚｻﾞｰｼﾞｬｹｯﾄ BK L 鳳凰,,,2025-07-17,売上,414102.0,,,1.0,,ﾗｲｺﾗﾝﾄﾞ 沖縄店                           2071 株式会社 ｺｼﾀﾞﾃｯｸ
0,共通倉庫,10,4524486109492,21SJ-14K ﾚｻﾞｰｼﾞｬｹｯﾄ BK L 鳳凰,,,2025-07-17,売上,414156.0,,,1.0,,ﾗｲｺﾗﾝﾄﾞ TokyoBay東雲店                   2003 株式会社 ｺｼﾀﾞﾃｯｸ
0,共通倉庫,10,4524486109492,21SJ-14K ﾚｻﾞｰｼﾞｬｹｯﾄ BK L 鳳凰,,,2025-07-18,売上,414225.0,,,1.0,16.0,いちげん                                 
0,共通倉庫,10,4524486109492,21SJ-14K ﾚｻﾞｰｼﾞｬｹｯﾄ BK L 鳳凰,,,2025-08-18,売上,416249.0,,,1.0,14.0,いちげん                                 
0,共通倉庫,10,4524486109492,21SJ-14K ﾚｻﾞｰｼﾞｬｹｯﾄ BK L 鳳凰,,,2025-08-29,売上,416952.0,,,1.0,13.0,ﾅｯﾌﾟｽ ﾍﾞｲｻｲﾄﾞ幸浦店                      15
0,共通倉庫,10,4524486109492,21SJ-14K ﾚｻﾞｰｼﾞｬｹｯﾄ BK L 鳳凰,,,2025-09-01,売上,417110.0,,,1.0,12.0,ﾄﾞﾗｲﾊﾞｰｽﾞ 神栖店                         
0,共通倉庫,10,4524486109492,21SJ-14K ﾚｻﾞｰｼﾞｬｹｯﾄ BK L 鳳凰,,,2025-10-05,売上,420128.0,,,1.0,11.0,いちげん                                 
0,共通倉庫,10,4524486109492,21SJ-14K ﾚｻﾞｰｼﾞｬｹｯﾄ BK L 鳳凰,,,2025-12-01,仕入,37150.0,7426.0,17.0,,28.0,IHSAN                                    
0,共通倉庫,10,4524486109492,21SJ-14K ﾚｻﾞｰｼﾞｬｹｯﾄ BK L 鳳凰,,,2025-12-08,売上,425453.0,,,1.0,27.0,ﾅｯﾌﾟｽ 福岡店                             18
0,共通倉庫,10,4524486109492,21SJ-14K ﾚｻﾞｰｼﾞｬｹｯﾄ BK L 鳳凰,,,2025-12-12,売上,425828.0,,,1.0,26.0,ﾅｯﾌﾟｽ台湾新北店                          
0,共通倉庫,10,4524486109492,21SJ-14K ﾚｻﾞｰｼﾞｬｹｯﾄ BK L 鳳凰,,,2025-12-16,売上,426235.0,,,1.0,25.0,FSM TRADING (HK) LIMITED/ Rider Shop HK  
0,共通倉庫,10,4524486109492,21SJ-14K ﾚｻﾞｰｼﾞｬｹｯﾄ BK L 鳳凰,,,2025-12-18,売上,426356.0,,,1.0,24.0,ﾗｲｺﾗﾝﾄﾞ TokyoBay東雲店                   2003 株式会社 ｺｼﾀﾞﾃｯｸ
0,共通倉庫,10,4524486109492,21SJ-14K ﾚｻﾞｰｼﾞｬｹｯﾄ BK L 鳳凰,,,2026-01-06,売上,427483.0,,,1.0,23.0,株式会社JTBふるさと開発事業部            
0,共通倉庫,10,4524486109492,21SJ-14K ﾚｻﾞｰｼﾞｬｹｯﾄ BK L 鳳凰,,,2026-02-18,売上,429936.0,,,1.0,22.0,デグナー京都本店                         
0,共通倉庫,10,4524486109492,21SJ-14K ﾚｻﾞｰｼﾞｬｹｯﾄ BK L 鳳凰,,,2026-02-28,売上,430512.0,,,1.0,21.0,デグナー京都本店                         
0,共通倉庫,10,4524486109492,21SJ-14K ﾚｻﾞｰｼﾞｬｹｯﾄ BK L 鳳凰,,,2026-03-10,売上,431329.0,,,1.0,20.0,FSM TRADING (HK) LIMITED/ Rider Shop HK  
0,共通倉庫,10,4524486109492,21SJ-14K ﾚｻﾞｰｼﾞｬｹｯﾄ BK L 鳳凰,,,2026-03-26,売上,432616.0,,,1.0,18.0,ﾗｲｺﾗﾝﾄﾞ TokyoBay東雲店                   2003 株式会社 ｺｼﾀﾞﾃｯｸ
0,共通倉庫,10,4524486109492,21SJ-14K ﾚｻﾞｰｼﾞｬｹｯﾄ BK L 鳳凰,,,2026-03-27,売上,432719.0,,,1.0,17.0,ﾗｲｺﾗﾝﾄﾞ CuBe札幌白石店                   2015 株式会社 ｺｼﾀﾞﾃｯｸ
0,共通倉庫,10,4524486109508,21SJ-14K ﾚｻﾞｰｼﾞｬｹｯﾄ BK XL 鳳凰,,,2024-09-10,仕入,34439.0,6762.0,10.0,,10.0,IHSAN                                    
0,共通倉庫,10,4524486109508,21SJ-14K ﾚｻﾞｰｼﾞｬｹｯﾄ BK XL 鳳凰,,,2024-09-12,売上,391437.0,,,1.0,,ﾗｲｺﾗﾝﾄﾞ CuBe札幌白石店                   2015 株式会社 ｺｼﾀﾞﾃｯｸ
0,共通倉庫,10,4524486109508,21SJ-14K ﾚｻﾞｰｼﾞｬｹｯﾄ BK XL 鳳凰,,,2024-09-12,売上,391471.0,,,1.0,8.0,ﾗｲｺﾗﾝﾄﾞ 水戸店                           2017 株式会社 ｺｼﾀﾞﾃｯｸ
0,共通倉庫,10,4524486109508,21SJ-14K ﾚｻﾞｰｼﾞｬｹｯﾄ BK XL 鳳凰,,,2024-09-24,売上,392116.0,,,1.0,6.0,ﾗｲｺﾗﾝﾄﾞ TokyoBay東雲店                   2003 株式会社 ｺｼﾀﾞﾃｯｸ
0,共通倉庫,10,4524486109508,21SJ-14K ﾚｻﾞｰｼﾞｬｹｯﾄ BK XL 鳳凰,,,2024-10-04,売上,392858.0,,,1.0,5.0,株式会社 光輝 南海部品仙台店             
0,共通倉庫,10,4524486109508,21SJ-14K ﾚｻﾞｰｼﾞｬｹｯﾄ BK XL 鳳凰,,,2024-10-07,売上,393051.0,,,1.0,4.0,ﾅｯﾌﾟｽ 仙台泉ｲﾝﾀｰ店                       19
0,共通倉庫,10,4524486109508,21SJ-14K ﾚｻﾞｰｼﾞｬｹｯﾄ BK XL 鳳凰,,,2024-10-15,売上,393541.0,,,1.0,3.0,いちげん                                 
0,共通倉庫,10,4524486109508,21SJ-14K ﾚｻﾞｰｼﾞｬｹｯﾄ BK XL 鳳凰,,,2024-10-17,売上,393920.0,,,1.0,2.0,南海部品 太田店                          3007 株式会社 ｺｼﾀﾞﾃｯｸ
0,共通倉庫,10,4524486109508,21SJ-14K ﾚｻﾞｰｼﾞｬｹｯﾄ BK XL 鳳凰,,,2024-10-24,売上,394381.0,,,1.0,1.0,ﾅｯﾌﾟｽ 福岡店                             18
0,共通倉庫,10,4524486109508,21SJ-14K ﾚｻﾞｰｼﾞｬｹｯﾄ BK XL 鳳凰,,,2024-11-08,売上,395522.0,,,1.0,0.0,ON-OFF Motobike Collections              International Co.
0,共通倉庫,10,4524486109508,21SJ-14K ﾚｻﾞｰｼﾞｬｹｯﾄ BK XL 鳳凰,,,2024-11-13,売上,395892.0,,,-1.0,1.0,ﾅｯﾌﾟｽ 福岡店                             18
0,共通倉庫,10,4524486109508,21SJ-14K ﾚｻﾞｰｼﾞｬｹｯﾄ BK XL 鳳凰,,,2024-11-18,売上,396216.0,,,1.0,0.0,ﾗｲｺﾗﾝﾄﾞ 福岡空港店                       2028 株式会社 ｺｼﾀﾞﾃｯｸ
0,共通倉庫,10,4524486109508,21SJ-14K ﾚｻﾞｰｼﾞｬｹｯﾄ BK XL 鳳凰,,,2024-11-29,売上,397057.0,,,1.0,,ﾗｲｺﾗﾝﾄﾞ TokyoBay東雲店                   2003 株式会社 ｺｼﾀﾞﾃｯｸ
0,共通倉庫,10,4524486109508,21SJ-14K ﾚｻﾞｰｼﾞｬｹｯﾄ BK XL 鳳凰,,,2024-12-28,仕入,35010.0,7227.0,1.0,,1.0,IHSAN                                    
0,共通倉庫,10,4524486109508,21SJ-14K ﾚｻﾞｰｼﾞｬｹｯﾄ BK XL 鳳凰,,,2025-01-08,売上,399979.0,,,1.0,0.0,いちげん                                 
0,共通倉庫,10,4524486109508,21SJ-14K ﾚｻﾞｰｼﾞｬｹｯﾄ BK XL 鳳凰,,,2025-02-05,仕入,35144.0,7213.0,7.0,,7.0,IHSAN                                    
0,共通倉庫,10,4524486109508,21SJ-14K ﾚｻﾞｰｼﾞｬｹｯﾄ BK XL 鳳凰,,,2025-02-06,売上,401691.0,,,1.0,,ﾗｲｺﾗﾝﾄﾞ 沖縄店                           2071 株式会社 ｺｼﾀﾞﾃｯｸ
0,共通倉庫,10,4524486109508,21SJ-14K ﾚｻﾞｰｼﾞｬｹｯﾄ BK XL 鳳凰,,,2025-02-06,売上,401700.0,,,1.0,,ﾅｯﾌﾟｽ 一宮店                             32
0,共通倉庫,10,4524486109508,21SJ-14K ﾚｻﾞｰｼﾞｬｹｯﾄ BK XL 鳳凰,,,2025-02-06,売上,401705.0,,,1.0,,いちげん                                 
0,共通倉庫,10,4524486109508,21SJ-14K ﾚｻﾞｰｼﾞｬｹｯﾄ BK XL 鳳凰,,,2025-02-06,売上,401722.0,,,1.0,3.0,ﾗｲｺﾗﾝﾄﾞ 水戸店                           2017 株式会社 ｺｼﾀﾞﾃｯｸ
0,共通倉庫,10,4524486109508,21SJ-14K ﾚｻﾞｰｼﾞｬｹｯﾄ BK XL 鳳凰,,,2025-02-17,売上,402226.0,,,1.0,,株式会社JTBふるさと開発事業部            
0,共通倉庫,10,4524486109508,21SJ-14K ﾚｻﾞｰｼﾞｬｹｯﾄ BK XL 鳳凰,,,2025-02-17,売上,402228.0,,,1.0,,株式会社JTBふるさと開発事業部            
0,共通倉庫,10,4524486109508,21SJ-14K ﾚｻﾞｰｼﾞｬｹｯﾄ BK XL 鳳凰,,,2025-02-17,売上,402231.0,,,1.0,0.0,株式会社JTBふるさと開発事業部            
0,共通倉庫,10,4524486109508,21SJ-14K ﾚｻﾞｰｼﾞｬｹｯﾄ BK XL 鳳凰,,,2025-03-25,仕入,35478.0,7074.0,5.0,,5.0,IHSAN                                    
0,共通倉庫,10,4524486109508,21SJ-14K ﾚｻﾞｰｼﾞｬｹｯﾄ BK XL 鳳凰,,,2025-03-27,売上,404982.0,,,1.0,,ﾗｲｺﾗﾝﾄﾞ TokyoBay東雲店                   2003 株式会社 ｺｼﾀﾞﾃｯｸ
0,共通倉庫,10,4524486109508,21SJ-14K ﾚｻﾞｰｼﾞｬｹｯﾄ BK XL 鳳凰,,,2025-03-27,売上,405039.0,,,2.0,2.0,ﾗｲｺﾗﾝﾄﾞ TokyoBay東雲店                   2003 株式会社 ｺｼﾀﾞﾃｯｸ
0,共通倉庫,10,4524486109508,21SJ-14K ﾚｻﾞｰｼﾞｬｹｯﾄ BK XL 鳳凰,,,2025-04-01,売上,405408.0,,,1.0,1.0,株式会社JTBふるさと開発事業部            
0,共通倉庫,10,4524486109508,21SJ-14K ﾚｻﾞｰｼﾞｬｹｯﾄ BK XL 鳳凰,,,2025-04-23,売上,407200.0,,,1.0,0.0,ﾗｲｺﾗﾝﾄﾞ 新潟店                           2031 株式会社 ｺｼﾀﾞﾃｯｸ
0,共通倉庫,10,4524486109508,21SJ-14K ﾚｻﾞｰｼﾞｬｹｯﾄ BK XL 鳳凰,,,2025-05-20,仕入,35889.0,6727.0,9.0,,,IHSAN                                    
0,共通倉庫,10,4524486109508,21SJ-14K ﾚｻﾞｰｼﾞｬｹｯﾄ BK XL 鳳凰,,,2025-05-20,仕入,35892.0,6727.0,3.0,,12.0,IHSAN                                    
0,共通倉庫,10,4524486109508,21SJ-14K ﾚｻﾞｰｼﾞｬｹｯﾄ BK XL 鳳凰,,,2025-05-22,売上,409720.0,,,1.0,,ﾅｯﾌﾟｽ 仙台泉ｲﾝﾀｰ店                       19
0,共通倉庫,10,4524486109508,21SJ-14K ﾚｻﾞｰｼﾞｬｹｯﾄ BK XL 鳳凰,,,2025-05-22,売上,409774.0,,,1.0,,ﾗｲｺﾗﾝﾄﾞ CuBe札幌白石店                   2015 株式会社 ｺｼﾀﾞﾃｯｸ
0,共通倉庫,10,4524486109508,21SJ-14K ﾚｻﾞｰｼﾞｬｹｯﾄ BK XL 鳳凰,,,2025-06-02,売上,410520.0,,,1.0,8.0,いちげん                                 
0,共通倉庫,10,4524486109508,21SJ-14K ﾚｻﾞｰｼﾞｬｹｯﾄ BK XL 鳳凰,,,2025-06-18,売上,411789.0,,,1.0,7.0,いちげん                                 
0,共通倉庫,10,4524486109508,21SJ-14K ﾚｻﾞｰｼﾞｬｹｯﾄ BK XL 鳳凰,,,2025-07-15,仕入,36269.0,6880.0,7.0,,14.0,IHSAN                                    
0,共通倉庫,10,4524486109508,21SJ-14K ﾚｻﾞｰｼﾞｬｹｯﾄ BK XL 鳳凰,,,2025-08-04,売上,415360.0,,,1.0,13.0,南海部品 小山店                          3003 株式会社 ｺｼﾀﾞﾃｯｸ
0,共通倉庫,10,4524486109508,21SJ-14K ﾚｻﾞｰｼﾞｬｹｯﾄ BK XL 鳳凰,,,2025-08-29,売上,416952.0,,,1.0,12.0,ﾅｯﾌﾟｽ ﾍﾞｲｻｲﾄﾞ幸浦店                      15
0,共通倉庫,10,4524486109508,21SJ-14K ﾚｻﾞｰｼﾞｬｹｯﾄ BK XL 鳳凰,,,2025-09-01,売上,417089.0,,,1.0,11.0,南海部品 宇都宮店                        3006 株式会社 ｺｼﾀﾞﾃｯｸ
0,共通倉庫,10,4524486109508,21SJ-14K ﾚｻﾞｰｼﾞｬｹｯﾄ BK XL 鳳凰,,,2025-09-13,売上,418285.0,,,1.0,10.0,デグナー京都本店                         
0,共通倉庫,10,4524486109508,21SJ-14K ﾚｻﾞｰｼﾞｬｹｯﾄ BK XL 鳳凰,,,2025-09-19,売上,418782.0,,,1.0,9.0,株式会社 光輝 南海部品仙台店             
0,共通倉庫,10,4524486109508,21SJ-14K ﾚｻﾞｰｼﾞｬｹｯﾄ BK XL 鳳凰,,,2025-10-06,売上,420223.0,,,1.0,,209 新山下2りんかん                      株式会社2りんかんｲｴﾛｰﾊｯﾄ
0,共通倉庫,10,4524486109508,21SJ-14K ﾚｻﾞｰｼﾞｬｹｯﾄ BK XL 鳳凰,,,2025-10-06,売上,420326.0,,,1.0,7.0,株式会社 ﾓﾉﾀﾞｲﾚｸﾄ                        
0,共通倉庫,10,4524486109508,21SJ-14K ﾚｻﾞｰｼﾞｬｹｯﾄ BK XL 鳳凰,,,2025-10-15,売上,421036.0,,,1.0,6.0,ﾅｯﾌﾟｽ ﾍﾞｲｻｲﾄﾞ幸浦店                      15
0,共通倉庫,10,4524486109508,21SJ-14K ﾚｻﾞｰｼﾞｬｹｯﾄ BK XL 鳳凰,,,2025-10-22,売上,421616.0,,,1.0,5.0,ﾗｲｺﾗﾝﾄﾞ 沖縄店                           2071 株式会社 ｺｼﾀﾞﾃｯｸ
0,共通倉庫,10,4524486109508,21SJ-14K ﾚｻﾞｰｼﾞｬｹｯﾄ BK XL 鳳凰,,,2025-10-27,売上,421948.0,,,1.0,4.0,株式会社 ﾓﾉﾀﾞｲﾚｸﾄ                        
0,共通倉庫,10,4524486109508,21SJ-14K ﾚｻﾞｰｼﾞｬｹｯﾄ BK XL 鳳凰,,,2025-11-10,売上,423136.0,,,1.0,3.0,株式会社 光輝 南海部品仙台店             
0,共通倉庫,10,4524486109508,21SJ-14K ﾚｻﾞｰｼﾞｬｹｯﾄ BK XL 鳳凰,,,2025-11-11,売上,423307.0,,,1.0,2.0,甲子園ﾌﾙﾌｨﾙﾒﾝﾄｾﾝﾀｰ                       株式会社ﾘﾊﾞｰｸﾚｲﾝ
0,共通倉庫,10,4524486109508,21SJ-14K ﾚｻﾞｰｼﾞｬｹｯﾄ BK XL 鳳凰,,,2025-12-09,売上,425569.0,,,1.0,1.0,株式会社JTBふるさと開発事業部            
0,共通倉庫,10,4524486109508,21SJ-14K ﾚｻﾞｰｼﾞｬｹｯﾄ BK XL 鳳凰,,,2025-12-23,売上,426632.0,,,1.0,0.0,ﾅｯﾌﾟｽ ﾍﾞｲｻｲﾄﾞ幸浦店                      15
0,共通倉庫,10,4524486109508,21SJ-14K ﾚｻﾞｰｼﾞｬｹｯﾄ BK XL 鳳凰,,,2026-01-07,売上,427500.0,,,1.0,0.0,株式会社 光輝 南海部品仙台店             
0,共通倉庫,10,4524486109508,21SJ-14K ﾚｻﾞｰｼﾞｬｹｯﾄ BK XL 鳳凰,,,2026-01-28,仕入,37487.0,7476.0,30.0,,30.0,IHSAN                                    
0,共通倉庫,10,4524486109508,21SJ-14K ﾚｻﾞｰｼﾞｬｹｯﾄ BK XL 鳳凰,,,2026-02-02,売上,428930.0,,,1.0,,南海部品 宇都宮店                        3006 株式会社 ｺｼﾀﾞﾃｯｸ
0,共通倉庫,10,4524486109508,21SJ-14K ﾚｻﾞｰｼﾞｬｹｯﾄ BK XL 鳳凰,,,2026-02-02,売上,428936.0,,,1.0,27.0,ﾗｲｺﾗﾝﾄﾞ 沖縄店                           2071 株式会社 ｺｼﾀﾞﾃｯｸ
0,共通倉庫,10,4524486109508,21SJ-14K ﾚｻﾞｰｼﾞｬｹｯﾄ BK XL 鳳凰,,,2026-03-03,売上,430745.0,,,1.0,,ﾗｲｺﾗﾝﾄﾞ 福岡空港店                       2028 株式会社 ｺｼﾀﾞﾃｯｸ
0,共通倉庫,10,4524486109508,21SJ-14K ﾚｻﾞｰｼﾞｬｹｯﾄ BK XL 鳳凰,,,2026-03-06,売上,430942.0,,,1.0,,帝都産業 株式会社                        EC/海外事業部
0,共通倉庫,10,4524486109508,21SJ-14K ﾚｻﾞｰｼﾞｬｹｯﾄ BK XL 鳳凰,,,2026-03-06,売上,430993.0,,,1.0,23.0,いちげん                                 
0,共通倉庫,10,4524486109508,21SJ-14K ﾚｻﾞｰｼﾞｬｹｯﾄ BK XL 鳳凰,,,2026-03-24,売上,432416.0,,,1.0,22.0,ﾗｲｺﾗﾝﾄﾞ 沖縄店                           2071 株式会社 ｺｼﾀﾞﾃｯｸ
0,共通倉庫,10,4524486109508,21SJ-14K ﾚｻﾞｰｼﾞｬｹｯﾄ BK XL 鳳凰,,,2026-03-26,売上,432616.0,,,1.0,21.0,ﾗｲｺﾗﾝﾄﾞ TokyoBay東雲店                   2003 株式会社 ｺｼﾀﾞﾃｯｸ
0,共通倉庫,10,4524486109508,21SJ-14K ﾚｻﾞｰｼﾞｬｹｯﾄ BK XL 鳳凰,,,2026-03-27,売上,432719.0,,,1.0,20.0,ﾗｲｺﾗﾝﾄﾞ CuBe札幌白石店                   2015 株式会社 ｺｼﾀﾞﾃｯｸ
0,共通倉庫,10,4524486109508,21SJ-14K ﾚｻﾞｰｼﾞｬｹｯﾄ BK XL 鳳凰,,,2026-03-31,仕入,37847.0,7396.0,14.0,,34.0,IHSAN                                    
0,共通倉庫,10,4524486109515,21SJ-14K ﾚｻﾞｰｼﾞｬｹｯﾄ BK XLW 桧垣桜,,,2024-09-10,仕入,34438.0,6762.0,3.0,,3.0,IHSAN                                    
0,共通倉庫,10,4524486109515,21SJ-14K ﾚｻﾞｰｼﾞｬｹｯﾄ BK XLW 桧垣桜,,,2024-09-12,売上,391437.0,,,1.0,2.0,ﾗｲｺﾗﾝﾄﾞ CuBe札幌白石店                   2015 株式会社 ｺｼﾀﾞﾃｯｸ
0,共通倉庫,10,4524486109515,21SJ-14K ﾚｻﾞｰｼﾞｬｹｯﾄ BK XLW 桧垣桜,,,2024-10-01,売上,392663.0,,,1.0,0.0,ﾅｯﾌﾟｽ 新横浜店                           30
0,共通倉庫,10,4524486109515,21SJ-14K ﾚｻﾞｰｼﾞｬｹｯﾄ BK XLW 桧垣桜,,,2024-10-11,仕入,34605.0,6597.0,5.0,,5.0,IHSAN                                    
0,共通倉庫,10,4524486109515,21SJ-14K ﾚｻﾞｰｼﾞｬｹｯﾄ BK XLW 桧垣桜,,,2024-10-24,売上,394381.0,,,1.0,4.0,ﾅｯﾌﾟｽ 福岡店                             18
0,共通倉庫,10,4524486109515,21SJ-14K ﾚｻﾞｰｼﾞｬｹｯﾄ BK XLW 桧垣桜,,,2024-11-07,売上,395433.0,,,1.0,3.0,デグナー京都本店                         
0,共通倉庫,10,4524486109515,21SJ-14K ﾚｻﾞｰｼﾞｬｹｯﾄ BK XLW 桧垣桜,,,2024-11-13,売上,395892.0,,,-1.0,4.0,ﾅｯﾌﾟｽ 福岡店                             18
0,共通倉庫,10,4524486109515,21SJ-14K ﾚｻﾞｰｼﾞｬｹｯﾄ BK XLW 桧垣桜,,,2024-11-21,仕入,34829.0,7227.0,7.0,,11.0,IHSAN                                    
0,共通倉庫,10,4524486109515,21SJ-14K ﾚｻﾞｰｼﾞｬｹｯﾄ BK XLW 桧垣桜,,,2024-11-27,売上,396973.0,,,1.0,10.0,ﾗｲｺﾗﾝﾄﾞ TokyoBay東雲店                   2003 株式会社 ｺｼﾀﾞﾃｯｸ
0,共通倉庫,10,4524486109515,21SJ-14K ﾚｻﾞｰｼﾞｬｹｯﾄ BK XLW 桧垣桜,,,2024-12-10,売上,397925.0,,,1.0,9.0,いちげん                                 
0,共通倉庫,10,4524486109515,21SJ-14K ﾚｻﾞｰｼﾞｬｹｯﾄ BK XLW 桧垣桜,,,2025-01-06,売上,399778.0,,,1.0,7.0,いちげん                                 
0,共通倉庫,10,4524486109515,21SJ-14K ﾚｻﾞｰｼﾞｬｹｯﾄ BK XLW 桧垣桜,,,2025-01-22,売上,400949.0,,,-1.0,8.0,ﾅｯﾌﾟｽ 新横浜店                           30
0,共通倉庫,10,4524486109515,21SJ-14K ﾚｻﾞｰｼﾞｬｹｯﾄ BK XLW 桧垣桜,,,2025-02-27,売上,402899.0,,,1.0,6.0,株式会社JTBふるさと開発事業部            
0,共通倉庫,10,4524486109515,21SJ-14K ﾚｻﾞｰｼﾞｬｹｯﾄ BK XLW 桧垣桜,,,2025-03-11,売上,403785.0,,,1.0,5.0,いちげん                                 
0,共通倉庫,10,4524486109515,21SJ-14K ﾚｻﾞｰｼﾞｬｹｯﾄ BK XLW 桧垣桜,,,2025-03-17,売上,404106.0,,,1.0,4.0,株式会社JTBふるさと開発事業部            
0,共通倉庫,10,4524486109515,21SJ-14K ﾚｻﾞｰｼﾞｬｹｯﾄ BK XLW 桧垣桜,,,2025-03-19,売上,404300.0,,,1.0,3.0,いちげん                                 
0,共通倉庫,10,4524486109515,21SJ-14K ﾚｻﾞｰｼﾞｬｹｯﾄ BK XLW 桧垣桜,,,2025-04-02,売上,405493.0,,,1.0,2.0,南海部品 鹿児島店                        3013 株式会社 ｺｼﾀﾞﾃｯｸ
0,共通倉庫,10,4524486109515,21SJ-14K ﾚｻﾞｰｼﾞｬｹｯﾄ BK XLW 桧垣桜,,,2025-04-05,売上,405841.0,,,1.0,1.0,販売店様ｲﾍﾞﾝﾄ                            
0,共通倉庫,10,4524486109515,21SJ-14K ﾚｻﾞｰｼﾞｬｹｯﾄ BK XLW 桧垣桜,,,2025-04-07,売上,406026.0,,,1.0,0.0,デグナー京都本店                         
0,共通倉庫,10,4524486109515,21SJ-14K ﾚｻﾞｰｼﾞｬｹｯﾄ BK XLW 桧垣桜,,,2025-05-20,仕入,35895.0,6727.0,3.0,,3.0,IHSAN                                    
0,共通倉庫,10,4524486109515,21SJ-14K ﾚｻﾞｰｼﾞｬｹｯﾄ BK XLW 桧垣桜,,,2025-05-28,売上,410240.0,,,1.0,,株式会社JTBふるさと開発事業部            
0,共通倉庫,10,4524486109515,21SJ-14K ﾚｻﾞｰｼﾞｬｹｯﾄ BK XLW 桧垣桜,,,2025-05-28,売上,410280.0,,,1.0,1.0,ﾗｲｺﾗﾝﾄﾞ TokyoBay東雲店                   2003 株式会社 ｺｼﾀﾞﾃｯｸ
0,共通倉庫,10,4524486109515,21SJ-14K ﾚｻﾞｰｼﾞｬｹｯﾄ BK XLW 桧垣桜,,,2025-07-15,仕入,36271.0,6880.0,11.0,,12.0,IHSAN                                    
0,共通倉庫,10,4524486109515,21SJ-14K ﾚｻﾞｰｼﾞｬｹｯﾄ BK XLW 桧垣桜,,,2025-07-18,売上,414272.0,,,-1.0,,ﾗｲｺﾗﾝﾄﾞ TokyoBay東雲店                   2003 株式会社 ｺｼﾀﾞﾃｯｸ
0,共通倉庫,10,4524486109515,21SJ-14K ﾚｻﾞｰｼﾞｬｹｯﾄ BK XLW 桧垣桜,,,2025-07-18,売上,414272.0,,,1.0,11.0,ﾗｲｺﾗﾝﾄﾞ TokyoBay東雲店                   2003 株式会社 ｺｼﾀﾞﾃｯｸ
0,共通倉庫,10,4524486109515,21SJ-14K ﾚｻﾞｰｼﾞｬｹｯﾄ BK XLW 桧垣桜,,,2025-07-25,売上,414804.0,,,1.0,10.0,株式会社JTBふるさと開発事業部            
0,共通倉庫,10,4524486109515,21SJ-14K ﾚｻﾞｰｼﾞｬｹｯﾄ BK XLW 桧垣桜,,,2025-08-08,売上,415745.0,,,1.0,9.0,501 緑2りんかん                          株式会社2りんかんｲｴﾛｰﾊｯﾄ
0,共通倉庫,10,4524486109515,21SJ-14K ﾚｻﾞｰｼﾞｬｹｯﾄ BK XLW 桧垣桜,,,2025-09-12,売上,418195.0,,,1.0,7.0,ﾗｲｺﾗﾝﾄﾞ TokyoBay東雲店                   2003 株式会社 ｺｼﾀﾞﾃｯｸ
0,共通倉庫,10,4524486109515,21SJ-14K ﾚｻﾞｰｼﾞｬｹｯﾄ BK XLW 桧垣桜,,,2025-10-20,売上,421456.0,,,1.0,6.0,いちげん                                 
0,共通倉庫,10,4524486109515,21SJ-14K ﾚｻﾞｰｼﾞｬｹｯﾄ BK XLW 桧垣桜,,,2025-10-22,仕入,36949.0,7227.0,5.0,,,IHSAN                                    
0,共通倉庫,10,4524486109515,21SJ-14K ﾚｻﾞｰｼﾞｬｹｯﾄ BK XLW 桧垣桜,,,2025-10-22,売上,421649.0,,,1.0,10.0,南海部品 鹿児島店                        3013 株式会社 ｺｼﾀﾞﾃｯｸ
0,共通倉庫,10,4524486109515,21SJ-14K ﾚｻﾞｰｼﾞｬｹｯﾄ BK XLW 桧垣桜,,,2025-10-27,売上,421949.0,,,1.0,9.0,ﾅｯﾌﾟｽ 一宮店                             32
0,共通倉庫,10,4524486109515,21SJ-14K ﾚｻﾞｰｼﾞｬｹｯﾄ BK XLW 桧垣桜,,,2025-11-04,売上,422534.0,,,1.0,8.0,新潟中央部品株式会社 長岡店              
0,共通倉庫,10,4524486109515,21SJ-14K ﾚｻﾞｰｼﾞｬｹｯﾄ BK XLW 桧垣桜,,,2025-11-25,売上,424394.0,,,1.0,7.0,株式会社 ﾓﾉﾀﾞｲﾚｸﾄ                        
0,共通倉庫,10,4524486109515,21SJ-14K ﾚｻﾞｰｼﾞｬｹｯﾄ BK XLW 桧垣桜,,,2025-11-26,売上,424428.0,,,1.0,6.0,南海部品 鹿児島店                        3013 株式会社 ｺｼﾀﾞﾃｯｸ
0,共通倉庫,10,4524486109515,21SJ-14K ﾚｻﾞｰｼﾞｬｹｯﾄ BK XLW 桧垣桜,,,2025-12-07,売上,425318.0,,,1.0,5.0,デグナー京都本店                         
0,共通倉庫,10,4524486109515,21SJ-14K ﾚｻﾞｰｼﾞｬｹｯﾄ BK XLW 桧垣桜,,,2025-12-09,売上,425545.0,,,1.0,4.0,いちげん                                 
0,共通倉庫,10,4524486109515,21SJ-14K ﾚｻﾞｰｼﾞｬｹｯﾄ BK XLW 桧垣桜,,,2025-12-15,売上,426075.0,,,1.0,3.0,株式会社 ﾓﾉﾀﾞｲﾚｸﾄ                        
0,共通倉庫,10,4524486109515,21SJ-14K ﾚｻﾞｰｼﾞｬｹｯﾄ BK XLW 桧垣桜,,,2025-12-16,売上,426184.0,,,1.0,2.0,南海部品 鹿児島店                        3013 株式会社 ｺｼﾀﾞﾃｯｸ
0,共通倉庫,10,4524486109515,21SJ-14K ﾚｻﾞｰｼﾞｬｹｯﾄ BK XLW 桧垣桜,,,2025-12-25,売上,426762.0,,,1.0,1.0,株式会社JTBふるさと開発事業部            
0,共通倉庫,10,4524486109515,21SJ-14K ﾚｻﾞｰｼﾞｬｹｯﾄ BK XLW 桧垣桜,,,2025-12-29,売上,427031.0,,,1.0,0.0,株式会社 ﾓﾉﾀﾞｲﾚｸﾄ                        
0,共通倉庫,10,4524486109522,21SJ-14K ﾚｻﾞｰｼﾞｬｹｯﾄ BK XLW 流水雪輪,,,2024-09-10,仕入,34438.0,6762.0,3.0,,3.0,IHSAN                                    
0,共通倉庫,10,4524486109522,21SJ-14K ﾚｻﾞｰｼﾞｬｹｯﾄ BK XLW 流水雪輪,,,2024-09-11,出荷,11248.0,,,1.0,2.0,棚卸し調整                               
0,共通倉庫,10,4524486109522,21SJ-14K ﾚｻﾞｰｼﾞｬｹｯﾄ BK XLW 流水雪輪,,,2024-09-12,売上,391437.0,,,1.0,1.0,ﾗｲｺﾗﾝﾄﾞ CuBe札幌白石店                   2015 株式会社 ｺｼﾀﾞﾃｯｸ
0,共通倉庫,10,4524486109522,21SJ-14K ﾚｻﾞｰｼﾞｬｹｯﾄ BK XLW 流水雪輪,,,2024-09-20,売上,391969.0,,,1.0,0.0,デグナー京都本店                         
0,共通倉庫,10,4524486109522,21SJ-14K ﾚｻﾞｰｼﾞｬｹｯﾄ BK XLW 流水雪輪,,,2024-10-11,仕入,34605.0,6597.0,5.0,,5.0,IHSAN                                    
0,共通倉庫,10,4524486109522,21SJ-14K ﾚｻﾞｰｼﾞｬｹｯﾄ BK XLW 流水雪輪,,,2024-10-24,売上,394381.0,,,1.0,3.0,ﾅｯﾌﾟｽ 福岡店                             18
0,共通倉庫,10,4524486109522,21SJ-14K ﾚｻﾞｰｼﾞｬｹｯﾄ BK XLW 流水雪輪,,,2024-11-13,売上,395873.0,,,2.0,,Riding My Way Company                    
0,共通倉庫,10,4524486109522,21SJ-14K ﾚｻﾞｰｼﾞｬｹｯﾄ BK XLW 流水雪輪,,,2024-11-13,売上,395892.0,,,-1.0,2.0,ﾅｯﾌﾟｽ 福岡店                             18
0,共通倉庫,10,4524486109522,21SJ-14K ﾚｻﾞｰｼﾞｬｹｯﾄ BK XLW 流水雪輪,,,2024-11-18,売上,396206.0,,,1.0,1.0,いちげん                                 
0,共通倉庫,10,4524486109522,21SJ-14K ﾚｻﾞｰｼﾞｬｹｯﾄ BK XLW 流水雪輪,,,2024-11-21,仕入,34829.0,7227.0,7.0,,8.0,IHSAN                                    
0,共通倉庫,10,4524486109522,21SJ-14K ﾚｻﾞｰｼﾞｬｹｯﾄ BK XLW 流水雪輪,,,2024-11-25,売上,396700.0,,,1.0,6.0,南海部品株式会社                         
0,共通倉庫,10,4524486109522,21SJ-14K ﾚｻﾞｰｼﾞｬｹｯﾄ BK XLW 流水雪輪,,,2024-12-12,売上,398155.0,,,1.0,5.0,株式会社JTBふるさと開発事業部            
0,共通倉庫,10,4524486109522,21SJ-14K ﾚｻﾞｰｼﾞｬｹｯﾄ BK XLW 流水雪輪,,,2024-12-13,売上,398191.0,,,1.0,4.0,デグナー京都本店                         
0,共通倉庫,10,4524486109522,21SJ-14K ﾚｻﾞｰｼﾞｬｹｯﾄ BK XLW 流水雪輪,,,2025-01-07,売上,399894.0,,,1.0,,南海部品株式会社                         
0,共通倉庫,10,4524486109522,21SJ-14K ﾚｻﾞｰｼﾞｬｹｯﾄ BK XLW 流水雪輪,,,2025-01-21,売上,400884.0,,,1.0,1.0,Ridersity                                
0,共通倉庫,10,4524486109522,21SJ-14K ﾚｻﾞｰｼﾞｬｹｯﾄ BK XLW 流水雪輪,,,2025-02-12,売上,402008.0,,,1.0,0.0,いちげん                                 
0,共通倉庫,10,4524486109522,21SJ-14K ﾚｻﾞｰｼﾞｬｹｯﾄ BK XLW 流水雪輪,,,2025-05-20,仕入,35890.0,6727.0,10.0,,10.0,IHSAN                                    
0,共通倉庫,10,4524486109522,21SJ-14K ﾚｻﾞｰｼﾞｬｹｯﾄ BK XLW 流水雪輪,,,2025-05-22,売上,409733.0,,,1.0,,ﾗｲｺﾗﾝﾄﾞ TokyoBay東雲店                   2003 株式会社 ｺｼﾀﾞﾃｯｸ
0,共通倉庫,10,4524486109522,21SJ-14K ﾚｻﾞｰｼﾞｬｹｯﾄ BK XLW 流水雪輪,,,2025-05-22,売上,409740.0,,,1.0,,南海部品株式会社                         
0,共通倉庫,10,4524486109522,21SJ-14K ﾚｻﾞｰｼﾞｬｹｯﾄ BK XLW 流水雪輪,,,2025-06-16,売上,411638.0,,,1.0,6.0,いちげん                                 
0,共通倉庫,10,4524486109522,21SJ-14K ﾚｻﾞｰｼﾞｬｹｯﾄ BK XLW 流水雪輪,,,2025-06-18,売上,411835.0,,,1.0,5.0,ﾗｲｺﾗﾝﾄﾞ TokyoBay東雲店                   2003 株式会社 ｺｼﾀﾞﾃｯｸ
0,共通倉庫,10,4524486109522,21SJ-14K ﾚｻﾞｰｼﾞｬｹｯﾄ BK XLW 流水雪輪,,,2025-08-20,売上,416395.0,,,1.0,4.0,いちげん                                 
0,共通倉庫,10,4524486109522,21SJ-14K ﾚｻﾞｰｼﾞｬｹｯﾄ BK XLW 流水雪輪,,,2025-08-26,仕入,36612.0,6990.0,5.0,,9.0,IHSAN                                    
0,共通倉庫,10,4524486109522,21SJ-14K ﾚｻﾞｰｼﾞｬｹｯﾄ BK XLW 流水雪輪,,,2025-09-12,売上,418195.0,,,1.0,5.0,ﾗｲｺﾗﾝﾄﾞ TokyoBay東雲店                   2003 株式会社 ｺｼﾀﾞﾃｯｸ
0,共通倉庫,10,4524486109522,21SJ-14K ﾚｻﾞｰｼﾞｬｹｯﾄ BK XLW 流水雪輪,,,2025-09-26,売上,419488.0,,,1.0,4.0,いちげん                                 
0,共通倉庫,10,4524486109522,21SJ-14K ﾚｻﾞｰｼﾞｬｹｯﾄ BK XLW 流水雪輪,,,2025-10-20,売上,421462.0,,,1.0,3.0,いちげん                                 
0,共通倉庫,10,4524486109522,21SJ-14K ﾚｻﾞｰｼﾞｬｹｯﾄ BK XLW 流水雪輪,,,2025-10-22,仕入,36943.0,7227.0,5.0,,8.0,IHSAN                                    
0,共通倉庫,10,4524486109522,21SJ-14K ﾚｻﾞｰｼﾞｬｹｯﾄ BK XLW 流水雪輪,,,2025-10-27,売上,421974.0,,,1.0,7.0,いちげん                                 
0,共通倉庫,10,4524486109522,21SJ-14K ﾚｻﾞｰｼﾞｬｹｯﾄ BK XLW 流水雪輪,,,2025-12-29,売上,426977.0,,,1.0,6.0,ON-OFF Motobike Collections              International Co.
0,共通倉庫,10,4524486109522,21SJ-14K ﾚｻﾞｰｼﾞｬｹｯﾄ BK XLW 流水雪輪,,,2026-01-02,売上,427067.0,,,1.0,5.0,デグナー京都本店                         
0,共通倉庫,10,4524486109522,21SJ-14K ﾚｻﾞｰｼﾞｬｹｯﾄ BK XLW 流水雪輪,,,2026-01-06,売上,427387.0,,,1.0,4.0,株式会社 ｱｸﾄﾜｰﾙﾄﾞ                        
0,共通倉庫,10,4524486109522,21SJ-14K ﾚｻﾞｰｼﾞｬｹｯﾄ BK XLW 流水雪輪,,,2026-01-22,売上,428431.0,,,2.0,2.0,ON-OFF Motobike Collections              International Co.
0,共通倉庫,10,4524486109522,21SJ-14K ﾚｻﾞｰｼﾞｬｹｯﾄ BK XLW 流水雪輪,,,2026-02-04,売上,429158.0,,,1.0,1.0,株式会社 とかげや                        
0,共通倉庫,10,4524486109522,21SJ-14K ﾚｻﾞｰｼﾞｬｹｯﾄ BK XLW 流水雪輪,,,2026-02-10,売上,429509.0,,,1.0,,FSM TRADING (HK) LIMITED/ Rider Shop HK  
0,共通倉庫,10,4524486109522,21SJ-14K ﾚｻﾞｰｼﾞｬｹｯﾄ BK XLW 流水雪輪,,,2026-02-13,売上,429656.0,,,-1.0,2.0,株式会社 とかげや                        
0,共通倉庫,10,4524486109522,21SJ-14K ﾚｻﾞｰｼﾞｬｹｯﾄ BK XLW 流水雪輪,,,2026-03-02,売上,430671.0,,,1.0,1.0,いちげん                                 
0,共通倉庫,10,4524486109522,21SJ-14K ﾚｻﾞｰｼﾞｬｹｯﾄ BK XLW 流水雪輪,,,2026-03-10,売上,431329.0,,,1.0,0.0,FSM TRADING (HK) LIMITED/ Rider Shop HK  
0,共通倉庫,10,4524486109522,21SJ-14K ﾚｻﾞｰｼﾞｬｹｯﾄ BK XLW 流水雪輪,,,2026-03-31,仕入,37846.0,7227.0,10.0,,,IHSAN                                    
0,共通倉庫,10,4524486109522,21SJ-14K ﾚｻﾞｰｼﾞｬｹｯﾄ BK XLW 流水雪輪,,,2026-03-31,仕入,37858.0,7129.0,1.0,,11.0,IHSAN                                    
0,共通倉庫,10,4524486111488,21SJ-14K ﾚｻﾞｰｼﾞｬｹｯﾄ BK M 輝龍,,,2025-02-05,仕入,35148.0,7396.0,4.0,,,IHSAN                                    
0,共通倉庫,10,4524486111488,21SJ-14K ﾚｻﾞｰｼﾞｬｹｯﾄ BK M 輝龍,,,2025-02-07,売上,401796.0,,,1.0,2.0,ﾗｲｺﾗﾝﾄﾞ TokyoBay東雲店                   2003 株式会社 ｺｼﾀﾞﾃｯｸ
0,共通倉庫,10,4524486111488,21SJ-14K ﾚｻﾞｰｼﾞｬｹｯﾄ BK M 輝龍,,,2025-04-06,売上,405988.0,,,1.0,1.0,販売店様ｲﾍﾞﾝﾄ                            
0,共通倉庫,10,4524486111488,21SJ-14K ﾚｻﾞｰｼﾞｬｹｯﾄ BK M 輝龍,,,2025-04-23,売上,407200.0,,,1.0,0.0,ﾗｲｺﾗﾝﾄﾞ 新潟店                           2031 株式会社 ｺｼﾀﾞﾃｯｸ
0,共通倉庫,10,4524486111488,21SJ-14K ﾚｻﾞｰｼﾞｬｹｯﾄ BK M 輝龍,,,2025-06-05,売上,410833.0,,,1.0,0.0,ﾗｲｺﾗﾝﾄﾞ CuBe札幌白石店                   2015 株式会社 ｺｼﾀﾞﾃｯｸ
0,共通倉庫,10,4524486111488,21SJ-14K ﾚｻﾞｰｼﾞｬｹｯﾄ BK M 輝龍,,,2025-07-15,仕入,36275.0,6832.0,5.0,,5.0,IHSAN                                    
0,共通倉庫,10,4524486111488,21SJ-14K ﾚｻﾞｰｼﾞｬｹｯﾄ BK M 輝龍,,,2025-07-17,売上,414156.0,,,1.0,,ﾗｲｺﾗﾝﾄﾞ TokyoBay東雲店                   2003 株式会社 ｺｼﾀﾞﾃｯｸ
0,共通倉庫,10,4524486111488,21SJ-14K ﾚｻﾞｰｼﾞｬｹｯﾄ BK M 輝龍,,,2025-07-25,売上,414805.0,,,1.0,2.0,株式会社JTBふるさと開発事業部            
0,共通倉庫,10,4524486111488,21SJ-14K ﾚｻﾞｰｼﾞｬｹｯﾄ BK M 輝龍,,,2025-08-05,売上,415526.0,,,1.0,1.0,ﾗｲｺﾗﾝﾄﾞ CuBe札幌白石店                   2015 株式会社 ｺｼﾀﾞﾃｯｸ
0,共通倉庫,10,4524486111488,21SJ-14K ﾚｻﾞｰｼﾞｬｹｯﾄ BK M 輝龍,,,2025-08-26,仕入,36616.0,6941.0,7.0,,8.0,IHSAN                                    
0,共通倉庫,10,4524486111488,21SJ-14K ﾚｻﾞｰｼﾞｬｹｯﾄ BK M 輝龍,,,2025-08-29,売上,416953.0,,,1.0,7.0,ﾅｯﾌﾟｽ ﾍﾞｲｻｲﾄﾞ幸浦店                      15
0,共通倉庫,10,4524486111488,21SJ-14K ﾚｻﾞｰｼﾞｬｹｯﾄ BK M 輝龍,,,2025-09-11,売上,418094.0,,,1.0,6.0,ﾅｯﾌﾟｽ 豊橋店                             24
0,共通倉庫,10,4524486111488,21SJ-14K ﾚｻﾞｰｼﾞｬｹｯﾄ BK M 輝龍,,,2025-09-22,売上,418945.0,,,1.0,5.0,ﾗｲｺﾗﾝﾄﾞ 富士店                           2018 株式会社 ｺｼﾀﾞﾃｯｸ
0,共通倉庫,10,4524486111488,21SJ-14K ﾚｻﾞｰｼﾞｬｹｯﾄ BK M 輝龍,,,2025-09-30,売上,419702.0,,,1.0,,南海部品 太田店                          3007 株式会社 ｺｼﾀﾞﾃｯｸ
0,共通倉庫,10,4524486111488,21SJ-14K ﾚｻﾞｰｼﾞｬｹｯﾄ BK M 輝龍,,,2025-09-30,売上,419782.0,,,1.0,3.0,株式会社JTBふるさと開発事業部            
0,共通倉庫,10,4524486111488,21SJ-14K ﾚｻﾞｰｼﾞｬｹｯﾄ BK M 輝龍,,,2025-10-10,売上,420729.0,,,1.0,2.0,株式会社JTBふるさと開発事業部            
0,共通倉庫,10,4524486111488,21SJ-14K ﾚｻﾞｰｼﾞｬｹｯﾄ BK M 輝龍,,,2025-11-05,売上,422698.0,,,1.0,1.0,ﾗｲｺﾗﾝﾄﾞ TokyoBay東雲店                   2003 株式会社 ｺｼﾀﾞﾃｯｸ
0,共通倉庫,10,4524486111488,21SJ-14K ﾚｻﾞｰｼﾞｬｹｯﾄ BK M 輝龍,,,2026-01-06,売上,427430.0,,,1.0,0.0,いちげん                                 
0,共通倉庫,10,4524486111488,21SJ-14K ﾚｻﾞｰｼﾞｬｹｯﾄ BK M 輝龍,,,2026-01-19,売上,428240.0,,,1.0,0.0,FSM TRADING (HK) LIMITED/ Rider Shop HK  
0,共通倉庫,10,4524486111488,21SJ-14K ﾚｻﾞｰｼﾞｬｹｯﾄ BK M 輝龍,,,2026-01-28,仕入,37501.0,7424.0,3.0,,3.0,IHSAN                                    
0,共通倉庫,10,4524486111488,21SJ-14K ﾚｻﾞｰｼﾞｬｹｯﾄ BK M 輝龍,,,2026-02-02,売上,428941.0,,,1.0,2.0,ﾗｲｺﾗﾝﾄﾞ CuBe札幌白石店                   2015 株式会社 ｺｼﾀﾞﾃｯｸ
0,共通倉庫,10,4524486111488,21SJ-14K ﾚｻﾞｰｼﾞｬｹｯﾄ BK M 輝龍,,,2026-02-26,売上,430370.0,,,1.0,1.0,ﾅｯﾌﾟｽ 一宮店                             32
0,共通倉庫,10,4524486111488,21SJ-14K ﾚｻﾞｰｼﾞｬｹｯﾄ BK M 輝龍,,,2026-03-21,売上,432169.0,,,1.0,0.0,デグナー京都本店                         
0,共通倉庫,10,4524486111488,21SJ-14K ﾚｻﾞｰｼﾞｬｹｯﾄ BK M 輝龍,,,2026-03-26,売上,432617.0,,,-2.0,2.0,ﾗｲｺﾗﾝﾄﾞ TokyoBay東雲店                   2003 株式会社 ｺｼﾀﾞﾃｯｸ
0,共通倉庫,10,4524486111495,21SJ-14K ﾚｻﾞｰｼﾞｬｹｯﾄ BK L 輝龍,,,2025-02-05,仕入,35148.0,7396.0,5.0,,,IHSAN                                    
0,共通倉庫,10,4524486111495,21SJ-14K ﾚｻﾞｰｼﾞｬｹｯﾄ BK L 輝龍,,,2025-02-07,売上,401796.0,,,1.0,3.0,ﾗｲｺﾗﾝﾄﾞ TokyoBay東雲店                   2003 株式会社 ｺｼﾀﾞﾃｯｸ
0,共通倉庫,10,4524486111495,21SJ-14K ﾚｻﾞｰｼﾞｬｹｯﾄ BK L 輝龍,,,2025-03-01,売上,403011.0,,,1.0,2.0,デグナー京都本店                         
0,共通倉庫,10,4524486111495,21SJ-14K ﾚｻﾞｰｼﾞｬｹｯﾄ BK L 輝龍,,,2025-03-14,売上,403979.0,,,1.0,1.0,ﾗｲｺﾗﾝﾄﾞ 小倉店                           2091 株式会社 ｺｼﾀﾞﾃｯｸ
0,共通倉庫,10,4524486111495,21SJ-14K ﾚｻﾞｰｼﾞｬｹｯﾄ BK L 輝龍,,,2025-03-15,売上,404032.0,,,1.0,0.0,デグナー京都本店                         
0,共通倉庫,10,4524486111495,21SJ-14K ﾚｻﾞｰｼﾞｬｹｯﾄ BK L 輝龍,,,2025-07-15,仕入,36275.0,6832.0,9.0,,9.0,IHSAN                                    
0,共通倉庫,10,4524486111495,21SJ-14K ﾚｻﾞｰｼﾞｬｹｯﾄ BK L 輝龍,,,2025-07-17,売上,414087.0,,,1.0,,新潟中央部品株式会社 長岡店              
0,共通倉庫,10,4524486111495,21SJ-14K ﾚｻﾞｰｼﾞｬｹｯﾄ BK L 輝龍,,,2025-07-17,売上,414091.0,,,1.0,,ﾗｲｺﾗﾝﾄﾞ TokyoBay東雲店                   2003 株式会社 ｺｼﾀﾞﾃｯｸ
0,共通倉庫,10,4524486111495,21SJ-14K ﾚｻﾞｰｼﾞｬｹｯﾄ BK L 輝龍,,,2025-07-17,売上,414103.0,,,1.0,,ﾗｲｺﾗﾝﾄﾞ CuBe札幌白石店                   2015 株式会社 ｺｼﾀﾞﾃｯｸ
0,共通倉庫,10,4524486111495,21SJ-14K ﾚｻﾞｰｼﾞｬｹｯﾄ BK L 輝龍,,,2025-07-17,売上,414107.0,,,1.0,,ﾗｲｺﾗﾝﾄﾞ 新潟店                           2031 株式会社 ｺｼﾀﾞﾃｯｸ
0,共通倉庫,10,4524486111495,21SJ-14K ﾚｻﾞｰｼﾞｬｹｯﾄ BK L 輝龍,,,2025-07-18,売上,414262.0,,,1.0,3.0,いちげん                                 
0,共通倉庫,10,4524486111495,21SJ-14K ﾚｻﾞｰｼﾞｬｹｯﾄ BK L 輝龍,,,2025-08-04,売上,415360.0,,,1.0,3.0,南海部品 小山店                          3003 株式会社 ｺｼﾀﾞﾃｯｸ
0,共通倉庫,10,4524486111495,21SJ-14K ﾚｻﾞｰｼﾞｬｹｯﾄ BK L 輝龍,,,2025-08-26,仕入,36616.0,6941.0,14.0,,,IHSAN                                    
0,共通倉庫,10,4524486111495,21SJ-14K ﾚｻﾞｰｼﾞｬｹｯﾄ BK L 輝龍,,,2025-08-27,売上,416826.0,,,1.0,17.0,ﾗｲｺﾗﾝﾄﾞ CuBe札幌白石店                   2015 株式会社 ｺｼﾀﾞﾃｯｸ
0,共通倉庫,10,4524486111495,21SJ-14K ﾚｻﾞｰｼﾞｬｹｯﾄ BK L 輝龍,,,2025-09-01,売上,417089.0,,,1.0,,南海部品 宇都宮店                        3006 株式会社 ｺｼﾀﾞﾃｯｸ
0,共通倉庫,10,4524486111495,21SJ-14K ﾚｻﾞｰｼﾞｬｹｯﾄ BK L 輝龍,,,2025-09-01,売上,417184.0,,,1.0,15.0,いちげん                                 
0,共通倉庫,10,4524486111495,21SJ-14K ﾚｻﾞｰｼﾞｬｹｯﾄ BK L 輝龍,,,2025-09-02,売上,417208.0,,,1.0,,ﾗｲｺﾗﾝﾄﾞ 柏店                             1001 株式会社ﾗｲﾀﾞｰｽﾞ・ｻﾎﾟｰﾄ・ｶﾝﾊﾟﾆｰ
0,共通倉庫,10,4524486111495,21SJ-14K ﾚｻﾞｰｼﾞｬｹｯﾄ BK L 輝龍,,,2025-09-11,売上,418094.0,,,1.0,12.0,ﾅｯﾌﾟｽ 豊橋店                             24
0,共通倉庫,10,4524486111495,21SJ-14K ﾚｻﾞｰｼﾞｬｹｯﾄ BK L 輝龍,,,2025-09-12,売上,418211.0,,,1.0,11.0,株式会社JTBふるさと開発事業部            
0,共通倉庫,10,4524486111495,21SJ-14K ﾚｻﾞｰｼﾞｬｹｯﾄ BK L 輝龍,,,2025-09-16,売上,418420.0,,,-1.0,12.0,ﾗｲｺﾗﾝﾄﾞ 小倉店                           2091 株式会社 ｺｼﾀﾞﾃｯｸ
0,共通倉庫,10,4524486111495,21SJ-14K ﾚｻﾞｰｼﾞｬｹｯﾄ BK L 輝龍,,,2025-09-18,売上,418706.0,,,1.0,11.0,ﾗｲｺﾗﾝﾄﾞ 水戸店                           2017 株式会社 ｺｼﾀﾞﾃｯｸ
0,共通倉庫,10,4524486111495,21SJ-14K ﾚｻﾞｰｼﾞｬｹｯﾄ BK L 輝龍,,,2025-09-22,売上,418945.0,,,1.0,10.0,ﾗｲｺﾗﾝﾄﾞ 富士店                           2018 株式会社 ｺｼﾀﾞﾃｯｸ
0,共通倉庫,10,4524486111495,21SJ-14K ﾚｻﾞｰｼﾞｬｹｯﾄ BK L 輝龍,,,2025-10-01,売上,419891.0,,,1.0,9.0,株式会社JTBふるさと開発事業部            
0,共通倉庫,10,4524486111495,21SJ-14K ﾚｻﾞｰｼﾞｬｹｯﾄ BK L 輝龍,,,2025-10-07,売上,420408.0,,,1.0,8.0,ﾗｲｺﾗﾝﾄﾞ CuBe札幌白石店                   2015 株式会社 ｺｼﾀﾞﾃｯｸ
0,共通倉庫,10,4524486111495,21SJ-14K ﾚｻﾞｰｼﾞｬｹｯﾄ BK L 輝龍,,,2025-11-14,売上,423595.0,,,1.0,7.0,ﾗｲｺﾗﾝﾄﾞ TokyoBay東雲店                   2003 株式会社 ｺｼﾀﾞﾃｯｸ
0,共通倉庫,10,4524486111495,21SJ-14K ﾚｻﾞｰｼﾞｬｹｯﾄ BK L 輝龍,,,2025-12-10,売上,425641.0,,,1.0,6.0,デグナー京都本店                         
0,共通倉庫,10,4524486111495,21SJ-14K ﾚｻﾞｰｼﾞｬｹｯﾄ BK L 輝龍,,,2025-12-18,売上,426356.0,,,1.0,5.0,ﾗｲｺﾗﾝﾄﾞ TokyoBay東雲店                   2003 株式会社 ｺｼﾀﾞﾃｯｸ
0,共通倉庫,10,4524486111495,21SJ-14K ﾚｻﾞｰｼﾞｬｹｯﾄ BK L 輝龍,,,2025-12-28,売上,426897.0,,,1.0,4.0,デグナー京都本店                         
0,共通倉庫,10,4524486111495,21SJ-14K ﾚｻﾞｰｼﾞｬｹｯﾄ BK L 輝龍,,,2026-01-08,売上,427560.0,,,1.0,3.0,南海部品 宇都宮店                        3006 株式会社 ｺｼﾀﾞﾃｯｸ
0,共通倉庫,10,4524486111495,21SJ-14K ﾚｻﾞｰｼﾞｬｹｯﾄ BK L 輝龍,,,2026-01-22,売上,428426.0,,,1.0,2.0,いちげん                                 
0,共通倉庫,10,4524486111495,21SJ-14K ﾚｻﾞｰｼﾞｬｹｯﾄ BK L 輝龍,,,2026-02-10,売上,429509.0,,,1.0,1.0,FSM TRADING (HK) LIMITED/ Rider Shop HK  
0,共通倉庫,10,4524486111495,21SJ-14K ﾚｻﾞｰｼﾞｬｹｯﾄ BK L 輝龍,,,2026-02-26,売上,430370.0,,,1.0,0.0,ﾅｯﾌﾟｽ 一宮店                             32
0,共通倉庫,10,4524486111495,21SJ-14K ﾚｻﾞｰｼﾞｬｹｯﾄ BK L 輝龍,,,2026-03-09,売上,431115.0,,,-1.0,1.0,ﾅｯﾌﾟｽ 一宮店                             32
0,共通倉庫,10,4524486111501,21SJ-14K ﾚｻﾞｰｼﾞｬｹｯﾄ BK XL 輝龍,,,2025-02-05,仕入,35148.0,7396.0,5.0,,,IHSAN                                    
0,共通倉庫,10,4524486111501,21SJ-14K ﾚｻﾞｰｼﾞｬｹｯﾄ BK XL 輝龍,,,2025-02-07,売上,401796.0,,,1.0,3.0,ﾗｲｺﾗﾝﾄﾞ TokyoBay東雲店                   2003 株式会社 ｺｼﾀﾞﾃｯｸ
0,共通倉庫,10,4524486111501,21SJ-14K ﾚｻﾞｰｼﾞｬｹｯﾄ BK XL 輝龍,,,2025-02-17,出荷,11514.0,,,1.0,2.0,棚卸し調整                               
0,共通倉庫,10,4524486111501,21SJ-14K ﾚｻﾞｰｼﾞｬｹｯﾄ BK XL 輝龍,,,2025-03-14,売上,403979.0,,,1.0,0.0,ﾗｲｺﾗﾝﾄﾞ 小倉店                           2091 株式会社 ｺｼﾀﾞﾃｯｸ
0,共通倉庫,10,4524486111501,21SJ-14K ﾚｻﾞｰｼﾞｬｹｯﾄ BK XL 輝龍,,,2025-04-25,売上,407458.0,,,1.0,0.0,いちげん                                 
0,共通倉庫,10,4524486111501,21SJ-14K ﾚｻﾞｰｼﾞｬｹｯﾄ BK XL 輝龍,,,2025-07-15,仕入,36275.0,6832.0,7.0,,7.0,IHSAN                                    
0,共通倉庫,10,4524486111501,21SJ-14K ﾚｻﾞｰｼﾞｬｹｯﾄ BK XL 輝龍,,,2025-07-17,売上,414103.0,,,1.0,,ﾗｲｺﾗﾝﾄﾞ CuBe札幌白石店                   2015 株式会社 ｺｼﾀﾞﾃｯｸ
0,共通倉庫,10,4524486111501,21SJ-14K ﾚｻﾞｰｼﾞｬｹｯﾄ BK XL 輝龍,,,2025-07-17,売上,414107.0,,,1.0,,ﾗｲｺﾗﾝﾄﾞ 新潟店                           2031 株式会社 ｺｼﾀﾞﾃｯｸ
0,共通倉庫,10,4524486111501,21SJ-14K ﾚｻﾞｰｼﾞｬｹｯﾄ BK XL 輝龍,,,2025-07-17,売上,414108.0,,,1.0,,株式会社ﾘﾊﾞｰｸﾚｲﾝ                         
0,共通倉庫,10,4524486111501,21SJ-14K ﾚｻﾞｰｼﾞｬｹｯﾄ BK XL 輝龍,,,2025-07-25,売上,414799.0,,,1.0,2.0,Riderment Company                        
0,共通倉庫,10,4524486111501,21SJ-14K ﾚｻﾞｰｼﾞｬｹｯﾄ BK XL 輝龍,,,2025-08-26,仕入,36616.0,6941.0,7.0,,9.0,IHSAN                                    
0,共通倉庫,10,4524486111501,21SJ-14K ﾚｻﾞｰｼﾞｬｹｯﾄ BK XL 輝龍,,,2025-08-29,売上,416953.0,,,1.0,8.0,ﾅｯﾌﾟｽ ﾍﾞｲｻｲﾄﾞ幸浦店                      15
0,共通倉庫,10,4524486111501,21SJ-14K ﾚｻﾞｰｼﾞｬｹｯﾄ BK XL 輝龍,,,2025-09-01,売上,417110.0,,,1.0,7.0,ﾄﾞﾗｲﾊﾞｰｽﾞ 神栖店                         
0,共通倉庫,10,4524486111501,21SJ-14K ﾚｻﾞｰｼﾞｬｹｯﾄ BK XL 輝龍,,,2025-09-02,売上,417208.0,,,1.0,6.0,ﾗｲｺﾗﾝﾄﾞ 柏店                             1001 株式会社ﾗｲﾀﾞｰｽﾞ・ｻﾎﾟｰﾄ・ｶﾝﾊﾟﾆｰ
0,共通倉庫,10,4524486111501,21SJ-14K ﾚｻﾞｰｼﾞｬｹｯﾄ BK XL 輝龍,,,2025-09-16,売上,418420.0,,,-1.0,7.0,ﾗｲｺﾗﾝﾄﾞ 小倉店                           2091 株式会社 ｺｼﾀﾞﾃｯｸ
0,共通倉庫,10,4524486111501,21SJ-14K ﾚｻﾞｰｼﾞｬｹｯﾄ BK XL 輝龍,,,2025-09-18,売上,418706.0,,,1.0,6.0,ﾗｲｺﾗﾝﾄﾞ 水戸店                           2017 株式会社 ｺｼﾀﾞﾃｯｸ
0,共通倉庫,10,4524486111501,21SJ-14K ﾚｻﾞｰｼﾞｬｹｯﾄ BK XL 輝龍,,,2025-09-22,売上,418945.0,,,1.0,,ﾗｲｺﾗﾝﾄﾞ 富士店                           2018 株式会社 ｺｼﾀﾞﾃｯｸ
0,共通倉庫,10,4524486111501,21SJ-14K ﾚｻﾞｰｼﾞｬｹｯﾄ BK XL 輝龍,,,2025-10-02,売上,419909.0,,,1.0,3.0,ﾗｲｺﾗﾝﾄﾞ CuBe札幌白石店                   2015 株式会社 ｺｼﾀﾞﾃｯｸ
0,共通倉庫,10,4524486111501,21SJ-14K ﾚｻﾞｰｼﾞｬｹｯﾄ BK XL 輝龍,,,2025-10-20,売上,421387.0,,,1.0,2.0,南海部品株式会社                         
0,共通倉庫,10,4524486111501,21SJ-14K ﾚｻﾞｰｼﾞｬｹｯﾄ BK XL 輝龍,,,2025-12-07,売上,425291.0,,,1.0,1.0,デグナー京都本店                         
0,共通倉庫,10,4524486111501,21SJ-14K ﾚｻﾞｰｼﾞｬｹｯﾄ BK XL 輝龍,,,2025-12-09,売上,425509.0,,,1.0,0.0,ﾗｲｺﾗﾝﾄﾞ CuBe札幌白石店                   2015 株式会社 ｺｼﾀﾞﾃｯｸ
0,共通倉庫,10,4524486111501,21SJ-14K ﾚｻﾞｰｼﾞｬｹｯﾄ BK XL 輝龍,,,2026-01-28,仕入,37501.0,7424.0,9.0,,9.0,IHSAN                                    
0,共通倉庫,10,4524486111501,21SJ-14K ﾚｻﾞｰｼﾞｬｹｯﾄ BK XL 輝龍,,,2026-03-10,売上,431329.0,,,1.0,8.0,FSM TRADING (HK) LIMITED/ Rider Shop HK  
0,共通倉庫,10,4524486111501,21SJ-14K ﾚｻﾞｰｼﾞｬｹｯﾄ BK XL 輝龍,,,2026-03-16,売上,431774.0,,,1.0,7.0,いちげん                                 
0,共通倉庫,10,4524486111501,21SJ-14K ﾚｻﾞｰｼﾞｬｹｯﾄ BK XL 輝龍,,,2026-03-30,売上,432933.0,,,1.0,6.0,FSM TRADING (HK) LIMITED/ Rider Shop HK  
0,共通倉庫,10,4524486113499,21SJ-14K ﾚｻﾞｰｼﾞｬｹｯﾄ BK S 流水雪輪,,,2025-10-22,仕入,36951.0,0.0,5.0,,5.0,IHSAN                                    
0,共通倉庫,10,4524486113499,21SJ-14K ﾚｻﾞｰｼﾞｬｹｯﾄ BK S 流水雪輪,,,2025-12-01,仕入,37156.0,7374.0,5.0,,10.0,IHSAN                                    
0,共通倉庫,10,4524486113499,21SJ-14K ﾚｻﾞｰｼﾞｬｹｯﾄ BK S 流水雪輪,,,2025-12-13,売上,425859.0,,,1.0,8.0,デグナー京都本店                         
0,共通倉庫,10,4524486113499,21SJ-14K ﾚｻﾞｰｼﾞｬｹｯﾄ BK S 流水雪輪,,,2025-12-27,売上,426870.0,,,1.0,7.0,デグナー京都本店                         
0,共通倉庫,10,4524486113499,21SJ-14K ﾚｻﾞｰｼﾞｬｹｯﾄ BK S 流水雪輪,,,2026-01-05,売上,427343.0,,,1.0,6.0,いちげん                                 
0,共通倉庫,10,4524486113499,21SJ-14K ﾚｻﾞｰｼﾞｬｹｯﾄ BK S 流水雪輪,,,2026-01-19,売上,428240.0,,,1.0,5.0,FSM TRADING (HK) LIMITED/ Rider Shop HK  
0,共通倉庫,10,4524486113499,21SJ-14K ﾚｻﾞｰｼﾞｬｹｯﾄ BK S 流水雪輪,,,2026-02-05,売上,429202.0,,,1.0,4.0,ﾊﾟｰｸｱｯﾌﾟ株式会社                         
0,共通倉庫,10,4524486113499,21SJ-14K ﾚｻﾞｰｼﾞｬｹｯﾄ BK S 流水雪輪,,,2026-02-09,売上,429421.0,,,1.0,3.0,いちげん                                 
0,共通倉庫,10,4524486113499,21SJ-14K ﾚｻﾞｰｼﾞｬｹｯﾄ BK S 流水雪輪,,,2026-03-09,売上,431155.0,,,1.0,2.0,デグナー京都本店                         
0,共通倉庫,10,4524486113499,21SJ-14K ﾚｻﾞｰｼﾞｬｹｯﾄ BK S 流水雪輪,,,2026-03-10,売上,431329.0,,,1.0,1.0,FSM TRADING (HK) LIMITED/ Rider Shop HK  
0,共通倉庫,10,4524486113499,21SJ-14K ﾚｻﾞｰｼﾞｬｹｯﾄ BK S 流水雪輪,,,2026-03-11,売上,431454.0,,,1.0,0.0,デグナー京都本店                         
0,共通倉庫,10,4524486113505,21SJ-14K ﾚｻﾞｰｼﾞｬｹｯﾄ BK S 桧垣桜,,,2025-10-22,仕入,36951.0,0.0,5.0,,5.0,IHSAN                                    
0,共通倉庫,10,4524486113505,21SJ-14K ﾚｻﾞｰｼﾞｬｹｯﾄ BK S 桧垣桜,,,2025-10-27,売上,421987.0,,,1.0,4.0,いちげん                                 
0,共通倉庫,10,4524486113505,21SJ-14K ﾚｻﾞｰｼﾞｬｹｯﾄ BK S 桧垣桜,,,2025-11-09,売上,423095.0,,,1.0,3.0,デグナー京都本店                         
0,共通倉庫,10,4524486113505,21SJ-14K ﾚｻﾞｰｼﾞｬｹｯﾄ BK S 桧垣桜,,,2025-11-12,売上,423420.0,,,1.0,2.0,FSM TRADING (HK) LIMITED/ Rider Shop HK  
0,共通倉庫,10,4524486113505,21SJ-14K ﾚｻﾞｰｼﾞｬｹｯﾄ BK S 桧垣桜,,,2025-11-20,売上,424071.0,,,1.0,1.0,Eicma （Shanghai)   Information          Technology Co. Ltd
0,共通倉庫,10,4524486113505,21SJ-14K ﾚｻﾞｰｼﾞｬｹｯﾄ BK S 桧垣桜,,,2025-12-01,仕入,37156.0,7374.0,5.0,,6.0,IHSAN                                    
0,共通倉庫,10,4524486113505,21SJ-14K ﾚｻﾞｰｼﾞｬｹｯﾄ BK S 桧垣桜,,,2026-01-29,売上,428802.0,,,1.0,4.0,いちげん                                 
0,共通倉庫,10,4524486113505,21SJ-14K ﾚｻﾞｰｼﾞｬｹｯﾄ BK S 桧垣桜,,,2026-02-02,売上,429058.0,,,1.0,3.0,株式会社 ﾓﾉﾀﾞｲﾚｸﾄ                        
0,共通倉庫,10,4524486113505,21SJ-14K ﾚｻﾞｰｼﾞｬｹｯﾄ BK S 桧垣桜,,,2026-03-23,売上,432303.0,,,1.0,2.0,いちげん                                 
0,共通倉庫,10,4524486114311,21SJ-14K ﾚｻﾞｰｼﾞｬｹｯﾄ BK M 虎,,,2025-10-22,仕入,36953.0,0.0,2.0,,2.0,IHSAN                                    
0,共通倉庫,10,4524486114311,21SJ-14K ﾚｻﾞｰｼﾞｬｹｯﾄ BK M 虎,,,2025-10-24,売上,421844.0,,,1.0,,デグナー京都本店                         
0,共通倉庫,10,4524486114311,21SJ-14K ﾚｻﾞｰｼﾞｬｹｯﾄ BK M 虎,,,2026-01-28,仕入,37498.0,7424.0,4.0,,4.0,IHSAN                                    
0,共通倉庫,10,4524486114311,21SJ-14K ﾚｻﾞｰｼﾞｬｹｯﾄ BK M 虎,,,2026-01-29,売上,428782.0,,,1.0,3.0,いちげん                                 
0,共通倉庫,10,4524486114311,21SJ-14K ﾚｻﾞｰｼﾞｬｹｯﾄ BK M 虎,,,2026-03-04,売上,430800.0,,,1.0,1.0,ﾗｲｺﾗﾝﾄﾞ 福岡空港店                       2028 株式会社 ｺｼﾀﾞﾃｯｸ
0,共通倉庫,10,4524486114311,21SJ-14K ﾚｻﾞｰｼﾞｬｹｯﾄ BK M 虎,,,2026-03-31,仕入,37842.0,0.0,2.0,,3.0,IHSAN                                    
0,共通倉庫,10,4524486114328,21SJ-14K ﾚｻﾞｰｼﾞｬｹｯﾄ BK L 虎,,,2025-10-22,仕入,36953.0,0.0,3.0,,3.0,IHSAN                                    
0,共通倉庫,10,4524486114328,21SJ-14K ﾚｻﾞｰｼﾞｬｹｯﾄ BK L 虎,,,2025-12-07,売上,425631.0,,,1.0,1.0,販売店様ｲﾍﾞﾝﾄ                            
0,共通倉庫,10,4524486114328,21SJ-14K ﾚｻﾞｰｼﾞｬｹｯﾄ BK L 虎,,,2025-12-18,売上,426358.0,,,1.0,0.0,ﾗｲｺﾗﾝﾄﾞ 水戸店                           2017 株式会社 ｺｼﾀﾞﾃｯｸ
0,共通倉庫,10,4524486114328,21SJ-14K ﾚｻﾞｰｼﾞｬｹｯﾄ BK L 虎,,,2026-01-28,仕入,37498.0,7424.0,6.0,,6.0,IHSAN                                    
0,共通倉庫,10,4524486114328,21SJ-14K ﾚｻﾞｰｼﾞｬｹｯﾄ BK L 虎,,,2026-01-29,売上,428749.0,,,1.0,,株式会社 ｱｸﾄﾜｰﾙﾄﾞ                        
0,共通倉庫,10,4524486114328,21SJ-14K ﾚｻﾞｰｼﾞｬｹｯﾄ BK L 虎,,,2026-01-29,売上,428763.0,,,1.0,4.0,ﾊﾟｰｸｱｯﾌﾟ株式会社                         
0,共通倉庫,10,4524486114328,21SJ-14K ﾚｻﾞｰｼﾞｬｹｯﾄ BK L 虎,,,2026-01-30,出荷,12198.0,,,1.0,,棚卸し調整                               
0,共通倉庫,10,4524486114328,21SJ-14K ﾚｻﾞｰｼﾞｬｹｯﾄ BK L 虎,,,2026-01-30,売上,428854.0,,,1.0,2.0,いちげん                                 
0,共通倉庫,10,4524486114328,21SJ-14K ﾚｻﾞｰｼﾞｬｹｯﾄ BK L 虎,,,2026-02-27,売上,430449.0,,,1.0,1.0,ﾗｲｺﾗﾝﾄﾞ 柏店                             1001 株式会社ﾗｲﾀﾞｰｽﾞ・ｻﾎﾟｰﾄ・ｶﾝﾊﾟﾆｰ
0,共通倉庫,10,4524486114328,21SJ-14K ﾚｻﾞｰｼﾞｬｹｯﾄ BK L 虎,,,2026-03-31,仕入,37842.0,0.0,5.0,,6.0,IHSAN                                    
0,共通倉庫,10,4524486114328,21SJ-14K ﾚｻﾞｰｼﾞｬｹｯﾄ BK L 虎,,,2026-04-01,売上,433005.0,,,1.0,,新潟中央部品株式会社 長岡店              
0,共通倉庫,10,4524486114328,21SJ-14K ﾚｻﾞｰｼﾞｬｹｯﾄ BK L 虎,,,2026-04-01,売上,433016.0,,,1.0,,ﾗｲｺﾗﾝﾄﾞ 福岡空港店                       2028 株式会社 ｺｼﾀﾞﾃｯｸ
0,共通倉庫,10,4524486114328,21SJ-14K ﾚｻﾞｰｼﾞｬｹｯﾄ BK L 虎,,,2026-04-01,売上,433029.0,,,1.0,3.0,横浜ﾌﾙﾌｨﾙﾒﾝﾄｾﾝﾀｰ                         株式会社ﾘﾊﾞｰｸﾚｲﾝ
0,共通倉庫,10,4524486114335,21SJ-14K ﾚｻﾞｰｼﾞｬｹｯﾄ BK XL 虎,,,2025-10-22,仕入,36953.0,0.0,2.0,,2.0,IHSAN                                    
0,共通倉庫,10,4524486114335,21SJ-14K ﾚｻﾞｰｼﾞｬｹｯﾄ BK XL 虎,,,2025-12-18,売上,426358.0,,,1.0,0.0,ﾗｲｺﾗﾝﾄﾞ 水戸店                           2017 株式会社 ｺｼﾀﾞﾃｯｸ
0,共通倉庫,10,4524486114335,21SJ-14K ﾚｻﾞｰｼﾞｬｹｯﾄ BK XL 虎,,,2026-01-20,売上,428252.0,,,1.0,0.0,株式会社 ｱｸﾄﾜｰﾙﾄﾞ                        
0,共通倉庫,10,4524486114335,21SJ-14K ﾚｻﾞｰｼﾞｬｹｯﾄ BK XL 虎,,,2026-01-28,仕入,37498.0,7424.0,2.0,,2.0,IHSAN                                    
0,共通倉庫,10,4524486114335,21SJ-14K ﾚｻﾞｰｼﾞｬｹｯﾄ BK XL 虎,,,2026-01-29,売上,428766.0,,,1.0,1.0,甲子園ﾌﾙﾌｨﾙﾒﾝﾄｾﾝﾀｰ                       株式会社ﾘﾊﾞｰｸﾚｲﾝ
0,共通倉庫,10,4524486114335,21SJ-14K ﾚｻﾞｰｼﾞｬｹｯﾄ BK XL 虎,,,2026-02-27,売上,430449.0,,,1.0,0.0,ﾗｲｺﾗﾝﾄﾞ 柏店                             1001 株式会社ﾗｲﾀﾞｰｽﾞ・ｻﾎﾟｰﾄ・ｶﾝﾊﾟﾆｰ
0,共通倉庫,10,4524486114335,21SJ-14K ﾚｻﾞｰｼﾞｬｹｯﾄ BK XL 虎,,,2026-03-31,仕入,37842.0,0.0,3.0,,3.0,IHSAN                                    
0,共通倉庫,10,4524486114335,21SJ-14K ﾚｻﾞｰｼﾞｬｹｯﾄ BK XL 虎,,,2026-04-01,売上,433016.0,,,1.0,2.0,ﾗｲｺﾗﾝﾄﾞ 福岡空港店                       2028 株式会社 ｺｼﾀﾞﾃｯｸ
